
/home/sreer/Junior_Design/Final_Project/Junior_Design_C/build/final_project.elf:     file format elf32-littlearm

Sections:
Idx Name          Size      VMA       LMA       File off  Algn
  0 .text         0000b368  10000000  10000000  00001000  2**4
                  CONTENTS, ALLOC, LOAD, READONLY, CODE
  1 .rodata       00000520  1000b368  1000b368  0000c368  2**3
                  CONTENTS, ALLOC, LOAD, READONLY, DATA
  2 .ARM.exidx    00000008  1000b888  1000b888  0000c888  2**2
                  CONTENTS, ALLOC, LOAD, READONLY, DATA
  3 .binary_info  00000020  1000b890  1000b890  0000c890  2**2
                  CONTENTS, ALLOC, LOAD, READONLY, DATA
  4 .ram_vector_table 00000110  20000000  20000000  0000f000  2**2
                  ALLOC
  5 .uninitialized_data 00000000  20000110  20000110  0000edcc  2**0
                  CONTENTS
  6 .data         00001508  20000110  1000b8b0  0000d110  2**3
                  CONTENTS, ALLOC, LOAD, READONLY, CODE
  7 .tdata        00000000  20001618  20001618  0000edcc  2**0
                  CONTENTS, ALLOC, LOAD, DATA, THREAD_LOCAL
  8 .tbss         00000000  20001618  20001618  00000000  2**0
                  ALLOC, THREAD_LOCAL
  9 .bss          00010f64  20001618  1000cdb8  0000f618  2**3
                  ALLOC
 10 .heap         00000800  2001257c  1000cdb8  0000f57c  2**2
                  ALLOC, READONLY
 11 .scratch_x    00000000  20080000  20080000  0000edcc  2**0
                  CONTENTS
 12 .scratch_y    00000000  20081000  20081000  0000edcc  2**0
                  CONTENTS
 13 .stack1_dummy 00000800  20080000  20080000  0000f000  2**2
                  ALLOC
 14 .stack_dummy  00000800  20081000  20081000  0000f000  2**5
                  ALLOC, READONLY
 15 .flash_end    00000014  1000cdb8  1000cdb8  0000edb8  2**2
                  CONTENTS, ALLOC, LOAD, READONLY, DATA
 16 .ARM.attributes 00000034  00000000  00000000  0000edcc  2**0
                  CONTENTS, READONLY
 17 .comment      00000026  00000000  00000000  0000ee00  2**0
                  CONTENTS, READONLY
 18 .debug_info   0004f7e5  00000000  00000000  0000ee26  2**0
                  CONTENTS, READONLY, DEBUGGING, OCTETS
 19 .debug_abbrev 0000ca2a  00000000  00000000  0005e60b  2**0
                  CONTENTS, READONLY, DEBUGGING, OCTETS
 20 .debug_aranges 00001ce0  00000000  00000000  0006b038  2**3
                  CONTENTS, READONLY, DEBUGGING, OCTETS
 21 .debug_rnglists 00006f00  00000000  00000000  0006cd18  2**0
                  CONTENTS, READONLY, DEBUGGING, OCTETS
 22 .debug_line   00035a7f  00000000  00000000  00073c18  2**0
                  CONTENTS, READONLY, DEBUGGING, OCTETS
 23 .debug_str    0000d3d1  00000000  00000000  000a9697  2**0
                  CONTENTS, READONLY, DEBUGGING, OCTETS
 24 .debug_frame  00004fa4  00000000  00000000  000b6a68  2**2
                  CONTENTS, READONLY, DEBUGGING, OCTETS
 25 .debug_loclists 00028ea5  00000000  00000000  000bba0c  2**0
                  CONTENTS, READONLY, DEBUGGING, OCTETS
 26 .debug_line_str 00000210  00000000  00000000  000e48b1  2**0
                  CONTENTS, READONLY, DEBUGGING, OCTETS

/home/sreer/Junior_Design/Final_Project/Junior_Design_C/build/final_project.elf:     file format elf32-littlearm


Disassembly of section .text:

10000000 <__VECTOR_TABLE>:
10000000:	20082000 	.word	0x20082000
10000004:	1000015d 	.word	0x1000015d
10000008:	1000011b 	.word	0x1000011b
1000000c:	1000011d 	.word	0x1000011d
10000010:	10000111 	.word	0x10000111
10000014:	10000111 	.word	0x10000111
10000018:	10000111 	.word	0x10000111
1000001c:	10000111 	.word	0x10000111
10000020:	10000119 	.word	0x10000119
10000024:	10000119 	.word	0x10000119
10000028:	10000119 	.word	0x10000119
1000002c:	1000011f 	.word	0x1000011f
10000030:	10000111 	.word	0x10000111
10000034:	10000119 	.word	0x10000119
10000038:	10000121 	.word	0x10000121
1000003c:	10000123 	.word	0x10000123
10000040:	10000111 	.word	0x10000111
10000044:	10000111 	.word	0x10000111
10000048:	10000111 	.word	0x10000111
1000004c:	10000111 	.word	0x10000111
10000050:	10000111 	.word	0x10000111
10000054:	10000111 	.word	0x10000111
10000058:	10000111 	.word	0x10000111
1000005c:	10000111 	.word	0x10000111
10000060:	10000111 	.word	0x10000111
10000064:	10000111 	.word	0x10000111
10000068:	10000111 	.word	0x10000111
1000006c:	10000111 	.word	0x10000111
10000070:	10000111 	.word	0x10000111
10000074:	10000111 	.word	0x10000111
10000078:	10000111 	.word	0x10000111
1000007c:	10000111 	.word	0x10000111
10000080:	10000111 	.word	0x10000111
10000084:	10000111 	.word	0x10000111
10000088:	10000111 	.word	0x10000111
1000008c:	10000111 	.word	0x10000111
10000090:	10000111 	.word	0x10000111
10000094:	10000111 	.word	0x10000111
10000098:	10000111 	.word	0x10000111
1000009c:	10000111 	.word	0x10000111
100000a0:	10000111 	.word	0x10000111
100000a4:	10000111 	.word	0x10000111
100000a8:	10000111 	.word	0x10000111
100000ac:	10000111 	.word	0x10000111
100000b0:	10000111 	.word	0x10000111
100000b4:	10000111 	.word	0x10000111
100000b8:	10000111 	.word	0x10000111
100000bc:	10000111 	.word	0x10000111
100000c0:	10000111 	.word	0x10000111
100000c4:	10000111 	.word	0x10000111
100000c8:	10000111 	.word	0x10000111
100000cc:	10000111 	.word	0x10000111
100000d0:	10000111 	.word	0x10000111
100000d4:	10000111 	.word	0x10000111
100000d8:	10000111 	.word	0x10000111
100000dc:	10000111 	.word	0x10000111
100000e0:	10000111 	.word	0x10000111
100000e4:	10000111 	.word	0x10000111
100000e8:	10000111 	.word	0x10000111
100000ec:	10000111 	.word	0x10000111
100000f0:	10000111 	.word	0x10000111
100000f4:	10000111 	.word	0x10000111
100000f8:	10000111 	.word	0x10000111
100000fc:	10000111 	.word	0x10000111
10000100:	10000111 	.word	0x10000111
10000104:	10000111 	.word	0x10000111
10000108:	10000111 	.word	0x10000111
1000010c:	10000111 	.word	0x10000111

10000110 <__unhandled_user_irq>:
10000110:	f3ef 8005 	mrs	r0, IPSR
10000114:	3810      	subs	r0, #16

10000116 <unhandled_user_irq_num_in_r0>:
10000116:	be00      	bkpt	0x0000

10000118 <isr_invalid>:
10000118:	be00      	bkpt	0x0000

1000011a <isr_nmi>:
1000011a:	be00      	bkpt	0x0000

1000011c <isr_hardfault>:
1000011c:	be00      	bkpt	0x0000

1000011e <isr_svcall>:
1000011e:	be00      	bkpt	0x0000

10000120 <isr_pendsv>:
10000120:	be00      	bkpt	0x0000

10000122 <isr_systick>:
10000122:	be00      	bkpt	0x0000

10000124 <__default_isrs_end>:
10000124:	7188ebf2 	.word	0x7188ebf2
10000128:	1000b890 	.word	0x1000b890
1000012c:	1000b8b0 	.word	0x1000b8b0
10000130:	100001a0 	.word	0x100001a0
10000134:	e71aa390 	.word	0xe71aa390

10000138 <__binary_info_header_end>:
10000138:	ffffded3 	.word	0xffffded3
1000013c:	10210142 	.word	0x10210142
10000140:	000001ff 	.word	0x000001ff
10000144:	0000cc80 	.word	0x0000cc80
10000148:	ab123579 	.word	0xab123579

1000014c <_entry_point>:
1000014c:	f04f 0000 	mov.w	r0, #0

10000150 <_enter_vtable_in_r0>:
10000150:	491e      	ldr	r1, [pc, #120]	@ (100001cc <data_cpy_table+0x2c>)
10000152:	6008      	str	r0, [r1, #0]
10000154:	c806      	ldmia	r0!, {r1, r2}
10000156:	f381 8808 	msr	MSP, r1
1000015a:	4710      	bx	r2

1000015c <_reset_handler>:
1000015c:	f04f 4050 	mov.w	r0, #3489660928	@ 0xd0000000
10000160:	6800      	ldr	r0, [r0, #0]
10000162:	b110      	cbz	r0, 1000016a <hold_non_core0_in_bootrom+0x6>

10000164 <hold_non_core0_in_bootrom>:
10000164:	f04f 0000 	mov.w	r0, #0
10000168:	e7f2      	b.n	10000150 <_enter_vtable_in_r0>
1000016a:	a40d      	add	r4, pc, #52	@ (adr r4, 100001a0 <data_cpy_table>)
1000016c:	cc0e      	ldmia	r4!, {r1, r2, r3}
1000016e:	2900      	cmp	r1, #0
10000170:	d002      	beq.n	10000178 <hold_non_core0_in_bootrom+0x14>
10000172:	f000 f812 	bl	1000019a <data_cpy>
10000176:	e7f9      	b.n	1000016c <hold_non_core0_in_bootrom+0x8>
10000178:	4915      	ldr	r1, [pc, #84]	@ (100001d0 <data_cpy_table+0x30>)
1000017a:	4a16      	ldr	r2, [pc, #88]	@ (100001d4 <data_cpy_table+0x34>)
1000017c:	2000      	movs	r0, #0
1000017e:	e000      	b.n	10000182 <bss_fill_test>

10000180 <bss_fill_loop>:
10000180:	c101      	stmia	r1!, {r0}

10000182 <bss_fill_test>:
10000182:	4291      	cmp	r1, r2
10000184:	d1fc      	bne.n	10000180 <bss_fill_loop>

10000186 <platform_entry>:
10000186:	4914      	ldr	r1, [pc, #80]	@ (100001d8 <data_cpy_table+0x38>)
10000188:	4788      	blx	r1
1000018a:	4914      	ldr	r1, [pc, #80]	@ (100001dc <data_cpy_table+0x3c>)
1000018c:	4788      	blx	r1
1000018e:	4914      	ldr	r1, [pc, #80]	@ (100001e0 <data_cpy_table+0x40>)
10000190:	4788      	blx	r1
10000192:	be00      	bkpt	0x0000
10000194:	e7fd      	b.n	10000192 <platform_entry+0xc>

10000196 <data_cpy_loop>:
10000196:	c901      	ldmia	r1!, {r0}
10000198:	c201      	stmia	r2!, {r0}

1000019a <data_cpy>:
1000019a:	429a      	cmp	r2, r3
1000019c:	d3fb      	bcc.n	10000196 <data_cpy_loop>
1000019e:	4770      	bx	lr

100001a0 <data_cpy_table>:
100001a0:	1000b8b0 	.word	0x1000b8b0
100001a4:	20000110 	.word	0x20000110
100001a8:	20001618 	.word	0x20001618
100001ac:	1000cdb8 	.word	0x1000cdb8
100001b0:	20080000 	.word	0x20080000
100001b4:	20080000 	.word	0x20080000
100001b8:	1000cdb8 	.word	0x1000cdb8
100001bc:	20081000 	.word	0x20081000
100001c0:	20081000 	.word	0x20081000
100001c4:	00000000 	.word	0x00000000
100001c8:	4770      	bx	lr
100001ca:	0000      	.short	0x0000
100001cc:	e000ed08 	.word	0xe000ed08
100001d0:	20001618 	.word	0x20001618
100001d4:	2001257c 	.word	0x2001257c
100001d8:	10003ffd 	.word	0x10003ffd
100001dc:	10000275 	.word	0x10000275
100001e0:	10003ff5 	.word	0x10003ff5

100001e4 <_init>:
100001e4:	b5f8      	push	{r3, r4, r5, r6, r7, lr}
100001e6:	bf00      	nop

100001e8 <deregister_tm_clones>:
100001e8:	4803      	ldr	r0, [pc, #12]	@ (100001f8 <deregister_tm_clones+0x10>)
100001ea:	4b04      	ldr	r3, [pc, #16]	@ (100001fc <deregister_tm_clones+0x14>)
100001ec:	4283      	cmp	r3, r0
100001ee:	d002      	beq.n	100001f6 <deregister_tm_clones+0xe>
100001f0:	4b03      	ldr	r3, [pc, #12]	@ (10000200 <deregister_tm_clones+0x18>)
100001f2:	b103      	cbz	r3, 100001f6 <deregister_tm_clones+0xe>
100001f4:	4718      	bx	r3
100001f6:	4770      	bx	lr
100001f8:	20001618 	.word	0x20001618
100001fc:	20001618 	.word	0x20001618
10000200:	00000000 	.word	0x00000000

10000204 <register_tm_clones>:
10000204:	4b06      	ldr	r3, [pc, #24]	@ (10000220 <register_tm_clones+0x1c>)
10000206:	4907      	ldr	r1, [pc, #28]	@ (10000224 <register_tm_clones+0x20>)
10000208:	1ac9      	subs	r1, r1, r3
1000020a:	1089      	asrs	r1, r1, #2
1000020c:	bf48      	it	mi
1000020e:	3101      	addmi	r1, #1
10000210:	1049      	asrs	r1, r1, #1
10000212:	d003      	beq.n	1000021c <register_tm_clones+0x18>
10000214:	4b04      	ldr	r3, [pc, #16]	@ (10000228 <register_tm_clones+0x24>)
10000216:	b10b      	cbz	r3, 1000021c <register_tm_clones+0x18>
10000218:	4801      	ldr	r0, [pc, #4]	@ (10000220 <register_tm_clones+0x1c>)
1000021a:	4718      	bx	r3
1000021c:	4770      	bx	lr
1000021e:	bf00      	nop
10000220:	20001618 	.word	0x20001618
10000224:	20001618 	.word	0x20001618
10000228:	00000000 	.word	0x00000000

1000022c <__do_global_dtors_aux>:
1000022c:	b510      	push	{r4, lr}
1000022e:	4c06      	ldr	r4, [pc, #24]	@ (10000248 <__do_global_dtors_aux+0x1c>)
10000230:	7823      	ldrb	r3, [r4, #0]
10000232:	b943      	cbnz	r3, 10000246 <__do_global_dtors_aux+0x1a>
10000234:	f7ff ffd8 	bl	100001e8 <deregister_tm_clones>
10000238:	4b04      	ldr	r3, [pc, #16]	@ (1000024c <__do_global_dtors_aux+0x20>)
1000023a:	b113      	cbz	r3, 10000242 <__do_global_dtors_aux+0x16>
1000023c:	4804      	ldr	r0, [pc, #16]	@ (10000250 <__do_global_dtors_aux+0x24>)
1000023e:	f3af 8000 	nop.w
10000242:	2301      	movs	r3, #1
10000244:	7023      	strb	r3, [r4, #0]
10000246:	bd10      	pop	{r4, pc}
10000248:	20001868 	.word	0x20001868
1000024c:	00000000 	.word	0x00000000
10000250:	1000b368 	.word	0x1000b368

10000254 <frame_dummy>:
10000254:	b508      	push	{r3, lr}
10000256:	4b04      	ldr	r3, [pc, #16]	@ (10000268 <frame_dummy+0x14>)
10000258:	b11b      	cbz	r3, 10000262 <frame_dummy+0xe>
1000025a:	4904      	ldr	r1, [pc, #16]	@ (1000026c <frame_dummy+0x18>)
1000025c:	4804      	ldr	r0, [pc, #16]	@ (10000270 <frame_dummy+0x1c>)
1000025e:	f3af 8000 	nop.w
10000262:	e8bd 4008 	ldmia.w	sp!, {r3, lr}
10000266:	e7cd      	b.n	10000204 <register_tm_clones>
10000268:	00000000 	.word	0x00000000
1000026c:	2000186c 	.word	0x2000186c
10000270:	1000b368 	.word	0x1000b368

10000274 <main>:
10000274:	b500      	push	{lr}
10000276:	b083      	sub	sp, #12
10000278:	f003 ffec 	bl	10004254 <stdio_init_all>
1000027c:	f44f 60fa 	mov.w	r0, #2000	@ 0x7d0
10000280:	f001 ff14 	bl	100020ac <sleep_ms>
10000284:	f000 fb0a 	bl	1000089c <main_init>
10000288:	2100      	movs	r1, #0
1000028a:	4608      	mov	r0, r1
1000028c:	f000 fa56 	bl	1000073c <lcd_set_cursor>
10000290:	481b      	ldr	r0, [pc, #108]	@ (10000300 <main+0x8c>)
10000292:	f000 faad 	bl	100007f0 <lcd_print>
10000296:	2100      	movs	r1, #0
10000298:	2203      	movs	r2, #3
1000029a:	2001      	movs	r0, #1
1000029c:	f007 fa40 	bl	10007720 <xQueueGenericCreate>
100002a0:	4602      	mov	r2, r0
100002a2:	4b18      	ldr	r3, [pc, #96]	@ (10000304 <main+0x90>)
100002a4:	2001      	movs	r0, #1
100002a6:	601a      	str	r2, [r3, #0]
100002a8:	f007 fbd4 	bl	10007a54 <xQueueCreateMutex>
100002ac:	4605      	mov	r5, r0
100002ae:	4c16      	ldr	r4, [pc, #88]	@ (10000308 <main+0x94>)
100002b0:	2201      	movs	r2, #1
100002b2:	6025      	str	r5, [r4, #0]
100002b4:	2400      	movs	r4, #0
100002b6:	2501      	movs	r5, #1
100002b8:	2104      	movs	r1, #4
100002ba:	200f      	movs	r0, #15
100002bc:	4b13      	ldr	r3, [pc, #76]	@ (1000030c <main+0x98>)
100002be:	f000 fe87 	bl	10000fd0 <gpio_set_irq_enabled_with_callback>
100002c2:	e9cd 5400 	strd	r5, r4, [sp]
100002c6:	2502      	movs	r5, #2
100002c8:	f44f 7200 	mov.w	r2, #512	@ 0x200
100002cc:	4623      	mov	r3, r4
100002ce:	4910      	ldr	r1, [pc, #64]	@ (10000310 <main+0x9c>)
100002d0:	4810      	ldr	r0, [pc, #64]	@ (10000314 <main+0xa0>)
100002d2:	f009 fd0f 	bl	10009cf4 <xTaskCreate>
100002d6:	f44f 7200 	mov.w	r2, #512	@ 0x200
100002da:	4623      	mov	r3, r4
100002dc:	490e      	ldr	r1, [pc, #56]	@ (10000318 <main+0xa4>)
100002de:	e9cd 5400 	strd	r5, r4, [sp]
100002e2:	480e      	ldr	r0, [pc, #56]	@ (1000031c <main+0xa8>)
100002e4:	f009 fd06 	bl	10009cf4 <xTaskCreate>
100002e8:	f44f 7200 	mov.w	r2, #512	@ 0x200
100002ec:	4623      	mov	r3, r4
100002ee:	490c      	ldr	r1, [pc, #48]	@ (10000320 <main+0xac>)
100002f0:	e9cd 5400 	strd	r5, r4, [sp]
100002f4:	480b      	ldr	r0, [pc, #44]	@ (10000324 <main+0xb0>)
100002f6:	f009 fcfd 	bl	10009cf4 <xTaskCreate>
100002fa:	f009 fe4b 	bl	10009f94 <vTaskStartScheduler>
100002fe:	e7fe      	b.n	100002fe <main+0x8a>
10000300:	1000b368 	.word	0x1000b368
10000304:	200124b8 	.word	0x200124b8
10000308:	200124f8 	.word	0x200124f8
1000030c:	10000a59 	.word	0x10000a59
10000310:	1000b37c 	.word	0x1000b37c
10000314:	100008e9 	.word	0x100008e9
10000318:	1000b380 	.word	0x1000b380
1000031c:	10000a85 	.word	0x10000a85
10000320:	1000b388 	.word	0x1000b388
10000324:	10000b59 	.word	0x10000b59

10000328 <set_switch>:
10000328:	b510      	push	{r4, lr}
1000032a:	4604      	mov	r4, r0
1000032c:	f000 feb6 	bl	1000109c <gpio_init>
10000330:	4620      	mov	r0, r4
10000332:	e8bd 4010 	ldmia.w	sp!, {r4, lr}
10000336:	2200      	movs	r2, #0
10000338:	2101      	movs	r1, #1
1000033a:	f000 be35 	b.w	10000fa8 <gpio_set_pulls>
1000033e:	bf00      	nop

10000340 <initialize_leds>:
10000340:	b510      	push	{r4, lr}
10000342:	4604      	mov	r4, r0
10000344:	f000 feaa 	bl	1000109c <gpio_init>
10000348:	f04f 0301 	mov.w	r3, #1
1000034c:	ec43 4044 	gpioc_bit_oe_put r4, r3
10000350:	bd10      	pop	{r4, pc}
10000352:	bf00      	nop

10000354 <adc_start>:
10000354:	b508      	push	{r3, lr}
10000356:	f006 fbd7 	bl	10006b08 <adc_init>
1000035a:	211f      	movs	r1, #31
1000035c:	201b      	movs	r0, #27
1000035e:	f000 fe05 	bl	10000f6c <gpio_set_function>
10000362:	2200      	movs	r2, #0
10000364:	201b      	movs	r0, #27
10000366:	4611      	mov	r1, r2
10000368:	f000 fe1e 	bl	10000fa8 <gpio_set_pulls>
1000036c:	2100      	movs	r1, #0
1000036e:	201b      	movs	r0, #27
10000370:	f000 fe84 	bl	1000107c <gpio_set_input_enabled>
10000374:	4b04      	ldr	r3, [pc, #16]	@ (10000388 <adc_start+0x34>)
10000376:	4a05      	ldr	r2, [pc, #20]	@ (1000038c <adc_start+0x38>)
10000378:	681b      	ldr	r3, [r3, #0]
1000037a:	f483 5380 	eor.w	r3, r3, #4096	@ 0x1000
1000037e:	f403 4370 	and.w	r3, r3, #61440	@ 0xf000
10000382:	6013      	str	r3, [r2, #0]
10000384:	bd08      	pop	{r3, pc}
10000386:	bf00      	nop
10000388:	400a0000 	.word	0x400a0000
1000038c:	400a1000 	.word	0x400a1000

10000390 <lcd_init>:
10000390:	b5f0      	push	{r4, r5, r6, r7, lr}
10000392:	2500      	movs	r5, #0
10000394:	273c      	movs	r7, #60	@ 0x3c
10000396:	2638      	movs	r6, #56	@ 0x38
10000398:	4cc1      	ldr	r4, [pc, #772]	@ (100006a0 <lcd_init+0x310>)
1000039a:	b085      	sub	sp, #20
1000039c:	4620      	mov	r0, r4
1000039e:	49c1      	ldr	r1, [pc, #772]	@ (100006a4 <lcd_init+0x314>)
100003a0:	f006 fc6c 	bl	10006c7c <i2c_init>
100003a4:	2103      	movs	r1, #3
100003a6:	2004      	movs	r0, #4
100003a8:	f000 fde0 	bl	10000f6c <gpio_set_function>
100003ac:	2103      	movs	r1, #3
100003ae:	2005      	movs	r0, #5
100003b0:	f000 fddc 	bl	10000f6c <gpio_set_function>
100003b4:	2200      	movs	r2, #0
100003b6:	2101      	movs	r1, #1
100003b8:	2004      	movs	r0, #4
100003ba:	f000 fdf5 	bl	10000fa8 <gpio_set_pulls>
100003be:	2200      	movs	r2, #0
100003c0:	2101      	movs	r1, #1
100003c2:	2005      	movs	r0, #5
100003c4:	f000 fdf0 	bl	10000fa8 <gpio_set_pulls>
100003c8:	2032      	movs	r0, #50	@ 0x32
100003ca:	f001 fe6f 	bl	100020ac <sleep_ms>
100003ce:	f10d 020f 	add.w	r2, sp, #15
100003d2:	2301      	movs	r3, #1
100003d4:	2127      	movs	r1, #39	@ 0x27
100003d6:	4620      	mov	r0, r4
100003d8:	9500      	str	r5, [sp, #0]
100003da:	f88d 700f 	strb.w	r7, [sp, #15]
100003de:	f006 fc73 	bl	10006cc8 <i2c_write_blocking>
100003e2:	2001      	movs	r0, #1
100003e4:	2100      	movs	r1, #0
100003e6:	f001 fe49 	bl	1000207c <sleep_us>
100003ea:	f10d 020f 	add.w	r2, sp, #15
100003ee:	2301      	movs	r3, #1
100003f0:	2127      	movs	r1, #39	@ 0x27
100003f2:	4620      	mov	r0, r4
100003f4:	9500      	str	r5, [sp, #0]
100003f6:	f88d 600f 	strb.w	r6, [sp, #15]
100003fa:	f006 fc65 	bl	10006cc8 <i2c_write_blocking>
100003fe:	2100      	movs	r1, #0
10000400:	2032      	movs	r0, #50	@ 0x32
10000402:	f001 fe3b 	bl	1000207c <sleep_us>
10000406:	2005      	movs	r0, #5
10000408:	f001 fe50 	bl	100020ac <sleep_ms>
1000040c:	f10d 020f 	add.w	r2, sp, #15
10000410:	2301      	movs	r3, #1
10000412:	2127      	movs	r1, #39	@ 0x27
10000414:	4620      	mov	r0, r4
10000416:	9500      	str	r5, [sp, #0]
10000418:	f88d 700f 	strb.w	r7, [sp, #15]
1000041c:	f006 fc54 	bl	10006cc8 <i2c_write_blocking>
10000420:	2001      	movs	r0, #1
10000422:	2100      	movs	r1, #0
10000424:	f001 fe2a 	bl	1000207c <sleep_us>
10000428:	f10d 020f 	add.w	r2, sp, #15
1000042c:	2301      	movs	r3, #1
1000042e:	2127      	movs	r1, #39	@ 0x27
10000430:	4620      	mov	r0, r4
10000432:	9500      	str	r5, [sp, #0]
10000434:	f88d 600f 	strb.w	r6, [sp, #15]
10000438:	f006 fc46 	bl	10006cc8 <i2c_write_blocking>
1000043c:	2032      	movs	r0, #50	@ 0x32
1000043e:	2100      	movs	r1, #0
10000440:	f001 fe1c 	bl	1000207c <sleep_us>
10000444:	2096      	movs	r0, #150	@ 0x96
10000446:	2100      	movs	r1, #0
10000448:	f001 fe18 	bl	1000207c <sleep_us>
1000044c:	f10d 020f 	add.w	r2, sp, #15
10000450:	2301      	movs	r3, #1
10000452:	f88d 700f 	strb.w	r7, [sp, #15]
10000456:	2127      	movs	r1, #39	@ 0x27
10000458:	272c      	movs	r7, #44	@ 0x2c
1000045a:	4620      	mov	r0, r4
1000045c:	9500      	str	r5, [sp, #0]
1000045e:	f006 fc33 	bl	10006cc8 <i2c_write_blocking>
10000462:	2001      	movs	r0, #1
10000464:	2100      	movs	r1, #0
10000466:	f001 fe09 	bl	1000207c <sleep_us>
1000046a:	f88d 600f 	strb.w	r6, [sp, #15]
1000046e:	2628      	movs	r6, #40	@ 0x28
10000470:	f10d 020f 	add.w	r2, sp, #15
10000474:	2301      	movs	r3, #1
10000476:	2127      	movs	r1, #39	@ 0x27
10000478:	4620      	mov	r0, r4
1000047a:	9500      	str	r5, [sp, #0]
1000047c:	f006 fc24 	bl	10006cc8 <i2c_write_blocking>
10000480:	2032      	movs	r0, #50	@ 0x32
10000482:	2100      	movs	r1, #0
10000484:	f001 fdfa 	bl	1000207c <sleep_us>
10000488:	f10d 020f 	add.w	r2, sp, #15
1000048c:	2301      	movs	r3, #1
1000048e:	2127      	movs	r1, #39	@ 0x27
10000490:	4620      	mov	r0, r4
10000492:	9500      	str	r5, [sp, #0]
10000494:	f88d 700f 	strb.w	r7, [sp, #15]
10000498:	f006 fc16 	bl	10006cc8 <i2c_write_blocking>
1000049c:	2001      	movs	r0, #1
1000049e:	2100      	movs	r1, #0
100004a0:	f001 fdec 	bl	1000207c <sleep_us>
100004a4:	f10d 020f 	add.w	r2, sp, #15
100004a8:	2301      	movs	r3, #1
100004aa:	2127      	movs	r1, #39	@ 0x27
100004ac:	4620      	mov	r0, r4
100004ae:	9500      	str	r5, [sp, #0]
100004b0:	f88d 600f 	strb.w	r6, [sp, #15]
100004b4:	f006 fc08 	bl	10006cc8 <i2c_write_blocking>
100004b8:	2032      	movs	r0, #50	@ 0x32
100004ba:	2100      	movs	r1, #0
100004bc:	f001 fdde 	bl	1000207c <sleep_us>
100004c0:	f10d 020f 	add.w	r2, sp, #15
100004c4:	2301      	movs	r3, #1
100004c6:	2127      	movs	r1, #39	@ 0x27
100004c8:	4620      	mov	r0, r4
100004ca:	9500      	str	r5, [sp, #0]
100004cc:	f88d 700f 	strb.w	r7, [sp, #15]
100004d0:	f006 fbfa 	bl	10006cc8 <i2c_write_blocking>
100004d4:	2001      	movs	r0, #1
100004d6:	2100      	movs	r1, #0
100004d8:	f001 fdd0 	bl	1000207c <sleep_us>
100004dc:	f10d 020f 	add.w	r2, sp, #15
100004e0:	2301      	movs	r3, #1
100004e2:	2127      	movs	r1, #39	@ 0x27
100004e4:	4620      	mov	r0, r4
100004e6:	9500      	str	r5, [sp, #0]
100004e8:	f88d 600f 	strb.w	r6, [sp, #15]
100004ec:	f006 fbec 	bl	10006cc8 <i2c_write_blocking>
100004f0:	2032      	movs	r0, #50	@ 0x32
100004f2:	2100      	movs	r1, #0
100004f4:	f001 fdc2 	bl	1000207c <sleep_us>
100004f8:	228c      	movs	r2, #140	@ 0x8c
100004fa:	2301      	movs	r3, #1
100004fc:	f88d 200f 	strb.w	r2, [sp, #15]
10000500:	2127      	movs	r1, #39	@ 0x27
10000502:	f10d 020f 	add.w	r2, sp, #15
10000506:	4620      	mov	r0, r4
10000508:	9500      	str	r5, [sp, #0]
1000050a:	f006 fbdd 	bl	10006cc8 <i2c_write_blocking>
1000050e:	2001      	movs	r0, #1
10000510:	2100      	movs	r1, #0
10000512:	f001 fdb3 	bl	1000207c <sleep_us>
10000516:	2288      	movs	r2, #136	@ 0x88
10000518:	270c      	movs	r7, #12
1000051a:	2608      	movs	r6, #8
1000051c:	2301      	movs	r3, #1
1000051e:	f88d 200f 	strb.w	r2, [sp, #15]
10000522:	2127      	movs	r1, #39	@ 0x27
10000524:	f10d 020f 	add.w	r2, sp, #15
10000528:	4620      	mov	r0, r4
1000052a:	9500      	str	r5, [sp, #0]
1000052c:	f006 fbcc 	bl	10006cc8 <i2c_write_blocking>
10000530:	2032      	movs	r0, #50	@ 0x32
10000532:	2100      	movs	r1, #0
10000534:	f001 fda2 	bl	1000207c <sleep_us>
10000538:	f10d 020f 	add.w	r2, sp, #15
1000053c:	2301      	movs	r3, #1
1000053e:	2127      	movs	r1, #39	@ 0x27
10000540:	4620      	mov	r0, r4
10000542:	9500      	str	r5, [sp, #0]
10000544:	f88d 700f 	strb.w	r7, [sp, #15]
10000548:	f006 fbbe 	bl	10006cc8 <i2c_write_blocking>
1000054c:	2001      	movs	r0, #1
1000054e:	2100      	movs	r1, #0
10000550:	f001 fd94 	bl	1000207c <sleep_us>
10000554:	f10d 020f 	add.w	r2, sp, #15
10000558:	2301      	movs	r3, #1
1000055a:	2127      	movs	r1, #39	@ 0x27
1000055c:	4620      	mov	r0, r4
1000055e:	9500      	str	r5, [sp, #0]
10000560:	f88d 600f 	strb.w	r6, [sp, #15]
10000564:	f006 fbb0 	bl	10006cc8 <i2c_write_blocking>
10000568:	2032      	movs	r0, #50	@ 0x32
1000056a:	2100      	movs	r1, #0
1000056c:	f001 fd86 	bl	1000207c <sleep_us>
10000570:	23cc      	movs	r3, #204	@ 0xcc
10000572:	f10d 020f 	add.w	r2, sp, #15
10000576:	f88d 300f 	strb.w	r3, [sp, #15]
1000057a:	2127      	movs	r1, #39	@ 0x27
1000057c:	2301      	movs	r3, #1
1000057e:	4620      	mov	r0, r4
10000580:	9500      	str	r5, [sp, #0]
10000582:	f006 fba1 	bl	10006cc8 <i2c_write_blocking>
10000586:	2001      	movs	r0, #1
10000588:	2100      	movs	r1, #0
1000058a:	f001 fd77 	bl	1000207c <sleep_us>
1000058e:	23c8      	movs	r3, #200	@ 0xc8
10000590:	f10d 020f 	add.w	r2, sp, #15
10000594:	f88d 300f 	strb.w	r3, [sp, #15]
10000598:	2127      	movs	r1, #39	@ 0x27
1000059a:	2301      	movs	r3, #1
1000059c:	4620      	mov	r0, r4
1000059e:	9500      	str	r5, [sp, #0]
100005a0:	f006 fb92 	bl	10006cc8 <i2c_write_blocking>
100005a4:	2032      	movs	r0, #50	@ 0x32
100005a6:	2100      	movs	r1, #0
100005a8:	f001 fd68 	bl	1000207c <sleep_us>
100005ac:	f10d 020f 	add.w	r2, sp, #15
100005b0:	2301      	movs	r3, #1
100005b2:	2127      	movs	r1, #39	@ 0x27
100005b4:	4620      	mov	r0, r4
100005b6:	9500      	str	r5, [sp, #0]
100005b8:	f88d 700f 	strb.w	r7, [sp, #15]
100005bc:	f006 fb84 	bl	10006cc8 <i2c_write_blocking>
100005c0:	2001      	movs	r0, #1
100005c2:	2100      	movs	r1, #0
100005c4:	f001 fd5a 	bl	1000207c <sleep_us>
100005c8:	f10d 020f 	add.w	r2, sp, #15
100005cc:	2301      	movs	r3, #1
100005ce:	2127      	movs	r1, #39	@ 0x27
100005d0:	4620      	mov	r0, r4
100005d2:	9500      	str	r5, [sp, #0]
100005d4:	f88d 600f 	strb.w	r6, [sp, #15]
100005d8:	f006 fb76 	bl	10006cc8 <i2c_write_blocking>
100005dc:	2032      	movs	r0, #50	@ 0x32
100005de:	2100      	movs	r1, #0
100005e0:	f001 fd4c 	bl	1000207c <sleep_us>
100005e4:	231c      	movs	r3, #28
100005e6:	f10d 020f 	add.w	r2, sp, #15
100005ea:	f88d 300f 	strb.w	r3, [sp, #15]
100005ee:	2127      	movs	r1, #39	@ 0x27
100005f0:	2301      	movs	r3, #1
100005f2:	4620      	mov	r0, r4
100005f4:	9500      	str	r5, [sp, #0]
100005f6:	f006 fb67 	bl	10006cc8 <i2c_write_blocking>
100005fa:	2001      	movs	r0, #1
100005fc:	2100      	movs	r1, #0
100005fe:	f001 fd3d 	bl	1000207c <sleep_us>
10000602:	2318      	movs	r3, #24
10000604:	f10d 020f 	add.w	r2, sp, #15
10000608:	f88d 300f 	strb.w	r3, [sp, #15]
1000060c:	2127      	movs	r1, #39	@ 0x27
1000060e:	2301      	movs	r3, #1
10000610:	4620      	mov	r0, r4
10000612:	9500      	str	r5, [sp, #0]
10000614:	f006 fb58 	bl	10006cc8 <i2c_write_blocking>
10000618:	2100      	movs	r1, #0
1000061a:	2032      	movs	r0, #50	@ 0x32
1000061c:	f001 fd2e 	bl	1000207c <sleep_us>
10000620:	2002      	movs	r0, #2
10000622:	f001 fd43 	bl	100020ac <sleep_ms>
10000626:	f10d 020f 	add.w	r2, sp, #15
1000062a:	2301      	movs	r3, #1
1000062c:	2127      	movs	r1, #39	@ 0x27
1000062e:	4620      	mov	r0, r4
10000630:	9500      	str	r5, [sp, #0]
10000632:	f88d 700f 	strb.w	r7, [sp, #15]
10000636:	f006 fb47 	bl	10006cc8 <i2c_write_blocking>
1000063a:	2001      	movs	r0, #1
1000063c:	2100      	movs	r1, #0
1000063e:	f001 fd1d 	bl	1000207c <sleep_us>
10000642:	f10d 020f 	add.w	r2, sp, #15
10000646:	2301      	movs	r3, #1
10000648:	2127      	movs	r1, #39	@ 0x27
1000064a:	4620      	mov	r0, r4
1000064c:	9500      	str	r5, [sp, #0]
1000064e:	f88d 600f 	strb.w	r6, [sp, #15]
10000652:	f006 fb39 	bl	10006cc8 <i2c_write_blocking>
10000656:	2032      	movs	r0, #50	@ 0x32
10000658:	2100      	movs	r1, #0
1000065a:	f001 fd0f 	bl	1000207c <sleep_us>
1000065e:	226c      	movs	r2, #108	@ 0x6c
10000660:	2668      	movs	r6, #104	@ 0x68
10000662:	2301      	movs	r3, #1
10000664:	f88d 200f 	strb.w	r2, [sp, #15]
10000668:	2127      	movs	r1, #39	@ 0x27
1000066a:	f10d 020f 	add.w	r2, sp, #15
1000066e:	4620      	mov	r0, r4
10000670:	9500      	str	r5, [sp, #0]
10000672:	f006 fb29 	bl	10006cc8 <i2c_write_blocking>
10000676:	2001      	movs	r0, #1
10000678:	2100      	movs	r1, #0
1000067a:	f001 fcff 	bl	1000207c <sleep_us>
1000067e:	2301      	movs	r3, #1
10000680:	2127      	movs	r1, #39	@ 0x27
10000682:	4620      	mov	r0, r4
10000684:	f10d 020f 	add.w	r2, sp, #15
10000688:	9500      	str	r5, [sp, #0]
1000068a:	f88d 600f 	strb.w	r6, [sp, #15]
1000068e:	f006 fb1b 	bl	10006cc8 <i2c_write_blocking>
10000692:	2032      	movs	r0, #50	@ 0x32
10000694:	2100      	movs	r1, #0
10000696:	b005      	add	sp, #20
10000698:	e8bd 40f0 	ldmia.w	sp!, {r4, r5, r6, r7, lr}
1000069c:	f001 bcee 	b.w	1000207c <sleep_us>
100006a0:	200015fc 	.word	0x200015fc
100006a4:	000186a0 	.word	0x000186a0

100006a8 <lcd_clear>:
100006a8:	b530      	push	{r4, r5, lr}
100006aa:	2400      	movs	r4, #0
100006ac:	f04f 0c0c 	mov.w	ip, #12
100006b0:	4d21      	ldr	r5, [pc, #132]	@ (10000738 <lcd_clear+0x90>)
100006b2:	b085      	sub	sp, #20
100006b4:	f10d 020f 	add.w	r2, sp, #15
100006b8:	2301      	movs	r3, #1
100006ba:	2127      	movs	r1, #39	@ 0x27
100006bc:	4628      	mov	r0, r5
100006be:	9400      	str	r4, [sp, #0]
100006c0:	f88d c00f 	strb.w	ip, [sp, #15]
100006c4:	f006 fb00 	bl	10006cc8 <i2c_write_blocking>
100006c8:	2001      	movs	r0, #1
100006ca:	2100      	movs	r1, #0
100006cc:	f001 fcd6 	bl	1000207c <sleep_us>
100006d0:	2208      	movs	r2, #8
100006d2:	2301      	movs	r3, #1
100006d4:	f88d 200f 	strb.w	r2, [sp, #15]
100006d8:	2127      	movs	r1, #39	@ 0x27
100006da:	f10d 020f 	add.w	r2, sp, #15
100006de:	4628      	mov	r0, r5
100006e0:	9400      	str	r4, [sp, #0]
100006e2:	f006 faf1 	bl	10006cc8 <i2c_write_blocking>
100006e6:	2032      	movs	r0, #50	@ 0x32
100006e8:	2100      	movs	r1, #0
100006ea:	f001 fcc7 	bl	1000207c <sleep_us>
100006ee:	221c      	movs	r2, #28
100006f0:	2301      	movs	r3, #1
100006f2:	f88d 200f 	strb.w	r2, [sp, #15]
100006f6:	2127      	movs	r1, #39	@ 0x27
100006f8:	f10d 020f 	add.w	r2, sp, #15
100006fc:	4628      	mov	r0, r5
100006fe:	9400      	str	r4, [sp, #0]
10000700:	f006 fae2 	bl	10006cc8 <i2c_write_blocking>
10000704:	2001      	movs	r0, #1
10000706:	2100      	movs	r1, #0
10000708:	f001 fcb8 	bl	1000207c <sleep_us>
1000070c:	f04f 0c18 	mov.w	ip, #24
10000710:	2301      	movs	r3, #1
10000712:	f10d 020f 	add.w	r2, sp, #15
10000716:	2127      	movs	r1, #39	@ 0x27
10000718:	4628      	mov	r0, r5
1000071a:	9400      	str	r4, [sp, #0]
1000071c:	f88d c00f 	strb.w	ip, [sp, #15]
10000720:	f006 fad2 	bl	10006cc8 <i2c_write_blocking>
10000724:	2032      	movs	r0, #50	@ 0x32
10000726:	2100      	movs	r1, #0
10000728:	f001 fca8 	bl	1000207c <sleep_us>
1000072c:	2002      	movs	r0, #2
1000072e:	b005      	add	sp, #20
10000730:	e8bd 4030 	ldmia.w	sp!, {r4, r5, lr}
10000734:	f001 bcba 	b.w	100020ac <sleep_ms>
10000738:	200015fc 	.word	0x200015fc

1000073c <lcd_set_cursor>:
1000073c:	b5f0      	push	{r4, r5, r6, r7, lr}
1000073e:	4607      	mov	r7, r0
10000740:	f44f 4c80 	mov.w	ip, #16384	@ 0x4000
10000744:	460c      	mov	r4, r1
10000746:	2500      	movs	r5, #0
10000748:	b085      	sub	sp, #20
1000074a:	3710      	adds	r7, #16
1000074c:	f8ad c00c 	strh.w	ip, [sp, #12]
10000750:	446f      	add	r7, sp
10000752:	f817 7c04 	ldrb.w	r7, [r7, #-4]
10000756:	4e25      	ldr	r6, [pc, #148]	@ (100007ec <lcd_set_cursor+0xb0>)
10000758:	443c      	add	r4, r7
1000075a:	f004 07f0 	and.w	r7, r4, #240	@ 0xf0
1000075e:	f067 0c73 	orn	ip, r7, #115	@ 0x73
10000762:	f10d 020b 	add.w	r2, sp, #11
10000766:	2301      	movs	r3, #1
10000768:	2127      	movs	r1, #39	@ 0x27
1000076a:	4630      	mov	r0, r6
1000076c:	9500      	str	r5, [sp, #0]
1000076e:	f88d c00b 	strb.w	ip, [sp, #11]
10000772:	b2e4      	uxtb	r4, r4
10000774:	f006 faa8 	bl	10006cc8 <i2c_write_blocking>
10000778:	2001      	movs	r0, #1
1000077a:	2100      	movs	r1, #0
1000077c:	f001 fc7e 	bl	1000207c <sleep_us>
10000780:	f067 0777 	orn	r7, r7, #119	@ 0x77
10000784:	f10d 020b 	add.w	r2, sp, #11
10000788:	2301      	movs	r3, #1
1000078a:	2127      	movs	r1, #39	@ 0x27
1000078c:	4630      	mov	r0, r6
1000078e:	9500      	str	r5, [sp, #0]
10000790:	0124      	lsls	r4, r4, #4
10000792:	f88d 700b 	strb.w	r7, [sp, #11]
10000796:	b2e4      	uxtb	r4, r4
10000798:	f006 fa96 	bl	10006cc8 <i2c_write_blocking>
1000079c:	2032      	movs	r0, #50	@ 0x32
1000079e:	2100      	movs	r1, #0
100007a0:	f001 fc6c 	bl	1000207c <sleep_us>
100007a4:	f044 020c 	orr.w	r2, r4, #12
100007a8:	2301      	movs	r3, #1
100007aa:	f88d 200b 	strb.w	r2, [sp, #11]
100007ae:	2127      	movs	r1, #39	@ 0x27
100007b0:	f10d 020b 	add.w	r2, sp, #11
100007b4:	4630      	mov	r0, r6
100007b6:	9500      	str	r5, [sp, #0]
100007b8:	f006 fa86 	bl	10006cc8 <i2c_write_blocking>
100007bc:	2001      	movs	r0, #1
100007be:	2100      	movs	r1, #0
100007c0:	f001 fc5c 	bl	1000207c <sleep_us>
100007c4:	f044 0408 	orr.w	r4, r4, #8
100007c8:	2301      	movs	r3, #1
100007ca:	2127      	movs	r1, #39	@ 0x27
100007cc:	4630      	mov	r0, r6
100007ce:	f10d 020b 	add.w	r2, sp, #11
100007d2:	9500      	str	r5, [sp, #0]
100007d4:	f88d 400b 	strb.w	r4, [sp, #11]
100007d8:	f006 fa76 	bl	10006cc8 <i2c_write_blocking>
100007dc:	2032      	movs	r0, #50	@ 0x32
100007de:	2100      	movs	r1, #0
100007e0:	b005      	add	sp, #20
100007e2:	e8bd 40f0 	ldmia.w	sp!, {r4, r5, r6, r7, lr}
100007e6:	f001 bc49 	b.w	1000207c <sleep_us>
100007ea:	bf00      	nop
100007ec:	200015fc 	.word	0x200015fc

100007f0 <lcd_print>:
100007f0:	e92d 41f0 	stmdb	sp!, {r4, r5, r6, r7, r8, lr}
100007f4:	7804      	ldrb	r4, [r0, #0]
100007f6:	b084      	sub	sp, #16
100007f8:	2c00      	cmp	r4, #0
100007fa:	d04a      	beq.n	10000892 <lcd_print+0xa2>
100007fc:	4680      	mov	r8, r0
100007fe:	4f26      	ldr	r7, [pc, #152]	@ (10000898 <lcd_print+0xa8>)
10000800:	2500      	movs	r5, #0
10000802:	f004 06f0 	and.w	r6, r4, #240	@ 0xf0
10000806:	f046 0c0d 	orr.w	ip, r6, #13
1000080a:	2301      	movs	r3, #1
1000080c:	f10d 020f 	add.w	r2, sp, #15
10000810:	2127      	movs	r1, #39	@ 0x27
10000812:	4638      	mov	r0, r7
10000814:	9500      	str	r5, [sp, #0]
10000816:	f88d c00f 	strb.w	ip, [sp, #15]
1000081a:	f006 fa55 	bl	10006cc8 <i2c_write_blocking>
1000081e:	2001      	movs	r0, #1
10000820:	2100      	movs	r1, #0
10000822:	f001 fc2b 	bl	1000207c <sleep_us>
10000826:	f046 0609 	orr.w	r6, r6, #9
1000082a:	2301      	movs	r3, #1
1000082c:	f10d 020f 	add.w	r2, sp, #15
10000830:	2127      	movs	r1, #39	@ 0x27
10000832:	4638      	mov	r0, r7
10000834:	9500      	str	r5, [sp, #0]
10000836:	0124      	lsls	r4, r4, #4
10000838:	f88d 600f 	strb.w	r6, [sp, #15]
1000083c:	b2e4      	uxtb	r4, r4
1000083e:	f006 fa43 	bl	10006cc8 <i2c_write_blocking>
10000842:	2032      	movs	r0, #50	@ 0x32
10000844:	2100      	movs	r1, #0
10000846:	f001 fc19 	bl	1000207c <sleep_us>
1000084a:	f044 060d 	orr.w	r6, r4, #13
1000084e:	2301      	movs	r3, #1
10000850:	f10d 020f 	add.w	r2, sp, #15
10000854:	2127      	movs	r1, #39	@ 0x27
10000856:	4638      	mov	r0, r7
10000858:	9500      	str	r5, [sp, #0]
1000085a:	f88d 600f 	strb.w	r6, [sp, #15]
1000085e:	f006 fa33 	bl	10006cc8 <i2c_write_blocking>
10000862:	2001      	movs	r0, #1
10000864:	2100      	movs	r1, #0
10000866:	f001 fc09 	bl	1000207c <sleep_us>
1000086a:	f044 0409 	orr.w	r4, r4, #9
1000086e:	2301      	movs	r3, #1
10000870:	2127      	movs	r1, #39	@ 0x27
10000872:	f10d 020f 	add.w	r2, sp, #15
10000876:	4638      	mov	r0, r7
10000878:	9500      	str	r5, [sp, #0]
1000087a:	f88d 400f 	strb.w	r4, [sp, #15]
1000087e:	f006 fa23 	bl	10006cc8 <i2c_write_blocking>
10000882:	2032      	movs	r0, #50	@ 0x32
10000884:	2100      	movs	r1, #0
10000886:	f001 fbf9 	bl	1000207c <sleep_us>
1000088a:	f818 4f01 	ldrb.w	r4, [r8, #1]!
1000088e:	2c00      	cmp	r4, #0
10000890:	d1b6      	bne.n	10000800 <lcd_print+0x10>
10000892:	b004      	add	sp, #16
10000894:	e8bd 81f0 	ldmia.w	sp!, {r4, r5, r6, r7, r8, pc}
10000898:	200015fc 	.word	0x200015fc

1000089c <main_init>:
1000089c:	b508      	push	{r3, lr}
1000089e:	2009      	movs	r0, #9
100008a0:	f7ff fd4e 	bl	10000340 <initialize_leds>
100008a4:	200a      	movs	r0, #10
100008a6:	f7ff fd4b 	bl	10000340 <initialize_leds>
100008aa:	200b      	movs	r0, #11
100008ac:	f7ff fd48 	bl	10000340 <initialize_leds>
100008b0:	200c      	movs	r0, #12
100008b2:	f7ff fd45 	bl	10000340 <initialize_leds>
100008b6:	200d      	movs	r0, #13
100008b8:	f7ff fd42 	bl	10000340 <initialize_leds>
100008bc:	2000      	movs	r0, #0
100008be:	f7ff fd33 	bl	10000328 <set_switch>
100008c2:	2001      	movs	r0, #1
100008c4:	f7ff fd30 	bl	10000328 <set_switch>
100008c8:	2002      	movs	r0, #2
100008ca:	f7ff fd2d 	bl	10000328 <set_switch>
100008ce:	2003      	movs	r0, #3
100008d0:	f7ff fd2a 	bl	10000328 <set_switch>
100008d4:	200f      	movs	r0, #15
100008d6:	f7ff fd27 	bl	10000328 <set_switch>
100008da:	f7ff fd3b 	bl	10000354 <adc_start>
100008de:	e8bd 4008 	ldmia.w	sp!, {r3, lr}
100008e2:	f7ff bd55 	b.w	10000390 <lcd_init>
100008e6:	bf00      	nop

100008e8 <Heartbeat_Task>:
100008e8:	e92d 47f0 	stmdb	sp!, {r4, r5, r6, r7, r8, r9, sl, lr}
100008ec:	ed2d 8b04 	vpush	{d8-d9}
100008f0:	f8df 9160 	ldr.w	r9, [pc, #352]	@ 10000a54 <Heartbeat_Task+0x16c>
100008f4:	b084      	sub	sp, #16
100008f6:	f899 3000 	ldrb.w	r3, [r9]
100008fa:	2b00      	cmp	r3, #0
100008fc:	f000 8095 	beq.w	10000a2a <Heartbeat_Task+0x142>
10000900:	2400      	movs	r4, #0
10000902:	46ea      	mov	sl, sp
10000904:	4d4b      	ldr	r5, [pc, #300]	@ (10000a34 <Heartbeat_Task+0x14c>)
10000906:	4626      	mov	r6, r4
10000908:	f04f 0804 	mov.w	r8, #4
1000090c:	ed9f 9a4a 	vldr	s18, [pc, #296]	@ 10000a38 <Heartbeat_Task+0x150>
10000910:	eddf 8a4a 	vldr	s17, [pc, #296]	@ 10000a3c <Heartbeat_Task+0x154>
10000914:	4f4a      	ldr	r7, [pc, #296]	@ (10000a40 <Heartbeat_Task+0x158>)
10000916:	4a4b      	ldr	r2, [pc, #300]	@ (10000a44 <Heartbeat_Task+0x15c>)
10000918:	f8c7 8000 	str.w	r8, [r7]
1000091c:	6813      	ldr	r3, [r2, #0]
1000091e:	05db      	lsls	r3, r3, #23
10000920:	d5fc      	bpl.n	1000091c <Heartbeat_Task+0x34>
10000922:	6854      	ldr	r4, [r2, #4]
10000924:	b2a4      	uxth	r4, r4
10000926:	ee07 4a90 	vmov	s15, r4
1000092a:	eeb8 8ae7 	vcvt.f32.s32	s16, s15
1000092e:	ee28 8a09 	vmul.f32	s16, s16, s18
10000932:	ee18 0a10 	vmov	r0, s16
10000936:	f00a fcc7 	bl	1000b2c8 <____aeabi_f2d_veneer>
1000093a:	4602      	mov	r2, r0
1000093c:	460b      	mov	r3, r1
1000093e:	4842      	ldr	r0, [pc, #264]	@ (10000a48 <Heartbeat_Task+0x160>)
10000940:	4621      	mov	r1, r4
10000942:	f003 fd4d 	bl	100043e0 <__wrap_printf>
10000946:	eeb1 7a04 	vmov.f32	s14, #20	@ 0x40a00000  5.0
1000094a:	eec8 7a28 	vdiv.f32	s15, s16, s17
1000094e:	ee67 7a87 	vmul.f32	s15, s15, s14
10000952:	fef8 7a67 	vrinta.f32	s15, s15
10000956:	eefd 7ae7 	vcvt.s32.f32	s15, s15
1000095a:	ee17 4a90 	vmov	r4, s15
1000095e:	f04f 31ff 	mov.w	r1, #4294967295	@ 0xffffffff
10000962:	6828      	ldr	r0, [r5, #0]
10000964:	f007 faa4 	bl	10007eb0 <xQueueSemaphoreTake>
10000968:	2c00      	cmp	r4, #0
1000096a:	dc28      	bgt.n	100009be <Heartbeat_Task+0xd6>
1000096c:	2309      	movs	r3, #9
1000096e:	f04f 0200 	mov.w	r2, #0
10000972:	ec42 3040 	gpioc_bit_out_put r3, r2
10000976:	230a      	movs	r3, #10
10000978:	f04f 0200 	mov.w	r2, #0
1000097c:	ec42 3040 	gpioc_bit_out_put r3, r2
10000980:	230b      	movs	r3, #11
10000982:	f04f 0200 	mov.w	r2, #0
10000986:	ec42 3040 	gpioc_bit_out_put r3, r2
1000098a:	230c      	movs	r3, #12
1000098c:	f04f 0200 	mov.w	r2, #0
10000990:	ec42 3040 	gpioc_bit_out_put r3, r2
10000994:	230d      	movs	r3, #13
10000996:	f04f 0200 	mov.w	r2, #0
1000099a:	ec42 3040 	gpioc_bit_out_put r3, r2
1000099e:	2300      	movs	r3, #0
100009a0:	6828      	ldr	r0, [r5, #0]
100009a2:	461a      	mov	r2, r3
100009a4:	4619      	mov	r1, r3
100009a6:	f006 fefb 	bl	100077a0 <xQueueGenericSend>
100009aa:	42b4      	cmp	r4, r6
100009ac:	d12f      	bne.n	10000a0e <Heartbeat_Task+0x126>
100009ae:	2064      	movs	r0, #100	@ 0x64
100009b0:	f009 fc6a 	bl	1000a288 <vTaskDelay>
100009b4:	f899 3000 	ldrb.w	r3, [r9]
100009b8:	b1db      	cbz	r3, 100009f2 <Heartbeat_Task+0x10a>
100009ba:	4626      	mov	r6, r4
100009bc:	e7ab      	b.n	10000916 <Heartbeat_Task+0x2e>
100009be:	2209      	movs	r2, #9
100009c0:	f04f 0301 	mov.w	r3, #1
100009c4:	ec43 2040 	gpioc_bit_out_put r2, r3
100009c8:	2c01      	cmp	r4, #1
100009ca:	d0d4      	beq.n	10000976 <Heartbeat_Task+0x8e>
100009cc:	220a      	movs	r2, #10
100009ce:	ec43 2040 	gpioc_bit_out_put r2, r3
100009d2:	2c02      	cmp	r4, #2
100009d4:	d0d4      	beq.n	10000980 <Heartbeat_Task+0x98>
100009d6:	220b      	movs	r2, #11
100009d8:	ec43 2040 	gpioc_bit_out_put r2, r3
100009dc:	2c03      	cmp	r4, #3
100009de:	d0d4      	beq.n	1000098a <Heartbeat_Task+0xa2>
100009e0:	220c      	movs	r2, #12
100009e2:	ec43 2040 	gpioc_bit_out_put r2, r3
100009e6:	2c04      	cmp	r4, #4
100009e8:	d0d4      	beq.n	10000994 <Heartbeat_Task+0xac>
100009ea:	220d      	movs	r2, #13
100009ec:	ec43 2040 	gpioc_bit_out_put r2, r3
100009f0:	e7d5      	b.n	1000099e <Heartbeat_Task+0xb6>
100009f2:	f7ff fe59 	bl	100006a8 <lcd_clear>
100009f6:	4815      	ldr	r0, [pc, #84]	@ (10000a4c <Heartbeat_Task+0x164>)
100009f8:	f7ff fefa 	bl	100007f0 <lcd_print>
100009fc:	2064      	movs	r0, #100	@ 0x64
100009fe:	f009 fc43 	bl	1000a288 <vTaskDelay>
10000a02:	f899 3000 	ldrb.w	r3, [r9]
10000a06:	2b00      	cmp	r3, #0
10000a08:	f47f af7d 	bne.w	10000906 <Heartbeat_Task+0x1e>
10000a0c:	e7f6      	b.n	100009fc <Heartbeat_Task+0x114>
10000a0e:	eb04 0384 	add.w	r3, r4, r4, lsl #2
10000a12:	2110      	movs	r1, #16
10000a14:	4a0e      	ldr	r2, [pc, #56]	@ (10000a50 <Heartbeat_Task+0x168>)
10000a16:	009b      	lsls	r3, r3, #2
10000a18:	4650      	mov	r0, sl
10000a1a:	f003 faa7 	bl	10003f6c <__wrap_snprintf>
10000a1e:	f7ff fe43 	bl	100006a8 <lcd_clear>
10000a22:	4650      	mov	r0, sl
10000a24:	f7ff fee4 	bl	100007f0 <lcd_print>
10000a28:	e7c1      	b.n	100009ae <Heartbeat_Task+0xc6>
10000a2a:	46ea      	mov	sl, sp
10000a2c:	4d01      	ldr	r5, [pc, #4]	@ (10000a34 <Heartbeat_Task+0x14c>)
10000a2e:	f003 04ff 	and.w	r4, r3, #255	@ 0xff
10000a32:	e7e3      	b.n	100009fc <Heartbeat_Task+0x114>
10000a34:	200124f8 	.word	0x200124f8
10000a38:	3a534067 	.word	0x3a534067
10000a3c:	40533333 	.word	0x40533333
10000a40:	400a2000 	.word	0x400a2000
10000a44:	400a0000 	.word	0x400a0000
10000a48:	1000b38c 	.word	0x1000b38c
10000a4c:	1000b3c0 	.word	0x1000b3c0
10000a50:	1000b3b0 	.word	0x1000b3b0
10000a54:	20012578 	.word	0x20012578

10000a58 <button_isr>:
10000a58:	2300      	movs	r3, #0
10000a5a:	b500      	push	{lr}
10000a5c:	4a08      	ldr	r2, [pc, #32]	@ (10000a80 <button_isr+0x28>)
10000a5e:	b083      	sub	sp, #12
10000a60:	6810      	ldr	r0, [r2, #0]
10000a62:	a901      	add	r1, sp, #4
10000a64:	9301      	str	r3, [sp, #4]
10000a66:	f007 f87d 	bl	10007b64 <xQueueGiveFromISR>
10000a6a:	9b01      	ldr	r3, [sp, #4]
10000a6c:	b12b      	cbz	r3, 10000a7a <button_isr+0x22>
10000a6e:	f04f 23e0 	mov.w	r3, #3758153728	@ 0xe000e000
10000a72:	f04f 5280 	mov.w	r2, #268435456	@ 0x10000000
10000a76:	f8c3 2d04 	str.w	r2, [r3, #3332]	@ 0xd04
10000a7a:	b003      	add	sp, #12
10000a7c:	f85d fb04 	ldr.w	pc, [sp], #4
10000a80:	200124b8 	.word	0x200124b8

10000a84 <Button_Task>:
10000a84:	e92d 4ff8 	stmdb	sp!, {r3, r4, r5, r6, r7, r8, r9, sl, fp, lr}
10000a88:	f04f 0b00 	mov.w	fp, #0
10000a8c:	465e      	mov	r6, fp
10000a8e:	4d2d      	ldr	r5, [pc, #180]	@ (10000b44 <Button_Task+0xc0>)
10000a90:	f8df 80b8 	ldr.w	r8, [pc, #184]	@ 10000b4c <Button_Task+0xc8>
10000a94:	f8df 90b8 	ldr.w	r9, [pc, #184]	@ 10000b50 <Button_Task+0xcc>
10000a98:	f8df a0b8 	ldr.w	sl, [pc, #184]	@ 10000b54 <Button_Task+0xd0>
10000a9c:	4f2a      	ldr	r7, [pc, #168]	@ (10000b48 <Button_Task+0xc4>)
10000a9e:	f04f 31ff 	mov.w	r1, #4294967295	@ 0xffffffff
10000aa2:	6828      	ldr	r0, [r5, #0]
10000aa4:	f007 fa04 	bl	10007eb0 <xQueueSemaphoreTake>
10000aa8:	2801      	cmp	r0, #1
10000aaa:	4604      	mov	r4, r0
10000aac:	d1f7      	bne.n	10000a9e <Button_Task+0x1a>
10000aae:	2064      	movs	r0, #100	@ 0x64
10000ab0:	f009 fbea 	bl	1000a288 <vTaskDelay>
10000ab4:	f04f 4350 	mov.w	r3, #3489660928	@ 0xd0000000
10000ab8:	685b      	ldr	r3, [r3, #4]
10000aba:	041b      	lsls	r3, r3, #16
10000abc:	d40a      	bmi.n	10000ad4 <Button_Task+0x50>
10000abe:	f898 3000 	ldrb.w	r3, [r8]
10000ac2:	b343      	cbz	r3, 10000b16 <Button_Task+0x92>
10000ac4:	f899 3000 	ldrb.w	r3, [r9]
10000ac8:	bb43      	cbnz	r3, 10000b1c <Button_Task+0x98>
10000aca:	f89a 3000 	ldrb.w	r3, [sl]
10000ace:	bb2b      	cbnz	r3, 10000b1c <Button_Task+0x98>
10000ad0:	f889 4000 	strb.w	r4, [r9]
10000ad4:	f04f 31ff 	mov.w	r1, #4294967295	@ 0xffffffff
10000ad8:	6838      	ldr	r0, [r7, #0]
10000ada:	f007 f9e9 	bl	10007eb0 <xQueueSemaphoreTake>
10000ade:	2309      	movs	r3, #9
10000ae0:	ec46 3040 	gpioc_bit_out_put r3, r6
10000ae4:	230a      	movs	r3, #10
10000ae6:	ec46 3040 	gpioc_bit_out_put r3, r6
10000aea:	230b      	movs	r3, #11
10000aec:	ec46 3040 	gpioc_bit_out_put r3, r6
10000af0:	230c      	movs	r3, #12
10000af2:	ec46 3040 	gpioc_bit_out_put r3, r6
10000af6:	230d      	movs	r3, #13
10000af8:	ec46 3040 	gpioc_bit_out_put r3, r6
10000afc:	2300      	movs	r3, #0
10000afe:	6838      	ldr	r0, [r7, #0]
10000b00:	461a      	mov	r2, r3
10000b02:	4619      	mov	r1, r3
10000b04:	f006 fe4c 	bl	100077a0 <xQueueGenericSend>
10000b08:	2100      	movs	r1, #0
10000b0a:	6828      	ldr	r0, [r5, #0]
10000b0c:	f007 f9d0 	bl	10007eb0 <xQueueSemaphoreTake>
10000b10:	2801      	cmp	r0, #1
10000b12:	d1c4      	bne.n	10000a9e <Button_Task+0x1a>
10000b14:	e7f8      	b.n	10000b08 <Button_Task+0x84>
10000b16:	f888 4000 	strb.w	r4, [r8]
10000b1a:	e7db      	b.n	10000ad4 <Button_Task+0x50>
10000b1c:	f899 3000 	ldrb.w	r3, [r9]
10000b20:	b153      	cbz	r3, 10000b38 <Button_Task+0xb4>
10000b22:	f89a 3000 	ldrb.w	r3, [sl]
10000b26:	f003 02ff 	and.w	r2, r3, #255	@ 0xff
10000b2a:	b92b      	cbnz	r3, 10000b38 <Button_Task+0xb4>
10000b2c:	2301      	movs	r3, #1
10000b2e:	f889 2000 	strb.w	r2, [r9]
10000b32:	f88a 3000 	strb.w	r3, [sl]
10000b36:	e7cd      	b.n	10000ad4 <Button_Task+0x50>
10000b38:	f888 b000 	strb.w	fp, [r8]
10000b3c:	f88a b000 	strb.w	fp, [sl]
10000b40:	e7c8      	b.n	10000ad4 <Button_Task+0x50>
10000b42:	bf00      	nop
10000b44:	200124b8 	.word	0x200124b8
10000b48:	200124f8 	.word	0x200124f8
10000b4c:	20012579 	.word	0x20012579
10000b50:	20012578 	.word	0x20012578
10000b54:	20012573 	.word	0x20012573

10000b58 <Switch_Task>:
10000b58:	b570      	push	{r4, r5, r6, lr}
10000b5a:	4c86      	ldr	r4, [pc, #536]	@ (10000d74 <Switch_Task+0x21c>)
10000b5c:	7823      	ldrb	r3, [r4, #0]
10000b5e:	2b00      	cmp	r3, #0
10000b60:	f040 80f7 	bne.w	10000d52 <Switch_Task+0x1fa>
10000b64:	f003 0cff 	and.w	ip, r3, #255	@ 0xff
10000b68:	7823      	ldrb	r3, [r4, #0]
10000b6a:	2b00      	cmp	r3, #0
10000b6c:	d0fc      	beq.n	10000b68 <Switch_Task+0x10>
10000b6e:	f04f 4550 	mov.w	r5, #3489660928	@ 0xd0000000
10000b72:	6869      	ldr	r1, [r5, #4]
10000b74:	686b      	ldr	r3, [r5, #4]
10000b76:	6868      	ldr	r0, [r5, #4]
10000b78:	f003 0302 	and.w	r3, r3, #2
10000b7c:	686a      	ldr	r2, [r5, #4]
10000b7e:	f000 0004 	and.w	r0, r0, #4
10000b82:	4303      	orrs	r3, r0
10000b84:	f001 0101 	and.w	r1, r1, #1
10000b88:	430b      	orrs	r3, r1
10000b8a:	f002 0208 	and.w	r2, r2, #8
10000b8e:	ea43 0602 	orr.w	r6, r3, r2
10000b92:	4566      	cmp	r6, ip
10000b94:	f000 80ab 	beq.w	10000cee <Switch_Task+0x196>
10000b98:	1e73      	subs	r3, r6, #1
10000b9a:	2b0e      	cmp	r3, #14
10000b9c:	f200 80dc 	bhi.w	10000d58 <Switch_Task+0x200>
10000ba0:	e8df f003 	tbb	[pc, r3]
10000ba4:	4e8a3a62 	.word	0x4e8a3a62
10000ba8:	589c2476 	.word	0x589c2476
10000bac:	44932f80 	.word	0x44932f80
10000bb0:	196c      	.short	0x196c
10000bb2:	08          	.byte	0x08
10000bb3:	00          	.byte	0x00
10000bb4:	f7ff fd78 	bl	100006a8 <lcd_clear>
10000bb8:	486f      	ldr	r0, [pc, #444]	@ (10000d78 <Switch_Task+0x220>)
10000bba:	f7ff fe19 	bl	100007f0 <lcd_print>
10000bbe:	7823      	ldrb	r3, [r4, #0]
10000bc0:	2b00      	cmp	r3, #0
10000bc2:	f040 8099 	bne.w	10000cf8 <Switch_Task+0x1a0>
10000bc6:	260f      	movs	r6, #15
10000bc8:	f7ff fd6e 	bl	100006a8 <lcd_clear>
10000bcc:	486b      	ldr	r0, [pc, #428]	@ (10000d7c <Switch_Task+0x224>)
10000bce:	f7ff fe0f 	bl	100007f0 <lcd_print>
10000bd2:	46b4      	mov	ip, r6
10000bd4:	e7c8      	b.n	10000b68 <Switch_Task+0x10>
10000bd6:	f7ff fd67 	bl	100006a8 <lcd_clear>
10000bda:	4869      	ldr	r0, [pc, #420]	@ (10000d80 <Switch_Task+0x228>)
10000bdc:	f7ff fe08 	bl	100007f0 <lcd_print>
10000be0:	7823      	ldrb	r3, [r4, #0]
10000be2:	2b00      	cmp	r3, #0
10000be4:	f040 80a0 	bne.w	10000d28 <Switch_Task+0x1d0>
10000be8:	260e      	movs	r6, #14
10000bea:	e7ed      	b.n	10000bc8 <Switch_Task+0x70>
10000bec:	f7ff fd5c 	bl	100006a8 <lcd_clear>
10000bf0:	4864      	ldr	r0, [pc, #400]	@ (10000d84 <Switch_Task+0x22c>)
10000bf2:	f7ff fdfd 	bl	100007f0 <lcd_print>
10000bf6:	7823      	ldrb	r3, [r4, #0]
10000bf8:	2b00      	cmp	r3, #0
10000bfa:	f040 8089 	bne.w	10000d10 <Switch_Task+0x1b8>
10000bfe:	2606      	movs	r6, #6
10000c00:	e7e2      	b.n	10000bc8 <Switch_Task+0x70>
10000c02:	f7ff fd51 	bl	100006a8 <lcd_clear>
10000c06:	485f      	ldr	r0, [pc, #380]	@ (10000d84 <Switch_Task+0x22c>)
10000c08:	f7ff fdf2 	bl	100007f0 <lcd_print>
10000c0c:	7823      	ldrb	r3, [r4, #0]
10000c0e:	2b00      	cmp	r3, #0
10000c10:	f040 8096 	bne.w	10000d40 <Switch_Task+0x1e8>
10000c14:	260a      	movs	r6, #10
10000c16:	e7d7      	b.n	10000bc8 <Switch_Task+0x70>
10000c18:	f7ff fd46 	bl	100006a8 <lcd_clear>
10000c1c:	485a      	ldr	r0, [pc, #360]	@ (10000d88 <Switch_Task+0x230>)
10000c1e:	f7ff fde7 	bl	100007f0 <lcd_print>
10000c22:	7823      	ldrb	r3, [r4, #0]
10000c24:	2b00      	cmp	r3, #0
10000c26:	d16d      	bne.n	10000d04 <Switch_Task+0x1ac>
10000c28:	2602      	movs	r6, #2
10000c2a:	e7cd      	b.n	10000bc8 <Switch_Task+0x70>
10000c2c:	f7ff fd3c 	bl	100006a8 <lcd_clear>
10000c30:	4856      	ldr	r0, [pc, #344]	@ (10000d8c <Switch_Task+0x234>)
10000c32:	f7ff fddd 	bl	100007f0 <lcd_print>
10000c36:	7823      	ldrb	r3, [r4, #0]
10000c38:	2b00      	cmp	r3, #0
10000c3a:	d17b      	bne.n	10000d34 <Switch_Task+0x1dc>
10000c3c:	260c      	movs	r6, #12
10000c3e:	e7c3      	b.n	10000bc8 <Switch_Task+0x70>
10000c40:	f7ff fd32 	bl	100006a8 <lcd_clear>
10000c44:	4852      	ldr	r0, [pc, #328]	@ (10000d90 <Switch_Task+0x238>)
10000c46:	f7ff fdd3 	bl	100007f0 <lcd_print>
10000c4a:	7823      	ldrb	r3, [r4, #0]
10000c4c:	2b00      	cmp	r3, #0
10000c4e:	d165      	bne.n	10000d1c <Switch_Task+0x1c4>
10000c50:	2604      	movs	r6, #4
10000c52:	e7b9      	b.n	10000bc8 <Switch_Task+0x70>
10000c54:	f7ff fd28 	bl	100006a8 <lcd_clear>
10000c58:	484e      	ldr	r0, [pc, #312]	@ (10000d94 <Switch_Task+0x23c>)
10000c5a:	f7ff fdc9 	bl	100007f0 <lcd_print>
10000c5e:	7823      	ldrb	r3, [r4, #0]
10000c60:	2b00      	cmp	r3, #0
10000c62:	d170      	bne.n	10000d46 <Switch_Task+0x1ee>
10000c64:	2608      	movs	r6, #8
10000c66:	e7af      	b.n	10000bc8 <Switch_Task+0x70>
10000c68:	f7ff fd1e 	bl	100006a8 <lcd_clear>
10000c6c:	484a      	ldr	r0, [pc, #296]	@ (10000d98 <Switch_Task+0x240>)
10000c6e:	f7ff fdbf 	bl	100007f0 <lcd_print>
10000c72:	7823      	ldrb	r3, [r4, #0]
10000c74:	2b00      	cmp	r3, #0
10000c76:	d142      	bne.n	10000cfe <Switch_Task+0x1a6>
10000c78:	2601      	movs	r6, #1
10000c7a:	e7a5      	b.n	10000bc8 <Switch_Task+0x70>
10000c7c:	f7ff fd14 	bl	100006a8 <lcd_clear>
10000c80:	4846      	ldr	r0, [pc, #280]	@ (10000d9c <Switch_Task+0x244>)
10000c82:	f7ff fdb5 	bl	100007f0 <lcd_print>
10000c86:	7823      	ldrb	r3, [r4, #0]
10000c88:	2b00      	cmp	r3, #0
10000c8a:	d150      	bne.n	10000d2e <Switch_Task+0x1d6>
10000c8c:	260d      	movs	r6, #13
10000c8e:	e79b      	b.n	10000bc8 <Switch_Task+0x70>
10000c90:	f7ff fd0a 	bl	100006a8 <lcd_clear>
10000c94:	4842      	ldr	r0, [pc, #264]	@ (10000da0 <Switch_Task+0x248>)
10000c96:	f7ff fdab 	bl	100007f0 <lcd_print>
10000c9a:	7823      	ldrb	r3, [r4, #0]
10000c9c:	2b00      	cmp	r3, #0
10000c9e:	d13a      	bne.n	10000d16 <Switch_Task+0x1be>
10000ca0:	2605      	movs	r6, #5
10000ca2:	e791      	b.n	10000bc8 <Switch_Task+0x70>
10000ca4:	f7ff fd00 	bl	100006a8 <lcd_clear>
10000ca8:	483e      	ldr	r0, [pc, #248]	@ (10000da4 <Switch_Task+0x24c>)
10000caa:	f7ff fda1 	bl	100007f0 <lcd_print>
10000cae:	7823      	ldrb	r3, [r4, #0]
10000cb0:	2b00      	cmp	r3, #0
10000cb2:	d142      	bne.n	10000d3a <Switch_Task+0x1e2>
10000cb4:	2609      	movs	r6, #9
10000cb6:	e787      	b.n	10000bc8 <Switch_Task+0x70>
10000cb8:	f7ff fcf6 	bl	100006a8 <lcd_clear>
10000cbc:	483a      	ldr	r0, [pc, #232]	@ (10000da8 <Switch_Task+0x250>)
10000cbe:	f7ff fd97 	bl	100007f0 <lcd_print>
10000cc2:	7823      	ldrb	r3, [r4, #0]
10000cc4:	bb0b      	cbnz	r3, 10000d0a <Switch_Task+0x1b2>
10000cc6:	2603      	movs	r6, #3
10000cc8:	e77e      	b.n	10000bc8 <Switch_Task+0x70>
10000cca:	f7ff fced 	bl	100006a8 <lcd_clear>
10000cce:	4837      	ldr	r0, [pc, #220]	@ (10000dac <Switch_Task+0x254>)
10000cd0:	f7ff fd8e 	bl	100007f0 <lcd_print>
10000cd4:	7823      	ldrb	r3, [r4, #0]
10000cd6:	bb23      	cbnz	r3, 10000d22 <Switch_Task+0x1ca>
10000cd8:	260b      	movs	r6, #11
10000cda:	e775      	b.n	10000bc8 <Switch_Task+0x70>
10000cdc:	f7ff fce4 	bl	100006a8 <lcd_clear>
10000ce0:	4833      	ldr	r0, [pc, #204]	@ (10000db0 <Switch_Task+0x258>)
10000ce2:	f7ff fd85 	bl	100007f0 <lcd_print>
10000ce6:	7823      	ldrb	r3, [r4, #0]
10000ce8:	bb83      	cbnz	r3, 10000d4c <Switch_Task+0x1f4>
10000cea:	2607      	movs	r6, #7
10000cec:	e76c      	b.n	10000bc8 <Switch_Task+0x70>
10000cee:	7823      	ldrb	r3, [r4, #0]
10000cf0:	2b00      	cmp	r3, #0
10000cf2:	f43f af69 	beq.w	10000bc8 <Switch_Task+0x70>
10000cf6:	e73c      	b.n	10000b72 <Switch_Task+0x1a>
10000cf8:	f04f 0c0f 	mov.w	ip, #15
10000cfc:	e739      	b.n	10000b72 <Switch_Task+0x1a>
10000cfe:	f04f 0c01 	mov.w	ip, #1
10000d02:	e736      	b.n	10000b72 <Switch_Task+0x1a>
10000d04:	f04f 0c02 	mov.w	ip, #2
10000d08:	e733      	b.n	10000b72 <Switch_Task+0x1a>
10000d0a:	f04f 0c03 	mov.w	ip, #3
10000d0e:	e730      	b.n	10000b72 <Switch_Task+0x1a>
10000d10:	f04f 0c06 	mov.w	ip, #6
10000d14:	e72d      	b.n	10000b72 <Switch_Task+0x1a>
10000d16:	f04f 0c05 	mov.w	ip, #5
10000d1a:	e72a      	b.n	10000b72 <Switch_Task+0x1a>
10000d1c:	f04f 0c04 	mov.w	ip, #4
10000d20:	e727      	b.n	10000b72 <Switch_Task+0x1a>
10000d22:	f04f 0c0b 	mov.w	ip, #11
10000d26:	e724      	b.n	10000b72 <Switch_Task+0x1a>
10000d28:	f04f 0c0e 	mov.w	ip, #14
10000d2c:	e721      	b.n	10000b72 <Switch_Task+0x1a>
10000d2e:	f04f 0c0d 	mov.w	ip, #13
10000d32:	e71e      	b.n	10000b72 <Switch_Task+0x1a>
10000d34:	f04f 0c0c 	mov.w	ip, #12
10000d38:	e71b      	b.n	10000b72 <Switch_Task+0x1a>
10000d3a:	f04f 0c09 	mov.w	ip, #9
10000d3e:	e718      	b.n	10000b72 <Switch_Task+0x1a>
10000d40:	f04f 0c0a 	mov.w	ip, #10
10000d44:	e715      	b.n	10000b72 <Switch_Task+0x1a>
10000d46:	f04f 0c08 	mov.w	ip, #8
10000d4a:	e712      	b.n	10000b72 <Switch_Task+0x1a>
10000d4c:	f04f 0c07 	mov.w	ip, #7
10000d50:	e70f      	b.n	10000b72 <Switch_Task+0x1a>
10000d52:	f04f 0c00 	mov.w	ip, #0
10000d56:	e70a      	b.n	10000b6e <Switch_Task+0x16>
10000d58:	f7ff fca6 	bl	100006a8 <lcd_clear>
10000d5c:	4815      	ldr	r0, [pc, #84]	@ (10000db4 <Switch_Task+0x25c>)
10000d5e:	f7ff fd47 	bl	100007f0 <lcd_print>
10000d62:	7823      	ldrb	r3, [r4, #0]
10000d64:	f003 06ff 	and.w	r6, r3, #255	@ 0xff
10000d68:	2b00      	cmp	r3, #0
10000d6a:	f43f af2d 	beq.w	10000bc8 <Switch_Task+0x70>
10000d6e:	f04f 0c00 	mov.w	ip, #0
10000d72:	e6fe      	b.n	10000b72 <Switch_Task+0x1a>
10000d74:	20012573 	.word	0x20012573
10000d78:	1000b468 	.word	0x1000b468
10000d7c:	1000b368 	.word	0x1000b368
10000d80:	1000b45c 	.word	0x1000b45c
10000d84:	1000b408 	.word	0x1000b408
10000d88:	1000b3e0 	.word	0x1000b3e0
10000d8c:	1000b440 	.word	0x1000b440
10000d90:	1000b3f0 	.word	0x1000b3f0
10000d94:	1000b420 	.word	0x1000b420
10000d98:	1000b3d8 	.word	0x1000b3d8
10000d9c:	1000b44c 	.word	0x1000b44c
10000da0:	1000b400 	.word	0x1000b400
10000da4:	1000b428 	.word	0x1000b428
10000da8:	1000b3e8 	.word	0x1000b3e8
10000dac:	1000b434 	.word	0x1000b434
10000db0:	1000b414 	.word	0x1000b414
10000db4:	1000b3d0 	.word	0x1000b3d0

10000db8 <gpio_default_irq_handler>:
10000db8:	f04f 4050 	mov.w	r0, #3489660928	@ 0xd0000000
10000dbc:	e92d 4ff8 	stmdb	sp!, {r3, r4, r5, r6, r7, r8, r9, sl, fp, lr}
10000dc0:	4965      	ldr	r1, [pc, #404]	@ (10000f58 <gpio_default_irq_handler+0x1a0>)
10000dc2:	f8d0 a000 	ldr.w	sl, [r0]
10000dc6:	4a65      	ldr	r2, [pc, #404]	@ (10000f5c <gpio_default_irq_handler+0x1a4>)
10000dc8:	4b65      	ldr	r3, [pc, #404]	@ (10000f60 <gpio_default_irq_handler+0x1a8>)
10000dca:	f851 702a 	ldr.w	r7, [r1, sl, lsl #2]
10000dce:	f1ba 0f00 	cmp.w	sl, #0
10000dd2:	bf0c      	ite	eq
10000dd4:	4690      	moveq	r8, r2
10000dd6:	4698      	movne	r8, r3
10000dd8:	b34f      	cbz	r7, 10000e2e <gpio_default_irq_handler+0x76>
10000dda:	2600      	movs	r6, #0
10000ddc:	f8df b184 	ldr.w	fp, [pc, #388]	@ 10000f64 <gpio_default_irq_handler+0x1ac>
10000de0:	f8df 9184 	ldr.w	r9, [pc, #388]	@ 10000f68 <gpio_default_irq_handler+0x1b0>
10000de4:	08f3      	lsrs	r3, r6, #3
10000de6:	330c      	adds	r3, #12
10000de8:	f858 4023 	ldr.w	r4, [r8, r3, lsl #2]
10000dec:	4635      	mov	r5, r6
10000dee:	3608      	adds	r6, #8
10000df0:	b1cc      	cbz	r4, 10000e26 <gpio_default_irq_handler+0x6e>
10000df2:	f014 010f 	ands.w	r1, r4, #15
10000df6:	d010      	beq.n	10000e1a <gpio_default_irq_handler+0x62>
10000df8:	f85b 202a 	ldr.w	r2, [fp, sl, lsl #2]
10000dfc:	f005 0307 	and.w	r3, r5, #7
10000e00:	40ea      	lsrs	r2, r5
10000e02:	08e8      	lsrs	r0, r5, #3
10000e04:	009b      	lsls	r3, r3, #2
10000e06:	07d2      	lsls	r2, r2, #31
10000e08:	fa01 f303 	lsl.w	r3, r1, r3
10000e0c:	f100 0c8c 	add.w	ip, r0, #140	@ 0x8c
10000e10:	d403      	bmi.n	10000e1a <gpio_default_irq_handler+0x62>
10000e12:	4628      	mov	r0, r5
10000e14:	f849 302c 	str.w	r3, [r9, ip, lsl #2]
10000e18:	47b8      	blx	r7
10000e1a:	0924      	lsrs	r4, r4, #4
10000e1c:	f105 0501 	add.w	r5, r5, #1
10000e20:	d001      	beq.n	10000e26 <gpio_default_irq_handler+0x6e>
10000e22:	42b5      	cmp	r5, r6
10000e24:	d3e5      	bcc.n	10000df2 <gpio_default_irq_handler+0x3a>
10000e26:	2e20      	cmp	r6, #32
10000e28:	d1dc      	bne.n	10000de4 <gpio_default_irq_handler+0x2c>
10000e2a:	e8bd 8ff8 	ldmia.w	sp!, {r3, r4, r5, r6, r7, r8, r9, sl, fp, pc}
10000e2e:	484d      	ldr	r0, [pc, #308]	@ (10000f64 <gpio_default_irq_handler+0x1ac>)
10000e30:	08f9      	lsrs	r1, r7, #3
10000e32:	f101 030c 	add.w	r3, r1, #12
10000e36:	f858 3023 	ldr.w	r3, [r8, r3, lsl #2]
10000e3a:	463a      	mov	r2, r7
10000e3c:	3708      	adds	r7, #8
10000e3e:	2b00      	cmp	r3, #0
10000e40:	d071      	beq.n	10000f26 <gpio_default_irq_handler+0x16e>
10000e42:	f013 050f 	ands.w	r5, r3, #15
10000e46:	d008      	beq.n	10000e5a <gpio_default_irq_handler+0xa2>
10000e48:	f850 402a 	ldr.w	r4, [r0, sl, lsl #2]
10000e4c:	40d4      	lsrs	r4, r2
10000e4e:	07e4      	lsls	r4, r4, #31
10000e50:	d403      	bmi.n	10000e5a <gpio_default_irq_handler+0xa2>
10000e52:	4c45      	ldr	r4, [pc, #276]	@ (10000f68 <gpio_default_irq_handler+0x1b0>)
10000e54:	318c      	adds	r1, #140	@ 0x8c
10000e56:	f844 5021 	str.w	r5, [r4, r1, lsl #2]
10000e5a:	0919      	lsrs	r1, r3, #4
10000e5c:	d063      	beq.n	10000f26 <gpio_default_irq_handler+0x16e>
10000e5e:	f011 010f 	ands.w	r1, r1, #15
10000e62:	d00b      	beq.n	10000e7c <gpio_default_irq_handler+0xc4>
10000e64:	f850 402a 	ldr.w	r4, [r0, sl, lsl #2]
10000e68:	1c55      	adds	r5, r2, #1
10000e6a:	40ec      	lsrs	r4, r5
10000e6c:	07e6      	lsls	r6, r4, #31
10000e6e:	d405      	bmi.n	10000e7c <gpio_default_irq_handler+0xc4>
10000e70:	08ec      	lsrs	r4, r5, #3
10000e72:	4d3d      	ldr	r5, [pc, #244]	@ (10000f68 <gpio_default_irq_handler+0x1b0>)
10000e74:	0109      	lsls	r1, r1, #4
10000e76:	348c      	adds	r4, #140	@ 0x8c
10000e78:	f845 1024 	str.w	r1, [r5, r4, lsl #2]
10000e7c:	0a19      	lsrs	r1, r3, #8
10000e7e:	d052      	beq.n	10000f26 <gpio_default_irq_handler+0x16e>
10000e80:	f011 010f 	ands.w	r1, r1, #15
10000e84:	d00b      	beq.n	10000e9e <gpio_default_irq_handler+0xe6>
10000e86:	f850 402a 	ldr.w	r4, [r0, sl, lsl #2]
10000e8a:	1c95      	adds	r5, r2, #2
10000e8c:	40ec      	lsrs	r4, r5
10000e8e:	07e4      	lsls	r4, r4, #31
10000e90:	d405      	bmi.n	10000e9e <gpio_default_irq_handler+0xe6>
10000e92:	08ec      	lsrs	r4, r5, #3
10000e94:	4d34      	ldr	r5, [pc, #208]	@ (10000f68 <gpio_default_irq_handler+0x1b0>)
10000e96:	0209      	lsls	r1, r1, #8
10000e98:	348c      	adds	r4, #140	@ 0x8c
10000e9a:	f845 1024 	str.w	r1, [r5, r4, lsl #2]
10000e9e:	0b19      	lsrs	r1, r3, #12
10000ea0:	d041      	beq.n	10000f26 <gpio_default_irq_handler+0x16e>
10000ea2:	f011 010f 	ands.w	r1, r1, #15
10000ea6:	d005      	beq.n	10000eb4 <gpio_default_irq_handler+0xfc>
10000ea8:	f850 402a 	ldr.w	r4, [r0, sl, lsl #2]
10000eac:	1cd5      	adds	r5, r2, #3
10000eae:	40ec      	lsrs	r4, r5
10000eb0:	07e6      	lsls	r6, r4, #31
10000eb2:	d53c      	bpl.n	10000f2e <gpio_default_irq_handler+0x176>
10000eb4:	0c19      	lsrs	r1, r3, #16
10000eb6:	d036      	beq.n	10000f26 <gpio_default_irq_handler+0x16e>
10000eb8:	f011 010f 	ands.w	r1, r1, #15
10000ebc:	d006      	beq.n	10000ecc <gpio_default_irq_handler+0x114>
10000ebe:	4c29      	ldr	r4, [pc, #164]	@ (10000f64 <gpio_default_irq_handler+0x1ac>)
10000ec0:	f854 502a 	ldr.w	r5, [r4, sl, lsl #2]
10000ec4:	1d14      	adds	r4, r2, #4
10000ec6:	40e5      	lsrs	r5, r4
10000ec8:	07ed      	lsls	r5, r5, #31
10000eca:	d537      	bpl.n	10000f3c <gpio_default_irq_handler+0x184>
10000ecc:	0d19      	lsrs	r1, r3, #20
10000ece:	d02a      	beq.n	10000f26 <gpio_default_irq_handler+0x16e>
10000ed0:	f011 010f 	ands.w	r1, r1, #15
10000ed4:	d006      	beq.n	10000ee4 <gpio_default_irq_handler+0x12c>
10000ed6:	4c23      	ldr	r4, [pc, #140]	@ (10000f64 <gpio_default_irq_handler+0x1ac>)
10000ed8:	f854 502a 	ldr.w	r5, [r4, sl, lsl #2]
10000edc:	1d54      	adds	r4, r2, #5
10000ede:	40e5      	lsrs	r5, r4
10000ee0:	07ee      	lsls	r6, r5, #31
10000ee2:	d532      	bpl.n	10000f4a <gpio_default_irq_handler+0x192>
10000ee4:	0e19      	lsrs	r1, r3, #24
10000ee6:	d01e      	beq.n	10000f26 <gpio_default_irq_handler+0x16e>
10000ee8:	f011 010f 	ands.w	r1, r1, #15
10000eec:	d00c      	beq.n	10000f08 <gpio_default_irq_handler+0x150>
10000eee:	4c1d      	ldr	r4, [pc, #116]	@ (10000f64 <gpio_default_irq_handler+0x1ac>)
10000ef0:	f854 502a 	ldr.w	r5, [r4, sl, lsl #2]
10000ef4:	1d94      	adds	r4, r2, #6
10000ef6:	40e5      	lsrs	r5, r4
10000ef8:	07ed      	lsls	r5, r5, #31
10000efa:	d405      	bmi.n	10000f08 <gpio_default_irq_handler+0x150>
10000efc:	4d1a      	ldr	r5, [pc, #104]	@ (10000f68 <gpio_default_irq_handler+0x1b0>)
10000efe:	08e4      	lsrs	r4, r4, #3
10000f00:	0609      	lsls	r1, r1, #24
10000f02:	348c      	adds	r4, #140	@ 0x8c
10000f04:	f845 1024 	str.w	r1, [r5, r4, lsl #2]
10000f08:	0f1b      	lsrs	r3, r3, #28
10000f0a:	f102 0207 	add.w	r2, r2, #7
10000f0e:	d00a      	beq.n	10000f26 <gpio_default_irq_handler+0x16e>
10000f10:	f850 102a 	ldr.w	r1, [r0, sl, lsl #2]
10000f14:	40d1      	lsrs	r1, r2
10000f16:	07c9      	lsls	r1, r1, #31
10000f18:	d405      	bmi.n	10000f26 <gpio_default_irq_handler+0x16e>
10000f1a:	4913      	ldr	r1, [pc, #76]	@ (10000f68 <gpio_default_irq_handler+0x1b0>)
10000f1c:	08d2      	lsrs	r2, r2, #3
10000f1e:	071b      	lsls	r3, r3, #28
10000f20:	328c      	adds	r2, #140	@ 0x8c
10000f22:	f841 3022 	str.w	r3, [r1, r2, lsl #2]
10000f26:	2f20      	cmp	r7, #32
10000f28:	d182      	bne.n	10000e30 <gpio_default_irq_handler+0x78>
10000f2a:	e8bd 8ff8 	ldmia.w	sp!, {r3, r4, r5, r6, r7, r8, r9, sl, fp, pc}
10000f2e:	08ec      	lsrs	r4, r5, #3
10000f30:	4d0d      	ldr	r5, [pc, #52]	@ (10000f68 <gpio_default_irq_handler+0x1b0>)
10000f32:	0309      	lsls	r1, r1, #12
10000f34:	348c      	adds	r4, #140	@ 0x8c
10000f36:	f845 1024 	str.w	r1, [r5, r4, lsl #2]
10000f3a:	e7bb      	b.n	10000eb4 <gpio_default_irq_handler+0xfc>
10000f3c:	4d0a      	ldr	r5, [pc, #40]	@ (10000f68 <gpio_default_irq_handler+0x1b0>)
10000f3e:	08e4      	lsrs	r4, r4, #3
10000f40:	0409      	lsls	r1, r1, #16
10000f42:	348c      	adds	r4, #140	@ 0x8c
10000f44:	f845 1024 	str.w	r1, [r5, r4, lsl #2]
10000f48:	e7c0      	b.n	10000ecc <gpio_default_irq_handler+0x114>
10000f4a:	4d07      	ldr	r5, [pc, #28]	@ (10000f68 <gpio_default_irq_handler+0x1b0>)
10000f4c:	08e4      	lsrs	r4, r4, #3
10000f4e:	0509      	lsls	r1, r1, #20
10000f50:	348c      	adds	r4, #140	@ 0x8c
10000f52:	f845 1024 	str.w	r1, [r5, r4, lsl #2]
10000f56:	e7c5      	b.n	10000ee4 <gpio_default_irq_handler+0x12c>
10000f58:	20001f08 	.word	0x20001f08
10000f5c:	40028248 	.word	0x40028248
10000f60:	40028290 	.word	0x40028290
10000f64:	20002438 	.word	0x20002438
10000f68:	40028000 	.word	0x40028000

10000f6c <gpio_set_function>:
10000f6c:	b410      	push	{r4}
10000f6e:	f44f 7480 	mov.w	r4, #256	@ 0x100
10000f72:	4b0c      	ldr	r3, [pc, #48]	@ (10000fa4 <gpio_set_function+0x38>)
10000f74:	f853 2020 	ldr.w	r2, [r3, r0, lsl #2]
10000f78:	eb03 0380 	add.w	r3, r3, r0, lsl #2
10000f7c:	00c0      	lsls	r0, r0, #3
10000f7e:	f082 0240 	eor.w	r2, r2, #64	@ 0x40
10000f82:	f100 4080 	add.w	r0, r0, #1073741824	@ 0x40000000
10000f86:	f503 5c80 	add.w	ip, r3, #4096	@ 0x1000
10000f8a:	f002 02c0 	and.w	r2, r2, #192	@ 0xc0
10000f8e:	f500 3020 	add.w	r0, r0, #163840	@ 0x28000
10000f92:	f503 5340 	add.w	r3, r3, #12288	@ 0x3000
10000f96:	f8cc 2000 	str.w	r2, [ip]
10000f9a:	6041      	str	r1, [r0, #4]
10000f9c:	601c      	str	r4, [r3, #0]
10000f9e:	f85d 4b04 	ldr.w	r4, [sp], #4
10000fa2:	4770      	bx	lr
10000fa4:	40038004 	.word	0x40038004

10000fa8 <gpio_set_pulls>:
10000fa8:	b410      	push	{r4}
10000faa:	4c08      	ldr	r4, [pc, #32]	@ (10000fcc <gpio_set_pulls+0x24>)
10000fac:	00c9      	lsls	r1, r1, #3
10000fae:	ea41 0182 	orr.w	r1, r1, r2, lsl #2
10000fb2:	f854 2020 	ldr.w	r2, [r4, r0, lsl #2]
10000fb6:	eb04 0380 	add.w	r3, r4, r0, lsl #2
10000fba:	4051      	eors	r1, r2
10000fbc:	f503 5380 	add.w	r3, r3, #4096	@ 0x1000
10000fc0:	f001 010c 	and.w	r1, r1, #12
10000fc4:	f85d 4b04 	ldr.w	r4, [sp], #4
10000fc8:	6019      	str	r1, [r3, #0]
10000fca:	4770      	bx	lr
10000fcc:	40038004 	.word	0x40038004

10000fd0 <gpio_set_irq_enabled_with_callback>:
10000fd0:	e92d 43f0 	stmdb	sp!, {r4, r5, r6, r7, r8, r9, lr}
10000fd4:	f04f 4950 	mov.w	r9, #3489660928	@ 0xd0000000
10000fd8:	4616      	mov	r6, r2
10000fda:	f8df 809c 	ldr.w	r8, [pc, #156]	@ 10001078 <gpio_set_irq_enabled_with_callback+0xa8>
10000fde:	f8d9 2000 	ldr.w	r2, [r9]
10000fe2:	461f      	mov	r7, r3
10000fe4:	f858 3022 	ldr.w	r3, [r8, r2, lsl #2]
10000fe8:	4604      	mov	r4, r0
10000fea:	460d      	mov	r5, r1
10000fec:	b083      	sub	sp, #12
10000fee:	b353      	cbz	r3, 10001046 <gpio_set_irq_enabled_with_callback+0x76>
10000ff0:	2f00      	cmp	r7, #0
10000ff2:	d034      	beq.n	1000105e <gpio_set_irq_enabled_with_callback+0x8e>
10000ff4:	f04f 4350 	mov.w	r3, #3489660928	@ 0xd0000000
10000ff8:	f848 7022 	str.w	r7, [r8, r2, lsl #2]
10000ffc:	681a      	ldr	r2, [r3, #0]
10000ffe:	491b      	ldr	r1, [pc, #108]	@ (1000106c <gpio_set_irq_enabled_with_callback+0x9c>)
10001000:	4b1b      	ldr	r3, [pc, #108]	@ (10001070 <gpio_set_irq_enabled_with_callback+0xa0>)
10001002:	2a00      	cmp	r2, #0
10001004:	bf18      	it	ne
10001006:	460b      	movne	r3, r1
10001008:	08e2      	lsrs	r2, r4, #3
1000100a:	f004 0407 	and.w	r4, r4, #7
1000100e:	00a4      	lsls	r4, r4, #2
10001010:	fa05 f404 	lsl.w	r4, r5, r4
10001014:	f5a1 7124 	sub.w	r1, r1, #656	@ 0x290
10001018:	f102 008c 	add.w	r0, r2, #140	@ 0x8c
1000101c:	f841 4020 	str.w	r4, [r1, r0, lsl #2]
10001020:	eb03 0382 	add.w	r3, r3, r2, lsl #2
10001024:	b14e      	cbz	r6, 1000103a <gpio_set_irq_enabled_with_callback+0x6a>
10001026:	2101      	movs	r1, #1
10001028:	2015      	movs	r0, #21
1000102a:	f503 5300 	add.w	r3, r3, #8192	@ 0x2000
1000102e:	601c      	str	r4, [r3, #0]
10001030:	b003      	add	sp, #12
10001032:	e8bd 43f0 	ldmia.w	sp!, {r4, r5, r6, r7, r8, r9, lr}
10001036:	f000 b95d 	b.w	100012f4 <irq_set_enabled>
1000103a:	f503 5340 	add.w	r3, r3, #12288	@ 0x3000
1000103e:	601c      	str	r4, [r3, #0]
10001040:	b003      	add	sp, #12
10001042:	e8bd 83f0 	ldmia.w	sp!, {r4, r5, r6, r7, r8, r9, pc}
10001046:	2f00      	cmp	r7, #0
10001048:	d0d9      	beq.n	10000ffe <gpio_set_irq_enabled_with_callback+0x2e>
1000104a:	f848 7022 	str.w	r7, [r8, r2, lsl #2]
1000104e:	2015      	movs	r0, #21
10001050:	461a      	mov	r2, r3
10001052:	4908      	ldr	r1, [pc, #32]	@ (10001074 <gpio_set_irq_enabled_with_callback+0xa4>)
10001054:	f000 f9c0 	bl	100013d8 <irq_add_shared_handler>
10001058:	f8d9 2000 	ldr.w	r2, [r9]
1000105c:	e7cf      	b.n	10000ffe <gpio_set_irq_enabled_with_callback+0x2e>
1000105e:	2015      	movs	r0, #21
10001060:	4904      	ldr	r1, [pc, #16]	@ (10001074 <gpio_set_irq_enabled_with_callback+0xa4>)
10001062:	9201      	str	r2, [sp, #4]
10001064:	f000 faac 	bl	100015c0 <irq_remove_handler>
10001068:	9a01      	ldr	r2, [sp, #4]
1000106a:	e7c3      	b.n	10000ff4 <gpio_set_irq_enabled_with_callback+0x24>
1000106c:	40028290 	.word	0x40028290
10001070:	40028248 	.word	0x40028248
10001074:	10000db9 	.word	0x10000db9
10001078:	20001f08 	.word	0x20001f08

1000107c <gpio_set_input_enabled>:
1000107c:	4b06      	ldr	r3, [pc, #24]	@ (10001098 <gpio_set_input_enabled+0x1c>)
1000107e:	2240      	movs	r2, #64	@ 0x40
10001080:	eb03 0380 	add.w	r3, r3, r0, lsl #2
10001084:	b119      	cbz	r1, 1000108e <gpio_set_input_enabled+0x12>
10001086:	f503 5300 	add.w	r3, r3, #8192	@ 0x2000
1000108a:	601a      	str	r2, [r3, #0]
1000108c:	4770      	bx	lr
1000108e:	f503 5340 	add.w	r3, r3, #12288	@ 0x3000
10001092:	601a      	str	r2, [r3, #0]
10001094:	4770      	bx	lr
10001096:	bf00      	nop
10001098:	40038004 	.word	0x40038004

1000109c <gpio_init>:
1000109c:	b430      	push	{r4, r5}
1000109e:	f04f 0300 	mov.w	r3, #0
100010a2:	ec43 0044 	gpioc_bit_oe_put r0, r3
100010a6:	ec43 0040 	gpioc_bit_out_put r0, r3
100010aa:	2505      	movs	r5, #5
100010ac:	f44f 7480 	mov.w	r4, #256	@ 0x100
100010b0:	4b0b      	ldr	r3, [pc, #44]	@ (100010e0 <gpio_init+0x44>)
100010b2:	00c2      	lsls	r2, r0, #3
100010b4:	f853 1020 	ldr.w	r1, [r3, r0, lsl #2]
100010b8:	eb03 0080 	add.w	r0, r3, r0, lsl #2
100010bc:	f081 0140 	eor.w	r1, r1, #64	@ 0x40
100010c0:	f102 4380 	add.w	r3, r2, #1073741824	@ 0x40000000
100010c4:	f503 3320 	add.w	r3, r3, #163840	@ 0x28000
100010c8:	f001 02c0 	and.w	r2, r1, #192	@ 0xc0
100010cc:	f500 5180 	add.w	r1, r0, #4096	@ 0x1000
100010d0:	f500 5040 	add.w	r0, r0, #12288	@ 0x3000
100010d4:	600a      	str	r2, [r1, #0]
100010d6:	605d      	str	r5, [r3, #4]
100010d8:	6004      	str	r4, [r0, #0]
100010da:	bc30      	pop	{r4, r5}
100010dc:	4770      	bx	lr
100010de:	bf00      	nop
100010e0:	40038004 	.word	0x40038004

100010e4 <panic>:
100010e4:	b40f      	push	{r0, r1, r2, r3}
100010e6:	b500      	push	{lr}
100010e8:	b083      	sub	sp, #12
100010ea:	9c04      	ldr	r4, [sp, #16]
100010ec:	4807      	ldr	r0, [pc, #28]	@ (1000110c <panic+0x28>)
100010ee:	f003 f8f5 	bl	100042dc <__wrap_puts>
100010f2:	b13c      	cbz	r4, 10001104 <panic+0x20>
100010f4:	a905      	add	r1, sp, #20
100010f6:	4620      	mov	r0, r4
100010f8:	9101      	str	r1, [sp, #4]
100010fa:	f002 ff61 	bl	10003fc0 <weak_raw_vprintf>
100010fe:	4804      	ldr	r0, [pc, #16]	@ (10001110 <panic+0x2c>)
10001100:	f003 f8ec 	bl	100042dc <__wrap_puts>
10001104:	2001      	movs	r0, #1
10001106:	f002 ff73 	bl	10003ff0 <_exit>
1000110a:	bf00      	nop
1000110c:	1000b470 	.word	0x1000b470
10001110:	1000b480 	.word	0x1000b480

10001114 <hw_claim_lock>:
10001114:	f3ef 8010 	mrs	r0, PRIMASK
10001118:	b672      	cpsid	i
1000111a:	4b06      	ldr	r3, [pc, #24]	@ (10001134 <hw_claim_lock+0x20>)
1000111c:	e8d3 1fcf 	ldaexb	r1, [r3]
10001120:	2201      	movs	r2, #1
10001122:	2900      	cmp	r1, #0
10001124:	d1fa      	bne.n	1000111c <hw_claim_lock+0x8>
10001126:	e8c3 2f41 	strexb	r1, r2, [r3]
1000112a:	2900      	cmp	r1, #0
1000112c:	d1f6      	bne.n	1000111c <hw_claim_lock+0x8>
1000112e:	f3bf 8f5f 	dmb	sy
10001132:	4770      	bx	lr
10001134:	20001aff 	.word	0x20001aff

10001138 <hw_claim_unlock>:
10001138:	2300      	movs	r3, #0
1000113a:	4a03      	ldr	r2, [pc, #12]	@ (10001148 <hw_claim_unlock+0x10>)
1000113c:	e8c2 3f8f 	stlb	r3, [r2]
10001140:	f380 8810 	msr	PRIMASK, r0
10001144:	4770      	bx	lr
10001146:	bf00      	nop
10001148:	20001aff 	.word	0x20001aff

1000114c <hw_claim_or_assert>:
1000114c:	b570      	push	{r4, r5, r6, lr}
1000114e:	4686      	mov	lr, r0
10001150:	f3ef 8510 	mrs	r5, PRIMASK
10001154:	b672      	cpsid	i
10001156:	4c12      	ldr	r4, [pc, #72]	@ (100011a0 <hw_claim_or_assert+0x54>)
10001158:	e8d4 6fcf 	ldaexb	r6, [r4]
1000115c:	2001      	movs	r0, #1
1000115e:	2e00      	cmp	r6, #0
10001160:	d1fa      	bne.n	10001158 <hw_claim_or_assert+0xc>
10001162:	e8c4 0f46 	strexb	r6, r0, [r4]
10001166:	2e00      	cmp	r6, #0
10001168:	d1f6      	bne.n	10001158 <hw_claim_or_assert+0xc>
1000116a:	f3bf 8f5f 	dmb	sy
1000116e:	f04f 0c01 	mov.w	ip, #1
10001172:	08c8      	lsrs	r0, r1, #3
10001174:	f001 0307 	and.w	r3, r1, #7
10001178:	fa0c f303 	lsl.w	r3, ip, r3
1000117c:	f81e c000 	ldrb.w	ip, [lr, r0]
10001180:	ea1c 0603 	ands.w	r6, ip, r3
10001184:	d108      	bne.n	10001198 <hw_claim_or_assert+0x4c>
10001186:	ea4c 0c03 	orr.w	ip, ip, r3
1000118a:	f80e c000 	strb.w	ip, [lr, r0]
1000118e:	e8c4 6f8f 	stlb	r6, [r4]
10001192:	f385 8810 	msr	PRIMASK, r5
10001196:	bd70      	pop	{r4, r5, r6, pc}
10001198:	4610      	mov	r0, r2
1000119a:	f7ff ffa3 	bl	100010e4 <panic>
1000119e:	bf00      	nop
100011a0:	20001aff 	.word	0x20001aff

100011a4 <hw_claim_unused_from_range>:
100011a4:	b5f8      	push	{r3, r4, r5, r6, r7, lr}
100011a6:	f3ef 8510 	mrs	r5, PRIMASK
100011aa:	b672      	cpsid	i
100011ac:	4c23      	ldr	r4, [pc, #140]	@ (1000123c <hw_claim_unused_from_range+0x98>)
100011ae:	e8d4 7fcf 	ldaexb	r7, [r4]
100011b2:	2601      	movs	r6, #1
100011b4:	2f00      	cmp	r7, #0
100011b6:	d1fa      	bne.n	100011ae <hw_claim_unused_from_range+0xa>
100011b8:	e8c4 6f47 	strexb	r7, r6, [r4]
100011bc:	2f00      	cmp	r7, #0
100011be:	d1f6      	bne.n	100011ae <hw_claim_unused_from_range+0xa>
100011c0:	f3bf 8f5f 	dmb	sy
100011c4:	429a      	cmp	r2, r3
100011c6:	d827      	bhi.n	10001218 <hw_claim_unused_from_range+0x74>
100011c8:	2601      	movs	r6, #1
100011ca:	08d7      	lsrs	r7, r2, #3
100011cc:	f810 e007 	ldrb.w	lr, [r0, r7]
100011d0:	f002 0c07 	and.w	ip, r2, #7
100011d4:	fa06 fc0c 	lsl.w	ip, r6, ip
100011d8:	ea1e 0f0c 	tst.w	lr, ip
100011dc:	eb00 07d2 	add.w	r7, r0, r2, lsr #3
100011e0:	d10d      	bne.n	100011fe <hw_claim_unused_from_range+0x5a>
100011e2:	e025      	b.n	10001230 <hw_claim_unused_from_range+0x8c>
100011e4:	ea4f 0ed2 	mov.w	lr, r2, lsr #3
100011e8:	f810 e00e 	ldrb.w	lr, [r0, lr]
100011ec:	f002 0c07 	and.w	ip, r2, #7
100011f0:	fa06 fc0c 	lsl.w	ip, r6, ip
100011f4:	ea1e 0f0c 	tst.w	lr, ip
100011f8:	eb00 07d2 	add.w	r7, r0, r2, lsr #3
100011fc:	d018      	beq.n	10001230 <hw_claim_unused_from_range+0x8c>
100011fe:	3201      	adds	r2, #1
10001200:	4293      	cmp	r3, r2
10001202:	d2ef      	bcs.n	100011e4 <hw_claim_unused_from_range+0x40>
10001204:	f04f 30ff 	mov.w	r0, #4294967295	@ 0xffffffff
10001208:	2300      	movs	r3, #0
1000120a:	e8c4 3f8f 	stlb	r3, [r4]
1000120e:	f385 8810 	msr	PRIMASK, r5
10001212:	4298      	cmp	r0, r3
10001214:	db07      	blt.n	10001226 <hw_claim_unused_from_range+0x82>
10001216:	bdf8      	pop	{r3, r4, r5, r6, r7, pc}
10001218:	2300      	movs	r3, #0
1000121a:	e8c4 3f8f 	stlb	r3, [r4]
1000121e:	f385 8810 	msr	PRIMASK, r5
10001222:	f04f 30ff 	mov.w	r0, #4294967295	@ 0xffffffff
10001226:	2900      	cmp	r1, #0
10001228:	d0f5      	beq.n	10001216 <hw_claim_unused_from_range+0x72>
1000122a:	9806      	ldr	r0, [sp, #24]
1000122c:	f7ff ff5a 	bl	100010e4 <panic>
10001230:	ea4e 0e0c 	orr.w	lr, lr, ip
10001234:	4610      	mov	r0, r2
10001236:	f887 e000 	strb.w	lr, [r7]
1000123a:	e7e5      	b.n	10001208 <hw_claim_unused_from_range+0x64>
1000123c:	20001aff 	.word	0x20001aff

10001240 <next_striped_spin_lock_num>:
10001240:	4a04      	ldr	r2, [pc, #16]	@ (10001254 <next_striped_spin_lock_num+0x14>)
10001242:	7810      	ldrb	r0, [r2, #0]
10001244:	1c43      	adds	r3, r0, #1
10001246:	b2db      	uxtb	r3, r3
10001248:	2b18      	cmp	r3, #24
1000124a:	bf28      	it	cs
1000124c:	2310      	movcs	r3, #16
1000124e:	7013      	strb	r3, [r2, #0]
10001250:	4770      	bx	lr
10001252:	bf00      	nop
10001254:	20001560 	.word	0x20001560

10001258 <spin_lock_claim>:
10001258:	4601      	mov	r1, r0
1000125a:	4a02      	ldr	r2, [pc, #8]	@ (10001264 <spin_lock_claim+0xc>)
1000125c:	4802      	ldr	r0, [pc, #8]	@ (10001268 <spin_lock_claim+0x10>)
1000125e:	f7ff bf75 	b.w	1000114c <hw_claim_or_assert>
10001262:	bf00      	nop
10001264:	1000b484 	.word	0x1000b484
10001268:	20001f18 	.word	0x20001f18

1000126c <spin_lock_claim_unused>:
1000126c:	b510      	push	{r4, lr}
1000126e:	4c05      	ldr	r4, [pc, #20]	@ (10001284 <spin_lock_claim_unused+0x18>)
10001270:	b082      	sub	sp, #8
10001272:	4601      	mov	r1, r0
10001274:	231f      	movs	r3, #31
10001276:	2218      	movs	r2, #24
10001278:	9400      	str	r4, [sp, #0]
1000127a:	4803      	ldr	r0, [pc, #12]	@ (10001288 <spin_lock_claim_unused+0x1c>)
1000127c:	f7ff ff92 	bl	100011a4 <hw_claim_unused_from_range>
10001280:	b002      	add	sp, #8
10001282:	bd10      	pop	{r4, pc}
10001284:	1000b4a4 	.word	0x1000b4a4
10001288:	20001f18 	.word	0x20001f18

1000128c <spinlock_set_extexclall>:
1000128c:	f04f 22e0 	mov.w	r2, #3758153728	@ 0xe000e000
10001290:	6893      	ldr	r3, [r2, #8]
10001292:	f043 5300 	orr.w	r3, r3, #536870912	@ 0x20000000
10001296:	6093      	str	r3, [r2, #8]
10001298:	4770      	bx	lr
1000129a:	bf00      	nop

1000129c <spin_locks_reset>:
1000129c:	2100      	movs	r1, #0
1000129e:	4b04      	ldr	r3, [pc, #16]	@ (100012b0 <spin_locks_reset+0x14>)
100012a0:	f103 0220 	add.w	r2, r3, #32
100012a4:	e8c3 1f8f 	stlb	r1, [r3]
100012a8:	3301      	adds	r3, #1
100012aa:	4293      	cmp	r3, r2
100012ac:	d1fa      	bne.n	100012a4 <spin_locks_reset+0x8>
100012ae:	4770      	bx	lr
100012b0:	20001af4 	.word	0x20001af4

100012b4 <runtime_init_per_core_irq_priorities>:
100012b4:	f04f 23e0 	mov.w	r3, #3758153728	@ 0xe000e000
100012b8:	f04f 3280 	mov.w	r2, #2155905152	@ 0x80808080
100012bc:	f8c3 2400 	str.w	r2, [r3, #1024]	@ 0x400
100012c0:	f8c3 2404 	str.w	r2, [r3, #1028]	@ 0x404
100012c4:	f8c3 2408 	str.w	r2, [r3, #1032]	@ 0x408
100012c8:	f8c3 240c 	str.w	r2, [r3, #1036]	@ 0x40c
100012cc:	f8c3 2410 	str.w	r2, [r3, #1040]	@ 0x410
100012d0:	f8c3 2414 	str.w	r2, [r3, #1044]	@ 0x414
100012d4:	f8c3 2418 	str.w	r2, [r3, #1048]	@ 0x418
100012d8:	f8c3 241c 	str.w	r2, [r3, #1052]	@ 0x41c
100012dc:	f8c3 2420 	str.w	r2, [r3, #1056]	@ 0x420
100012e0:	f8c3 2424 	str.w	r2, [r3, #1060]	@ 0x424
100012e4:	f8c3 2428 	str.w	r2, [r3, #1064]	@ 0x428
100012e8:	f8c3 242c 	str.w	r2, [r3, #1068]	@ 0x42c
100012ec:	f8c3 2430 	str.w	r2, [r3, #1072]	@ 0x430
100012f0:	b662      	cpsie	i
100012f2:	4770      	bx	lr

100012f4 <irq_set_enabled>:
100012f4:	2301      	movs	r3, #1
100012f6:	f000 021f 	and.w	r2, r0, #31
100012fa:	4093      	lsls	r3, r2
100012fc:	0940      	lsrs	r0, r0, #5
100012fe:	b141      	cbz	r1, 10001312 <irq_set_enabled+0x1e>
10001300:	0080      	lsls	r0, r0, #2
10001302:	f100 4060 	add.w	r0, r0, #3758096384	@ 0xe0000000
10001306:	f500 4061 	add.w	r0, r0, #57600	@ 0xe100
1000130a:	f8c0 3180 	str.w	r3, [r0, #384]	@ 0x180
1000130e:	6003      	str	r3, [r0, #0]
10001310:	4770      	bx	lr
10001312:	4a02      	ldr	r2, [pc, #8]	@ (1000131c <irq_set_enabled+0x28>)
10001314:	3020      	adds	r0, #32
10001316:	f842 3020 	str.w	r3, [r2, r0, lsl #2]
1000131a:	4770      	bx	lr
1000131c:	e000e100 	.word	0xe000e100

10001320 <irq_is_enabled>:
10001320:	2301      	movs	r3, #1
10001322:	4a06      	ldr	r2, [pc, #24]	@ (1000133c <irq_is_enabled+0x1c>)
10001324:	0941      	lsrs	r1, r0, #5
10001326:	f852 2021 	ldr.w	r2, [r2, r1, lsl #2]
1000132a:	f000 001f 	and.w	r0, r0, #31
1000132e:	4083      	lsls	r3, r0
10001330:	4213      	tst	r3, r2
10001332:	bf14      	ite	ne
10001334:	2001      	movne	r0, #1
10001336:	2000      	moveq	r0, #0
10001338:	4770      	bx	lr
1000133a:	bf00      	nop
1000133c:	e000e100 	.word	0xe000e100

10001340 <irq_set_pending>:
10001340:	2201      	movs	r2, #1
10001342:	0943      	lsrs	r3, r0, #5
10001344:	4903      	ldr	r1, [pc, #12]	@ (10001354 <irq_set_pending+0x14>)
10001346:	f000 001f 	and.w	r0, r0, #31
1000134a:	4082      	lsls	r2, r0
1000134c:	3340      	adds	r3, #64	@ 0x40
1000134e:	f841 2023 	str.w	r2, [r1, r3, lsl #2]
10001352:	4770      	bx	lr
10001354:	e000e100 	.word	0xe000e100

10001358 <irq_has_shared_handler>:
10001358:	4a05      	ldr	r2, [pc, #20]	@ (10001370 <irq_has_shared_handler+0x18>)
1000135a:	3010      	adds	r0, #16
1000135c:	6892      	ldr	r2, [r2, #8]
1000135e:	4b05      	ldr	r3, [pc, #20]	@ (10001374 <irq_has_shared_handler+0x1c>)
10001360:	f852 0020 	ldr.w	r0, [r2, r0, lsl #2]
10001364:	1ac0      	subs	r0, r0, r3
10001366:	282f      	cmp	r0, #47	@ 0x2f
10001368:	bf8c      	ite	hi
1000136a:	2000      	movhi	r0, #0
1000136c:	2001      	movls	r0, #1
1000136e:	4770      	bx	lr
10001370:	e000ed00 	.word	0xe000ed00
10001374:	20001564 	.word	0x20001564

10001378 <irq_set_exclusive_handler>:
10001378:	b5f8      	push	{r3, r4, r5, r6, r7, lr}
1000137a:	460d      	mov	r5, r1
1000137c:	f3ef 8710 	mrs	r7, PRIMASK
10001380:	b672      	cpsid	i
10001382:	4e12      	ldr	r6, [pc, #72]	@ (100013cc <irq_set_exclusive_handler+0x54>)
10001384:	e8d6 2fcf 	ldaexb	r2, [r6]
10001388:	2301      	movs	r3, #1
1000138a:	2a00      	cmp	r2, #0
1000138c:	d1fa      	bne.n	10001384 <irq_set_exclusive_handler+0xc>
1000138e:	e8c6 3f42 	strexb	r2, r3, [r6]
10001392:	2a00      	cmp	r2, #0
10001394:	d1f6      	bne.n	10001384 <irq_set_exclusive_handler+0xc>
10001396:	f3bf 8f5f 	dmb	sy
1000139a:	4b0d      	ldr	r3, [pc, #52]	@ (100013d0 <irq_set_exclusive_handler+0x58>)
1000139c:	f100 0410 	add.w	r4, r0, #16
100013a0:	689b      	ldr	r3, [r3, #8]
100013a2:	4a0c      	ldr	r2, [pc, #48]	@ (100013d4 <irq_set_exclusive_handler+0x5c>)
100013a4:	f853 3024 	ldr.w	r3, [r3, r4, lsl #2]
100013a8:	4293      	cmp	r3, r2
100013aa:	d003      	beq.n	100013b4 <irq_set_exclusive_handler+0x3c>
100013ac:	4299      	cmp	r1, r3
100013ae:	d001      	beq.n	100013b4 <irq_set_exclusive_handler+0x3c>
100013b0:	f001 f898 	bl	100024e4 <hard_assertion_failure>
100013b4:	4b06      	ldr	r3, [pc, #24]	@ (100013d0 <irq_set_exclusive_handler+0x58>)
100013b6:	689b      	ldr	r3, [r3, #8]
100013b8:	f843 5024 	str.w	r5, [r3, r4, lsl #2]
100013bc:	f3bf 8f5f 	dmb	sy
100013c0:	2300      	movs	r3, #0
100013c2:	e8c6 3f8f 	stlb	r3, [r6]
100013c6:	f387 8810 	msr	PRIMASK, r7
100013ca:	bdf8      	pop	{r3, r4, r5, r6, r7, pc}
100013cc:	20001afd 	.word	0x20001afd
100013d0:	e000ed00 	.word	0xe000ed00
100013d4:	10000111 	.word	0x10000111

100013d8 <irq_add_shared_handler>:
100013d8:	e92d 4ff0 	stmdb	sp!, {r4, r5, r6, r7, r8, r9, sl, fp, lr}
100013dc:	4681      	mov	r9, r0
100013de:	468b      	mov	fp, r1
100013e0:	4616      	mov	r6, r2
100013e2:	b083      	sub	sp, #12
100013e4:	f3ef 8310 	mrs	r3, PRIMASK
100013e8:	b672      	cpsid	i
100013ea:	f8df a1d0 	ldr.w	sl, [pc, #464]	@ 100015bc <irq_add_shared_handler+0x1e4>
100013ee:	9300      	str	r3, [sp, #0]
100013f0:	e8da 1fcf 	ldaexb	r1, [sl]
100013f4:	2301      	movs	r3, #1
100013f6:	2900      	cmp	r1, #0
100013f8:	d1fa      	bne.n	100013f0 <irq_add_shared_handler+0x18>
100013fa:	e8ca 3f41 	strexb	r1, r3, [sl]
100013fe:	2900      	cmp	r1, #0
10001400:	d1f6      	bne.n	100013f0 <irq_add_shared_handler+0x18>
10001402:	f3bf 8f5f 	dmb	sy
10001406:	4b66      	ldr	r3, [pc, #408]	@ (100015a0 <irq_add_shared_handler+0x1c8>)
10001408:	f993 4000 	ldrsb.w	r4, [r3]
1000140c:	2c00      	cmp	r4, #0
1000140e:	f2c0 80a0 	blt.w	10001552 <irq_add_shared_handler+0x17a>
10001412:	4d64      	ldr	r5, [pc, #400]	@ (100015a4 <irq_add_shared_handler+0x1cc>)
10001414:	eb04 0744 	add.w	r7, r4, r4, lsl #1
10001418:	eb05 0887 	add.w	r8, r5, r7, lsl #2
1000141c:	f898 1006 	ldrb.w	r1, [r8, #6]
10001420:	f109 0910 	add.w	r9, r9, #16
10001424:	7019      	strb	r1, [r3, #0]
10001426:	4b60      	ldr	r3, [pc, #384]	@ (100015a8 <irq_add_shared_handler+0x1d0>)
10001428:	00bf      	lsls	r7, r7, #2
1000142a:	689b      	ldr	r3, [r3, #8]
1000142c:	f853 0029 	ldr.w	r0, [r3, r9, lsl #2]
10001430:	0063      	lsls	r3, r4, #1
10001432:	1b41      	subs	r1, r0, r5
10001434:	292f      	cmp	r1, #47	@ 0x2f
10001436:	d92f      	bls.n	10001498 <irq_add_shared_handler+0xc0>
10001438:	495c      	ldr	r1, [pc, #368]	@ (100015ac <irq_add_shared_handler+0x1d4>)
1000143a:	4288      	cmp	r0, r1
1000143c:	f040 80a4 	bne.w	10001588 <irq_add_shared_handler+0x1b0>
10001440:	441c      	add	r4, r3
10001442:	4b5b      	ldr	r3, [pc, #364]	@ (100015b0 <irq_add_shared_handler+0x1d8>)
10001444:	3702      	adds	r7, #2
10001446:	442f      	add	r7, r5
10001448:	3b04      	subs	r3, #4
1000144a:	1bdb      	subs	r3, r3, r7
1000144c:	f3c3 034a 	ubfx	r3, r3, #1, #11
10001450:	ea6f 43c3 	mvn.w	r3, r3, lsl #19
10001454:	f44f 4121 	mov.w	r1, #41216	@ 0xa100
10001458:	ea6f 43d3 	mvn.w	r3, r3, lsr #19
1000145c:	f825 1024 	strh.w	r1, [r5, r4, lsl #2]
10001460:	eb05 0484 	add.w	r4, r5, r4, lsl #2
10001464:	8063      	strh	r3, [r4, #2]
10001466:	f64b 5301 	movw	r3, #48385	@ 0xbd01
1000146a:	80a3      	strh	r3, [r4, #4]
1000146c:	23ff      	movs	r3, #255	@ 0xff
1000146e:	f048 0001 	orr.w	r0, r8, #1
10001472:	71e6      	strb	r6, [r4, #7]
10001474:	f8c4 b008 	str.w	fp, [r4, #8]
10001478:	71a3      	strb	r3, [r4, #6]
1000147a:	4b4b      	ldr	r3, [pc, #300]	@ (100015a8 <irq_add_shared_handler+0x1d0>)
1000147c:	689b      	ldr	r3, [r3, #8]
1000147e:	f843 0029 	str.w	r0, [r3, r9, lsl #2]
10001482:	f3bf 8f5f 	dmb	sy
10001486:	2300      	movs	r3, #0
10001488:	e8ca 3f8f 	stlb	r3, [sl]
1000148c:	9b00      	ldr	r3, [sp, #0]
1000148e:	f383 8810 	msr	PRIMASK, r3
10001492:	b003      	add	sp, #12
10001494:	e8bd 8ff0 	ldmia.w	sp!, {r4, r5, r6, r7, r8, r9, sl, fp, pc}
10001498:	f020 0e01 	bic.w	lr, r0, #1
1000149c:	f89e 1007 	ldrb.w	r1, [lr, #7]
100014a0:	42b1      	cmp	r1, r6
100014a2:	d82e      	bhi.n	10001502 <irq_add_shared_handler+0x12a>
100014a4:	f44f 4321 	mov.w	r3, #41216	@ 0xa100
100014a8:	53eb      	strh	r3, [r5, r7]
100014aa:	4b41      	ldr	r3, [pc, #260]	@ (100015b0 <irq_add_shared_handler+0x1d8>)
100014ac:	1cb9      	adds	r1, r7, #2
100014ae:	4429      	add	r1, r5
100014b0:	3b04      	subs	r3, #4
100014b2:	3704      	adds	r7, #4
100014b4:	1a5b      	subs	r3, r3, r1
100014b6:	442f      	add	r7, r5
100014b8:	f1ae 0104 	sub.w	r1, lr, #4
100014bc:	4c3d      	ldr	r4, [pc, #244]	@ (100015b4 <irq_add_shared_handler+0x1dc>)
100014be:	1bc9      	subs	r1, r1, r7
100014c0:	f3c1 014a 	ubfx	r1, r1, #1, #11
100014c4:	4321      	orrs	r1, r4
100014c6:	f8a8 1004 	strh.w	r1, [r8, #4]
100014ca:	f3c3 034a 	ubfx	r3, r3, #1, #11
100014ce:	493a      	ldr	r1, [pc, #232]	@ (100015b8 <irq_add_shared_handler+0x1e0>)
100014d0:	4323      	orrs	r3, r4
100014d2:	f8a8 3002 	strh.w	r3, [r8, #2]
100014d6:	f64a 20aa 	movw	r0, #43690	@ 0xaaaa
100014da:	4673      	mov	r3, lr
100014dc:	1b5b      	subs	r3, r3, r5
100014de:	415b      	adcs	r3, r3
100014e0:	4358      	muls	r0, r3
100014e2:	0d00      	lsrs	r0, r0, #20
100014e4:	f888 6007 	strb.w	r6, [r8, #7]
100014e8:	f888 0006 	strb.w	r0, [r8, #6]
100014ec:	f8c8 b008 	str.w	fp, [r8, #8]
100014f0:	f048 0001 	orr.w	r0, r8, #1
100014f4:	f8ce 1000 	str.w	r1, [lr]
100014f8:	e7bf      	b.n	1000147a <irq_add_shared_handler+0xa2>
100014fa:	79d1      	ldrb	r1, [r2, #7]
100014fc:	42b1      	cmp	r1, r6
100014fe:	d92e      	bls.n	1000155e <irq_add_shared_handler+0x186>
10001500:	4696      	mov	lr, r2
10001502:	f99e c006 	ldrsb.w	ip, [lr, #6]
10001506:	eb0c 024c 	add.w	r2, ip, ip, lsl #1
1000150a:	f1bc 0f00 	cmp.w	ip, #0
1000150e:	eb05 0282 	add.w	r2, r5, r2, lsl #2
10001512:	daf2      	bge.n	100014fa <irq_add_shared_handler+0x122>
10001514:	f64b 5101 	movw	r1, #48385	@ 0xbd01
10001518:	f10e 0204 	add.w	r2, lr, #4
1000151c:	f1a8 0704 	sub.w	r7, r8, #4
10001520:	1abf      	subs	r7, r7, r2
10001522:	f3c7 074a 	ubfx	r7, r7, #1, #11
10001526:	ea6f 47c7 	mvn.w	r7, r7, lsl #19
1000152a:	ea6f 47d7 	mvn.w	r7, r7, lsr #19
1000152e:	f88e 4006 	strb.w	r4, [lr, #6]
10001532:	eb03 0804 	add.w	r8, r3, r4
10001536:	4c20      	ldr	r4, [pc, #128]	@ (100015b8 <irq_add_shared_handler+0x1e0>)
10001538:	eb05 0388 	add.w	r3, r5, r8, lsl #2
1000153c:	f8ae 7004 	strh.w	r7, [lr, #4]
10001540:	f845 4028 	str.w	r4, [r5, r8, lsl #2]
10001544:	8099      	strh	r1, [r3, #4]
10001546:	f883 c006 	strb.w	ip, [r3, #6]
1000154a:	71de      	strb	r6, [r3, #7]
1000154c:	f8c3 b008 	str.w	fp, [r3, #8]
10001550:	e793      	b.n	1000147a <irq_add_shared_handler+0xa2>
10001552:	f000 ffc7 	bl	100024e4 <hard_assertion_failure>
10001556:	4b12      	ldr	r3, [pc, #72]	@ (100015a0 <irq_add_shared_handler+0x1c8>)
10001558:	f993 4000 	ldrsb.w	r4, [r3]
1000155c:	e759      	b.n	10001412 <irq_add_shared_handler+0x3a>
1000155e:	4672      	mov	r2, lr
10001560:	f832 1f04 	ldrh.w	r1, [r2, #4]!
10001564:	0549      	lsls	r1, r1, #21
10001566:	d414      	bmi.n	10001592 <irq_add_shared_handler+0x1ba>
10001568:	1549      	asrs	r1, r1, #21
1000156a:	3102      	adds	r1, #2
1000156c:	eb02 0141 	add.w	r1, r2, r1, lsl #1
10001570:	9101      	str	r1, [sp, #4]
10001572:	f06f 0107 	mvn.w	r1, #7
10001576:	1bc9      	subs	r1, r1, r7
10001578:	9f01      	ldr	r7, [sp, #4]
1000157a:	1b49      	subs	r1, r1, r5
1000157c:	4439      	add	r1, r7
1000157e:	f3c1 014a 	ubfx	r1, r1, #1, #11
10001582:	f441 4160 	orr.w	r1, r1, #57344	@ 0xe000
10001586:	e7c9      	b.n	1000151c <irq_add_shared_handler+0x144>
10001588:	9301      	str	r3, [sp, #4]
1000158a:	f000 ffab 	bl	100024e4 <hard_assertion_failure>
1000158e:	9b01      	ldr	r3, [sp, #4]
10001590:	e756      	b.n	10001440 <irq_add_shared_handler+0x68>
10001592:	f501 11ff 	add.w	r1, r1, #2088960	@ 0x1fe000
10001596:	f501 51ff 	add.w	r1, r1, #8160	@ 0x1fe0
1000159a:	311f      	adds	r1, #31
1000159c:	e7e4      	b.n	10001568 <irq_add_shared_handler+0x190>
1000159e:	bf00      	nop
100015a0:	20012574 	.word	0x20012574
100015a4:	20001564 	.word	0x20001564
100015a8:	e000ed00 	.word	0xe000ed00
100015ac:	10000111 	.word	0x10000111
100015b0:	20001594 	.word	0x20001594
100015b4:	ffffe000 	.word	0xffffe000
100015b8:	47804801 	.word	0x47804801
100015bc:	20001afd 	.word	0x20001afd

100015c0 <irq_remove_handler>:
100015c0:	e92d 4ff0 	stmdb	sp!, {r4, r5, r6, r7, r8, r9, sl, fp, lr}
100015c4:	b083      	sub	sp, #12
100015c6:	f3ef 8a10 	mrs	sl, PRIMASK
100015ca:	b672      	cpsid	i
100015cc:	4e74      	ldr	r6, [pc, #464]	@ (100017a0 <irq_remove_handler+0x1e0>)
100015ce:	e8d6 2fcf 	ldaexb	r2, [r6]
100015d2:	2301      	movs	r3, #1
100015d4:	2a00      	cmp	r2, #0
100015d6:	d1fa      	bne.n	100015ce <irq_remove_handler+0xe>
100015d8:	e8c6 3f42 	strexb	r2, r3, [r6]
100015dc:	2a00      	cmp	r2, #0
100015de:	d1f6      	bne.n	100015ce <irq_remove_handler+0xe>
100015e0:	f3bf 8f5f 	dmb	sy
100015e4:	4b6f      	ldr	r3, [pc, #444]	@ (100017a4 <irq_remove_handler+0x1e4>)
100015e6:	f100 0810 	add.w	r8, r0, #16
100015ea:	689b      	ldr	r3, [r3, #8]
100015ec:	4a6e      	ldr	r2, [pc, #440]	@ (100017a8 <irq_remove_handler+0x1e8>)
100015ee:	f853 5028 	ldr.w	r5, [r3, r8, lsl #2]
100015f2:	4295      	cmp	r5, r2
100015f4:	d03f      	beq.n	10001676 <irq_remove_handler+0xb6>
100015f6:	428d      	cmp	r5, r1
100015f8:	460c      	mov	r4, r1
100015fa:	d04a      	beq.n	10001692 <irq_remove_handler+0xd2>
100015fc:	4f6b      	ldr	r7, [pc, #428]	@ (100017ac <irq_remove_handler+0x1ec>)
100015fe:	1beb      	subs	r3, r5, r7
10001600:	2b2f      	cmp	r3, #47	@ 0x2f
10001602:	d838      	bhi.n	10001676 <irq_remove_handler+0xb6>
10001604:	2101      	movs	r1, #1
10001606:	ea4f 1950 	mov.w	r9, r0, lsr #5
1000160a:	ea4f 0989 	mov.w	r9, r9, lsl #2
1000160e:	f109 4960 	add.w	r9, r9, #3758096384	@ 0xe0000000
10001612:	f509 4961 	add.w	r9, r9, #57600	@ 0xe100
10001616:	f000 031f 	and.w	r3, r0, #31
1000161a:	fa01 f003 	lsl.w	r0, r1, r3
1000161e:	f8d9 3000 	ldr.w	r3, [r9]
10001622:	f8c9 0080 	str.w	r0, [r9, #128]	@ 0x80
10001626:	ea00 0b03 	and.w	fp, r0, r3
1000162a:	f3bf 8f5f 	dmb	sy
1000162e:	f3ef 8105 	mrs	r1, IPSR
10001632:	b2c9      	uxtb	r1, r1
10001634:	b379      	cbz	r1, 10001696 <irq_remove_handler+0xd6>
10001636:	4588      	cmp	r8, r1
10001638:	d177      	bne.n	1000172a <irq_remove_handler+0x16a>
1000163a:	f025 0e01 	bic.w	lr, r5, #1
1000163e:	f8de c008 	ldr.w	ip, [lr, #8]
10001642:	4564      	cmp	r4, ip
10001644:	d105      	bne.n	10001652 <irq_remove_handler+0x92>
10001646:	e07c      	b.n	10001742 <irq_remove_handler+0x182>
10001648:	f8d3 c008 	ldr.w	ip, [r3, #8]
1000164c:	4564      	cmp	r4, ip
1000164e:	d032      	beq.n	100016b6 <irq_remove_handler+0xf6>
10001650:	469e      	mov	lr, r3
10001652:	f99e 2006 	ldrsb.w	r2, [lr, #6]
10001656:	eb02 0342 	add.w	r3, r2, r2, lsl #1
1000165a:	2a00      	cmp	r2, #0
1000165c:	eb07 0383 	add.w	r3, r7, r3, lsl #2
10001660:	daf2      	bge.n	10001648 <irq_remove_handler+0x88>
10001662:	4564      	cmp	r4, ip
10001664:	f000 8081 	beq.w	1000176a <irq_remove_handler+0x1aa>
10001668:	f1bb 0f00 	cmp.w	fp, #0
1000166c:	d020      	beq.n	100016b0 <irq_remove_handler+0xf0>
1000166e:	f8c9 0180 	str.w	r0, [r9, #384]	@ 0x180
10001672:	f8c9 0000 	str.w	r0, [r9]
10001676:	4b4b      	ldr	r3, [pc, #300]	@ (100017a4 <irq_remove_handler+0x1e4>)
10001678:	689b      	ldr	r3, [r3, #8]
1000167a:	f843 5028 	str.w	r5, [r3, r8, lsl #2]
1000167e:	f3bf 8f5f 	dmb	sy
10001682:	2300      	movs	r3, #0
10001684:	e8c6 3f8f 	stlb	r3, [r6]
10001688:	f38a 8810 	msr	PRIMASK, sl
1000168c:	b003      	add	sp, #12
1000168e:	e8bd 8ff0 	ldmia.w	sp!, {r4, r5, r6, r7, r8, r9, sl, fp, pc}
10001692:	4615      	mov	r5, r2
10001694:	e7ef      	b.n	10001676 <irq_remove_handler+0xb6>
10001696:	f025 0e01 	bic.w	lr, r5, #1
1000169a:	f8de c008 	ldr.w	ip, [lr, #8]
1000169e:	4564      	cmp	r4, ip
100016a0:	d1d7      	bne.n	10001652 <irq_remove_handler+0x92>
100016a2:	f99e 4006 	ldrsb.w	r4, [lr, #6]
100016a6:	4673      	mov	r3, lr
100016a8:	2c00      	cmp	r4, #0
100016aa:	da08      	bge.n	100016be <irq_remove_handler+0xfe>
100016ac:	4615      	mov	r5, r2
100016ae:	e066      	b.n	1000177e <irq_remove_handler+0x1be>
100016b0:	f8c9 0080 	str.w	r0, [r9, #128]	@ 0x80
100016b4:	e7df      	b.n	10001676 <irq_remove_handler+0xb6>
100016b6:	f993 4006 	ldrsb.w	r4, [r3, #6]
100016ba:	2c00      	cmp	r4, #0
100016bc:	db56      	blt.n	1000176c <irq_remove_handler+0x1ac>
100016be:	eb04 0c44 	add.w	ip, r4, r4, lsl #1
100016c2:	eb07 0c8c 	add.w	ip, r7, ip, lsl #2
100016c6:	f8dc 2008 	ldr.w	r2, [ip, #8]
100016ca:	0061      	lsls	r1, r4, #1
100016cc:	609a      	str	r2, [r3, #8]
100016ce:	f89c 2007 	ldrb.w	r2, [ip, #7]
100016d2:	71da      	strb	r2, [r3, #7]
100016d4:	f99c 2006 	ldrsb.w	r2, [ip, #6]
100016d8:	2a00      	cmp	r2, #0
100016da:	719a      	strb	r2, [r3, #6]
100016dc:	db5d      	blt.n	1000179a <irq_remove_handler+0x1da>
100016de:	f8bc 2004 	ldrh.w	r2, [ip, #4]
100016e2:	0552      	lsls	r2, r2, #21
100016e4:	d504      	bpl.n	100016f0 <irq_remove_handler+0x130>
100016e6:	f502 12ff 	add.w	r2, r2, #2088960	@ 0x1fe000
100016ea:	f502 52ff 	add.w	r2, r2, #8160	@ 0x1fe0
100016ee:	321f      	adds	r2, #31
100016f0:	1552      	asrs	r2, r2, #21
100016f2:	f102 0c02 	add.w	ip, r2, #2
100016f6:	f04f 0e04 	mov.w	lr, #4
100016fa:	220c      	movs	r2, #12
100016fc:	fb12 e204 	smlabb	r2, r2, r4, lr
10001700:	eb02 024c 	add.w	r2, r2, ip, lsl #1
10001704:	f06f 0c07 	mvn.w	ip, #7
10001708:	443a      	add	r2, r7
1000170a:	ebac 0c03 	sub.w	ip, ip, r3
1000170e:	4462      	add	r2, ip
10001710:	f3c2 024a 	ubfx	r2, r2, #1, #11
10001714:	f442 4260 	orr.w	r2, r2, #57344	@ 0xe000
10001718:	809a      	strh	r2, [r3, #4]
1000171a:	4b25      	ldr	r3, [pc, #148]	@ (100017b0 <irq_remove_handler+0x1f0>)
1000171c:	4421      	add	r1, r4
1000171e:	781a      	ldrb	r2, [r3, #0]
10001720:	eb07 0181 	add.w	r1, r7, r1, lsl #2
10001724:	701c      	strb	r4, [r3, #0]
10001726:	718a      	strb	r2, [r1, #6]
10001728:	e79e      	b.n	10001668 <irq_remove_handler+0xa8>
1000172a:	e9cd 0100 	strd	r0, r1, [sp]
1000172e:	f000 fed9 	bl	100024e4 <hard_assertion_failure>
10001732:	e9dd 0100 	ldrd	r0, r1, [sp]
10001736:	f025 0e01 	bic.w	lr, r5, #1
1000173a:	f8de c008 	ldr.w	ip, [lr, #8]
1000173e:	4564      	cmp	r4, ip
10001740:	d187      	bne.n	10001652 <irq_remove_handler+0x92>
10001742:	f99e 4006 	ldrsb.w	r4, [lr, #6]
10001746:	4673      	mov	r3, lr
10001748:	2c00      	cmp	r4, #0
1000174a:	dab8      	bge.n	100016be <irq_remove_handler+0xfe>
1000174c:	4a19      	ldr	r2, [pc, #100]	@ (100017b4 <irq_remove_handler+0x1f4>)
1000174e:	4c1a      	ldr	r4, [pc, #104]	@ (100017b8 <irq_remove_handler+0x1f8>)
10001750:	1ad2      	subs	r2, r2, r3
10001752:	3a08      	subs	r2, #8
10001754:	f3c2 310a 	ubfx	r1, r2, #12, #11
10001758:	ea6f 5101 	mvn.w	r1, r1, lsl #20
1000175c:	ea6f 5111 	mvn.w	r1, r1, lsr #20
10001760:	ea44 0252 	orr.w	r2, r4, r2, lsr #1
10001764:	80da      	strh	r2, [r3, #6]
10001766:	8099      	strh	r1, [r3, #4]
10001768:	e77e      	b.n	10001668 <irq_remove_handler+0xa8>
1000176a:	4673      	mov	r3, lr
1000176c:	2900      	cmp	r1, #0
1000176e:	d1ed      	bne.n	1000174c <irq_remove_handler+0x18c>
10001770:	22ff      	movs	r2, #255	@ 0xff
10001772:	f88e 2006 	strb.w	r2, [lr, #6]
10001776:	f64b 5201 	movw	r2, #48385	@ 0xbd01
1000177a:	f8ae 2004 	strh.w	r2, [lr, #4]
1000177e:	4c0c      	ldr	r4, [pc, #48]	@ (100017b0 <irq_remove_handler+0x1f0>)
10001780:	f64a 22aa 	movw	r2, #43690	@ 0xaaaa
10001784:	f894 c000 	ldrb.w	ip, [r4]
10001788:	4619      	mov	r1, r3
1000178a:	1bc9      	subs	r1, r1, r7
1000178c:	4149      	adcs	r1, r1
1000178e:	434a      	muls	r2, r1
10001790:	0d12      	lsrs	r2, r2, #20
10001792:	f883 c006 	strb.w	ip, [r3, #6]
10001796:	7022      	strb	r2, [r4, #0]
10001798:	e766      	b.n	10001668 <irq_remove_handler+0xa8>
1000179a:	f64b 5201 	movw	r2, #48385	@ 0xbd01
1000179e:	e7bb      	b.n	10001718 <irq_remove_handler+0x158>
100017a0:	20001afd 	.word	0x20001afd
100017a4:	e000ed00 	.word	0xe000ed00
100017a8:	10000111 	.word	0x10000111
100017ac:	20001564 	.word	0x20001564
100017b0:	20012574 	.word	0x20012574
100017b4:	2000159e 	.word	0x2000159e
100017b8:	fffff800 	.word	0xfffff800

100017bc <irq_set_priority>:
100017bc:	f04f 0cff 	mov.w	ip, #255	@ 0xff
100017c0:	f020 0303 	bic.w	r3, r0, #3
100017c4:	f103 4360 	add.w	r3, r3, #3758096384	@ 0xe0000000
100017c8:	f503 4364 	add.w	r3, r3, #58368	@ 0xe400
100017cc:	f000 0003 	and.w	r0, r0, #3
100017d0:	681a      	ldr	r2, [r3, #0]
100017d2:	00c0      	lsls	r0, r0, #3
100017d4:	fa0c fc00 	lsl.w	ip, ip, r0
100017d8:	ea22 020c 	bic.w	r2, r2, ip
100017dc:	4081      	lsls	r1, r0
100017de:	430a      	orrs	r2, r1
100017e0:	601a      	str	r2, [r3, #0]
100017e2:	4770      	bx	lr

100017e4 <irq_add_tail_to_free_list>:
100017e4:	b5f0      	push	{r4, r5, r6, r7, lr}
100017e6:	f3ef 8505 	mrs	r5, IPSR
100017ea:	b2ed      	uxtb	r5, r5
100017ec:	f3ef 8c10 	mrs	ip, PRIMASK
100017f0:	b672      	cpsid	i
100017f2:	4926      	ldr	r1, [pc, #152]	@ (1000188c <irq_add_tail_to_free_list+0xa8>)
100017f4:	e8d1 2fcf 	ldaexb	r2, [r1]
100017f8:	2301      	movs	r3, #1
100017fa:	2a00      	cmp	r2, #0
100017fc:	d1fa      	bne.n	100017f4 <irq_add_tail_to_free_list+0x10>
100017fe:	e8c1 3f42 	strexb	r2, r3, [r1]
10001802:	2a00      	cmp	r2, #0
10001804:	d1f6      	bne.n	100017f4 <irq_add_tail_to_free_list+0x10>
10001806:	f3bf 8f5f 	dmb	sy
1000180a:	4e21      	ldr	r6, [pc, #132]	@ (10001890 <irq_add_tail_to_free_list+0xac>)
1000180c:	f040 0e01 	orr.w	lr, r0, #1
10001810:	68b4      	ldr	r4, [r6, #8]
10001812:	f64a 23aa 	movw	r3, #43690	@ 0xaaaa
10001816:	f854 7025 	ldr.w	r7, [r4, r5, lsl #2]
1000181a:	4a1e      	ldr	r2, [pc, #120]	@ (10001894 <irq_add_tail_to_free_list+0xb0>)
1000181c:	4604      	mov	r4, r0
1000181e:	1aa4      	subs	r4, r4, r2
10001820:	4164      	adcs	r4, r4
10001822:	4363      	muls	r3, r4
10001824:	0d1b      	lsrs	r3, r3, #20
10001826:	4577      	cmp	r7, lr
10001828:	b25b      	sxtb	r3, r3
1000182a:	d01b      	beq.n	10001864 <irq_add_tail_to_free_list+0x80>
1000182c:	f992 4006 	ldrsb.w	r4, [r2, #6]
10001830:	429c      	cmp	r4, r3
10001832:	d01c      	beq.n	1000186e <irq_add_tail_to_free_list+0x8a>
10001834:	f992 4012 	ldrsb.w	r4, [r2, #18]
10001838:	429c      	cmp	r4, r3
1000183a:	d023      	beq.n	10001884 <irq_add_tail_to_free_list+0xa0>
1000183c:	f992 401e 	ldrsb.w	r4, [r2, #30]
10001840:	429c      	cmp	r4, r3
10001842:	d021      	beq.n	10001888 <irq_add_tail_to_free_list+0xa4>
10001844:	f992 402a 	ldrsb.w	r4, [r2, #42]	@ 0x2a
10001848:	429c      	cmp	r4, r3
1000184a:	bf08      	it	eq
1000184c:	2403      	moveq	r4, #3
1000184e:	d00f      	beq.n	10001870 <irq_add_tail_to_free_list+0x8c>
10001850:	4a11      	ldr	r2, [pc, #68]	@ (10001898 <irq_add_tail_to_free_list+0xb4>)
10001852:	2400      	movs	r4, #0
10001854:	7815      	ldrb	r5, [r2, #0]
10001856:	7013      	strb	r3, [r2, #0]
10001858:	7185      	strb	r5, [r0, #6]
1000185a:	e8c1 4f8f 	stlb	r4, [r1]
1000185e:	f38c 8810 	msr	PRIMASK, ip
10001862:	bdf0      	pop	{r4, r5, r6, r7, pc}
10001864:	68b2      	ldr	r2, [r6, #8]
10001866:	4c0d      	ldr	r4, [pc, #52]	@ (1000189c <irq_add_tail_to_free_list+0xb8>)
10001868:	f842 4025 	str.w	r4, [r2, r5, lsl #2]
1000186c:	e7f0      	b.n	10001850 <irq_add_tail_to_free_list+0x6c>
1000186e:	2400      	movs	r4, #0
10001870:	eb04 0444 	add.w	r4, r4, r4, lsl #1
10001874:	eb02 0284 	add.w	r2, r2, r4, lsl #2
10001878:	24ff      	movs	r4, #255	@ 0xff
1000187a:	7194      	strb	r4, [r2, #6]
1000187c:	f64b 5401 	movw	r4, #48385	@ 0xbd01
10001880:	8094      	strh	r4, [r2, #4]
10001882:	e7e5      	b.n	10001850 <irq_add_tail_to_free_list+0x6c>
10001884:	2401      	movs	r4, #1
10001886:	e7f3      	b.n	10001870 <irq_add_tail_to_free_list+0x8c>
10001888:	2402      	movs	r4, #2
1000188a:	e7f1      	b.n	10001870 <irq_add_tail_to_free_list+0x8c>
1000188c:	20001afd 	.word	0x20001afd
10001890:	e000ed00 	.word	0xe000ed00
10001894:	20001564 	.word	0x20001564
10001898:	20012574 	.word	0x20012574
1000189c:	10000111 	.word	0x10000111

100018a0 <user_irq_claim_unused>:
100018a0:	b510      	push	{r4, lr}
100018a2:	4c07      	ldr	r4, [pc, #28]	@ (100018c0 <user_irq_claim_unused+0x20>)
100018a4:	b082      	sub	sp, #8
100018a6:	4601      	mov	r1, r0
100018a8:	2305      	movs	r3, #5
100018aa:	2200      	movs	r2, #0
100018ac:	9400      	str	r4, [sp, #0]
100018ae:	4805      	ldr	r0, [pc, #20]	@ (100018c4 <user_irq_claim_unused+0x24>)
100018b0:	f7ff fc78 	bl	100011a4 <hw_claim_unused_from_range>
100018b4:	2800      	cmp	r0, #0
100018b6:	bfa8      	it	ge
100018b8:	f1c0 0033 	rsbge	r0, r0, #51	@ 0x33
100018bc:	b002      	add	sp, #8
100018be:	bd10      	pop	{r4, pc}
100018c0:	1000b4c0 	.word	0x1000b4c0
100018c4:	2001257b 	.word	0x2001257b

100018c8 <lock_init>:
100018c8:	4b01      	ldr	r3, [pc, #4]	@ (100018d0 <lock_init+0x8>)
100018ca:	440b      	add	r3, r1
100018cc:	6003      	str	r3, [r0, #0]
100018ce:	4770      	bx	lr
100018d0:	20001af4 	.word	0x20001af4

100018d4 <runtime_init_mutex>:
100018d4:	b5f8      	push	{r3, r4, r5, r6, r7, lr}
100018d6:	4c12      	ldr	r4, [pc, #72]	@ (10001920 <runtime_init_mutex+0x4c>)
100018d8:	4d12      	ldr	r5, [pc, #72]	@ (10001924 <runtime_init_mutex+0x50>)
100018da:	42ac      	cmp	r4, r5
100018dc:	d211      	bcs.n	10001902 <runtime_init_mutex+0x2e>
100018de:	f04f 36ff 	mov.w	r6, #4294967295	@ 0xffffffff
100018e2:	2700      	movs	r7, #0
100018e4:	6823      	ldr	r3, [r4, #0]
100018e6:	b16b      	cbz	r3, 10001904 <runtime_init_mutex+0x30>
100018e8:	f7ff fcaa 	bl	10001240 <next_striped_spin_lock_num>
100018ec:	4601      	mov	r1, r0
100018ee:	4620      	mov	r0, r4
100018f0:	f7ff ffea 	bl	100018c8 <lock_init>
100018f4:	6066      	str	r6, [r4, #4]
100018f6:	7227      	strb	r7, [r4, #8]
100018f8:	f3bf 8f5f 	dmb	sy
100018fc:	340c      	adds	r4, #12
100018fe:	42ac      	cmp	r4, r5
10001900:	d3f0      	bcc.n	100018e4 <runtime_init_mutex+0x10>
10001902:	bdf8      	pop	{r3, r4, r5, r6, r7, pc}
10001904:	f7ff fc9c 	bl	10001240 <next_striped_spin_lock_num>
10001908:	4601      	mov	r1, r0
1000190a:	4620      	mov	r0, r4
1000190c:	f7ff ffdc 	bl	100018c8 <lock_init>
10001910:	6066      	str	r6, [r4, #4]
10001912:	f3bf 8f5f 	dmb	sy
10001916:	3408      	adds	r4, #8
10001918:	42ac      	cmp	r4, r5
1000191a:	d3e3      	bcc.n	100018e4 <runtime_init_mutex+0x10>
1000191c:	bdf8      	pop	{r3, r4, r5, r6, r7, pc}
1000191e:	bf00      	nop
10001920:	20001608 	.word	0x20001608
10001924:	20001618 	.word	0x20001618

10001928 <mutex_init>:
10001928:	b510      	push	{r4, lr}
1000192a:	4604      	mov	r4, r0
1000192c:	f7ff fc88 	bl	10001240 <next_striped_spin_lock_num>
10001930:	4601      	mov	r1, r0
10001932:	4620      	mov	r0, r4
10001934:	f7ff ffc8 	bl	100018c8 <lock_init>
10001938:	f04f 33ff 	mov.w	r3, #4294967295	@ 0xffffffff
1000193c:	6063      	str	r3, [r4, #4]
1000193e:	f3bf 8f5f 	dmb	sy
10001942:	bd10      	pop	{r4, pc}

10001944 <critical_section_init>:
10001944:	b510      	push	{r4, lr}
10001946:	4604      	mov	r4, r0
10001948:	2001      	movs	r0, #1
1000194a:	f7ff fc8f 	bl	1000126c <spin_lock_claim_unused>
1000194e:	4b03      	ldr	r3, [pc, #12]	@ (1000195c <critical_section_init+0x18>)
10001950:	4403      	add	r3, r0
10001952:	6023      	str	r3, [r4, #0]
10001954:	f3bf 8f5f 	dmb	sy
10001958:	bd10      	pop	{r4, pc}
1000195a:	bf00      	nop
1000195c:	20001af4 	.word	0x20001af4

10001960 <critical_section_init_with_lock_num>:
10001960:	4b02      	ldr	r3, [pc, #8]	@ (1000196c <critical_section_init_with_lock_num+0xc>)
10001962:	440b      	add	r3, r1
10001964:	6003      	str	r3, [r0, #0]
10001966:	f3bf 8f5f 	dmb	sy
1000196a:	4770      	bx	lr
1000196c:	20001af4 	.word	0x20001af4

10001970 <alarm_pool_irq_handler>:
10001970:	e92d 4ff0 	stmdb	sp!, {r4, r5, r6, r7, r8, r9, sl, fp, lr}
10001974:	ed2d 8b02 	vpush	{d8}
10001978:	b085      	sub	sp, #20
1000197a:	f3ef 8305 	mrs	r3, IPSR
1000197e:	b2db      	uxtb	r3, r3
10001980:	3b10      	subs	r3, #16
10001982:	089a      	lsrs	r2, r3, #2
10001984:	bf18      	it	ne
10001986:	2201      	movne	r2, #1
10001988:	f04f 0101 	mov.w	r1, #1
1000198c:	f003 0003 	and.w	r0, r3, #3
10001990:	bf18      	it	ne
10001992:	4daf      	ldrne	r5, [pc, #700]	@ (10001c50 <alarm_pool_irq_handler+0x2e0>)
10001994:	4baf      	ldr	r3, [pc, #700]	@ (10001c54 <alarm_pool_irq_handler+0x2e4>)
10001996:	bf08      	it	eq
10001998:	4daf      	ldreq	r5, [pc, #700]	@ (10001c58 <alarm_pool_irq_handler+0x2e8>)
1000199a:	eb00 0282 	add.w	r2, r0, r2, lsl #2
1000199e:	f853 6022 	ldr.w	r6, [r3, r2, lsl #2]
100019a2:	fa01 fb00 	lsl.w	fp, r1, r0
100019a6:	f505 5341 	add.w	r3, r5, #12352	@ 0x3040
100019aa:	ed9f 8ba7 	vldr	d8, [pc, #668]	@ 10001c48 <alarm_pool_irq_handler+0x2d8>
100019ae:	9001      	str	r0, [sp, #4]
100019b0:	f8c3 b004 	str.w	fp, [r3, #4]
100019b4:	e02e      	b.n	10001a14 <alarm_pool_irq_handler+0xa4>
100019b6:	88b3      	ldrh	r3, [r6, #4]
100019b8:	0418      	lsls	r0, r3, #16
100019ba:	f140 8092 	bpl.w	10001ae2 <alarm_pool_irq_handler+0x172>
100019be:	79b3      	ldrb	r3, [r6, #6]
100019c0:	2b00      	cmp	r3, #0
100019c2:	f040 80dc 	bne.w	10001b7e <alarm_pool_irq_handler+0x20e>
100019c6:	f9b6 1008 	ldrsh.w	r1, [r6, #8]
100019ca:	2900      	cmp	r1, #0
100019cc:	f2c0 811d 	blt.w	10001c0a <alarm_pool_irq_handler+0x29a>
100019d0:	6973      	ldr	r3, [r6, #20]
100019d2:	eb01 0141 	add.w	r1, r1, r1, lsl #1
100019d6:	eb03 03c1 	add.w	r3, r3, r1, lsl #3
100019da:	e9d3 4702 	ldrd	r4, r7, [r3, #8]
100019de:	f1b7 3fff 	cmp.w	r7, #4294967295	@ 0xffffffff
100019e2:	bf08      	it	eq
100019e4:	f1b4 3fff 	cmpeq.w	r4, #4294967295	@ 0xffffffff
100019e8:	d00d      	beq.n	10001a06 <alarm_pool_irq_handler+0x96>
100019ea:	9b01      	ldr	r3, [sp, #4]
100019ec:	eb05 0183 	add.w	r1, r5, r3, lsl #2
100019f0:	6aab      	ldr	r3, [r5, #40]	@ 0x28
100019f2:	690a      	ldr	r2, [r1, #16]
100019f4:	1ad2      	subs	r2, r2, r3
100019f6:	1ae3      	subs	r3, r4, r3
100019f8:	4293      	cmp	r3, r2
100019fa:	d303      	bcc.n	10001a04 <alarm_pool_irq_handler+0x94>
100019fc:	6a2b      	ldr	r3, [r5, #32]
100019fe:	ea13 0f0b 	tst.w	r3, fp
10001a02:	d100      	bne.n	10001a06 <alarm_pool_irq_handler+0x96>
10001a04:	610c      	str	r4, [r1, #16]
10001a06:	4628      	mov	r0, r5
10001a08:	f000 fbd6 	bl	100021b8 <timer_time_us_64>
10001a0c:	42a0      	cmp	r0, r4
10001a0e:	41b9      	sbcs	r1, r7
10001a10:	f2c0 80fb 	blt.w	10001c0a <alarm_pool_irq_handler+0x29a>
10001a14:	f9b6 3008 	ldrsh.w	r3, [r6, #8]
10001a18:	f8c5 b03c 	str.w	fp, [r5, #60]	@ 0x3c
10001a1c:	2b00      	cmp	r3, #0
10001a1e:	9300      	str	r3, [sp, #0]
10001a20:	dbc9      	blt.n	100019b6 <alarm_pool_irq_handler+0x46>
10001a22:	f8d6 9014 	ldr.w	r9, [r6, #20]
10001a26:	eb03 0a43 	add.w	sl, r3, r3, lsl #1
10001a2a:	4628      	mov	r0, r5
10001a2c:	eb09 07ca 	add.w	r7, r9, sl, lsl #3
10001a30:	e9d7 4802 	ldrd	r4, r8, [r7, #8]
10001a34:	f000 fbc0 	bl	100021b8 <timer_time_us_64>
10001a38:	42a0      	cmp	r0, r4
10001a3a:	eb71 0108 	sbcs.w	r1, r1, r8
10001a3e:	dbba      	blt.n	100019b6 <alarm_pool_irq_handler+0x46>
10001a40:	f1b8 0f00 	cmp.w	r8, #0
10001a44:	f2c0 80c3 	blt.w	10001bce <alarm_pool_irq_handler+0x25e>
10001a48:	e9d7 3104 	ldrd	r3, r1, [r7, #16]
10001a4c:	4a83      	ldr	r2, [pc, #524]	@ (10001c5c <alarm_pool_irq_handler+0x2ec>)
10001a4e:	4293      	cmp	r3, r2
10001a50:	f000 80ed 	beq.w	10001c2e <alarm_pool_irq_handler+0x2be>
10001a54:	887a      	ldrh	r2, [r7, #2]
10001a56:	f9b6 0008 	ldrsh.w	r0, [r6, #8]
10001a5a:	b292      	uxth	r2, r2
10001a5c:	ea42 4000 	orr.w	r0, r2, r0, lsl #16
10001a60:	4798      	blx	r3
10001a62:	4602      	mov	r2, r0
10001a64:	460b      	mov	r3, r1
10001a66:	ea52 0103 	orrs.w	r1, r2, r3
10001a6a:	f000 80b0 	beq.w	10001bce <alarm_pool_irq_handler+0x25e>
10001a6e:	2b00      	cmp	r3, #0
10001a70:	f280 80d1 	bge.w	10001c16 <alarm_pool_irq_handler+0x2a6>
10001a74:	ebb4 0e02 	subs.w	lr, r4, r2
10001a78:	eb68 0803 	sbc.w	r8, r8, r3
10001a7c:	f939 303a 	ldrsh.w	r3, [r9, sl, lsl #3]
10001a80:	e9c7 e802 	strd	lr, r8, [r7, #8]
10001a84:	2b00      	cmp	r3, #0
10001a86:	db96      	blt.n	100019b6 <alarm_pool_irq_handler+0x46>
10001a88:	6971      	ldr	r1, [r6, #20]
10001a8a:	eb03 0243 	add.w	r2, r3, r3, lsl #1
10001a8e:	eb01 02c2 	add.w	r2, r1, r2, lsl #3
10001a92:	e9d2 7002 	ldrd	r7, r0, [r2, #8]
10001a96:	45be      	cmp	lr, r7
10001a98:	eb78 0c00 	sbcs.w	ip, r8, r0
10001a9c:	ea4f 0243 	mov.w	r2, r3, lsl #1
10001aa0:	db89      	blt.n	100019b6 <alarm_pool_irq_handler+0x46>
10001aa2:	46b4      	mov	ip, r6
10001aa4:	f82c 3f08 	strh.w	r3, [ip, #8]!
10001aa8:	e00b      	b.n	10001ac2 <alarm_pool_irq_handler+0x152>
10001aaa:	f931 3032 	ldrsh.w	r3, [r1, r2, lsl #3]
10001aae:	46a4      	mov	ip, r4
10001ab0:	2b00      	cmp	r3, #0
10001ab2:	db0d      	blt.n	10001ad0 <alarm_pool_irq_handler+0x160>
10001ab4:	eb03 0043 	add.w	r0, r3, r3, lsl #1
10001ab8:	eb01 00c0 	add.w	r0, r1, r0, lsl #3
10001abc:	005a      	lsls	r2, r3, #1
10001abe:	e9d0 7002 	ldrd	r7, r0, [r0, #8]
10001ac2:	45be      	cmp	lr, r7
10001ac4:	441a      	add	r2, r3
10001ac6:	eb78 0000 	sbcs.w	r0, r8, r0
10001aca:	eb01 04c2 	add.w	r4, r1, r2, lsl #3
10001ace:	daec      	bge.n	10001aaa <alarm_pool_irq_handler+0x13a>
10001ad0:	f829 303a 	strh.w	r3, [r9, sl, lsl #3]
10001ad4:	9b00      	ldr	r3, [sp, #0]
10001ad6:	f8ac 3000 	strh.w	r3, [ip]
10001ada:	88b3      	ldrh	r3, [r6, #4]
10001adc:	0418      	lsls	r0, r3, #16
10001ade:	f53f af6e 	bmi.w	100019be <alarm_pool_irq_handler+0x4e>
10001ae2:	6933      	ldr	r3, [r6, #16]
10001ae4:	f3ef 8210 	mrs	r2, PRIMASK
10001ae8:	b672      	cpsid	i
10001aea:	e8d3 0fcf 	ldaexb	r0, [r3]
10001aee:	2101      	movs	r1, #1
10001af0:	2800      	cmp	r0, #0
10001af2:	d1fa      	bne.n	10001aea <alarm_pool_irq_handler+0x17a>
10001af4:	e8c3 1f40 	strexb	r0, r1, [r3]
10001af8:	2800      	cmp	r0, #0
10001afa:	d1f6      	bne.n	10001aea <alarm_pool_irq_handler+0x17a>
10001afc:	f3bf 8f5f 	dmb	sy
10001b00:	f64f 74ff 	movw	r4, #65535	@ 0xffff
10001b04:	88b0      	ldrh	r0, [r6, #4]
10001b06:	2300      	movs	r3, #0
10001b08:	6931      	ldr	r1, [r6, #16]
10001b0a:	b200      	sxth	r0, r0
10001b0c:	80b4      	strh	r4, [r6, #4]
10001b0e:	e8c1 3f8f 	stlb	r3, [r1]
10001b12:	f382 8810 	msr	PRIMASK, r2
10001b16:	4298      	cmp	r0, r3
10001b18:	f6ff af51 	blt.w	100019be <alarm_pool_irq_handler+0x4e>
10001b1c:	4607      	mov	r7, r0
10001b1e:	46a9      	mov	r9, r5
10001b20:	6974      	ldr	r4, [r6, #20]
10001b22:	f106 0808 	add.w	r8, r6, #8
10001b26:	eb07 0e47 	add.w	lr, r7, r7, lsl #1
10001b2a:	eb04 03ce 	add.w	r3, r4, lr, lsl #3
10001b2e:	e9d3 5002 	ldrd	r5, r0, [r3, #8]
10001b32:	f9b6 3008 	ldrsh.w	r3, [r6, #8]
10001b36:	46c4      	mov	ip, r8
10001b38:	2b00      	cmp	r3, #0
10001b3a:	db13      	blt.n	10001b64 <alarm_pool_irq_handler+0x1f4>
10001b3c:	46b2      	mov	sl, r6
10001b3e:	9700      	str	r7, [sp, #0]
10001b40:	e004      	b.n	10001b4c <alarm_pool_irq_handler+0x1dc>
10001b42:	f934 3036 	ldrsh.w	r3, [r4, r6, lsl #3]
10001b46:	4694      	mov	ip, r2
10001b48:	2b00      	cmp	r3, #0
10001b4a:	db09      	blt.n	10001b60 <alarm_pool_irq_handler+0x1f0>
10001b4c:	eb03 0643 	add.w	r6, r3, r3, lsl #1
10001b50:	eb04 02c6 	add.w	r2, r4, r6, lsl #3
10001b54:	e9d2 7102 	ldrd	r7, r1, [r2, #8]
10001b58:	42bd      	cmp	r5, r7
10001b5a:	eb70 0101 	sbcs.w	r1, r0, r1
10001b5e:	daf0      	bge.n	10001b42 <alarm_pool_irq_handler+0x1d2>
10001b60:	4656      	mov	r6, sl
10001b62:	9f00      	ldr	r7, [sp, #0]
10001b64:	f8ac 7000 	strh.w	r7, [ip]
10001b68:	f934 703e 	ldrsh.w	r7, [r4, lr, lsl #3]
10001b6c:	f824 303e 	strh.w	r3, [r4, lr, lsl #3]
10001b70:	2f00      	cmp	r7, #0
10001b72:	dad8      	bge.n	10001b26 <alarm_pool_irq_handler+0x1b6>
10001b74:	79b3      	ldrb	r3, [r6, #6]
10001b76:	464d      	mov	r5, r9
10001b78:	2b00      	cmp	r3, #0
10001b7a:	f43f af24 	beq.w	100019c6 <alarm_pool_irq_handler+0x56>
10001b7e:	2300      	movs	r3, #0
10001b80:	71b3      	strb	r3, [r6, #6]
10001b82:	f9b6 3008 	ldrsh.w	r3, [r6, #8]
10001b86:	f106 0808 	add.w	r8, r6, #8
10001b8a:	1c59      	adds	r1, r3, #1
10001b8c:	d03d      	beq.n	10001c0a <alarm_pool_irq_handler+0x29a>
10001b8e:	4619      	mov	r1, r3
10001b90:	6977      	ldr	r7, [r6, #20]
10001b92:	e003      	b.n	10001b9c <alarm_pool_irq_handler+0x22c>
10001b94:	4680      	mov	r8, r0
10001b96:	1c5a      	adds	r2, r3, #1
10001b98:	f43f af17 	beq.w	100019ca <alarm_pool_irq_handler+0x5a>
10001b9c:	eb03 0243 	add.w	r2, r3, r3, lsl #1
10001ba0:	eb07 00c2 	add.w	r0, r7, r2, lsl #3
10001ba4:	f8b0 c002 	ldrh.w	ip, [r0, #2]
10001ba8:	461c      	mov	r4, r3
10001baa:	f41c 4f00 	tst.w	ip, #32768	@ 0x8000
10001bae:	469e      	mov	lr, r3
10001bb0:	f937 3032 	ldrsh.w	r3, [r7, r2, lsl #3]
10001bb4:	d0ee      	beq.n	10001b94 <alarm_pool_irq_handler+0x224>
10001bb6:	428c      	cmp	r4, r1
10001bb8:	ed80 8b02 	vstr	d8, [r0, #8]
10001bbc:	d005      	beq.n	10001bca <alarm_pool_irq_handler+0x25a>
10001bbe:	f8a8 3000 	strh.w	r3, [r8]
10001bc2:	8931      	ldrh	r1, [r6, #8]
10001bc4:	f827 1032 	strh.w	r1, [r7, r2, lsl #3]
10001bc8:	8134      	strh	r4, [r6, #8]
10001bca:	4671      	mov	r1, lr
10001bcc:	e7e3      	b.n	10001b96 <alarm_pool_irq_handler+0x226>
10001bce:	f839 303a 	ldrh.w	r3, [r9, sl, lsl #3]
10001bd2:	8133      	strh	r3, [r6, #8]
10001bd4:	6933      	ldr	r3, [r6, #16]
10001bd6:	f3ef 8210 	mrs	r2, PRIMASK
10001bda:	b672      	cpsid	i
10001bdc:	e8d3 0fcf 	ldaexb	r0, [r3]
10001be0:	2101      	movs	r1, #1
10001be2:	2800      	cmp	r0, #0
10001be4:	d1fa      	bne.n	10001bdc <alarm_pool_irq_handler+0x26c>
10001be6:	e8c3 1f40 	strexb	r0, r1, [r3]
10001bea:	2800      	cmp	r0, #0
10001bec:	d1f6      	bne.n	10001bdc <alarm_pool_irq_handler+0x26c>
10001bee:	f3bf 8f5f 	dmb	sy
10001bf2:	8873      	ldrh	r3, [r6, #2]
10001bf4:	6931      	ldr	r1, [r6, #16]
10001bf6:	f829 303a 	strh.w	r3, [r9, sl, lsl #3]
10001bfa:	9b00      	ldr	r3, [sp, #0]
10001bfc:	8073      	strh	r3, [r6, #2]
10001bfe:	2300      	movs	r3, #0
10001c00:	e8c1 3f8f 	stlb	r3, [r1]
10001c04:	f382 8810 	msr	PRIMASK, r2
10001c08:	e6d5      	b.n	100019b6 <alarm_pool_irq_handler+0x46>
10001c0a:	bf40      	sev
10001c0c:	b005      	add	sp, #20
10001c0e:	ecbd 8b02 	vpop	{d8}
10001c12:	e8bd 8ff0 	ldmia.w	sp!, {r4, r5, r6, r7, r8, r9, sl, fp, pc}
10001c16:	4628      	mov	r0, r5
10001c18:	e9cd 2302 	strd	r2, r3, [sp, #8]
10001c1c:	f000 facc 	bl	100021b8 <timer_time_us_64>
10001c20:	9a02      	ldr	r2, [sp, #8]
10001c22:	9b03      	ldr	r3, [sp, #12]
10001c24:	eb10 0e02 	adds.w	lr, r0, r2
10001c28:	eb43 0801 	adc.w	r8, r3, r1
10001c2c:	e726      	b.n	10001a7c <alarm_pool_irq_handler+0x10c>
10001c2e:	4608      	mov	r0, r1
10001c30:	690b      	ldr	r3, [r1, #16]
10001c32:	9102      	str	r1, [sp, #8]
10001c34:	4798      	blx	r3
10001c36:	2800      	cmp	r0, #0
10001c38:	d0c9      	beq.n	10001bce <alarm_pool_irq_handler+0x25e>
10001c3a:	9902      	ldr	r1, [sp, #8]
10001c3c:	e9d1 2300 	ldrd	r2, r3, [r1]
10001c40:	e711      	b.n	10001a66 <alarm_pool_irq_handler+0xf6>
10001c42:	bf00      	nop
10001c44:	f3af 8000 	nop.w
10001c48:	ffffffff 	.word	0xffffffff
10001c4c:	ffffffff 	.word	0xffffffff
10001c50:	400b8000 	.word	0x400b8000
10001c54:	20002398 	.word	0x20002398
10001c58:	400b0000 	.word	0x400b0000
10001c5c:	10001971 	.word	0x10001971

10001c60 <sleep_until_callback>:
10001c60:	480b      	ldr	r0, [pc, #44]	@ (10001c90 <sleep_until_callback+0x30>)
10001c62:	b508      	push	{r3, lr}
10001c64:	6803      	ldr	r3, [r0, #0]
10001c66:	f3ef 8110 	mrs	r1, PRIMASK
10001c6a:	b672      	cpsid	i
10001c6c:	e8d3 cfcf 	ldaexb	ip, [r3]
10001c70:	2201      	movs	r2, #1
10001c72:	f1bc 0f00 	cmp.w	ip, #0
10001c76:	d1f9      	bne.n	10001c6c <sleep_until_callback+0xc>
10001c78:	e8c3 2f4c 	strexb	ip, r2, [r3]
10001c7c:	f1bc 0f00 	cmp.w	ip, #0
10001c80:	d1f4      	bne.n	10001c6c <sleep_until_callback+0xc>
10001c82:	f3bf 8f5f 	dmb	sy
10001c86:	f005 fa37 	bl	100070f8 <vPortLockInternalSpinUnlockWithNotify>
10001c8a:	2000      	movs	r0, #0
10001c8c:	2100      	movs	r1, #0
10001c8e:	bd08      	pop	{r3, pc}
10001c90:	20002448 	.word	0x20002448

10001c94 <runtime_init_default_alarm_pool>:
10001c94:	e92d 4ff8 	stmdb	sp!, {r3, r4, r5, r6, r7, r8, r9, sl, fp, lr}
10001c98:	4c36      	ldr	r4, [pc, #216]	@ (10001d74 <runtime_init_default_alarm_pool+0xe0>)
10001c9a:	6925      	ldr	r5, [r4, #16]
10001c9c:	b12d      	cbz	r5, 10001caa <runtime_init_default_alarm_pool+0x16>
10001c9e:	e8bd 4ff8 	ldmia.w	sp!, {r3, r4, r5, r6, r7, r8, r9, sl, fp, lr}
10001ca2:	210a      	movs	r1, #10
10001ca4:	4834      	ldr	r0, [pc, #208]	@ (10001d78 <runtime_init_default_alarm_pool+0xe4>)
10001ca6:	f7ff be0f 	b.w	100018c8 <lock_init>
10001caa:	f8df 80e4 	ldr.w	r8, [pc, #228]	@ 10001d90 <runtime_init_default_alarm_pool+0xfc>
10001cae:	2103      	movs	r1, #3
10001cb0:	4640      	mov	r0, r8
10001cb2:	f000 fa6f 	bl	10002194 <timer_hardware_alarm_claim>
10001cb6:	2603      	movs	r6, #3
10001cb8:	f8c4 800c 	str.w	r8, [r4, #12]
10001cbc:	f7ff fac0 	bl	10001240 <next_striped_spin_lock_num>
10001cc0:	f04f 4c50 	mov.w	ip, #3489660928	@ 0xd0000000
10001cc4:	4b2d      	ldr	r3, [pc, #180]	@ (10001d7c <runtime_init_default_alarm_pool+0xe8>)
10001cc6:	7026      	strb	r6, [r4, #0]
10001cc8:	4403      	add	r3, r0
10001cca:	6123      	str	r3, [r4, #16]
10001ccc:	f8dc 3000 	ldr.w	r3, [ip]
10001cd0:	210f      	movs	r1, #15
10001cd2:	7063      	strb	r3, [r4, #1]
10001cd4:	6963      	ldr	r3, [r4, #20]
10001cd6:	8061      	strh	r1, [r4, #2]
10001cd8:	831d      	strh	r5, [r3, #24]
10001cda:	f04f 0504 	mov.w	r5, #4
10001cde:	f8a3 5078 	strh.w	r5, [r3, #120]	@ 0x78
10001ce2:	f04f 0505 	mov.w	r5, #5
10001ce6:	f8a3 5090 	strh.w	r5, [r3, #144]	@ 0x90
10001cea:	f04f 0506 	mov.w	r5, #6
10001cee:	f8a3 50a8 	strh.w	r5, [r3, #168]	@ 0xa8
10001cf2:	f04f 0507 	mov.w	r5, #7
10001cf6:	210e      	movs	r1, #14
10001cf8:	f64f 72ff 	movw	r2, #65535	@ 0xffff
10001cfc:	2708      	movs	r7, #8
10001cfe:	f04f 0e0a 	mov.w	lr, #10
10001d02:	f8a3 50c0 	strh.w	r5, [r3, #192]	@ 0xc0
10001d06:	f04f 0901 	mov.w	r9, #1
10001d0a:	f04f 0c0c 	mov.w	ip, #12
10001d0e:	f04f 0b02 	mov.w	fp, #2
10001d12:	f04f 0a09 	mov.w	sl, #9
10001d16:	200d      	movs	r0, #13
10001d18:	f04f 050b 	mov.w	r5, #11
10001d1c:	f8a3 1168 	strh.w	r1, [r3, #360]	@ 0x168
10001d20:	4917      	ldr	r1, [pc, #92]	@ (10001d80 <runtime_init_default_alarm_pool+0xec>)
10001d22:	80a2      	strh	r2, [r4, #4]
10001d24:	f8a3 e108 	strh.w	lr, [r3, #264]	@ 0x108
10001d28:	60a1      	str	r1, [r4, #8]
10001d2a:	f8a3 b048 	strh.w	fp, [r3, #72]	@ 0x48
10001d2e:	f8a3 a0f0 	strh.w	sl, [r3, #240]	@ 0xf0
10001d32:	f8a3 5120 	strh.w	r5, [r3, #288]	@ 0x120
10001d36:	f8a3 c138 	strh.w	ip, [r3, #312]	@ 0x138
10001d3a:	f8a3 0150 	strh.w	r0, [r3, #336]	@ 0x150
10001d3e:	f8a3 9030 	strh.w	r9, [r3, #48]	@ 0x30
10001d42:	f8a3 6060 	strh.w	r6, [r3, #96]	@ 0x60
10001d46:	f8a3 70d8 	strh.w	r7, [r3, #216]	@ 0xd8
10001d4a:	801a      	strh	r2, [r3, #0]
10001d4c:	4b0d      	ldr	r3, [pc, #52]	@ (10001d84 <runtime_init_default_alarm_pool+0xf0>)
10001d4e:	4630      	mov	r0, r6
10001d50:	f8c8 7020 	str.w	r7, [r8, #32]
10001d54:	490c      	ldr	r1, [pc, #48]	@ (10001d88 <runtime_init_default_alarm_pool+0xf4>)
10001d56:	60dc      	str	r4, [r3, #12]
10001d58:	f7ff fb0e 	bl	10001378 <irq_set_exclusive_handler>
10001d5c:	4649      	mov	r1, r9
10001d5e:	4630      	mov	r0, r6
10001d60:	f7ff fac8 	bl	100012f4 <irq_set_enabled>
10001d64:	4b09      	ldr	r3, [pc, #36]	@ (10001d8c <runtime_init_default_alarm_pool+0xf8>)
10001d66:	210a      	movs	r1, #10
10001d68:	641f      	str	r7, [r3, #64]	@ 0x40
10001d6a:	4803      	ldr	r0, [pc, #12]	@ (10001d78 <runtime_init_default_alarm_pool+0xe4>)
10001d6c:	e8bd 4ff8 	ldmia.w	sp!, {r3, r4, r5, r6, r7, r8, r9, sl, fp, lr}
10001d70:	f7ff bdaa 	b.w	100018c8 <lock_init>
10001d74:	200015ac 	.word	0x200015ac
10001d78:	20002448 	.word	0x20002448
10001d7c:	20001af4 	.word	0x20001af4
10001d80:	0010ffff 	.word	0x0010ffff
10001d84:	20002398 	.word	0x20002398
10001d88:	10001971 	.word	0x10001971
10001d8c:	400b2000 	.word	0x400b2000
10001d90:	400b0000 	.word	0x400b0000

10001d94 <alarm_pool_get_default>:
10001d94:	4800      	ldr	r0, [pc, #0]	@ (10001d98 <alarm_pool_get_default+0x4>)
10001d96:	4770      	bx	lr
10001d98:	200015ac 	.word	0x200015ac

10001d9c <alarm_pool_add_alarm_at>:
10001d9c:	b5f8      	push	{r3, r4, r5, r6, r7, lr}
10001d9e:	f89d 7020 	ldrb.w	r7, [sp, #32]
10001da2:	4604      	mov	r4, r0
10001da4:	4616      	mov	r6, r2
10001da6:	461d      	mov	r5, r3
10001da8:	b937      	cbnz	r7, 10001db8 <alarm_pool_add_alarm_at+0x1c>
10001daa:	f000 fa0d 	bl	100021c8 <time_us_64>
10001dae:	4286      	cmp	r6, r0
10001db0:	eb65 0101 	sbc.w	r1, r5, r1
10001db4:	2900      	cmp	r1, #0
10001db6:	db5c      	blt.n	10001e72 <alarm_pool_add_alarm_at+0xd6>
10001db8:	6923      	ldr	r3, [r4, #16]
10001dba:	f3ef 8710 	mrs	r7, PRIMASK
10001dbe:	b672      	cpsid	i
10001dc0:	e8d3 1fcf 	ldaexb	r1, [r3]
10001dc4:	2201      	movs	r2, #1
10001dc6:	2900      	cmp	r1, #0
10001dc8:	d1fa      	bne.n	10001dc0 <alarm_pool_add_alarm_at+0x24>
10001dca:	e8c3 2f41 	strexb	r1, r2, [r3]
10001dce:	2900      	cmp	r1, #0
10001dd0:	d1f6      	bne.n	10001dc0 <alarm_pool_add_alarm_at+0x24>
10001dd2:	f3bf 8f5f 	dmb	sy
10001dd6:	f9b4 c002 	ldrsh.w	ip, [r4, #2]
10001dda:	6963      	ldr	r3, [r4, #20]
10001ddc:	eb0c 014c 	add.w	r1, ip, ip, lsl #1
10001de0:	f1bc 0f00 	cmp.w	ip, #0
10001de4:	ea4f 02c1 	mov.w	r2, r1, lsl #3
10001de8:	eb03 01c1 	add.w	r1, r3, r1, lsl #3
10001dec:	db38      	blt.n	10001e60 <alarm_pool_add_alarm_at+0xc4>
10001dee:	5a98      	ldrh	r0, [r3, r2]
10001df0:	f04f 0e00 	mov.w	lr, #0
10001df4:	8060      	strh	r0, [r4, #2]
10001df6:	6920      	ldr	r0, [r4, #16]
10001df8:	e8c0 ef8f 	stlb	lr, [r0]
10001dfc:	f387 8810 	msr	PRIMASK, r7
10001e00:	9806      	ldr	r0, [sp, #24]
10001e02:	e9c1 6502 	strd	r6, r5, [r1, #8]
10001e06:	6108      	str	r0, [r1, #16]
10001e08:	9807      	ldr	r0, [sp, #28]
10001e0a:	6148      	str	r0, [r1, #20]
10001e0c:	8848      	ldrh	r0, [r1, #2]
10001e0e:	3001      	adds	r0, #1
10001e10:	f3c0 000e 	ubfx	r0, r0, #0, #15
10001e14:	2801      	cmp	r0, #1
10001e16:	bf38      	it	cc
10001e18:	2001      	movcc	r0, #1
10001e1a:	8048      	strh	r0, [r1, #2]
10001e1c:	ea40 400c 	orr.w	r0, r0, ip, lsl #16
10001e20:	6921      	ldr	r1, [r4, #16]
10001e22:	f3ef 8510 	mrs	r5, PRIMASK
10001e26:	b672      	cpsid	i
10001e28:	e8d1 7fcf 	ldaexb	r7, [r1]
10001e2c:	2601      	movs	r6, #1
10001e2e:	2f00      	cmp	r7, #0
10001e30:	d1fa      	bne.n	10001e28 <alarm_pool_add_alarm_at+0x8c>
10001e32:	e8c1 6f47 	strexb	r7, r6, [r1]
10001e36:	2f00      	cmp	r7, #0
10001e38:	d1f6      	bne.n	10001e28 <alarm_pool_add_alarm_at+0x8c>
10001e3a:	f3bf 8f5f 	dmb	sy
10001e3e:	88a1      	ldrh	r1, [r4, #4]
10001e40:	5299      	strh	r1, [r3, r2]
10001e42:	f8a4 c004 	strh.w	ip, [r4, #4]
10001e46:	6923      	ldr	r3, [r4, #16]
10001e48:	e8c3 ef8f 	stlb	lr, [r3]
10001e4c:	f385 8810 	msr	PRIMASK, r5
10001e50:	2201      	movs	r2, #1
10001e52:	68e3      	ldr	r3, [r4, #12]
10001e54:	7821      	ldrb	r1, [r4, #0]
10001e56:	f503 5301 	add.w	r3, r3, #8256	@ 0x2040
10001e5a:	408a      	lsls	r2, r1
10001e5c:	605a      	str	r2, [r3, #4]
10001e5e:	bdf8      	pop	{r3, r4, r5, r6, r7, pc}
10001e60:	2300      	movs	r3, #0
10001e62:	6922      	ldr	r2, [r4, #16]
10001e64:	e8c2 3f8f 	stlb	r3, [r2]
10001e68:	f387 8810 	msr	PRIMASK, r7
10001e6c:	f04f 30ff 	mov.w	r0, #4294967295	@ 0xffffffff
10001e70:	bdf8      	pop	{r3, r4, r5, r6, r7, pc}
10001e72:	4638      	mov	r0, r7
10001e74:	bdf8      	pop	{r3, r4, r5, r6, r7, pc}
10001e76:	bf00      	nop

10001e78 <alarm_pool_add_alarm_at_force_in_context>:
10001e78:	4601      	mov	r1, r0
10001e7a:	b5f0      	push	{r4, r5, r6, r7, lr}
10001e7c:	6900      	ldr	r0, [r0, #16]
10001e7e:	f3ef 8710 	mrs	r7, PRIMASK
10001e82:	b672      	cpsid	i
10001e84:	e8d0 5fcf 	ldaexb	r5, [r0]
10001e88:	2401      	movs	r4, #1
10001e8a:	2d00      	cmp	r5, #0
10001e8c:	d1fa      	bne.n	10001e84 <alarm_pool_add_alarm_at_force_in_context+0xc>
10001e8e:	e8c0 4f45 	strexb	r5, r4, [r0]
10001e92:	2d00      	cmp	r5, #0
10001e94:	d1f6      	bne.n	10001e84 <alarm_pool_add_alarm_at_force_in_context+0xc>
10001e96:	f3bf 8f5f 	dmb	sy
10001e9a:	f9b1 e002 	ldrsh.w	lr, [r1, #2]
10001e9e:	694c      	ldr	r4, [r1, #20]
10001ea0:	eb0e 0c4e 	add.w	ip, lr, lr, lsl #1
10001ea4:	f1be 0f00 	cmp.w	lr, #0
10001ea8:	ea4f 05cc 	mov.w	r5, ip, lsl #3
10001eac:	eb04 0ccc 	add.w	ip, r4, ip, lsl #3
10001eb0:	db3d      	blt.n	10001f2e <alarm_pool_add_alarm_at_force_in_context+0xb6>
10001eb2:	5b60      	ldrh	r0, [r4, r5]
10001eb4:	2600      	movs	r6, #0
10001eb6:	8048      	strh	r0, [r1, #2]
10001eb8:	6908      	ldr	r0, [r1, #16]
10001eba:	e8c0 6f8f 	stlb	r6, [r0]
10001ebe:	f387 8810 	msr	PRIMASK, r7
10001ec2:	f8bc 0002 	ldrh.w	r0, [ip, #2]
10001ec6:	e9cc 2302 	strd	r2, r3, [ip, #8]
10001eca:	3001      	adds	r0, #1
10001ecc:	f3c0 000e 	ubfx	r0, r0, #0, #15
10001ed0:	2801      	cmp	r0, #1
10001ed2:	bf38      	it	cc
10001ed4:	2001      	movcc	r0, #1
10001ed6:	9b05      	ldr	r3, [sp, #20]
10001ed8:	f8ac 0002 	strh.w	r0, [ip, #2]
10001edc:	f8cc 3010 	str.w	r3, [ip, #16]
10001ee0:	9b06      	ldr	r3, [sp, #24]
10001ee2:	ea40 400e 	orr.w	r0, r0, lr, lsl #16
10001ee6:	f8cc 3014 	str.w	r3, [ip, #20]
10001eea:	690b      	ldr	r3, [r1, #16]
10001eec:	f3ef 8210 	mrs	r2, PRIMASK
10001ef0:	b672      	cpsid	i
10001ef2:	e8d3 cfcf 	ldaexb	ip, [r3]
10001ef6:	2701      	movs	r7, #1
10001ef8:	f1bc 0f00 	cmp.w	ip, #0
10001efc:	d1f9      	bne.n	10001ef2 <alarm_pool_add_alarm_at_force_in_context+0x7a>
10001efe:	e8c3 7f4c 	strexb	ip, r7, [r3]
10001f02:	f1bc 0f00 	cmp.w	ip, #0
10001f06:	d1f4      	bne.n	10001ef2 <alarm_pool_add_alarm_at_force_in_context+0x7a>
10001f08:	f3bf 8f5f 	dmb	sy
10001f0c:	888b      	ldrh	r3, [r1, #4]
10001f0e:	5363      	strh	r3, [r4, r5]
10001f10:	f8a1 e004 	strh.w	lr, [r1, #4]
10001f14:	690b      	ldr	r3, [r1, #16]
10001f16:	e8c3 6f8f 	stlb	r6, [r3]
10001f1a:	f382 8810 	msr	PRIMASK, r2
10001f1e:	2201      	movs	r2, #1
10001f20:	68cb      	ldr	r3, [r1, #12]
10001f22:	7809      	ldrb	r1, [r1, #0]
10001f24:	f503 5301 	add.w	r3, r3, #8256	@ 0x2040
10001f28:	408a      	lsls	r2, r1
10001f2a:	605a      	str	r2, [r3, #4]
10001f2c:	bdf0      	pop	{r4, r5, r6, r7, pc}
10001f2e:	2300      	movs	r3, #0
10001f30:	690a      	ldr	r2, [r1, #16]
10001f32:	e8c2 3f8f 	stlb	r3, [r2]
10001f36:	f387 8810 	msr	PRIMASK, r7
10001f3a:	f04f 30ff 	mov.w	r0, #4294967295	@ 0xffffffff
10001f3e:	bdf0      	pop	{r4, r5, r6, r7, pc}

10001f40 <alarm_pool_cancel_alarm>:
10001f40:	4603      	mov	r3, r0
10001f42:	8940      	ldrh	r0, [r0, #10]
10001f44:	ebb0 4f21 	cmp.w	r0, r1, asr #16
10001f48:	dd37      	ble.n	10001fba <alarm_pool_cancel_alarm+0x7a>
10001f4a:	6958      	ldr	r0, [r3, #20]
10001f4c:	140a      	asrs	r2, r1, #16
10001f4e:	eb02 0242 	add.w	r2, r2, r2, lsl #1
10001f52:	b510      	push	{r4, lr}
10001f54:	eb00 00c2 	add.w	r0, r0, r2, lsl #3
10001f58:	691c      	ldr	r4, [r3, #16]
10001f5a:	f3ef 8c10 	mrs	ip, PRIMASK
10001f5e:	b672      	cpsid	i
10001f60:	e8d4 efcf 	ldaexb	lr, [r4]
10001f64:	2201      	movs	r2, #1
10001f66:	f1be 0f00 	cmp.w	lr, #0
10001f6a:	d1f9      	bne.n	10001f60 <alarm_pool_cancel_alarm+0x20>
10001f6c:	e8c4 2f4e 	strexb	lr, r2, [r4]
10001f70:	f1be 0f00 	cmp.w	lr, #0
10001f74:	d1f4      	bne.n	10001f60 <alarm_pool_cancel_alarm+0x20>
10001f76:	f3bf 8f5f 	dmb	sy
10001f7a:	8842      	ldrh	r2, [r0, #2]
10001f7c:	b289      	uxth	r1, r1
10001f7e:	b292      	uxth	r2, r2
10001f80:	428a      	cmp	r2, r1
10001f82:	d007      	beq.n	10001f94 <alarm_pool_cancel_alarm+0x54>
10001f84:	2200      	movs	r2, #0
10001f86:	691b      	ldr	r3, [r3, #16]
10001f88:	e8c3 2f8f 	stlb	r2, [r3]
10001f8c:	f38c 8810 	msr	PRIMASK, ip
10001f90:	2000      	movs	r0, #0
10001f92:	bd10      	pop	{r4, pc}
10001f94:	f442 4200 	orr.w	r2, r2, #32768	@ 0x8000
10001f98:	8042      	strh	r2, [r0, #2]
10001f9a:	2101      	movs	r1, #1
10001f9c:	2200      	movs	r2, #0
10001f9e:	6918      	ldr	r0, [r3, #16]
10001fa0:	7199      	strb	r1, [r3, #6]
10001fa2:	e8c0 2f8f 	stlb	r2, [r0]
10001fa6:	f38c 8810 	msr	PRIMASK, ip
10001faa:	781c      	ldrb	r4, [r3, #0]
10001fac:	68da      	ldr	r2, [r3, #12]
10001fae:	4608      	mov	r0, r1
10001fb0:	f502 5301 	add.w	r3, r2, #8256	@ 0x2040
10001fb4:	40a1      	lsls	r1, r4
10001fb6:	6059      	str	r1, [r3, #4]
10001fb8:	bd10      	pop	{r4, pc}
10001fba:	2000      	movs	r0, #0
10001fbc:	4770      	bx	lr
10001fbe:	bf00      	nop

10001fc0 <alarm_pool_core_num>:
10001fc0:	7840      	ldrb	r0, [r0, #1]
10001fc2:	4770      	bx	lr

10001fc4 <sleep_until>:
10001fc4:	e92d 43f0 	stmdb	sp!, {r4, r5, r6, r7, r8, r9, lr}
10001fc8:	f1b0 0696 	subs.w	r6, r0, #150	@ 0x96
10001fcc:	f141 35ff 	adc.w	r5, r1, #4294967295	@ 0xffffffff
10001fd0:	42b0      	cmp	r0, r6
10001fd2:	eb71 0305 	sbcs.w	r3, r1, r5
10001fd6:	bf38      	it	cc
10001fd8:	2600      	movcc	r6, #0
10001fda:	b083      	sub	sp, #12
10001fdc:	bf38      	it	cc
10001fde:	4635      	movcc	r5, r6
10001fe0:	4604      	mov	r4, r0
10001fe2:	460f      	mov	r7, r1
10001fe4:	f000 f8f0 	bl	100021c8 <time_us_64>
10001fe8:	1a30      	subs	r0, r6, r0
10001fea:	eb65 0301 	sbc.w	r3, r5, r1
10001fee:	2801      	cmp	r0, #1
10001ff0:	f173 0300 	sbcs.w	r3, r3, #0
10001ff4:	da06      	bge.n	10002004 <sleep_until+0x40>
10001ff6:	4620      	mov	r0, r4
10001ff8:	4639      	mov	r1, r7
10001ffa:	b003      	add	sp, #12
10001ffc:	e8bd 43f0 	ldmia.w	sp!, {r4, r5, r6, r7, r8, r9, lr}
10002000:	f000 b8ec 	b.w	100021dc <busy_wait_until>
10002004:	f000 f8e0 	bl	100021c8 <time_us_64>
10002008:	4286      	cmp	r6, r0
1000200a:	eb65 0101 	sbc.w	r1, r5, r1
1000200e:	2900      	cmp	r1, #0
10002010:	db0a      	blt.n	10002028 <sleep_until+0x64>
10002012:	2100      	movs	r1, #0
10002014:	4b15      	ldr	r3, [pc, #84]	@ (1000206c <sleep_until+0xa8>)
10002016:	4632      	mov	r2, r6
10002018:	9300      	str	r3, [sp, #0]
1000201a:	4815      	ldr	r0, [pc, #84]	@ (10002070 <sleep_until+0xac>)
1000201c:	462b      	mov	r3, r5
1000201e:	9101      	str	r1, [sp, #4]
10002020:	f7ff ff2a 	bl	10001e78 <alarm_pool_add_alarm_at_force_in_context>
10002024:	2800      	cmp	r0, #0
10002026:	dbe6      	blt.n	10001ff6 <sleep_until+0x32>
10002028:	f8df 804c 	ldr.w	r8, [pc, #76]	@ 10002078 <sleep_until+0xb4>
1000202c:	f8df 9044 	ldr.w	r9, [pc, #68]	@ 10002074 <sleep_until+0xb0>
10002030:	f8d8 3024 	ldr.w	r3, [r8, #36]	@ 0x24
10002034:	429d      	cmp	r5, r3
10002036:	d805      	bhi.n	10002044 <sleep_until+0x80>
10002038:	f8d8 2028 	ldr.w	r2, [r8, #40]	@ 0x28
1000203c:	42b2      	cmp	r2, r6
1000203e:	d2da      	bcs.n	10001ff6 <sleep_until+0x32>
10002040:	429d      	cmp	r5, r3
10002042:	d1d8      	bne.n	10001ff6 <sleep_until+0x32>
10002044:	f8d9 3000 	ldr.w	r3, [r9]
10002048:	f3ef 8110 	mrs	r1, PRIMASK
1000204c:	b672      	cpsid	i
1000204e:	e8d3 0fcf 	ldaexb	r0, [r3]
10002052:	2201      	movs	r2, #1
10002054:	2800      	cmp	r0, #0
10002056:	d1fa      	bne.n	1000204e <sleep_until+0x8a>
10002058:	e8c3 2f40 	strexb	r0, r2, [r3]
1000205c:	2800      	cmp	r0, #0
1000205e:	d1f6      	bne.n	1000204e <sleep_until+0x8a>
10002060:	f3bf 8f5f 	dmb	sy
10002064:	4803      	ldr	r0, [pc, #12]	@ (10002074 <sleep_until+0xb0>)
10002066:	f005 f807 	bl	10007078 <vPortLockInternalSpinUnlockWithWait>
1000206a:	e7e1      	b.n	10002030 <sleep_until+0x6c>
1000206c:	10001c61 	.word	0x10001c61
10002070:	200015ac 	.word	0x200015ac
10002074:	20002448 	.word	0x20002448
10002078:	400b0000 	.word	0x400b0000

1000207c <sleep_us>:
1000207c:	b538      	push	{r3, r4, r5, lr}
1000207e:	4604      	mov	r4, r0
10002080:	460d      	mov	r5, r1
10002082:	f000 f8a1 	bl	100021c8 <time_us_64>
10002086:	f04f 32ff 	mov.w	r2, #4294967295	@ 0xffffffff
1000208a:	f06f 4300 	mvn.w	r3, #2147483648	@ 0x80000000
1000208e:	1820      	adds	r0, r4, r0
10002090:	eb45 0101 	adc.w	r1, r5, r1
10002094:	4282      	cmp	r2, r0
10002096:	eb73 0401 	sbcs.w	r4, r3, r1
1000209a:	bf38      	it	cc
1000209c:	4619      	movcc	r1, r3
1000209e:	e8bd 4038 	ldmia.w	sp!, {r3, r4, r5, lr}
100020a2:	bf38      	it	cc
100020a4:	4610      	movcc	r0, r2
100020a6:	f7ff bf8d 	b.w	10001fc4 <sleep_until>
100020aa:	bf00      	nop

100020ac <sleep_ms>:
100020ac:	b510      	push	{r4, lr}
100020ae:	4604      	mov	r4, r0
100020b0:	f000 f88a 	bl	100021c8 <time_us_64>
100020b4:	f44f 737a 	mov.w	r3, #1000	@ 0x3e8
100020b8:	f04f 3cff 	mov.w	ip, #4294967295	@ 0xffffffff
100020bc:	f06f 4200 	mvn.w	r2, #2147483648	@ 0x80000000
100020c0:	fbe4 0103 	umlal	r0, r1, r4, r3
100020c4:	e8bd 4010 	ldmia.w	sp!, {r4, lr}
100020c8:	4584      	cmp	ip, r0
100020ca:	eb72 0301 	sbcs.w	r3, r2, r1
100020ce:	bf3c      	itt	cc
100020d0:	4660      	movcc	r0, ip
100020d2:	4611      	movcc	r1, r2
100020d4:	f7ff bf76 	b.w	10001fc4 <sleep_until>

100020d8 <best_effort_wfe_or_timeout>:
100020d8:	e92d 43f0 	stmdb	sp!, {r4, r5, r6, r7, r8, r9, lr}
100020dc:	4606      	mov	r6, r0
100020de:	460d      	mov	r5, r1
100020e0:	b083      	sub	sp, #12
100020e2:	f3ef 8405 	mrs	r4, IPSR
100020e6:	b2e4      	uxtb	r4, r4
100020e8:	b13c      	cbz	r4, 100020fa <best_effort_wfe_or_timeout+0x22>
100020ea:	4b27      	ldr	r3, [pc, #156]	@ (10002188 <best_effort_wfe_or_timeout+0xb0>)
100020ec:	6a58      	ldr	r0, [r3, #36]	@ 0x24
100020ee:	42a8      	cmp	r0, r5
100020f0:	d21c      	bcs.n	1000212c <best_effort_wfe_or_timeout+0x54>
100020f2:	2000      	movs	r0, #0
100020f4:	b003      	add	sp, #12
100020f6:	e8bd 83f0 	ldmia.w	sp!, {r4, r5, r6, r7, r8, r9, pc}
100020fa:	4f24      	ldr	r7, [pc, #144]	@ (1000218c <best_effort_wfe_or_timeout+0xb4>)
100020fc:	f8d7 900c 	ldr.w	r9, [r7, #12]
10002100:	f897 8000 	ldrb.w	r8, [r7]
10002104:	4648      	mov	r0, r9
10002106:	f000 f857 	bl	100021b8 <timer_time_us_64>
1000210a:	f108 0804 	add.w	r8, r8, #4
1000210e:	f859 3028 	ldr.w	r3, [r9, r8, lsl #2]
10002112:	1a1b      	subs	r3, r3, r0
10002114:	1a30      	subs	r0, r6, r0
10002116:	eb65 0101 	sbc.w	r1, r5, r1
1000211a:	4298      	cmp	r0, r3
1000211c:	f171 0100 	sbcs.w	r1, r1, #0
10002120:	db11      	blt.n	10002146 <best_effort_wfe_or_timeout+0x6e>
10002122:	bf20      	wfe
10002124:	4b18      	ldr	r3, [pc, #96]	@ (10002188 <best_effort_wfe_or_timeout+0xb0>)
10002126:	6a58      	ldr	r0, [r3, #36]	@ 0x24
10002128:	42a8      	cmp	r0, r5
1000212a:	d3e2      	bcc.n	100020f2 <best_effort_wfe_or_timeout+0x1a>
1000212c:	6a9b      	ldr	r3, [r3, #40]	@ 0x28
1000212e:	42b3      	cmp	r3, r6
10002130:	d303      	bcc.n	1000213a <best_effort_wfe_or_timeout+0x62>
10002132:	2001      	movs	r0, #1
10002134:	b003      	add	sp, #12
10002136:	e8bd 83f0 	ldmia.w	sp!, {r4, r5, r6, r7, r8, r9, pc}
1000213a:	1b40      	subs	r0, r0, r5
1000213c:	bf18      	it	ne
1000213e:	2001      	movne	r0, #1
10002140:	b003      	add	sp, #12
10002142:	e8bd 83f0 	ldmia.w	sp!, {r4, r5, r6, r7, r8, r9, pc}
10002146:	f000 f83f 	bl	100021c8 <time_us_64>
1000214a:	4286      	cmp	r6, r0
1000214c:	eb65 0101 	sbc.w	r1, r5, r1
10002150:	2900      	cmp	r1, #0
10002152:	dbca      	blt.n	100020ea <best_effort_wfe_or_timeout+0x12>
10002154:	4b0e      	ldr	r3, [pc, #56]	@ (10002190 <best_effort_wfe_or_timeout+0xb8>)
10002156:	4638      	mov	r0, r7
10002158:	e9cd 3400 	strd	r3, r4, [sp]
1000215c:	4632      	mov	r2, r6
1000215e:	462b      	mov	r3, r5
10002160:	f7ff fe8a 	bl	10001e78 <alarm_pool_add_alarm_at_force_in_context>
10002164:	1e01      	subs	r1, r0, #0
10002166:	ddc0      	ble.n	100020ea <best_effort_wfe_or_timeout+0x12>
10002168:	4b07      	ldr	r3, [pc, #28]	@ (10002188 <best_effort_wfe_or_timeout+0xb0>)
1000216a:	6a5a      	ldr	r2, [r3, #36]	@ 0x24
1000216c:	42aa      	cmp	r2, r5
1000216e:	d308      	bcc.n	10002182 <best_effort_wfe_or_timeout+0xaa>
10002170:	6a9b      	ldr	r3, [r3, #40]	@ 0x28
10002172:	42b3      	cmp	r3, r6
10002174:	d303      	bcc.n	1000217e <best_effort_wfe_or_timeout+0xa6>
10002176:	4805      	ldr	r0, [pc, #20]	@ (1000218c <best_effort_wfe_or_timeout+0xb4>)
10002178:	f7ff fee2 	bl	10001f40 <alarm_pool_cancel_alarm>
1000217c:	e7b5      	b.n	100020ea <best_effort_wfe_or_timeout+0x12>
1000217e:	42aa      	cmp	r2, r5
10002180:	d1f9      	bne.n	10002176 <best_effort_wfe_or_timeout+0x9e>
10002182:	bf20      	wfe
10002184:	e7f7      	b.n	10002176 <best_effort_wfe_or_timeout+0x9e>
10002186:	bf00      	nop
10002188:	400b0000 	.word	0x400b0000
1000218c:	200015ac 	.word	0x200015ac
10002190:	10001c61 	.word	0x10001c61

10002194 <timer_hardware_alarm_claim>:
10002194:	b410      	push	{r4}
10002196:	4b05      	ldr	r3, [pc, #20]	@ (100021ac <timer_hardware_alarm_claim+0x18>)
10002198:	4c05      	ldr	r4, [pc, #20]	@ (100021b0 <timer_hardware_alarm_claim+0x1c>)
1000219a:	4a06      	ldr	r2, [pc, #24]	@ (100021b4 <timer_hardware_alarm_claim+0x20>)
1000219c:	42a0      	cmp	r0, r4
1000219e:	bf14      	ite	ne
100021a0:	4618      	movne	r0, r3
100021a2:	1c58      	addeq	r0, r3, #1
100021a4:	f85d 4b04 	ldr.w	r4, [sp], #4
100021a8:	f7fe bfd0 	b.w	1000114c <hw_claim_or_assert>
100021ac:	20001f1c 	.word	0x20001f1c
100021b0:	400b8000 	.word	0x400b8000
100021b4:	1000b4dc 	.word	0x1000b4dc

100021b8 <timer_time_us_64>:
100021b8:	4603      	mov	r3, r0
100021ba:	6a41      	ldr	r1, [r0, #36]	@ 0x24
100021bc:	460a      	mov	r2, r1
100021be:	6a98      	ldr	r0, [r3, #40]	@ 0x28
100021c0:	6a59      	ldr	r1, [r3, #36]	@ 0x24
100021c2:	428a      	cmp	r2, r1
100021c4:	d1fa      	bne.n	100021bc <timer_time_us_64+0x4>
100021c6:	4770      	bx	lr

100021c8 <time_us_64>:
100021c8:	4b03      	ldr	r3, [pc, #12]	@ (100021d8 <time_us_64+0x10>)
100021ca:	6a59      	ldr	r1, [r3, #36]	@ 0x24
100021cc:	460a      	mov	r2, r1
100021ce:	6a98      	ldr	r0, [r3, #40]	@ 0x28
100021d0:	6a59      	ldr	r1, [r3, #36]	@ 0x24
100021d2:	4291      	cmp	r1, r2
100021d4:	d1fa      	bne.n	100021cc <time_us_64+0x4>
100021d6:	4770      	bx	lr
100021d8:	400b0000 	.word	0x400b0000

100021dc <busy_wait_until>:
100021dc:	4a07      	ldr	r2, [pc, #28]	@ (100021fc <busy_wait_until+0x20>)
100021de:	6a53      	ldr	r3, [r2, #36]	@ 0x24
100021e0:	4299      	cmp	r1, r3
100021e2:	d8fc      	bhi.n	100021de <busy_wait_until+0x2>
100021e4:	4299      	cmp	r1, r3
100021e6:	d107      	bne.n	100021f8 <busy_wait_until+0x1c>
100021e8:	4b04      	ldr	r3, [pc, #16]	@ (100021fc <busy_wait_until+0x20>)
100021ea:	e002      	b.n	100021f2 <busy_wait_until+0x16>
100021ec:	6a5a      	ldr	r2, [r3, #36]	@ 0x24
100021ee:	4291      	cmp	r1, r2
100021f0:	d102      	bne.n	100021f8 <busy_wait_until+0x1c>
100021f2:	6a9a      	ldr	r2, [r3, #40]	@ 0x28
100021f4:	4282      	cmp	r2, r0
100021f6:	d3f9      	bcc.n	100021ec <busy_wait_until+0x10>
100021f8:	4770      	bx	lr
100021fa:	bf00      	nop
100021fc:	400b0000 	.word	0x400b0000

10002200 <clock_configure_undivided>:
10002200:	eb00 0c40 	add.w	ip, r0, r0, lsl #1
10002204:	ea4f 0c8c 	mov.w	ip, ip, lsl #2
10002208:	f10c 4c80 	add.w	ip, ip, #1073741824	@ 0x40000000
1000220c:	f50c 3c80 	add.w	ip, ip, #65536	@ 0x10000
10002210:	b5f0      	push	{r4, r5, r6, r7, lr}
10002212:	4616      	mov	r6, r2
10002214:	f8dc 2004 	ldr.w	r2, [ip, #4]
10002218:	1f05      	subs	r5, r0, #4
1000221a:	f5b2 3f80 	cmp.w	r2, #65536	@ 0x10000
1000221e:	bf38      	it	cc
10002220:	f44f 3280 	movcc.w	r2, #65536	@ 0x10000
10002224:	b2ed      	uxtb	r5, r5
10002226:	bf38      	it	cc
10002228:	f8cc 2004 	strcc.w	r2, [ip, #4]
1000222c:	2d01      	cmp	r5, #1
1000222e:	d92a      	bls.n	10002286 <clock_configure_undivided+0x86>
10002230:	f44f 6700 	mov.w	r7, #2048	@ 0x800
10002234:	4c25      	ldr	r4, [pc, #148]	@ (100022cc <clock_configure_undivided+0xcc>)
10002236:	f50c 5240 	add.w	r2, ip, #12288	@ 0x3000
1000223a:	6017      	str	r7, [r2, #0]
1000223c:	f854 2020 	ldr.w	r2, [r4, r0, lsl #2]
10002240:	b9b2      	cbnz	r2, 10002270 <clock_configure_undivided+0x70>
10002242:	f8dc 2000 	ldr.w	r2, [ip]
10002246:	2d01      	cmp	r5, #1
10002248:	ea82 1246 	eor.w	r2, r2, r6, lsl #5
1000224c:	f002 02e0 	and.w	r2, r2, #224	@ 0xe0
10002250:	f50c 5680 	add.w	r6, ip, #4096	@ 0x1000
10002254:	6032      	str	r2, [r6, #0]
10002256:	d92a      	bls.n	100022ae <clock_configure_undivided+0xae>
10002258:	f44f 6100 	mov.w	r1, #2048	@ 0x800
1000225c:	f844 3020 	str.w	r3, [r4, r0, lsl #2]
10002260:	f44f 3380 	mov.w	r3, #65536	@ 0x10000
10002264:	f50c 5200 	add.w	r2, ip, #8192	@ 0x2000
10002268:	6011      	str	r1, [r2, #0]
1000226a:	f8cc 3004 	str.w	r3, [ip, #4]
1000226e:	bdf0      	pop	{r4, r5, r6, r7, pc}
10002270:	6967      	ldr	r7, [r4, #20]
10002272:	fbb7 fef2 	udiv	lr, r7, r2
10002276:	f10e 0e01 	add.w	lr, lr, #1
1000227a:	eb0e 0e4e 	add.w	lr, lr, lr, lsl #1
1000227e:	f1be 0e03 	subs.w	lr, lr, #3
10002282:	d2fc      	bcs.n	1000227e <clock_configure_undivided+0x7e>
10002284:	e7dd      	b.n	10002242 <clock_configure_undivided+0x42>
10002286:	2901      	cmp	r1, #1
10002288:	d1d2      	bne.n	10002230 <clock_configure_undivided+0x30>
1000228a:	2403      	movs	r4, #3
1000228c:	f50c 5240 	add.w	r2, ip, #12288	@ 0x3000
10002290:	6014      	str	r4, [r2, #0]
10002292:	f8dc 2008 	ldr.w	r2, [ip, #8]
10002296:	07d2      	lsls	r2, r2, #31
10002298:	d5fb      	bpl.n	10002292 <clock_configure_undivided+0x92>
1000229a:	f8dc 2000 	ldr.w	r2, [ip]
1000229e:	4c0b      	ldr	r4, [pc, #44]	@ (100022cc <clock_configure_undivided+0xcc>)
100022a0:	ea82 1246 	eor.w	r2, r2, r6, lsl #5
100022a4:	f002 02e0 	and.w	r2, r2, #224	@ 0xe0
100022a8:	f50c 5680 	add.w	r6, ip, #4096	@ 0x1000
100022ac:	6032      	str	r2, [r6, #0]
100022ae:	2201      	movs	r2, #1
100022b0:	f8dc 5000 	ldr.w	r5, [ip]
100022b4:	404d      	eors	r5, r1
100022b6:	f005 0503 	and.w	r5, r5, #3
100022ba:	6035      	str	r5, [r6, #0]
100022bc:	fa02 f101 	lsl.w	r1, r2, r1
100022c0:	f8dc 2008 	ldr.w	r2, [ip, #8]
100022c4:	420a      	tst	r2, r1
100022c6:	d0fb      	beq.n	100022c0 <clock_configure_undivided+0xc0>
100022c8:	e7c6      	b.n	10002258 <clock_configure_undivided+0x58>
100022ca:	bf00      	nop
100022cc:	20001f20 	.word	0x20001f20

100022d0 <clock_get_hz>:
100022d0:	4b01      	ldr	r3, [pc, #4]	@ (100022d8 <clock_get_hz+0x8>)
100022d2:	f853 0020 	ldr.w	r0, [r3, r0, lsl #2]
100022d6:	4770      	bx	lr
100022d8:	20001f20 	.word	0x20001f20

100022dc <pll_init>:
100022dc:	b470      	push	{r4, r5, r6}
100022de:	9d03      	ldr	r5, [sp, #12]
100022e0:	6804      	ldr	r4, [r0, #0]
100022e2:	032d      	lsls	r5, r5, #12
100022e4:	ea45 4503 	orr.w	r5, r5, r3, lsl #16
100022e8:	4b1b      	ldr	r3, [pc, #108]	@ (10002358 <pll_init+0x7c>)
100022ea:	2c00      	cmp	r4, #0
100022ec:	fbb3 f3f1 	udiv	r3, r3, r1
100022f0:	fbb2 f6f3 	udiv	r6, r2, r3
100022f4:	db1f      	blt.n	10002336 <pll_init+0x5a>
100022f6:	4a19      	ldr	r2, [pc, #100]	@ (1000235c <pll_init+0x80>)
100022f8:	4b19      	ldr	r3, [pc, #100]	@ (10002360 <pll_init+0x84>)
100022fa:	4290      	cmp	r0, r2
100022fc:	bf14      	ite	ne
100022fe:	f44f 4280 	movne.w	r2, #16384	@ 0x4000
10002302:	f44f 4200 	moveq.w	r2, #32768	@ 0x8000
10002306:	4c17      	ldr	r4, [pc, #92]	@ (10002364 <pll_init+0x88>)
10002308:	601a      	str	r2, [r3, #0]
1000230a:	f503 5380 	add.w	r3, r3, #4096	@ 0x1000
1000230e:	601a      	str	r2, [r3, #0]
10002310:	68a3      	ldr	r3, [r4, #8]
10002312:	ea32 0303 	bics.w	r3, r2, r3
10002316:	d1fb      	bne.n	10002310 <pll_init+0x34>
10002318:	2221      	movs	r2, #33	@ 0x21
1000231a:	f500 5340 	add.w	r3, r0, #12288	@ 0x3000
1000231e:	3304      	adds	r3, #4
10002320:	6001      	str	r1, [r0, #0]
10002322:	6086      	str	r6, [r0, #8]
10002324:	601a      	str	r2, [r3, #0]
10002326:	6802      	ldr	r2, [r0, #0]
10002328:	2a00      	cmp	r2, #0
1000232a:	dafc      	bge.n	10002326 <pll_init+0x4a>
1000232c:	2208      	movs	r2, #8
1000232e:	60c5      	str	r5, [r0, #12]
10002330:	601a      	str	r2, [r3, #0]
10002332:	bc70      	pop	{r4, r5, r6}
10002334:	4770      	bx	lr
10002336:	6803      	ldr	r3, [r0, #0]
10002338:	f003 033f 	and.w	r3, r3, #63	@ 0x3f
1000233c:	428b      	cmp	r3, r1
1000233e:	d1da      	bne.n	100022f6 <pll_init+0x1a>
10002340:	6883      	ldr	r3, [r0, #8]
10002342:	f3c3 030b 	ubfx	r3, r3, #0, #12
10002346:	42b3      	cmp	r3, r6
10002348:	d1d5      	bne.n	100022f6 <pll_init+0x1a>
1000234a:	68c3      	ldr	r3, [r0, #12]
1000234c:	f403 23ee 	and.w	r3, r3, #487424	@ 0x77000
10002350:	42ab      	cmp	r3, r5
10002352:	d1d0      	bne.n	100022f6 <pll_init+0x1a>
10002354:	e7ed      	b.n	10002332 <pll_init+0x56>
10002356:	bf00      	nop
10002358:	00b71b00 	.word	0x00b71b00
1000235c:	40058000 	.word	0x40058000
10002360:	40022000 	.word	0x40022000
10002364:	40020000 	.word	0x40020000

10002368 <watchdog_reboot>:
10002368:	b430      	push	{r4, r5}
1000236a:	f04f 4480 	mov.w	r4, #1073741824	@ 0x40000000
1000236e:	4b1c      	ldr	r3, [pc, #112]	@ (100023e0 <watchdog_reboot+0x78>)
10002370:	601c      	str	r4, [r3, #0]
10002372:	b1e0      	cbz	r0, 100023ae <watchdog_reboot+0x46>
10002374:	4c1b      	ldr	r4, [pc, #108]	@ (100023e4 <watchdog_reboot+0x7c>)
10002376:	f5a3 5340 	sub.w	r3, r3, #12288	@ 0x3000
1000237a:	61dc      	str	r4, [r3, #28]
1000237c:	4c1a      	ldr	r4, [pc, #104]	@ (100023e8 <watchdog_reboot+0x80>)
1000237e:	f040 0001 	orr.w	r0, r0, #1
10002382:	4044      	eors	r4, r0
10002384:	621c      	str	r4, [r3, #32]
10002386:	6259      	str	r1, [r3, #36]	@ 0x24
10002388:	6298      	str	r0, [r3, #40]	@ 0x28
1000238a:	f04f 4580 	mov.w	r5, #1073741824	@ 0x40000000
1000238e:	f04f 61e0 	mov.w	r1, #117440512	@ 0x7000000
10002392:	4b13      	ldr	r3, [pc, #76]	@ (100023e0 <watchdog_reboot+0x78>)
10002394:	4815      	ldr	r0, [pc, #84]	@ (100023ec <watchdog_reboot+0x84>)
10002396:	4c16      	ldr	r4, [pc, #88]	@ (100023f0 <watchdog_reboot+0x88>)
10002398:	601d      	str	r5, [r3, #0]
1000239a:	6084      	str	r4, [r0, #8]
1000239c:	6019      	str	r1, [r3, #0]
1000239e:	b94a      	cbnz	r2, 100023b4 <watchdog_reboot+0x4c>
100023a0:	bc30      	pop	{r4, r5}
100023a2:	f04f 4200 	mov.w	r2, #2147483648	@ 0x80000000
100023a6:	f5a3 5380 	sub.w	r3, r3, #4096	@ 0x1000
100023aa:	601a      	str	r2, [r3, #0]
100023ac:	4770      	bx	lr
100023ae:	4b11      	ldr	r3, [pc, #68]	@ (100023f4 <watchdog_reboot+0x8c>)
100023b0:	61d8      	str	r0, [r3, #28]
100023b2:	e7ea      	b.n	1000238a <watchdog_reboot+0x22>
100023b4:	f44f 737a 	mov.w	r3, #1000	@ 0x3e8
100023b8:	fb03 f202 	mul.w	r2, r3, r2
100023bc:	f1b2 7f80 	cmp.w	r2, #16777216	@ 0x1000000
100023c0:	bf2a      	itet	cs
100023c2:	f06f 437f 	mvncs.w	r3, #4278190080	@ 0xff000000
100023c6:	4613      	movcc	r3, r2
100023c8:	461a      	movcs	r2, r3
100023ca:	f04f 4180 	mov.w	r1, #1073741824	@ 0x40000000
100023ce:	4c0a      	ldr	r4, [pc, #40]	@ (100023f8 <watchdog_reboot+0x90>)
100023d0:	4808      	ldr	r0, [pc, #32]	@ (100023f4 <watchdog_reboot+0x8c>)
100023d2:	6023      	str	r3, [r4, #0]
100023d4:	4b09      	ldr	r3, [pc, #36]	@ (100023fc <watchdog_reboot+0x94>)
100023d6:	6042      	str	r2, [r0, #4]
100023d8:	bc30      	pop	{r4, r5}
100023da:	6019      	str	r1, [r3, #0]
100023dc:	4770      	bx	lr
100023de:	bf00      	nop
100023e0:	400db000 	.word	0x400db000
100023e4:	b007c0d3 	.word	0xb007c0d3
100023e8:	4ff83f2d 	.word	0x4ff83f2d
100023ec:	4001a000 	.word	0x4001a000
100023f0:	01fffff3 	.word	0x01fffff3
100023f4:	400d8000 	.word	0x400d8000
100023f8:	20002384 	.word	0x20002384
100023fc:	400da000 	.word	0x400da000

10002400 <tick_start>:
10002400:	2301      	movs	r3, #1
10002402:	eb00 0040 	add.w	r0, r0, r0, lsl #1
10002406:	0080      	lsls	r0, r0, #2
10002408:	f100 4080 	add.w	r0, r0, #1073741824	@ 0x40000000
1000240c:	f500 1084 	add.w	r0, r0, #1081344	@ 0x108000
10002410:	6041      	str	r1, [r0, #4]
10002412:	6003      	str	r3, [r0, #0]
10002414:	4770      	bx	lr
10002416:	bf00      	nop

10002418 <rom_reboot.constprop.0.isra.0>:
10002418:	2300      	movs	r3, #0
1000241a:	b570      	push	{r4, r5, r6, lr}
1000241c:	8adb      	ldrh	r3, [r3, #22]
1000241e:	4604      	mov	r4, r0
10002420:	460d      	mov	r5, r1
10002422:	2200      	movs	r2, #0
10002424:	e842 f200 	tt	r2, r2
10002428:	0252      	lsls	r2, r2, #9
1000242a:	bf54      	ite	pl
1000242c:	2110      	movpl	r1, #16
1000242e:	2104      	movmi	r1, #4
10002430:	f244 2052 	movw	r0, #16978	@ 0x4252
10002434:	4798      	blx	r3
10002436:	4686      	mov	lr, r0
10002438:	462b      	mov	r3, r5
1000243a:	4622      	mov	r2, r4
1000243c:	46f4      	mov	ip, lr
1000243e:	e8bd 4070 	ldmia.w	sp!, {r4, r5, r6, lr}
10002442:	210a      	movs	r1, #10
10002444:	f44f 7081 	mov.w	r0, #258	@ 0x102
10002448:	4760      	bx	ip
1000244a:	bf00      	nop

1000244c <rom_func_lookup>:
1000244c:	2300      	movs	r3, #0
1000244e:	8adb      	ldrh	r3, [r3, #22]
10002450:	2200      	movs	r2, #0
10002452:	e842 f200 	tt	r2, r2
10002456:	0252      	lsls	r2, r2, #9
10002458:	d401      	bmi.n	1000245e <rom_func_lookup+0x12>
1000245a:	2110      	movs	r1, #16
1000245c:	4718      	bx	r3
1000245e:	2104      	movs	r1, #4
10002460:	4718      	bx	r3
10002462:	bf00      	nop

10002464 <rom_reset_usb_boot_extra>:
10002464:	b508      	push	{r3, lr}
10002466:	4603      	mov	r3, r0
10002468:	4608      	mov	r0, r1
1000246a:	1e19      	subs	r1, r3, #0
1000246c:	db02      	blt.n	10002474 <rom_reset_usb_boot_extra+0x10>
1000246e:	b11a      	cbz	r2, 10002478 <rom_reset_usb_boot_extra+0x14>
10002470:	f040 0030 	orr.w	r0, r0, #48	@ 0x30
10002474:	f7ff ffd0 	bl	10002418 <rom_reboot.constprop.0.isra.0>
10002478:	f040 0020 	orr.w	r0, r0, #32
1000247c:	e7fa      	b.n	10002474 <rom_reset_usb_boot_extra+0x10>
1000247e:	bf00      	nop

10002480 <runtime_init_bootrom_locking_enable>:
10002480:	4a03      	ldr	r2, [pc, #12]	@ (10002490 <runtime_init_bootrom_locking_enable+0x10>)
10002482:	f8d2 3828 	ldr.w	r3, [r2, #2088]	@ 0x828
10002486:	2b00      	cmp	r3, #0
10002488:	d0fb      	beq.n	10002482 <runtime_init_bootrom_locking_enable+0x2>
1000248a:	f3bf 8f5f 	dmb	sy
1000248e:	4770      	bx	lr
10002490:	400e0000 	.word	0x400e0000

10002494 <runtime_init_boot_locks_reset>:
10002494:	2100      	movs	r1, #0
10002496:	4b04      	ldr	r3, [pc, #16]	@ (100024a8 <runtime_init_boot_locks_reset+0x14>)
10002498:	4a04      	ldr	r2, [pc, #16]	@ (100024ac <runtime_init_boot_locks_reset+0x18>)
1000249a:	f3bf 8f5f 	dmb	sy
1000249e:	f843 1b04 	str.w	r1, [r3], #4
100024a2:	4293      	cmp	r3, r2
100024a4:	d1f9      	bne.n	1000249a <runtime_init_boot_locks_reset+0x6>
100024a6:	4770      	bx	lr
100024a8:	400e080c 	.word	0x400e080c
100024ac:	400e082c 	.word	0x400e082c

100024b0 <xosc_init>:
100024b0:	b410      	push	{r4}
100024b2:	f44f 708d 	mov.w	r0, #282	@ 0x11a
100024b6:	f44f 642a 	mov.w	r4, #2720	@ 0xaa0
100024ba:	4a06      	ldr	r2, [pc, #24]	@ (100024d4 <xosc_init+0x24>)
100024bc:	4b06      	ldr	r3, [pc, #24]	@ (100024d8 <xosc_init+0x28>)
100024be:	4907      	ldr	r1, [pc, #28]	@ (100024dc <xosc_init+0x2c>)
100024c0:	6014      	str	r4, [r2, #0]
100024c2:	60d0      	str	r0, [r2, #12]
100024c4:	6019      	str	r1, [r3, #0]
100024c6:	6853      	ldr	r3, [r2, #4]
100024c8:	2b00      	cmp	r3, #0
100024ca:	dafc      	bge.n	100024c6 <xosc_init+0x16>
100024cc:	f85d 4b04 	ldr.w	r4, [sp], #4
100024d0:	4770      	bx	lr
100024d2:	bf00      	nop
100024d4:	40048000 	.word	0x40048000
100024d8:	4004a000 	.word	0x4004a000
100024dc:	00fab000 	.word	0x00fab000

100024e0 <first_per_core_initializer>:
100024e0:	4770      	bx	lr
100024e2:	bf00      	nop

100024e4 <hard_assertion_failure>:
100024e4:	b508      	push	{r3, lr}
100024e6:	4801      	ldr	r0, [pc, #4]	@ (100024ec <hard_assertion_failure+0x8>)
100024e8:	f7fe fdfc 	bl	100010e4 <panic>
100024ec:	1000b500 	.word	0x1000b500

100024f0 <runtime_run_initializers>:
100024f0:	b538      	push	{r3, r4, r5, lr}
100024f2:	4c05      	ldr	r4, [pc, #20]	@ (10002508 <runtime_run_initializers+0x18>)
100024f4:	4d05      	ldr	r5, [pc, #20]	@ (1000250c <runtime_run_initializers+0x1c>)
100024f6:	42ac      	cmp	r4, r5
100024f8:	d204      	bcs.n	10002504 <runtime_run_initializers+0x14>
100024fa:	f854 3b04 	ldr.w	r3, [r4], #4
100024fe:	4798      	blx	r3
10002500:	42ac      	cmp	r4, r5
10002502:	d3fa      	bcc.n	100024fa <runtime_run_initializers+0xa>
10002504:	bd38      	pop	{r3, r4, r5, pc}
10002506:	bf00      	nop
10002508:	1000b318 	.word	0x1000b318
1000250c:	1000b358 	.word	0x1000b358

10002510 <runtime_run_per_core_initializers>:
10002510:	b538      	push	{r3, r4, r5, lr}
10002512:	4c05      	ldr	r4, [pc, #20]	@ (10002528 <runtime_run_per_core_initializers+0x18>)
10002514:	4d05      	ldr	r5, [pc, #20]	@ (1000252c <runtime_run_per_core_initializers+0x1c>)
10002516:	42ac      	cmp	r4, r5
10002518:	d204      	bcs.n	10002524 <runtime_run_per_core_initializers+0x14>
1000251a:	f854 3b04 	ldr.w	r3, [r4], #4
1000251e:	4798      	blx	r3
10002520:	42ac      	cmp	r4, r5
10002522:	d3fa      	bcc.n	1000251a <runtime_run_per_core_initializers+0xa>
10002524:	bd38      	pop	{r3, r4, r5, pc}
10002526:	bf00      	nop
10002528:	1000b344 	.word	0x1000b344
1000252c:	1000b358 	.word	0x1000b358

10002530 <runtime_init_early_resets>:
10002530:	b410      	push	{r4}
10002532:	4807      	ldr	r0, [pc, #28]	@ (10002550 <runtime_init_early_resets+0x20>)
10002534:	4c07      	ldr	r4, [pc, #28]	@ (10002554 <runtime_init_early_resets+0x24>)
10002536:	4b08      	ldr	r3, [pc, #32]	@ (10002558 <runtime_init_early_resets+0x28>)
10002538:	4a08      	ldr	r2, [pc, #32]	@ (1000255c <runtime_init_early_resets+0x2c>)
1000253a:	4909      	ldr	r1, [pc, #36]	@ (10002560 <runtime_init_early_resets+0x30>)
1000253c:	6004      	str	r4, [r0, #0]
1000253e:	601a      	str	r2, [r3, #0]
10002540:	688b      	ldr	r3, [r1, #8]
10002542:	ea32 0303 	bics.w	r3, r2, r3
10002546:	d1fb      	bne.n	10002540 <runtime_init_early_resets+0x10>
10002548:	f85d 4b04 	ldr.w	r4, [sp], #4
1000254c:	4770      	bx	lr
1000254e:	bf00      	nop
10002550:	40022000 	.word	0x40022000
10002554:	efef3b7f 	.word	0xefef3b7f
10002558:	40023000 	.word	0x40023000
1000255c:	03f3fff6 	.word	0x03f3fff6
10002560:	40020000 	.word	0x40020000

10002564 <runtime_init_usb_power_down>:
10002564:	4b04      	ldr	r3, [pc, #16]	@ (10002578 <runtime_init_usb_power_down+0x14>)
10002566:	6cdb      	ldr	r3, [r3, #76]	@ 0x4c
10002568:	f5b3 4f00 	cmp.w	r3, #32768	@ 0x8000
1000256c:	d103      	bne.n	10002576 <runtime_init_usb_power_down+0x12>
1000256e:	f44f 2280 	mov.w	r2, #262144	@ 0x40000
10002572:	4b02      	ldr	r3, [pc, #8]	@ (1000257c <runtime_init_usb_power_down+0x18>)
10002574:	64da      	str	r2, [r3, #76]	@ 0x4c
10002576:	4770      	bx	lr
10002578:	50110000 	.word	0x50110000
1000257c:	50112000 	.word	0x50112000

10002580 <runtime_init_per_core_enable_coprocessors>:
10002580:	f04f 22e0 	mov.w	r2, #3758153728	@ 0xe000e000
10002584:	4b04      	ldr	r3, [pc, #16]	@ (10002598 <runtime_init_per_core_enable_coprocessors+0x18>)
10002586:	f8d2 1d88 	ldr.w	r1, [r2, #3464]	@ 0xd88
1000258a:	430b      	orrs	r3, r1
1000258c:	f8c2 3d88 	str.w	r3, [r2, #3464]	@ 0xd88
10002590:	ee10 0430 	dcp_rcmp r0
10002594:	4770      	bx	lr
10002596:	bf00      	nop
10002598:	00300303 	.word	0x00300303

1000259c <runtime_init_post_clock_resets>:
1000259c:	f06f 4160 	mvn.w	r1, #3758096384	@ 0xe0000000
100025a0:	4b04      	ldr	r3, [pc, #16]	@ (100025b4 <runtime_init_post_clock_resets+0x18>)
100025a2:	4a05      	ldr	r2, [pc, #20]	@ (100025b8 <runtime_init_post_clock_resets+0x1c>)
100025a4:	6019      	str	r1, [r3, #0]
100025a6:	6893      	ldr	r3, [r2, #8]
100025a8:	43db      	mvns	r3, r3
100025aa:	f033 4360 	bics.w	r3, r3, #3758096384	@ 0xe0000000
100025ae:	d1fa      	bne.n	100025a6 <runtime_init_post_clock_resets+0xa>
100025b0:	4770      	bx	lr
100025b2:	bf00      	nop
100025b4:	40023000 	.word	0x40023000
100025b8:	40020000 	.word	0x40020000

100025bc <runtime_init_bootrom_reset>:
100025bc:	b510      	push	{r4, lr}
100025be:	f245 2053 	movw	r0, #21075	@ 0x5253
100025c2:	f7ff ff43 	bl	1000244c <rom_func_lookup>
100025c6:	e8bd 4010 	ldmia.w	sp!, {r4, lr}
100025ca:	4603      	mov	r3, r0
100025cc:	2004      	movs	r0, #4
100025ce:	4718      	bx	r3

100025d0 <runtime_init_per_core_bootrom_reset>:
100025d0:	b510      	push	{r4, lr}
100025d2:	f245 2053 	movw	r0, #21075	@ 0x5253
100025d6:	f7ff ff39 	bl	1000244c <rom_func_lookup>
100025da:	e8bd 4010 	ldmia.w	sp!, {r4, lr}
100025de:	4603      	mov	r3, r0
100025e0:	2001      	movs	r0, #1
100025e2:	4718      	bx	r3

100025e4 <runtime_init_spin_locks_reset>:
100025e4:	f7fe be5a 	b.w	1000129c <spin_locks_reset>

100025e8 <runtime_init_install_ram_vector_table>:
100025e8:	b570      	push	{r4, r5, r6, lr}
100025ea:	4914      	ldr	r1, [pc, #80]	@ (1000263c <runtime_init_install_ram_vector_table+0x54>)
100025ec:	4c14      	ldr	r4, [pc, #80]	@ (10002640 <runtime_init_install_ram_vector_table+0x58>)
100025ee:	4d15      	ldr	r5, [pc, #84]	@ (10002644 <runtime_init_install_ram_vector_table+0x5c>)
100025f0:	1a64      	subs	r4, r4, r1
100025f2:	10a6      	asrs	r6, r4, #2
100025f4:	2e44      	cmp	r6, #68	@ 0x44
100025f6:	4632      	mov	r2, r6
100025f8:	bf28      	it	cs
100025fa:	2244      	movcs	r2, #68	@ 0x44
100025fc:	4628      	mov	r0, r5
100025fe:	0092      	lsls	r2, r2, #2
10002600:	f008 fd5e 	bl	1000b0c0 <memcpy>
10002604:	f5b4 7f86 	cmp.w	r4, #268	@ 0x10c
10002608:	d813      	bhi.n	10002632 <runtime_init_install_ram_vector_table+0x4a>
1000260a:	4a0f      	ldr	r2, [pc, #60]	@ (10002648 <runtime_init_install_ram_vector_table+0x60>)
1000260c:	f1c6 0144 	rsb	r1, r6, #68	@ 0x44
10002610:	d012      	beq.n	10002638 <runtime_init_install_ram_vector_table+0x50>
10002612:	192b      	adds	r3, r5, r4
10002614:	0848      	lsrs	r0, r1, #1
10002616:	eb03 00c0 	add.w	r0, r3, r0, lsl #3
1000261a:	e9c3 2200 	strd	r2, r2, [r3]
1000261e:	3308      	adds	r3, #8
10002620:	4283      	cmp	r3, r0
10002622:	d1fa      	bne.n	1000261a <runtime_init_install_ram_vector_table+0x32>
10002624:	07cb      	lsls	r3, r1, #31
10002626:	d504      	bpl.n	10002632 <runtime_init_install_ram_vector_table+0x4a>
10002628:	f021 0301 	bic.w	r3, r1, #1
1000262c:	4433      	add	r3, r6
1000262e:	f845 2023 	str.w	r2, [r5, r3, lsl #2]
10002632:	4b06      	ldr	r3, [pc, #24]	@ (1000264c <runtime_init_install_ram_vector_table+0x64>)
10002634:	609d      	str	r5, [r3, #8]
10002636:	bd70      	pop	{r4, r5, r6, pc}
10002638:	2343      	movs	r3, #67	@ 0x43
1000263a:	e7f8      	b.n	1000262e <runtime_init_install_ram_vector_table+0x46>
1000263c:	10000000 	.word	0x10000000
10002640:	10000110 	.word	0x10000110
10002644:	20000000 	.word	0x20000000
10002648:	10000111 	.word	0x10000111
1000264c:	e000ed00 	.word	0xe000ed00

10002650 <runtime_init_clocks>:
10002650:	2300      	movs	r3, #0
10002652:	b570      	push	{r4, r5, r6, lr}
10002654:	4c2b      	ldr	r4, [pc, #172]	@ (10002704 <runtime_init_clocks+0xb4>)
10002656:	b082      	sub	sp, #8
10002658:	f8c4 3084 	str.w	r3, [r4, #132]	@ 0x84
1000265c:	f7ff ff28 	bl	100024b0 <xosc_init>
10002660:	2201      	movs	r2, #1
10002662:	4b29      	ldr	r3, [pc, #164]	@ (10002708 <runtime_init_clocks+0xb8>)
10002664:	63da      	str	r2, [r3, #60]	@ 0x3c
10002666:	6c63      	ldr	r3, [r4, #68]	@ 0x44
10002668:	2b01      	cmp	r3, #1
1000266a:	d1fc      	bne.n	10002666 <runtime_init_clocks+0x16>
1000266c:	2103      	movs	r1, #3
1000266e:	4a26      	ldr	r2, [pc, #152]	@ (10002708 <runtime_init_clocks+0xb8>)
10002670:	4b24      	ldr	r3, [pc, #144]	@ (10002704 <runtime_init_clocks+0xb4>)
10002672:	6311      	str	r1, [r2, #48]	@ 0x30
10002674:	6b9c      	ldr	r4, [r3, #56]	@ 0x38
10002676:	2c01      	cmp	r4, #1
10002678:	d1fc      	bne.n	10002674 <runtime_init_clocks+0x24>
1000267a:	2602      	movs	r6, #2
1000267c:	2505      	movs	r5, #5
1000267e:	4621      	mov	r1, r4
10002680:	2305      	movs	r3, #5
10002682:	4a22      	ldr	r2, [pc, #136]	@ (1000270c <runtime_init_clocks+0xbc>)
10002684:	4822      	ldr	r0, [pc, #136]	@ (10002710 <runtime_init_clocks+0xc0>)
10002686:	9600      	str	r6, [sp, #0]
10002688:	f7ff fe28 	bl	100022dc <pll_init>
1000268c:	4621      	mov	r1, r4
1000268e:	462b      	mov	r3, r5
10002690:	4a20      	ldr	r2, [pc, #128]	@ (10002714 <runtime_init_clocks+0xc4>)
10002692:	4821      	ldr	r0, [pc, #132]	@ (10002718 <runtime_init_clocks+0xc8>)
10002694:	9500      	str	r5, [sp, #0]
10002696:	f7ff fe21 	bl	100022dc <pll_init>
1000269a:	2200      	movs	r2, #0
1000269c:	2004      	movs	r0, #4
1000269e:	4631      	mov	r1, r6
100026a0:	4b1e      	ldr	r3, [pc, #120]	@ (1000271c <runtime_init_clocks+0xcc>)
100026a2:	f7ff fdad 	bl	10002200 <clock_configure_undivided>
100026a6:	4621      	mov	r1, r4
100026a8:	4628      	mov	r0, r5
100026aa:	2200      	movs	r2, #0
100026ac:	4b1c      	ldr	r3, [pc, #112]	@ (10002720 <runtime_init_clocks+0xd0>)
100026ae:	f7ff fda7 	bl	10002200 <clock_configure_undivided>
100026b2:	2200      	movs	r2, #0
100026b4:	2008      	movs	r0, #8
100026b6:	4611      	mov	r1, r2
100026b8:	4b1a      	ldr	r3, [pc, #104]	@ (10002724 <runtime_init_clocks+0xd4>)
100026ba:	f7ff fda1 	bl	10002200 <clock_configure_undivided>
100026be:	2200      	movs	r2, #0
100026c0:	2009      	movs	r0, #9
100026c2:	4611      	mov	r1, r2
100026c4:	4b17      	ldr	r3, [pc, #92]	@ (10002724 <runtime_init_clocks+0xd4>)
100026c6:	f7ff fd9b 	bl	10002200 <clock_configure_undivided>
100026ca:	2200      	movs	r2, #0
100026cc:	2006      	movs	r0, #6
100026ce:	4611      	mov	r1, r2
100026d0:	4b13      	ldr	r3, [pc, #76]	@ (10002720 <runtime_init_clocks+0xd0>)
100026d2:	f7ff fd95 	bl	10002200 <clock_configure_undivided>
100026d6:	2200      	movs	r2, #0
100026d8:	4b11      	ldr	r3, [pc, #68]	@ (10002720 <runtime_init_clocks+0xd0>)
100026da:	2007      	movs	r0, #7
100026dc:	4611      	mov	r1, r2
100026de:	f7ff fd8f 	bl	10002200 <clock_configure_undivided>
100026e2:	2004      	movs	r0, #4
100026e4:	f7ff fdf4 	bl	100022d0 <clock_get_hz>
100026e8:	2400      	movs	r4, #0
100026ea:	4b0f      	ldr	r3, [pc, #60]	@ (10002728 <runtime_init_clocks+0xd8>)
100026ec:	fba3 3500 	umull	r3, r5, r3, r0
100026f0:	0cad      	lsrs	r5, r5, #18
100026f2:	b2e0      	uxtb	r0, r4
100026f4:	4629      	mov	r1, r5
100026f6:	3401      	adds	r4, #1
100026f8:	f7ff fe82 	bl	10002400 <tick_start>
100026fc:	2c06      	cmp	r4, #6
100026fe:	d1f8      	bne.n	100026f2 <runtime_init_clocks+0xa2>
10002700:	b002      	add	sp, #8
10002702:	bd70      	pop	{r4, r5, r6, pc}
10002704:	40010000 	.word	0x40010000
10002708:	40013000 	.word	0x40013000
1000270c:	59682f00 	.word	0x59682f00
10002710:	40050000 	.word	0x40050000
10002714:	47868c00 	.word	0x47868c00
10002718:	40058000 	.word	0x40058000
1000271c:	00b71b00 	.word	0x00b71b00
10002720:	08f0d180 	.word	0x08f0d180
10002724:	02dc6c00 	.word	0x02dc6c00
10002728:	431bde83 	.word	0x431bde83

1000272c <generic_save_state>:
1000272c:	b086      	sub	sp, #24
1000272e:	b403      	push	{r0, r1}
10002730:	fc51 0408 	dcp_pxmd r0, r1
10002734:	e9cd 0102 	strd	r0, r1, [sp, #8]
10002738:	fc51 0409 	dcp_pymd r0, r1
1000273c:	e9cd 0104 	strd	r0, r1, [sp, #16]
10002740:	ec51 040a 	dcp_refd r0, r1
10002744:	e9cd 0106 	strd	r0, r1, [sp, #24]
10002748:	bc03      	pop	{r0, r1}
1000274a:	47f0      	blx	lr

1000274c <generic_restore_state>:
1000274c:	e8bd 5000 	ldmia.w	sp!, {ip, lr}
10002750:	ec4e c400 	dcp_wxmd ip, lr
10002754:	e8bd 5000 	ldmia.w	sp!, {ip, lr}
10002758:	ec4e c401 	dcp_wymd ip, lr
1000275c:	e8bd 5000 	ldmia.w	sp!, {ip, lr}
10002760:	ec4e c402 	dcp_wefd ip, lr
10002764:	bd00      	pop	{pc}
10002766:	0000      	movs	r0, r0
10002768:	b500      	push	{lr}
1000276a:	f7ff ffdf 	bl	1000272c <generic_save_state>
1000276e:	e002      	b.n	10002776 <__wrap___aeabi_dadd+0x6>

10002770 <__wrap___aeabi_dadd>:
10002770:	fe10 f430 	dcp_pcmp APSR_nzcv
10002774:	d4f8      	bmi.n	10002768 <generic_restore_state+0x1c>
10002776:	ec41 0410 	dcp_wxup r0, r1
1000277a:	ec43 2411 	dcp_wyup r2, r3
1000277e:	ee00 0401 	dcp_add0
10002782:	ee10 0401 	dcp_add1
10002786:	ee80 0420 	dcp_nrdd
1000278a:	ec51 0410 	dcp_rdda r0, r1
1000278e:	4770      	bx	lr
10002790:	b500      	push	{lr}
10002792:	f7ff ffcb 	bl	1000272c <generic_save_state>
10002796:	e002      	b.n	1000279e <__wrap___aeabi_dsub+0x6>

10002798 <__wrap___aeabi_dsub>:
10002798:	fe10 f430 	dcp_pcmp APSR_nzcv
1000279c:	d4f8      	bmi.n	10002790 <__wrap___aeabi_dadd+0x20>
1000279e:	ec41 0410 	dcp_wxup r0, r1
100027a2:	ec43 2411 	dcp_wyup r2, r3
100027a6:	ee00 0401 	dcp_add0
100027aa:	ee10 0421 	dcp_sub1
100027ae:	ee80 0420 	dcp_nrdd
100027b2:	ec51 0430 	dcp_rdds r0, r1
100027b6:	4770      	bx	lr
100027b8:	b500      	push	{lr}
100027ba:	f7ff ffb7 	bl	1000272c <generic_save_state>
100027be:	e002      	b.n	100027c6 <__wrap___aeabi_dmul+0x6>

100027c0 <__wrap___aeabi_dmul>:
100027c0:	fe10 f430 	dcp_pcmp APSR_nzcv
100027c4:	d4f8      	bmi.n	100027b8 <__wrap___aeabi_dsub+0x20>
100027c6:	b510      	push	{r4, lr}
100027c8:	ec41 0410 	dcp_wxup r0, r1
100027cc:	ec43 2411 	dcp_wyup r2, r3
100027d0:	ec51 0404 	dcp_rxms r0, r1, #0x0
100027d4:	ec53 2405 	dcp_ryms r2, r3, #0x0
100027d8:	fba0 4c02 	umull	r4, ip, r0, r2
100027dc:	f05f 0e00 	movs.w	lr, #0
100027e0:	fbe0 ce03 	umlal	ip, lr, r0, r3
100027e4:	fbe1 ce02 	umlal	ip, lr, r1, r2
100027e8:	ec4c 4420 	dcp_wxms r4, ip
100027ec:	2400      	movs	r4, #0
100027ee:	fbe1 e403 	umlal	lr, r4, r1, r3
100027f2:	ec44 e430 	dcp_wxmo lr, r4
100027f6:	ee80 0420 	dcp_nrdd
100027fa:	ec51 0450 	dcp_rddm r0, r1
100027fe:	e8bd 4010 	ldmia.w	sp!, {r4, lr}
10002802:	4770      	bx	lr
10002804:	b500      	push	{lr}
10002806:	f7ff ff91 	bl	1000272c <generic_save_state>
1000280a:	e002      	b.n	10002812 <__wrap___aeabi_ddiv+0x6>

1000280c <__wrap___aeabi_ddiv>:
1000280c:	fe10 f430 	dcp_pcmp APSR_nzcv
10002810:	d4f8      	bmi.n	10002804 <__wrap___aeabi_dmul+0x44>
10002812:	ec41 0410 	dcp_wxup r0, r1
10002816:	ec43 2411 	dcp_wyup r2, r3
1000281a:	ec51 0421 	dcp_rymr r0, r1
1000281e:	fba0 1201 	umull	r1, r2, r0, r1
10002822:	ea6f 0282 	mvn.w	r2, r2, lsl #2
10002826:	fb52 0010 	smmlar	r0, r2, r0, r0
1000282a:	fb52 f212 	smmulr	r2, r2, r2
1000282e:	fb52 0010 	smmlar	r0, r2, r0, r0
10002832:	eba0 7cd0 	sub.w	ip, r0, r0, lsr #31
10002836:	ec53 2404 	dcp_rxms r2, r3, #0x0
1000283a:	fb5c f113 	smmulr	r1, ip, r3
1000283e:	ec53 2415 	dcp_ryms r2, r3, #0x1
10002842:	fba1 2002 	umull	r2, r0, r1, r2
10002846:	fb01 0003 	mla	r0, r1, r3, r0
1000284a:	ec53 2444 	dcp_rxms r2, r3, #0x4
1000284e:	eba2 0000 	sub.w	r0, r2, r0
10002852:	fb50 f21c 	smmulr	r2, r0, ip
10002856:	ea4f 1311 	mov.w	r3, r1, lsr #4
1000285a:	eb12 7001 	adds.w	r0, r2, r1, lsl #28
1000285e:	eb43 71e2 	adc.w	r1, r3, r2, asr #31
10002862:	ea40 5051 	orr.w	r0, r0, r1, lsr #21
10002866:	ea20 5091 	bic.w	r0, r0, r1, lsr #22
1000286a:	f020 0007 	bic.w	r0, r0, #7
1000286e:	ec53 2475 	dcp_ryms r2, r3, #0x7
10002872:	fba0 3c02 	umull	r3, ip, r0, r2
10002876:	ec53 2475 	dcp_ryms r2, r3, #0x7
1000287a:	fb00 cc03 	mla	ip, r0, r3, ip
1000287e:	fb01 cc02 	mla	ip, r1, r2, ip
10002882:	ec53 2404 	dcp_rxms r2, r3, #0x0
10002886:	ebac 4c82 	sub.w	ip, ip, r2, lsl #18
1000288a:	ea40 705c 	orr.w	r0, r0, ip, lsr #29
1000288e:	f1a0 0001 	sub.w	r0, r0, #1
10002892:	ec41 0440 	dcp_wxdd r0, r1
10002896:	ee80 0420 	dcp_nrdd
1000289a:	ec51 0470 	dcp_rddd r0, r1
1000289e:	4770      	bx	lr
100028a0:	b500      	push	{lr}
100028a2:	f7ff ff43 	bl	1000272c <generic_save_state>
100028a6:	e002      	b.n	100028ae <__wrap___aeabi_i2d+0x6>

100028a8 <__wrap___aeabi_i2d>:
100028a8:	fe10 f430 	dcp_pcmp APSR_nzcv
100028ac:	d4f8      	bmi.n	100028a0 <__wrap___aeabi_ddiv+0x94>
100028ae:	ec40 0470 	dcp_wxic r0, r0
100028b2:	ee00 0401 	dcp_add0
100028b6:	ee10 0421 	dcp_sub1
100028ba:	ee80 0420 	dcp_nrdd
100028be:	ec51 0430 	dcp_rdds r0, r1
100028c2:	4770      	bx	lr
100028c4:	b500      	push	{lr}
100028c6:	f7ff ff31 	bl	1000272c <generic_save_state>
100028ca:	e002      	b.n	100028d2 <__wrap___aeabi_ui2d+0x6>

100028cc <__wrap___aeabi_ui2d>:
100028cc:	fe10 f430 	dcp_pcmp APSR_nzcv
100028d0:	d4f8      	bmi.n	100028c4 <__wrap___aeabi_i2d+0x1c>
100028d2:	ec40 0460 	dcp_wxuc r0, r0
100028d6:	ee00 0401 	dcp_add0
100028da:	ee10 0421 	dcp_sub1
100028de:	ee80 0420 	dcp_nrdd
100028e2:	ec51 0430 	dcp_rdds r0, r1
100028e6:	4770      	bx	lr
100028e8:	b500      	push	{lr}
100028ea:	f7ff ff1f 	bl	1000272c <generic_save_state>
100028ee:	e002      	b.n	100028f6 <double2int_z_entry>

100028f0 <__wrap___aeabi_d2iz>:
100028f0:	fe10 f430 	dcp_pcmp APSR_nzcv
100028f4:	d4f8      	bmi.n	100028e8 <__wrap___aeabi_ui2d+0x1c>

100028f6 <double2int_z_entry>:
100028f6:	ec41 0480 	dcp_wxdc r0, r1
100028fa:	ee00 0401 	dcp_add0
100028fe:	ee10 0401 	dcp_add1
10002902:	ee80 0440 	dcp_ntdc
10002906:	ee10 0413 	dcp_rdic r0
1000290a:	4770      	bx	lr
1000290c:	b500      	push	{lr}
1000290e:	f7ff ff0d 	bl	1000272c <generic_save_state>
10002912:	e002      	b.n	1000291a <double2uint_z_entry>

10002914 <__wrap___aeabi_d2uiz>:
10002914:	fe10 f430 	dcp_pcmp APSR_nzcv
10002918:	d4f8      	bmi.n	1000290c <double2int_z_entry+0x16>

1000291a <double2uint_z_entry>:
1000291a:	ec41 0480 	dcp_wxdc r0, r1
1000291e:	ee00 0401 	dcp_add0
10002922:	ee10 0401 	dcp_add1
10002926:	ee80 0440 	dcp_ntdc
1000292a:	ee10 0433 	dcp_rduc r0
1000292e:	4770      	bx	lr
10002930:	b500      	push	{lr}
10002932:	f7ff fefb 	bl	1000272c <generic_save_state>
10002936:	e002      	b.n	1000293e <__wrap___aeabi_dcmpun+0x6>

10002938 <__wrap___aeabi_dcmpun>:
10002938:	fe10 f430 	dcp_pcmp APSR_nzcv
1000293c:	d4f8      	bmi.n	10002930 <double2uint_z_entry+0x16>
1000293e:	ec41 0410 	dcp_wxup r0, r1
10002942:	ec43 2411 	dcp_wyup r2, r3
10002946:	ee00 0401 	dcp_add0
1000294a:	ee10 0430 	dcp_rcmp r0
1000294e:	f3c0 7000 	ubfx	r0, r0, #28, #1
10002952:	4770      	bx	lr
10002954:	b500      	push	{lr}
10002956:	f7ff fee9 	bl	1000272c <generic_save_state>
1000295a:	e002      	b.n	10002962 <__wrap___aeabi_dcmplt+0x6>

1000295c <__wrap___aeabi_dcmplt>:
1000295c:	fe10 f430 	dcp_pcmp APSR_nzcv
10002960:	d4f8      	bmi.n	10002954 <__wrap___aeabi_dcmpun+0x1c>
10002962:	ec43 2410 	dcp_wxup r2, r3
10002966:	ec41 0411 	dcp_wyup r0, r1
1000296a:	ee00 0401 	dcp_add0
1000296e:	ee10 f430 	dcp_rcmp APSR_nzcv
10002972:	bf8c      	ite	hi
10002974:	2001      	movhi	r0, #1
10002976:	2000      	movls	r0, #0
10002978:	4770      	bx	lr
1000297a:	bf00      	nop
1000297c:	b500      	push	{lr}
1000297e:	f7ff fed5 	bl	1000272c <generic_save_state>
10002982:	e002      	b.n	1000298a <__wrap___aeabi_dcmpge+0x6>

10002984 <__wrap___aeabi_dcmpge>:
10002984:	fe10 f430 	dcp_pcmp APSR_nzcv
10002988:	d4f8      	bmi.n	1000297c <__wrap___aeabi_dcmplt+0x20>
1000298a:	ec41 0410 	dcp_wxup r0, r1
1000298e:	ec43 2411 	dcp_wyup r2, r3
10002992:	ee00 0401 	dcp_add0
10002996:	ee10 f430 	dcp_rcmp APSR_nzcv
1000299a:	bf2c      	ite	cs
1000299c:	2001      	movcs	r0, #1
1000299e:	2000      	movcc	r0, #0
100029a0:	4770      	bx	lr
100029a2:	bf00      	nop
100029a4:	b500      	push	{lr}
100029a6:	f7ff fec1 	bl	1000272c <generic_save_state>
100029aa:	e002      	b.n	100029b2 <__wrap___aeabi_dcmpgt+0x6>

100029ac <__wrap___aeabi_dcmpgt>:
100029ac:	fe10 f430 	dcp_pcmp APSR_nzcv
100029b0:	d4f8      	bmi.n	100029a4 <__wrap___aeabi_dcmpge+0x20>
100029b2:	ec41 0410 	dcp_wxup r0, r1
100029b6:	ec43 2411 	dcp_wyup r2, r3
100029ba:	ee00 0401 	dcp_add0
100029be:	ee10 f430 	dcp_rcmp APSR_nzcv
100029c2:	bf8c      	ite	hi
100029c4:	2001      	movhi	r0, #1
100029c6:	2000      	movls	r0, #0
100029c8:	4770      	bx	lr
100029ca:	bf00      	nop

100029cc <_out_buffer>:
100029cc:	429a      	cmp	r2, r3
100029ce:	bf38      	it	cc
100029d0:	5488      	strbcc	r0, [r1, r2]
100029d2:	4770      	bx	lr

100029d4 <_out_null>:
100029d4:	4770      	bx	lr
100029d6:	bf00      	nop

100029d8 <_out_rev>:
100029d8:	e92d 4ff0 	stmdb	sp!, {r4, r5, r6, r7, r8, r9, sl, fp, lr}
100029dc:	b083      	sub	sp, #12
100029de:	4699      	mov	r9, r3
100029e0:	e9dd ab0d 	ldrd	sl, fp, [sp, #52]	@ 0x34
100029e4:	9b0f      	ldr	r3, [sp, #60]	@ 0x3c
100029e6:	4688      	mov	r8, r1
100029e8:	4611      	mov	r1, r2
100029ea:	079a      	lsls	r2, r3, #30
100029ec:	4607      	mov	r7, r0
100029ee:	d116      	bne.n	10002a1e <_out_rev+0x46>
100029f0:	45da      	cmp	sl, fp
100029f2:	d23a      	bcs.n	10002a6a <_out_rev+0x92>
100029f4:	460c      	mov	r4, r1
100029f6:	460d      	mov	r5, r1
100029f8:	ebab 060a 	sub.w	r6, fp, sl
100029fc:	440e      	add	r6, r1
100029fe:	4622      	mov	r2, r4
10002a00:	464b      	mov	r3, r9
10002a02:	4641      	mov	r1, r8
10002a04:	2020      	movs	r0, #32
10002a06:	3401      	adds	r4, #1
10002a08:	47b8      	blx	r7
10002a0a:	42b4      	cmp	r4, r6
10002a0c:	d1f7      	bne.n	100029fe <_out_rev+0x26>
10002a0e:	4629      	mov	r1, r5
10002a10:	f1ba 0f00 	cmp.w	sl, #0
10002a14:	d108      	bne.n	10002a28 <_out_rev+0x50>
10002a16:	4620      	mov	r0, r4
10002a18:	b003      	add	sp, #12
10002a1a:	e8bd 8ff0 	ldmia.w	sp!, {r4, r5, r6, r7, r8, r9, sl, fp, pc}
10002a1e:	460c      	mov	r4, r1
10002a20:	f1ba 0f00 	cmp.w	sl, #0
10002a24:	d010      	beq.n	10002a48 <_out_rev+0x70>
10002a26:	460e      	mov	r6, r1
10002a28:	4655      	mov	r5, sl
10002a2a:	9b0c      	ldr	r3, [sp, #48]	@ 0x30
10002a2c:	442e      	add	r6, r5
10002a2e:	449a      	add	sl, r3
10002a30:	9101      	str	r1, [sp, #4]
10002a32:	1b72      	subs	r2, r6, r5
10002a34:	464b      	mov	r3, r9
10002a36:	3d01      	subs	r5, #1
10002a38:	4641      	mov	r1, r8
10002a3a:	f81a 0d01 	ldrb.w	r0, [sl, #-1]!
10002a3e:	4634      	mov	r4, r6
10002a40:	47b8      	blx	r7
10002a42:	2d00      	cmp	r5, #0
10002a44:	d1f5      	bne.n	10002a32 <_out_rev+0x5a>
10002a46:	9901      	ldr	r1, [sp, #4]
10002a48:	9b0f      	ldr	r3, [sp, #60]	@ 0x3c
10002a4a:	079b      	lsls	r3, r3, #30
10002a4c:	d5e3      	bpl.n	10002a16 <_out_rev+0x3e>
10002a4e:	1a65      	subs	r5, r4, r1
10002a50:	45ab      	cmp	fp, r5
10002a52:	d9e0      	bls.n	10002a16 <_out_rev+0x3e>
10002a54:	4622      	mov	r2, r4
10002a56:	464b      	mov	r3, r9
10002a58:	4641      	mov	r1, r8
10002a5a:	2020      	movs	r0, #32
10002a5c:	3501      	adds	r5, #1
10002a5e:	47b8      	blx	r7
10002a60:	455d      	cmp	r5, fp
10002a62:	f104 0401 	add.w	r4, r4, #1
10002a66:	d3f5      	bcc.n	10002a54 <_out_rev+0x7c>
10002a68:	e7d5      	b.n	10002a16 <_out_rev+0x3e>
10002a6a:	f1ba 0f00 	cmp.w	sl, #0
10002a6e:	d1da      	bne.n	10002a26 <_out_rev+0x4e>
10002a70:	460c      	mov	r4, r1
10002a72:	e7d0      	b.n	10002a16 <_out_rev+0x3e>

10002a74 <_ntoa_format>:
10002a74:	e92d 4ff0 	stmdb	sp!, {r4, r5, r6, r7, r8, r9, sl, fp, lr}
10002a78:	9f0f      	ldr	r7, [sp, #60]	@ 0x3c
10002a7a:	f8dd e024 	ldr.w	lr, [sp, #36]	@ 0x24
10002a7e:	f017 0f02 	tst.w	r7, #2
10002a82:	9c0a      	ldr	r4, [sp, #40]	@ 0x28
10002a84:	f89d 902c 	ldrb.w	r9, [sp, #44]	@ 0x2c
10002a88:	9d0e      	ldr	r5, [sp, #56]	@ 0x38
10002a8a:	e9dd 860c 	ldrd	r8, r6, [sp, #48]	@ 0x30
10002a8e:	d129      	bne.n	10002ae4 <_ntoa_format+0x70>
10002a90:	2d00      	cmp	r5, #0
10002a92:	d16f      	bne.n	10002b74 <_ntoa_format+0x100>
10002a94:	42b4      	cmp	r4, r6
10002a96:	d225      	bcs.n	10002ae4 <_ntoa_format+0x70>
10002a98:	2c20      	cmp	r4, #32
10002a9a:	f007 0b01 	and.w	fp, r7, #1
10002a9e:	f000 8112 	beq.w	10002cc6 <_ntoa_format+0x252>
10002aa2:	f104 3cff 	add.w	ip, r4, #4294967295	@ 0xffffffff
10002aa6:	f04f 0a30 	mov.w	sl, #48	@ 0x30
10002aaa:	44f4      	add	ip, lr
10002aac:	e001      	b.n	10002ab2 <_ntoa_format+0x3e>
10002aae:	2c20      	cmp	r4, #32
10002ab0:	d07a      	beq.n	10002ba8 <_ntoa_format+0x134>
10002ab2:	3401      	adds	r4, #1
10002ab4:	42a6      	cmp	r6, r4
10002ab6:	f80c af01 	strb.w	sl, [ip, #1]!
10002aba:	d8f8      	bhi.n	10002aae <_ntoa_format+0x3a>
10002abc:	f1bb 0f00 	cmp.w	fp, #0
10002ac0:	d010      	beq.n	10002ae4 <_ntoa_format+0x70>
10002ac2:	42ac      	cmp	r4, r5
10002ac4:	d20e      	bcs.n	10002ae4 <_ntoa_format+0x70>
10002ac6:	2c20      	cmp	r4, #32
10002ac8:	d074      	beq.n	10002bb4 <_ntoa_format+0x140>
10002aca:	f104 3cff 	add.w	ip, r4, #4294967295	@ 0xffffffff
10002ace:	f04f 0a30 	mov.w	sl, #48	@ 0x30
10002ad2:	44f4      	add	ip, lr
10002ad4:	e001      	b.n	10002ada <_ntoa_format+0x66>
10002ad6:	2c20      	cmp	r4, #32
10002ad8:	d029      	beq.n	10002b2e <_ntoa_format+0xba>
10002ada:	3401      	adds	r4, #1
10002adc:	42ac      	cmp	r4, r5
10002ade:	f80c af01 	strb.w	sl, [ip, #1]!
10002ae2:	d1f8      	bne.n	10002ad6 <_ntoa_format+0x62>
10002ae4:	f017 0f10 	tst.w	r7, #16
10002ae8:	d03a      	beq.n	10002b60 <_ntoa_format+0xec>
10002aea:	f417 6f80 	tst.w	r7, #1024	@ 0x400
10002aee:	d128      	bne.n	10002b42 <_ntoa_format+0xce>
10002af0:	bb1c      	cbnz	r4, 10002b3a <_ntoa_format+0xc6>
10002af2:	f1b8 0f10 	cmp.w	r8, #16
10002af6:	f000 80ca 	beq.w	10002c8e <_ntoa_format+0x21a>
10002afa:	f1b8 0f02 	cmp.w	r8, #2
10002afe:	f000 80d4 	beq.w	10002caa <_ntoa_format+0x236>
10002b02:	2430      	movs	r4, #48	@ 0x30
10002b04:	f88e 4000 	strb.w	r4, [lr]
10002b08:	2401      	movs	r4, #1
10002b0a:	f1b9 0f00 	cmp.w	r9, #0
10002b0e:	d167      	bne.n	10002be0 <_ntoa_format+0x16c>
10002b10:	077e      	lsls	r6, r7, #29
10002b12:	f140 80aa 	bpl.w	10002c6a <_ntoa_format+0x1f6>
10002b16:	262b      	movs	r6, #43	@ 0x2b
10002b18:	f80e 6004 	strb.w	r6, [lr, r4]
10002b1c:	3401      	adds	r4, #1
10002b1e:	e9cd 570b 	strd	r5, r7, [sp, #44]	@ 0x2c
10002b22:	e9cd e409 	strd	lr, r4, [sp, #36]	@ 0x24
10002b26:	e8bd 4ff0 	ldmia.w	sp!, {r4, r5, r6, r7, r8, r9, sl, fp, lr}
10002b2a:	f7ff bf55 	b.w	100029d8 <_out_rev>
10002b2e:	06fc      	lsls	r4, r7, #27
10002b30:	f140 8089 	bpl.w	10002c46 <_ntoa_format+0x1d2>
10002b34:	057c      	lsls	r4, r7, #21
10002b36:	d435      	bmi.n	10002ba4 <_ntoa_format+0x130>
10002b38:	2420      	movs	r4, #32
10002b3a:	42a6      	cmp	r6, r4
10002b3c:	d06a      	beq.n	10002c14 <_ntoa_format+0x1a0>
10002b3e:	42ac      	cmp	r4, r5
10002b40:	d068      	beq.n	10002c14 <_ntoa_format+0x1a0>
10002b42:	f1b8 0f10 	cmp.w	r8, #16
10002b46:	f000 8087 	beq.w	10002c58 <_ntoa_format+0x1e4>
10002b4a:	f1b8 0f02 	cmp.w	r8, #2
10002b4e:	d05a      	beq.n	10002c06 <_ntoa_format+0x192>
10002b50:	2c20      	cmp	r4, #32
10002b52:	d0e4      	beq.n	10002b1e <_ntoa_format+0xaa>
10002b54:	4626      	mov	r6, r4
10002b56:	3401      	adds	r4, #1
10002b58:	f04f 0c30 	mov.w	ip, #48	@ 0x30
10002b5c:	f80e c006 	strb.w	ip, [lr, r6]
10002b60:	2c20      	cmp	r4, #32
10002b62:	d1d2      	bne.n	10002b0a <_ntoa_format+0x96>
10002b64:	e9cd 570b 	strd	r5, r7, [sp, #44]	@ 0x2c
10002b68:	e9cd e409 	strd	lr, r4, [sp, #36]	@ 0x24
10002b6c:	e8bd 4ff0 	ldmia.w	sp!, {r4, r5, r6, r7, r8, r9, sl, fp, lr}
10002b70:	f7ff bf32 	b.w	100029d8 <_out_rev>
10002b74:	f017 0b01 	ands.w	fp, r7, #1
10002b78:	d03e      	beq.n	10002bf8 <_ntoa_format+0x184>
10002b7a:	f1b9 0f00 	cmp.w	r9, #0
10002b7e:	d147      	bne.n	10002c10 <_ntoa_format+0x19c>
10002b80:	f017 0f0c 	tst.w	r7, #12
10002b84:	d144      	bne.n	10002c10 <_ntoa_format+0x19c>
10002b86:	42b4      	cmp	r4, r6
10002b88:	d29b      	bcs.n	10002ac2 <_ntoa_format+0x4e>
10002b8a:	2c20      	cmp	r4, #32
10002b8c:	d189      	bne.n	10002aa2 <_ntoa_format+0x2e>
10002b8e:	2d20      	cmp	r5, #32
10002b90:	d810      	bhi.n	10002bb4 <_ntoa_format+0x140>
10002b92:	06fc      	lsls	r4, r7, #27
10002b94:	d557      	bpl.n	10002c46 <_ntoa_format+0x1d2>
10002b96:	057c      	lsls	r4, r7, #21
10002b98:	d455      	bmi.n	10002c46 <_ntoa_format+0x1d2>
10002b9a:	2e20      	cmp	r6, #32
10002b9c:	f000 80b9 	beq.w	10002d12 <_ntoa_format+0x29e>
10002ba0:	2d20      	cmp	r5, #32
10002ba2:	d010      	beq.n	10002bc6 <_ntoa_format+0x152>
10002ba4:	2420      	movs	r4, #32
10002ba6:	e7cc      	b.n	10002b42 <_ntoa_format+0xce>
10002ba8:	f1bb 0f00 	cmp.w	fp, #0
10002bac:	f000 80a5 	beq.w	10002cfa <_ntoa_format+0x286>
10002bb0:	2d20      	cmp	r5, #32
10002bb2:	d9bc      	bls.n	10002b2e <_ntoa_format+0xba>
10002bb4:	06fc      	lsls	r4, r7, #27
10002bb6:	d546      	bpl.n	10002c46 <_ntoa_format+0x1d2>
10002bb8:	057c      	lsls	r4, r7, #21
10002bba:	d444      	bmi.n	10002c46 <_ntoa_format+0x1d2>
10002bbc:	2e20      	cmp	r6, #32
10002bbe:	f000 80a8 	beq.w	10002d12 <_ntoa_format+0x29e>
10002bc2:	2d20      	cmp	r5, #32
10002bc4:	d13f      	bne.n	10002c46 <_ntoa_format+0x1d2>
10002bc6:	462c      	mov	r4, r5
10002bc8:	261f      	movs	r6, #31
10002bca:	f1b8 0f10 	cmp.w	r8, #16
10002bce:	d07f      	beq.n	10002cd0 <_ntoa_format+0x25c>
10002bd0:	f1b8 0f02 	cmp.w	r8, #2
10002bd4:	d1c0      	bne.n	10002b58 <_ntoa_format+0xe4>
10002bd6:	f04f 0c62 	mov.w	ip, #98	@ 0x62
10002bda:	f80e c006 	strb.w	ip, [lr, r6]
10002bde:	e7b7      	b.n	10002b50 <_ntoa_format+0xdc>
10002be0:	262d      	movs	r6, #45	@ 0x2d
10002be2:	f80e 6004 	strb.w	r6, [lr, r4]
10002be6:	3401      	adds	r4, #1
10002be8:	e9cd 570b 	strd	r5, r7, [sp, #44]	@ 0x2c
10002bec:	e9cd e409 	strd	lr, r4, [sp, #36]	@ 0x24
10002bf0:	e8bd 4ff0 	ldmia.w	sp!, {r4, r5, r6, r7, r8, r9, sl, fp, lr}
10002bf4:	f7ff bef0 	b.w	100029d8 <_out_rev>
10002bf8:	42b4      	cmp	r4, r6
10002bfa:	f4bf af73 	bcs.w	10002ae4 <_ntoa_format+0x70>
10002bfe:	2c20      	cmp	r4, #32
10002c00:	f47f af4f 	bne.w	10002aa2 <_ntoa_format+0x2e>
10002c04:	e7d6      	b.n	10002bb4 <_ntoa_format+0x140>
10002c06:	2c20      	cmp	r4, #32
10002c08:	d089      	beq.n	10002b1e <_ntoa_format+0xaa>
10002c0a:	4626      	mov	r6, r4
10002c0c:	3401      	adds	r4, #1
10002c0e:	e7e2      	b.n	10002bd6 <_ntoa_format+0x162>
10002c10:	3d01      	subs	r5, #1
10002c12:	e7b8      	b.n	10002b86 <_ntoa_format+0x112>
10002c14:	1e66      	subs	r6, r4, #1
10002c16:	d1d8      	bne.n	10002bca <_ntoa_format+0x156>
10002c18:	f1b8 0f10 	cmp.w	r8, #16
10002c1c:	d064      	beq.n	10002ce8 <_ntoa_format+0x274>
10002c1e:	f1b8 0f02 	cmp.w	r8, #2
10002c22:	f47f af6e 	bne.w	10002b02 <_ntoa_format+0x8e>
10002c26:	2662      	movs	r6, #98	@ 0x62
10002c28:	f88e 6000 	strb.w	r6, [lr]
10002c2c:	2630      	movs	r6, #48	@ 0x30
10002c2e:	4644      	mov	r4, r8
10002c30:	f88e 6001 	strb.w	r6, [lr, #1]
10002c34:	f1b9 0f00 	cmp.w	r9, #0
10002c38:	f43f af6a 	beq.w	10002b10 <_ntoa_format+0x9c>
10002c3c:	e7d0      	b.n	10002be0 <_ntoa_format+0x16c>
10002c3e:	f1b8 0f10 	cmp.w	r8, #16
10002c42:	f47f af6c 	bne.w	10002b1e <_ntoa_format+0xaa>
10002c46:	2420      	movs	r4, #32
10002c48:	e9cd 570b 	strd	r5, r7, [sp, #44]	@ 0x2c
10002c4c:	e9cd e409 	strd	lr, r4, [sp, #36]	@ 0x24
10002c50:	e8bd 4ff0 	ldmia.w	sp!, {r4, r5, r6, r7, r8, r9, sl, fp, lr}
10002c54:	f7ff bec0 	b.w	100029d8 <_out_rev>
10002c58:	06be      	lsls	r6, r7, #26
10002c5a:	d40e      	bmi.n	10002c7a <_ntoa_format+0x206>
10002c5c:	2c20      	cmp	r4, #32
10002c5e:	d0f2      	beq.n	10002c46 <_ntoa_format+0x1d2>
10002c60:	2678      	movs	r6, #120	@ 0x78
10002c62:	f80e 6004 	strb.w	r6, [lr, r4]
10002c66:	3401      	adds	r4, #1
10002c68:	e772      	b.n	10002b50 <_ntoa_format+0xdc>
10002c6a:	073e      	lsls	r6, r7, #28
10002c6c:	f57f af57 	bpl.w	10002b1e <_ntoa_format+0xaa>
10002c70:	2620      	movs	r6, #32
10002c72:	f80e 6004 	strb.w	r6, [lr, r4]
10002c76:	3401      	adds	r4, #1
10002c78:	e751      	b.n	10002b1e <_ntoa_format+0xaa>
10002c7a:	2c20      	cmp	r4, #32
10002c7c:	d0e3      	beq.n	10002c46 <_ntoa_format+0x1d2>
10002c7e:	f04f 0c58 	mov.w	ip, #88	@ 0x58
10002c82:	eb0e 0604 	add.w	r6, lr, r4
10002c86:	f886 c000 	strb.w	ip, [r6]
10002c8a:	3401      	adds	r4, #1
10002c8c:	e760      	b.n	10002b50 <_ntoa_format+0xdc>
10002c8e:	06be      	lsls	r6, r7, #26
10002c90:	d517      	bpl.n	10002cc2 <_ntoa_format+0x24e>
10002c92:	2458      	movs	r4, #88	@ 0x58
10002c94:	f88e 4000 	strb.w	r4, [lr]
10002c98:	2430      	movs	r4, #48	@ 0x30
10002c9a:	f88e 4001 	strb.w	r4, [lr, #1]
10002c9e:	2402      	movs	r4, #2
10002ca0:	f1b9 0f00 	cmp.w	r9, #0
10002ca4:	f43f af34 	beq.w	10002b10 <_ntoa_format+0x9c>
10002ca8:	e79a      	b.n	10002be0 <_ntoa_format+0x16c>
10002caa:	2462      	movs	r4, #98	@ 0x62
10002cac:	f88e 4000 	strb.w	r4, [lr]
10002cb0:	2430      	movs	r4, #48	@ 0x30
10002cb2:	f88e 4001 	strb.w	r4, [lr, #1]
10002cb6:	2402      	movs	r4, #2
10002cb8:	f1b9 0f00 	cmp.w	r9, #0
10002cbc:	f43f af28 	beq.w	10002b10 <_ntoa_format+0x9c>
10002cc0:	e78e      	b.n	10002be0 <_ntoa_format+0x16c>
10002cc2:	2478      	movs	r4, #120	@ 0x78
10002cc4:	e7f2      	b.n	10002cac <_ntoa_format+0x238>
10002cc6:	f1bb 0f00 	cmp.w	fp, #0
10002cca:	f47f af62 	bne.w	10002b92 <_ntoa_format+0x11e>
10002cce:	e771      	b.n	10002bb4 <_ntoa_format+0x140>
10002cd0:	f017 0f20 	tst.w	r7, #32
10002cd4:	bf0c      	ite	eq
10002cd6:	f04f 0c78 	moveq.w	ip, #120	@ 0x78
10002cda:	f04f 0c58 	movne.w	ip, #88	@ 0x58
10002cde:	1ea6      	subs	r6, r4, #2
10002ce0:	f80e c006 	strb.w	ip, [lr, r6]
10002ce4:	3c01      	subs	r4, #1
10002ce6:	e735      	b.n	10002b54 <_ntoa_format+0xe0>
10002ce8:	06bc      	lsls	r4, r7, #26
10002cea:	d5ea      	bpl.n	10002cc2 <_ntoa_format+0x24e>
10002cec:	2458      	movs	r4, #88	@ 0x58
10002cee:	f88e 4000 	strb.w	r4, [lr]
10002cf2:	2430      	movs	r4, #48	@ 0x30
10002cf4:	f88e 4001 	strb.w	r4, [lr, #1]
10002cf8:	e7dd      	b.n	10002cb6 <_ntoa_format+0x242>
10002cfa:	f017 0f10 	tst.w	r7, #16
10002cfe:	f43f af0e 	beq.w	10002b1e <_ntoa_format+0xaa>
10002d02:	f417 6f80 	tst.w	r7, #1024	@ 0x400
10002d06:	d19a      	bne.n	10002c3e <_ntoa_format+0x1ca>
10002d08:	2e20      	cmp	r6, #32
10002d0a:	f47f af18 	bne.w	10002b3e <_ntoa_format+0xca>
10002d0e:	261f      	movs	r6, #31
10002d10:	e75b      	b.n	10002bca <_ntoa_format+0x156>
10002d12:	4634      	mov	r4, r6
10002d14:	261f      	movs	r6, #31
10002d16:	e758      	b.n	10002bca <_ntoa_format+0x156>

10002d18 <_out_char>:
10002d18:	b900      	cbnz	r0, 10002d1c <_out_char+0x4>
10002d1a:	4770      	bx	lr
10002d1c:	f001 ba9c 	b.w	10004258 <__wrap_putchar>

10002d20 <_out_fct>:
10002d20:	b110      	cbz	r0, 10002d28 <_out_fct+0x8>
10002d22:	e9d1 3100 	ldrd	r3, r1, [r1]
10002d26:	4718      	bx	r3
10002d28:	4770      	bx	lr
10002d2a:	bf00      	nop
10002d2c:	0000      	movs	r0, r0
	...

10002d30 <_etoa>:
10002d30:	e92d 4ff0 	stmdb	sp!, {r4, r5, r6, r7, r8, r9, sl, fp, lr}
10002d34:	b09f      	sub	sp, #124	@ 0x7c
10002d36:	ed9d 7b28 	vldr	d7, [sp, #160]	@ 0xa0
10002d3a:	e9dd a52a 	ldrd	sl, r5, [sp, #168]	@ 0xa8
10002d3e:	ec58 7b17 	vmov	r7, r8, d7
10002d42:	4683      	mov	fp, r0
10002d44:	461e      	mov	r6, r3
10002d46:	910d      	str	r1, [sp, #52]	@ 0x34
10002d48:	9210      	str	r2, [sp, #64]	@ 0x40
10002d4a:	4643      	mov	r3, r8
10002d4c:	463a      	mov	r2, r7
10002d4e:	4638      	mov	r0, r7
10002d50:	4641      	mov	r1, r8
10002d52:	ed8d 7b08 	vstr	d7, [sp, #32]
10002d56:	9c2c      	ldr	r4, [sp, #176]	@ 0xb0
10002d58:	f7ff fdee 	bl	10002938 <__wrap___aeabi_dcmpun>
10002d5c:	2800      	cmp	r0, #0
10002d5e:	f040 80d8 	bne.w	10002f12 <_etoa+0x1e2>
10002d62:	4638      	mov	r0, r7
10002d64:	4641      	mov	r1, r8
10002d66:	f04f 32ff 	mov.w	r2, #4294967295	@ 0xffffffff
10002d6a:	4b75      	ldr	r3, [pc, #468]	@ (10002f40 <_etoa+0x210>)
10002d6c:	f7ff fe1e 	bl	100029ac <__wrap___aeabi_dcmpgt>
10002d70:	2800      	cmp	r0, #0
10002d72:	f040 80ce 	bne.w	10002f12 <_etoa+0x1e2>
10002d76:	4638      	mov	r0, r7
10002d78:	4641      	mov	r1, r8
10002d7a:	f04f 32ff 	mov.w	r2, #4294967295	@ 0xffffffff
10002d7e:	f46f 1380 	mvn.w	r3, #1048576	@ 0x100000
10002d82:	f7ff fdeb 	bl	1000295c <__wrap___aeabi_dcmplt>
10002d86:	2800      	cmp	r0, #0
10002d88:	f040 80c3 	bne.w	10002f12 <_etoa+0x1e2>
10002d8c:	e9dd 7808 	ldrd	r7, r8, [sp, #32]
10002d90:	2200      	movs	r2, #0
10002d92:	4638      	mov	r0, r7
10002d94:	4641      	mov	r1, r8
10002d96:	2300      	movs	r3, #0
10002d98:	f7ff fde0 	bl	1000295c <__wrap___aeabi_dcmplt>
10002d9c:	2800      	cmp	r0, #0
10002d9e:	f040 81c0 	bne.w	10003122 <_etoa+0x3f2>
10002da2:	e9cd 780a 	strd	r7, r8, [sp, #40]	@ 0x28
10002da6:	e9dd 230a 	ldrd	r2, r3, [sp, #40]	@ 0x28
10002daa:	4690      	mov	r8, r2
10002dac:	461f      	mov	r7, r3
10002dae:	f414 6380 	ands.w	r3, r4, #1024	@ 0x400
10002db2:	bf08      	it	eq
10002db4:	f04f 0a06 	moveq.w	sl, #6
10002db8:	9313      	str	r3, [sp, #76]	@ 0x4c
10002dba:	f404 6200 	and.w	r2, r4, #2048	@ 0x800
10002dbe:	ea58 0307 	orrs.w	r3, r8, r7
10002dc2:	9211      	str	r2, [sp, #68]	@ 0x44
10002dc4:	f040 80c0 	bne.w	10002f48 <_etoa+0x218>
10002dc8:	2a00      	cmp	r2, #0
10002dca:	f000 81a2 	beq.w	10003112 <_etoa+0x3e2>
10002dce:	ed9f 7b5a 	vldr	d7, [pc, #360]	@ 10002f38 <_etoa+0x208>
10002dd2:	2700      	movs	r7, #0
10002dd4:	ed8d 7b0e 	vstr	d7, [sp, #56]	@ 0x38
10002dd8:	f04f 0900 	mov.w	r9, #0
10002ddc:	45ba      	cmp	sl, r7
10002dde:	bfcc      	ite	gt
10002de0:	ebaa 0a07 	subgt.w	sl, sl, r7
10002de4:	f04f 0a00 	movle.w	sl, #0
10002de8:	464f      	mov	r7, r9
10002dea:	bfc8      	it	gt
10002dec:	f10a 3aff 	addgt.w	sl, sl, #4294967295	@ 0xffffffff
10002df0:	f444 6480 	orr.w	r4, r4, #1024	@ 0x400
10002df4:	454d      	cmp	r5, r9
10002df6:	bf94      	ite	ls
10002df8:	f04f 0800 	movls.w	r8, #0
10002dfc:	eba5 0809 	subhi.w	r8, r5, r9
10002e00:	f014 0302 	ands.w	r3, r4, #2
10002e04:	9311      	str	r3, [sp, #68]	@ 0x44
10002e06:	d004      	beq.n	10002e12 <_etoa+0xe2>
10002e08:	f1b9 0f00 	cmp.w	r9, #0
10002e0c:	bf18      	it	ne
10002e0e:	f04f 0800 	movne.w	r8, #0
10002e12:	b13f      	cbz	r7, 10002e24 <_etoa+0xf4>
10002e14:	e9dd 010a 	ldrd	r0, r1, [sp, #40]	@ 0x28
10002e18:	e9dd 230e 	ldrd	r2, r3, [sp, #56]	@ 0x38
10002e1c:	f7ff fcf6 	bl	1000280c <__wrap___aeabi_ddiv>
10002e20:	e9cd 010a 	strd	r0, r1, [sp, #40]	@ 0x28
10002e24:	e9dd 0108 	ldrd	r0, r1, [sp, #32]
10002e28:	2200      	movs	r2, #0
10002e2a:	2300      	movs	r3, #0
10002e2c:	f7ff fd96 	bl	1000295c <__wrap___aeabi_dcmplt>
10002e30:	b130      	cbz	r0, 10002e40 <_etoa+0x110>
10002e32:	e9dd 010a 	ldrd	r0, r1, [sp, #40]	@ 0x28
10002e36:	4602      	mov	r2, r0
10002e38:	f101 4300 	add.w	r3, r1, #2147483648	@ 0x80000000
10002e3c:	e9cd 230a 	strd	r2, r3, [sp, #40]	@ 0x28
10002e40:	ed9d 7b0a 	vldr	d7, [sp, #40]	@ 0x28
10002e44:	e9cd a802 	strd	sl, r8, [sp, #8]
10002e48:	f8dd a034 	ldr.w	sl, [sp, #52]	@ 0x34
10002e4c:	f424 6300 	bic.w	r3, r4, #2048	@ 0x800
10002e50:	9304      	str	r3, [sp, #16]
10002e52:	ed8d 7b00 	vstr	d7, [sp]
10002e56:	4633      	mov	r3, r6
10002e58:	4651      	mov	r1, sl
10002e5a:	4658      	mov	r0, fp
10002e5c:	9a10      	ldr	r2, [sp, #64]	@ 0x40
10002e5e:	f000 f997 	bl	10003190 <_ftoa>
10002e62:	4680      	mov	r8, r0
10002e64:	f1b9 0f00 	cmp.w	r9, #0
10002e68:	d04f      	beq.n	10002f0a <_etoa+0x1da>
10002e6a:	f014 0f20 	tst.w	r4, #32
10002e6e:	4602      	mov	r2, r0
10002e70:	f100 0401 	add.w	r4, r0, #1
10002e74:	4633      	mov	r3, r6
10002e76:	bf0c      	ite	eq
10002e78:	2065      	moveq	r0, #101	@ 0x65
10002e7a:	2045      	movne	r0, #69	@ 0x45
10002e7c:	4651      	mov	r1, sl
10002e7e:	47d8      	blx	fp
10002e80:	f109 30ff 	add.w	r0, r9, #4294967295	@ 0xffffffff
10002e84:	ea87 7ce7 	eor.w	ip, r7, r7, asr #31
10002e88:	f10d 0958 	add.w	r9, sp, #88	@ 0x58
10002e8c:	2200      	movs	r2, #0
10002e8e:	464b      	mov	r3, r9
10002e90:	f8df 80b0 	ldr.w	r8, [pc, #176]	@ 10002f44 <_etoa+0x214>
10002e94:	ebac 7ce7 	sub.w	ip, ip, r7, asr #31
10002e98:	ea4f 7ed7 	mov.w	lr, r7, lsr #31
10002e9c:	e001      	b.n	10002ea2 <_etoa+0x172>
10002e9e:	2a20      	cmp	r2, #32
10002ea0:	d010      	beq.n	10002ec4 <_etoa+0x194>
10002ea2:	46e2      	mov	sl, ip
10002ea4:	fba8 710c 	umull	r7, r1, r8, ip
10002ea8:	08c9      	lsrs	r1, r1, #3
10002eaa:	eb01 0781 	add.w	r7, r1, r1, lsl #2
10002eae:	ebac 0747 	sub.w	r7, ip, r7, lsl #1
10002eb2:	3730      	adds	r7, #48	@ 0x30
10002eb4:	f1ba 0f09 	cmp.w	sl, #9
10002eb8:	468c      	mov	ip, r1
10002eba:	f102 0201 	add.w	r2, r2, #1
10002ebe:	f803 7b01 	strb.w	r7, [r3], #1
10002ec2:	d8ec      	bhi.n	10002e9e <_etoa+0x16e>
10002ec4:	2305      	movs	r3, #5
10002ec6:	9005      	str	r0, [sp, #20]
10002ec8:	9306      	str	r3, [sp, #24]
10002eca:	2000      	movs	r0, #0
10002ecc:	230a      	movs	r3, #10
10002ece:	9f0d      	ldr	r7, [sp, #52]	@ 0x34
10002ed0:	e9cd 3003 	strd	r3, r0, [sp, #12]
10002ed4:	e9cd 2e01 	strd	r2, lr, [sp, #4]
10002ed8:	4633      	mov	r3, r6
10002eda:	4622      	mov	r2, r4
10002edc:	4639      	mov	r1, r7
10002ede:	4658      	mov	r0, fp
10002ee0:	f8cd 9000 	str.w	r9, [sp]
10002ee4:	f7ff fdc6 	bl	10002a74 <_ntoa_format>
10002ee8:	9b11      	ldr	r3, [sp, #68]	@ 0x44
10002eea:	4680      	mov	r8, r0
10002eec:	b16b      	cbz	r3, 10002f0a <_etoa+0x1da>
10002eee:	9b10      	ldr	r3, [sp, #64]	@ 0x40
10002ef0:	1ac4      	subs	r4, r0, r3
10002ef2:	42a5      	cmp	r5, r4
10002ef4:	d909      	bls.n	10002f0a <_etoa+0x1da>
10002ef6:	4642      	mov	r2, r8
10002ef8:	4633      	mov	r3, r6
10002efa:	4639      	mov	r1, r7
10002efc:	2020      	movs	r0, #32
10002efe:	3401      	adds	r4, #1
10002f00:	47d8      	blx	fp
10002f02:	42a5      	cmp	r5, r4
10002f04:	f108 0801 	add.w	r8, r8, #1
10002f08:	d8f5      	bhi.n	10002ef6 <_etoa+0x1c6>
10002f0a:	4640      	mov	r0, r8
10002f0c:	b01f      	add	sp, #124	@ 0x7c
10002f0e:	e8bd 8ff0 	ldmia.w	sp!, {r4, r5, r6, r7, r8, r9, sl, fp, pc}
10002f12:	ed9d 7b08 	vldr	d7, [sp, #32]
10002f16:	4633      	mov	r3, r6
10002f18:	4658      	mov	r0, fp
10002f1a:	9a10      	ldr	r2, [sp, #64]	@ 0x40
10002f1c:	990d      	ldr	r1, [sp, #52]	@ 0x34
10002f1e:	ed8d 7b28 	vstr	d7, [sp, #160]	@ 0xa0
10002f22:	e9cd 542b 	strd	r5, r4, [sp, #172]	@ 0xac
10002f26:	f8cd a0a8 	str.w	sl, [sp, #168]	@ 0xa8
10002f2a:	b01f      	add	sp, #124	@ 0x7c
10002f2c:	e8bd 4ff0 	ldmia.w	sp!, {r4, r5, r6, r7, r8, r9, sl, fp, lr}
10002f30:	f000 b92e 	b.w	10003190 <_ftoa>
10002f34:	f3af 8000 	nop.w
	...
10002f40:	7fefffff 	.word	0x7fefffff
10002f44:	cccccccd 	.word	0xcccccccd
10002f48:	f3c7 500a 	ubfx	r0, r7, #20, #11
10002f4c:	f2a0 30ff 	subw	r0, r0, #1023	@ 0x3ff
10002f50:	f7ff fcaa 	bl	100028a8 <__wrap___aeabi_i2d>
10002f54:	a38a      	add	r3, pc, #552	@ (adr r3, 10003180 <_etoa+0x450>)
10002f56:	e9d3 2300 	ldrd	r2, r3, [r3]
10002f5a:	f7ff fc31 	bl	100027c0 <__wrap___aeabi_dmul>
10002f5e:	a38a      	add	r3, pc, #552	@ (adr r3, 10003188 <_etoa+0x458>)
10002f60:	e9d3 2300 	ldrd	r2, r3, [r3]
10002f64:	f7ff fc04 	bl	10002770 <__wrap___aeabi_dadd>
10002f68:	f3c7 0713 	ubfx	r7, r7, #0, #20
10002f6c:	e9cd 010e 	strd	r0, r1, [sp, #56]	@ 0x38
10002f70:	f047 517f 	orr.w	r1, r7, #1069547520	@ 0x3fc00000
10002f74:	4640      	mov	r0, r8
10002f76:	2200      	movs	r2, #0
10002f78:	4b7b      	ldr	r3, [pc, #492]	@ (10003168 <_etoa+0x438>)
10002f7a:	f441 1140 	orr.w	r1, r1, #3145728	@ 0x300000
10002f7e:	f7ff fc0b 	bl	10002798 <__wrap___aeabi_dsub>
10002f82:	a36b      	add	r3, pc, #428	@ (adr r3, 10003130 <_etoa+0x400>)
10002f84:	e9d3 2300 	ldrd	r2, r3, [r3]
10002f88:	f7ff fc1a 	bl	100027c0 <__wrap___aeabi_dmul>
10002f8c:	4602      	mov	r2, r0
10002f8e:	460b      	mov	r3, r1
10002f90:	e9dd 010e 	ldrd	r0, r1, [sp, #56]	@ 0x38
10002f94:	f7ff fbec 	bl	10002770 <__wrap___aeabi_dadd>
10002f98:	f7ff fcaa 	bl	100028f0 <__wrap___aeabi_d2iz>
10002f9c:	4607      	mov	r7, r0
10002f9e:	f7ff fc83 	bl	100028a8 <__wrap___aeabi_i2d>
10002fa2:	a365      	add	r3, pc, #404	@ (adr r3, 10003138 <_etoa+0x408>)
10002fa4:	e9d3 2300 	ldrd	r2, r3, [r3]
10002fa8:	4680      	mov	r8, r0
10002faa:	4689      	mov	r9, r1
10002fac:	f7ff fc08 	bl	100027c0 <__wrap___aeabi_dmul>
10002fb0:	2200      	movs	r2, #0
10002fb2:	4b6e      	ldr	r3, [pc, #440]	@ (1000316c <_etoa+0x43c>)
10002fb4:	f7ff fbdc 	bl	10002770 <__wrap___aeabi_dadd>
10002fb8:	f7ff fc9a 	bl	100028f0 <__wrap___aeabi_d2iz>
10002fbc:	4603      	mov	r3, r0
10002fbe:	4649      	mov	r1, r9
10002fc0:	4640      	mov	r0, r8
10002fc2:	9312      	str	r3, [sp, #72]	@ 0x48
10002fc4:	a35e      	add	r3, pc, #376	@ (adr r3, 10003140 <_etoa+0x410>)
10002fc6:	e9d3 2300 	ldrd	r2, r3, [r3]
10002fca:	f7ff fbf9 	bl	100027c0 <__wrap___aeabi_dmul>
10002fce:	4680      	mov	r8, r0
10002fd0:	9812      	ldr	r0, [sp, #72]	@ 0x48
10002fd2:	4689      	mov	r9, r1
10002fd4:	f7ff fc68 	bl	100028a8 <__wrap___aeabi_i2d>
10002fd8:	a35b      	add	r3, pc, #364	@ (adr r3, 10003148 <_etoa+0x418>)
10002fda:	e9d3 2300 	ldrd	r2, r3, [r3]
10002fde:	f7ff fbef 	bl	100027c0 <__wrap___aeabi_dmul>
10002fe2:	4602      	mov	r2, r0
10002fe4:	460b      	mov	r3, r1
10002fe6:	4640      	mov	r0, r8
10002fe8:	4649      	mov	r1, r9
10002fea:	f7ff fbd5 	bl	10002798 <__wrap___aeabi_dsub>
10002fee:	4602      	mov	r2, r0
10002ff0:	460b      	mov	r3, r1
10002ff2:	4680      	mov	r8, r0
10002ff4:	4689      	mov	r9, r1
10002ff6:	f7ff fbe3 	bl	100027c0 <__wrap___aeabi_dmul>
10002ffa:	4642      	mov	r2, r8
10002ffc:	464b      	mov	r3, r9
10002ffe:	e9cd 010e 	strd	r0, r1, [sp, #56]	@ 0x38
10003002:	4640      	mov	r0, r8
10003004:	4649      	mov	r1, r9
10003006:	f7ff fbb3 	bl	10002770 <__wrap___aeabi_dadd>
1000300a:	2200      	movs	r2, #0
1000300c:	e9cd 0114 	strd	r0, r1, [sp, #80]	@ 0x50
10003010:	e9dd 010e 	ldrd	r0, r1, [sp, #56]	@ 0x38
10003014:	4b56      	ldr	r3, [pc, #344]	@ (10003170 <_etoa+0x440>)
10003016:	f7ff fbf9 	bl	1000280c <__wrap___aeabi_ddiv>
1000301a:	2200      	movs	r2, #0
1000301c:	4b55      	ldr	r3, [pc, #340]	@ (10003174 <_etoa+0x444>)
1000301e:	f7ff fba7 	bl	10002770 <__wrap___aeabi_dadd>
10003022:	4602      	mov	r2, r0
10003024:	460b      	mov	r3, r1
10003026:	e9dd 010e 	ldrd	r0, r1, [sp, #56]	@ 0x38
1000302a:	f7ff fbef 	bl	1000280c <__wrap___aeabi_ddiv>
1000302e:	2200      	movs	r2, #0
10003030:	4b51      	ldr	r3, [pc, #324]	@ (10003178 <_etoa+0x448>)
10003032:	f7ff fb9d 	bl	10002770 <__wrap___aeabi_dadd>
10003036:	4602      	mov	r2, r0
10003038:	460b      	mov	r3, r1
1000303a:	e9dd 010e 	ldrd	r0, r1, [sp, #56]	@ 0x38
1000303e:	f7ff fbe5 	bl	1000280c <__wrap___aeabi_ddiv>
10003042:	4642      	mov	r2, r8
10003044:	464b      	mov	r3, r9
10003046:	4680      	mov	r8, r0
10003048:	4689      	mov	r9, r1
1000304a:	2000      	movs	r0, #0
1000304c:	f04f 4180 	mov.w	r1, #1073741824	@ 0x40000000
10003050:	f7ff fba2 	bl	10002798 <__wrap___aeabi_dsub>
10003054:	4602      	mov	r2, r0
10003056:	460b      	mov	r3, r1
10003058:	4640      	mov	r0, r8
1000305a:	4649      	mov	r1, r9
1000305c:	f7ff fb88 	bl	10002770 <__wrap___aeabi_dadd>
10003060:	4602      	mov	r2, r0
10003062:	460b      	mov	r3, r1
10003064:	e9dd 0114 	ldrd	r0, r1, [sp, #80]	@ 0x50
10003068:	f7ff fbd0 	bl	1000280c <__wrap___aeabi_ddiv>
1000306c:	2200      	movs	r2, #0
1000306e:	4b43      	ldr	r3, [pc, #268]	@ (1000317c <_etoa+0x44c>)
10003070:	f7ff fb7e 	bl	10002770 <__wrap___aeabi_dadd>
10003074:	9b12      	ldr	r3, [sp, #72]	@ 0x48
10003076:	2200      	movs	r2, #0
10003078:	f203 3cff 	addw	ip, r3, #1023	@ 0x3ff
1000307c:	ea4f 530c 	mov.w	r3, ip, lsl #20
10003080:	f7ff fb9e 	bl	100027c0 <__wrap___aeabi_dmul>
10003084:	4680      	mov	r8, r0
10003086:	4689      	mov	r9, r1
10003088:	e9dd 010a 	ldrd	r0, r1, [sp, #40]	@ 0x28
1000308c:	4642      	mov	r2, r8
1000308e:	464b      	mov	r3, r9
10003090:	e9cd 890e 	strd	r8, r9, [sp, #56]	@ 0x38
10003094:	f7ff fc62 	bl	1000295c <__wrap___aeabi_dcmplt>
10003098:	bb68      	cbnz	r0, 100030f6 <_etoa+0x3c6>
1000309a:	4643      	mov	r3, r8
1000309c:	4649      	mov	r1, r9
1000309e:	f107 0263 	add.w	r2, r7, #99	@ 0x63
100030a2:	2ac6      	cmp	r2, #198	@ 0xc6
100030a4:	9a11      	ldr	r2, [sp, #68]	@ 0x44
100030a6:	bf8c      	ite	hi
100030a8:	f04f 0905 	movhi.w	r9, #5
100030ac:	f04f 0904 	movls.w	r9, #4
100030b0:	2a00      	cmp	r2, #0
100030b2:	f43f ae9f 	beq.w	10002df4 <_etoa+0xc4>
100030b6:	430b      	orrs	r3, r1
100030b8:	f43f ae8e 	beq.w	10002dd8 <_etoa+0xa8>
100030bc:	e9dd 010a 	ldrd	r0, r1, [sp, #40]	@ 0x28
100030c0:	a323      	add	r3, pc, #140	@ (adr r3, 10003150 <_etoa+0x420>)
100030c2:	e9d3 2300 	ldrd	r2, r3, [r3]
100030c6:	f7ff fc5d 	bl	10002984 <__wrap___aeabi_dcmpge>
100030ca:	b148      	cbz	r0, 100030e0 <_etoa+0x3b0>
100030cc:	e9dd 010a 	ldrd	r0, r1, [sp, #40]	@ 0x28
100030d0:	a321      	add	r3, pc, #132	@ (adr r3, 10003158 <_etoa+0x428>)
100030d2:	e9d3 2300 	ldrd	r2, r3, [r3]
100030d6:	f7ff fc41 	bl	1000295c <__wrap___aeabi_dcmplt>
100030da:	2800      	cmp	r0, #0
100030dc:	f47f ae7c 	bne.w	10002dd8 <_etoa+0xa8>
100030e0:	f1ba 0f00 	cmp.w	sl, #0
100030e4:	f43f ae86 	beq.w	10002df4 <_etoa+0xc4>
100030e8:	9b13      	ldr	r3, [sp, #76]	@ 0x4c
100030ea:	2b00      	cmp	r3, #0
100030ec:	f43f ae82 	beq.w	10002df4 <_etoa+0xc4>
100030f0:	f10a 3aff 	add.w	sl, sl, #4294967295	@ 0xffffffff
100030f4:	e67e      	b.n	10002df4 <_etoa+0xc4>
100030f6:	2200      	movs	r2, #0
100030f8:	4b1e      	ldr	r3, [pc, #120]	@ (10003174 <_etoa+0x444>)
100030fa:	4640      	mov	r0, r8
100030fc:	4649      	mov	r1, r9
100030fe:	f7ff fb85 	bl	1000280c <__wrap___aeabi_ddiv>
10003102:	460a      	mov	r2, r1
10003104:	4601      	mov	r1, r0
10003106:	4603      	mov	r3, r0
10003108:	e9cd 120e 	strd	r1, r2, [sp, #56]	@ 0x38
1000310c:	3f01      	subs	r7, #1
1000310e:	4611      	mov	r1, r2
10003110:	e7c5      	b.n	1000309e <_etoa+0x36e>
10003112:	ed9f 7b13 	vldr	d7, [pc, #76]	@ 10003160 <_etoa+0x430>
10003116:	4617      	mov	r7, r2
10003118:	f04f 0904 	mov.w	r9, #4
1000311c:	ed8d 7b0e 	vstr	d7, [sp, #56]	@ 0x38
10003120:	e668      	b.n	10002df4 <_etoa+0xc4>
10003122:	f108 4300 	add.w	r3, r8, #2147483648	@ 0x80000000
10003126:	970a      	str	r7, [sp, #40]	@ 0x28
10003128:	930b      	str	r3, [sp, #44]	@ 0x2c
1000312a:	e63c      	b.n	10002da6 <_etoa+0x76>
1000312c:	f3af 8000 	nop.w
10003130:	636f4361 	.word	0x636f4361
10003134:	3fd287a7 	.word	0x3fd287a7
10003138:	0979a371 	.word	0x0979a371
1000313c:	400a934f 	.word	0x400a934f
10003140:	bbb55516 	.word	0xbbb55516
10003144:	40026bb1 	.word	0x40026bb1
10003148:	fefa39ef 	.word	0xfefa39ef
1000314c:	3fe62e42 	.word	0x3fe62e42
10003150:	eb1c432d 	.word	0xeb1c432d
10003154:	3f1a36e2 	.word	0x3f1a36e2
10003158:	00000000 	.word	0x00000000
1000315c:	412e8480 	.word	0x412e8480
	...
10003168:	3ff80000 	.word	0x3ff80000
1000316c:	3fe00000 	.word	0x3fe00000
10003170:	402c0000 	.word	0x402c0000
10003174:	40240000 	.word	0x40240000
10003178:	40180000 	.word	0x40180000
1000317c:	3ff00000 	.word	0x3ff00000
10003180:	509f79fb 	.word	0x509f79fb
10003184:	3fd34413 	.word	0x3fd34413
10003188:	8b60c8b3 	.word	0x8b60c8b3
1000318c:	3fc68a28 	.word	0x3fc68a28

10003190 <_ftoa>:
10003190:	e92d 4ff0 	stmdb	sp!, {r4, r5, r6, r7, r8, r9, sl, fp, lr}
10003194:	b097      	sub	sp, #92	@ 0x5c
10003196:	e9dd 8920 	ldrd	r8, r9, [sp, #128]	@ 0x80
1000319a:	e9cd 0104 	strd	r0, r1, [sp, #16]
1000319e:	e9dd 4b22 	ldrd	r4, fp, [sp, #136]	@ 0x88
100031a2:	e9cd 2306 	strd	r2, r3, [sp, #24]
100031a6:	4640      	mov	r0, r8
100031a8:	4642      	mov	r2, r8
100031aa:	464b      	mov	r3, r9
100031ac:	4649      	mov	r1, r9
100031ae:	f8dd a090 	ldr.w	sl, [sp, #144]	@ 0x90
100031b2:	f7ff fbc1 	bl	10002938 <__wrap___aeabi_dcmpun>
100031b6:	2800      	cmp	r0, #0
100031b8:	f040 81c5 	bne.w	10003546 <_ftoa+0x3b6>
100031bc:	4640      	mov	r0, r8
100031be:	4649      	mov	r1, r9
100031c0:	f04f 32ff 	mov.w	r2, #4294967295	@ 0xffffffff
100031c4:	f46f 1380 	mvn.w	r3, #1048576	@ 0x100000
100031c8:	f7ff fbc8 	bl	1000295c <__wrap___aeabi_dcmplt>
100031cc:	2800      	cmp	r0, #0
100031ce:	f040 811d 	bne.w	1000340c <_ftoa+0x27c>
100031d2:	4640      	mov	r0, r8
100031d4:	4649      	mov	r1, r9
100031d6:	f04f 32ff 	mov.w	r2, #4294967295	@ 0xffffffff
100031da:	4bc1      	ldr	r3, [pc, #772]	@ (100034e0 <_ftoa+0x350>)
100031dc:	f7ff fbe6 	bl	100029ac <__wrap___aeabi_dcmpgt>
100031e0:	2800      	cmp	r0, #0
100031e2:	f040 80e3 	bne.w	100033ac <_ftoa+0x21c>
100031e6:	a3b8      	add	r3, pc, #736	@ (adr r3, 100034c8 <_ftoa+0x338>)
100031e8:	e9d3 2300 	ldrd	r2, r3, [r3]
100031ec:	4640      	mov	r0, r8
100031ee:	4649      	mov	r1, r9
100031f0:	f7ff fbdc 	bl	100029ac <__wrap___aeabi_dcmpgt>
100031f4:	2800      	cmp	r0, #0
100031f6:	f040 80cb 	bne.w	10003390 <_ftoa+0x200>
100031fa:	a3b5      	add	r3, pc, #724	@ (adr r3, 100034d0 <_ftoa+0x340>)
100031fc:	e9d3 2300 	ldrd	r2, r3, [r3]
10003200:	4640      	mov	r0, r8
10003202:	4649      	mov	r1, r9
10003204:	f7ff fbaa 	bl	1000295c <__wrap___aeabi_dcmplt>
10003208:	2800      	cmp	r0, #0
1000320a:	f040 80c1 	bne.w	10003390 <_ftoa+0x200>
1000320e:	4640      	mov	r0, r8
10003210:	4649      	mov	r1, r9
10003212:	2200      	movs	r2, #0
10003214:	2300      	movs	r3, #0
10003216:	f7ff fba1 	bl	1000295c <__wrap___aeabi_dcmplt>
1000321a:	2800      	cmp	r0, #0
1000321c:	f040 80e0 	bne.w	100033e0 <_ftoa+0x250>
10003220:	f41a 6580 	ands.w	r5, sl, #1024	@ 0x400
10003224:	900d      	str	r0, [sp, #52]	@ 0x34
10003226:	f000 80e9 	beq.w	100033fc <_ftoa+0x26c>
1000322a:	2c09      	cmp	r4, #9
1000322c:	f240 8196 	bls.w	1000355c <_ftoa+0x3cc>
10003230:	ab0e      	add	r3, sp, #56	@ 0x38
10003232:	461a      	mov	r2, r3
10003234:	930c      	str	r3, [sp, #48]	@ 0x30
10003236:	2130      	movs	r1, #48	@ 0x30
10003238:	2300      	movs	r3, #0
1000323a:	f1a4 0509 	sub.w	r5, r4, #9
1000323e:	3301      	adds	r3, #1
10003240:	2b20      	cmp	r3, #32
10003242:	f802 1b01 	strb.w	r1, [r2], #1
10003246:	eba4 0603 	sub.w	r6, r4, r3
1000324a:	f000 813a 	beq.w	100034c2 <_ftoa+0x332>
1000324e:	42ab      	cmp	r3, r5
10003250:	d1f5      	bne.n	1000323e <_ftoa+0xae>
10003252:	ed9f 7b9d 	vldr	d7, [pc, #628]	@ 100034c8 <_ftoa+0x338>
10003256:	ed8d 7b08 	vstr	d7, [sp, #32]
1000325a:	4649      	mov	r1, r9
1000325c:	4640      	mov	r0, r8
1000325e:	f7ff fb47 	bl	100028f0 <__wrap___aeabi_d2iz>
10003262:	4604      	mov	r4, r0
10003264:	f7ff fb20 	bl	100028a8 <__wrap___aeabi_i2d>
10003268:	4602      	mov	r2, r0
1000326a:	460b      	mov	r3, r1
1000326c:	4640      	mov	r0, r8
1000326e:	4649      	mov	r1, r9
10003270:	f7ff fa92 	bl	10002798 <__wrap___aeabi_dsub>
10003274:	e9dd 2308 	ldrd	r2, r3, [sp, #32]
10003278:	f7ff faa2 	bl	100027c0 <__wrap___aeabi_dmul>
1000327c:	4602      	mov	r2, r0
1000327e:	460b      	mov	r3, r1
10003280:	e9cd 230a 	strd	r2, r3, [sp, #40]	@ 0x28
10003284:	f7ff fb46 	bl	10002914 <__wrap___aeabi_d2uiz>
10003288:	4607      	mov	r7, r0
1000328a:	f7ff fb1f 	bl	100028cc <__wrap___aeabi_ui2d>
1000328e:	4602      	mov	r2, r0
10003290:	460b      	mov	r3, r1
10003292:	e9dd 010a 	ldrd	r0, r1, [sp, #40]	@ 0x28
10003296:	f7ff fa7f 	bl	10002798 <__wrap___aeabi_dsub>
1000329a:	4602      	mov	r2, r0
1000329c:	460b      	mov	r3, r1
1000329e:	e9cd 230a 	strd	r2, r3, [sp, #40]	@ 0x28
100032a2:	2200      	movs	r2, #0
100032a4:	4b8f      	ldr	r3, [pc, #572]	@ (100034e4 <_ftoa+0x354>)
100032a6:	f7ff fb81 	bl	100029ac <__wrap___aeabi_dcmpgt>
100032aa:	2800      	cmp	r0, #0
100032ac:	f000 80db 	beq.w	10003466 <_ftoa+0x2d6>
100032b0:	3701      	adds	r7, #1
100032b2:	4638      	mov	r0, r7
100032b4:	f7ff fb0a 	bl	100028cc <__wrap___aeabi_ui2d>
100032b8:	e9dd 2308 	ldrd	r2, r3, [sp, #32]
100032bc:	f7ff fb62 	bl	10002984 <__wrap___aeabi_dcmpge>
100032c0:	b108      	cbz	r0, 100032c6 <_ftoa+0x136>
100032c2:	2700      	movs	r7, #0
100032c4:	3401      	adds	r4, #1
100032c6:	2e00      	cmp	r6, #0
100032c8:	f040 80b1 	bne.w	1000342e <_ftoa+0x29e>
100032cc:	4620      	mov	r0, r4
100032ce:	f7ff faeb 	bl	100028a8 <__wrap___aeabi_i2d>
100032d2:	4602      	mov	r2, r0
100032d4:	460b      	mov	r3, r1
100032d6:	4640      	mov	r0, r8
100032d8:	4649      	mov	r1, r9
100032da:	f7ff fa5d 	bl	10002798 <__wrap___aeabi_dsub>
100032de:	2200      	movs	r2, #0
100032e0:	4b80      	ldr	r3, [pc, #512]	@ (100034e4 <_ftoa+0x354>)
100032e2:	4606      	mov	r6, r0
100032e4:	460f      	mov	r7, r1
100032e6:	f7ff fb39 	bl	1000295c <__wrap___aeabi_dcmplt>
100032ea:	b940      	cbnz	r0, 100032fe <_ftoa+0x16e>
100032ec:	4630      	mov	r0, r6
100032ee:	4639      	mov	r1, r7
100032f0:	2200      	movs	r2, #0
100032f2:	4b7c      	ldr	r3, [pc, #496]	@ (100034e4 <_ftoa+0x354>)
100032f4:	f7ff fb5a 	bl	100029ac <__wrap___aeabi_dcmpgt>
100032f8:	2800      	cmp	r0, #0
100032fa:	f000 8115 	beq.w	10003528 <_ftoa+0x398>
100032fe:	9b0c      	ldr	r3, [sp, #48]	@ 0x30
10003300:	1e69      	subs	r1, r5, #1
10003302:	4879      	ldr	r0, [pc, #484]	@ (100034e8 <_ftoa+0x358>)
10003304:	4419      	add	r1, r3
10003306:	e010      	b.n	1000332a <_ftoa+0x19a>
10003308:	fb80 6204 	smull	r6, r2, r0, r4
1000330c:	ebc3 03a2 	rsb	r3, r3, r2, asr #2
10003310:	eb03 0283 	add.w	r2, r3, r3, lsl #2
10003314:	eba4 0442 	sub.w	r4, r4, r2, lsl #1
10003318:	f104 0230 	add.w	r2, r4, #48	@ 0x30
1000331c:	3501      	adds	r5, #1
1000331e:	461c      	mov	r4, r3
10003320:	f801 2f01 	strb.w	r2, [r1, #1]!
10003324:	2b00      	cmp	r3, #0
10003326:	f000 80ab 	beq.w	10003480 <_ftoa+0x2f0>
1000332a:	2d20      	cmp	r5, #32
1000332c:	ea4f 73e4 	mov.w	r3, r4, asr #31
10003330:	d1ea      	bne.n	10003308 <_ftoa+0x178>
10003332:	f00a 0303 	and.w	r3, sl, #3
10003336:	2b01      	cmp	r3, #1
10003338:	d11c      	bne.n	10003374 <_ftoa+0x1e4>
1000333a:	f1bb 0f00 	cmp.w	fp, #0
1000333e:	d019      	beq.n	10003374 <_ftoa+0x1e4>
10003340:	9b0d      	ldr	r3, [sp, #52]	@ 0x34
10003342:	2b00      	cmp	r3, #0
10003344:	f040 80f9 	bne.w	1000353a <_ftoa+0x3aa>
10003348:	f01a 0f0c 	tst.w	sl, #12
1000334c:	f040 80f5 	bne.w	1000353a <_ftoa+0x3aa>
10003350:	45ab      	cmp	fp, r5
10003352:	f240 80d3 	bls.w	100034fc <_ftoa+0x36c>
10003356:	2d20      	cmp	r5, #32
10003358:	d00b      	beq.n	10003372 <_ftoa+0x1e2>
1000335a:	2230      	movs	r2, #48	@ 0x30
1000335c:	990c      	ldr	r1, [sp, #48]	@ 0x30
1000335e:	1e6b      	subs	r3, r5, #1
10003360:	440b      	add	r3, r1
10003362:	3501      	adds	r5, #1
10003364:	455d      	cmp	r5, fp
10003366:	f803 2f01 	strb.w	r2, [r3, #1]!
1000336a:	f000 808d 	beq.w	10003488 <_ftoa+0x2f8>
1000336e:	2d20      	cmp	r5, #32
10003370:	d1f7      	bne.n	10003362 <_ftoa+0x1d2>
10003372:	2520      	movs	r5, #32
10003374:	e9dd 2306 	ldrd	r2, r3, [sp, #24]
10003378:	e9dd 0104 	ldrd	r0, r1, [sp, #16]
1000337c:	9c0c      	ldr	r4, [sp, #48]	@ 0x30
1000337e:	e9cd ba02 	strd	fp, sl, [sp, #8]
10003382:	9501      	str	r5, [sp, #4]
10003384:	9400      	str	r4, [sp, #0]
10003386:	f7ff fb27 	bl	100029d8 <_out_rev>
1000338a:	b017      	add	sp, #92	@ 0x5c
1000338c:	e8bd 8ff0 	ldmia.w	sp!, {r4, r5, r6, r7, r8, r9, sl, fp, pc}
10003390:	e9cd 8920 	strd	r8, r9, [sp, #128]	@ 0x80
10003394:	e9dd 2306 	ldrd	r2, r3, [sp, #24]
10003398:	e9dd 0104 	ldrd	r0, r1, [sp, #16]
1000339c:	e9cd ba23 	strd	fp, sl, [sp, #140]	@ 0x8c
100033a0:	9422      	str	r4, [sp, #136]	@ 0x88
100033a2:	b017      	add	sp, #92	@ 0x5c
100033a4:	e8bd 4ff0 	ldmia.w	sp!, {r4, r5, r6, r7, r8, r9, sl, fp, lr}
100033a8:	f7ff bcc2 	b.w	10002d30 <_etoa>
100033ac:	4d4f      	ldr	r5, [pc, #316]	@ (100034ec <_ftoa+0x35c>)
100033ae:	f8cd a08c 	str.w	sl, [sp, #140]	@ 0x8c
100033b2:	f00a 0a04 	and.w	sl, sl, #4
100033b6:	f1ba 0f00 	cmp.w	sl, #0
100033ba:	4c4d      	ldr	r4, [pc, #308]	@ (100034f0 <_ftoa+0x360>)
100033bc:	bf18      	it	ne
100033be:	462c      	movne	r4, r5
100033c0:	e9dd 2306 	ldrd	r2, r3, [sp, #24]
100033c4:	e9dd 0104 	ldrd	r0, r1, [sp, #16]
100033c8:	9420      	str	r4, [sp, #128]	@ 0x80
100033ca:	bf0c      	ite	eq
100033cc:	2403      	moveq	r4, #3
100033ce:	2404      	movne	r4, #4
100033d0:	f8cd b088 	str.w	fp, [sp, #136]	@ 0x88
100033d4:	9421      	str	r4, [sp, #132]	@ 0x84
100033d6:	b017      	add	sp, #92	@ 0x5c
100033d8:	e8bd 4ff0 	ldmia.w	sp!, {r4, r5, r6, r7, r8, r9, sl, fp, lr}
100033dc:	f7ff bafc 	b.w	100029d8 <_out_rev>
100033e0:	464b      	mov	r3, r9
100033e2:	4642      	mov	r2, r8
100033e4:	2000      	movs	r0, #0
100033e6:	2100      	movs	r1, #0
100033e8:	f7ff f9d6 	bl	10002798 <__wrap___aeabi_dsub>
100033ec:	2301      	movs	r3, #1
100033ee:	f41a 6580 	ands.w	r5, sl, #1024	@ 0x400
100033f2:	4680      	mov	r8, r0
100033f4:	4689      	mov	r9, r1
100033f6:	930d      	str	r3, [sp, #52]	@ 0x34
100033f8:	f47f af17 	bne.w	1000322a <_ftoa+0x9a>
100033fc:	ed9f 7b36 	vldr	d7, [pc, #216]	@ 100034d8 <_ftoa+0x348>
10003400:	ab0e      	add	r3, sp, #56	@ 0x38
10003402:	2606      	movs	r6, #6
10003404:	ed8d 7b08 	vstr	d7, [sp, #32]
10003408:	930c      	str	r3, [sp, #48]	@ 0x30
1000340a:	e726      	b.n	1000325a <_ftoa+0xca>
1000340c:	2404      	movs	r4, #4
1000340e:	e9dd 2306 	ldrd	r2, r3, [sp, #24]
10003412:	e9dd 0104 	ldrd	r0, r1, [sp, #16]
10003416:	4d37      	ldr	r5, [pc, #220]	@ (100034f4 <_ftoa+0x364>)
10003418:	f8cd a08c 	str.w	sl, [sp, #140]	@ 0x8c
1000341c:	f8cd b088 	str.w	fp, [sp, #136]	@ 0x88
10003420:	9520      	str	r5, [sp, #128]	@ 0x80
10003422:	9421      	str	r4, [sp, #132]	@ 0x84
10003424:	b017      	add	sp, #92	@ 0x5c
10003426:	e8bd 4ff0 	ldmia.w	sp!, {r4, r5, r6, r7, r8, r9, sl, fp, lr}
1000342a:	f7ff bad5 	b.w	100029d8 <_out_rev>
1000342e:	9b0c      	ldr	r3, [sp, #48]	@ 0x30
10003430:	1e68      	subs	r0, r5, #1
10003432:	f8df c0c4 	ldr.w	ip, [pc, #196]	@ 100034f8 <_ftoa+0x368>
10003436:	4418      	add	r0, r3
10003438:	e00d      	b.n	10003456 <_ftoa+0x2c6>
1000343a:	fbac 2107 	umull	r2, r1, ip, r7
1000343e:	08c9      	lsrs	r1, r1, #3
10003440:	eb01 0281 	add.w	r2, r1, r1, lsl #2
10003444:	eba7 0242 	sub.w	r2, r7, r2, lsl #1
10003448:	3230      	adds	r2, #48	@ 0x30
1000344a:	2f09      	cmp	r7, #9
1000344c:	f800 2f01 	strb.w	r2, [r0, #1]!
10003450:	d927      	bls.n	100034a2 <_ftoa+0x312>
10003452:	460f      	mov	r7, r1
10003454:	461d      	mov	r5, r3
10003456:	2d20      	cmp	r5, #32
10003458:	f105 0301 	add.w	r3, r5, #1
1000345c:	f106 36ff 	add.w	r6, r6, #4294967295	@ 0xffffffff
10003460:	d1eb      	bne.n	1000343a <_ftoa+0x2aa>
10003462:	2520      	movs	r5, #32
10003464:	e74b      	b.n	100032fe <_ftoa+0x16e>
10003466:	2200      	movs	r2, #0
10003468:	e9dd 010a 	ldrd	r0, r1, [sp, #40]	@ 0x28
1000346c:	4b1d      	ldr	r3, [pc, #116]	@ (100034e4 <_ftoa+0x354>)
1000346e:	f7ff fa75 	bl	1000295c <__wrap___aeabi_dcmplt>
10003472:	2800      	cmp	r0, #0
10003474:	f47f af27 	bne.w	100032c6 <_ftoa+0x136>
10003478:	2f00      	cmp	r7, #0
1000347a:	d15a      	bne.n	10003532 <_ftoa+0x3a2>
1000347c:	3701      	adds	r7, #1
1000347e:	e722      	b.n	100032c6 <_ftoa+0x136>
10003480:	f00a 0303 	and.w	r3, sl, #3
10003484:	2b01      	cmp	r3, #1
10003486:	d075      	beq.n	10003574 <_ftoa+0x3e4>
10003488:	2d20      	cmp	r5, #32
1000348a:	f43f af73 	beq.w	10003374 <_ftoa+0x1e4>
1000348e:	9b0d      	ldr	r3, [sp, #52]	@ 0x34
10003490:	b3bb      	cbz	r3, 10003502 <_ftoa+0x372>
10003492:	222d      	movs	r2, #45	@ 0x2d
10003494:	f105 0358 	add.w	r3, r5, #88	@ 0x58
10003498:	446b      	add	r3, sp
1000349a:	f803 2c20 	strb.w	r2, [r3, #-32]
1000349e:	3501      	adds	r5, #1
100034a0:	e768      	b.n	10003374 <_ftoa+0x1e4>
100034a2:	2b20      	cmp	r3, #32
100034a4:	d0dd      	beq.n	10003462 <_ftoa+0x2d2>
100034a6:	b3ae      	cbz	r6, 10003514 <_ftoa+0x384>
100034a8:	9a0c      	ldr	r2, [sp, #48]	@ 0x30
100034aa:	441e      	add	r6, r3
100034ac:	4415      	add	r5, r2
100034ae:	2230      	movs	r2, #48	@ 0x30
100034b0:	e001      	b.n	100034b6 <_ftoa+0x326>
100034b2:	42b3      	cmp	r3, r6
100034b4:	d02e      	beq.n	10003514 <_ftoa+0x384>
100034b6:	3301      	adds	r3, #1
100034b8:	2b20      	cmp	r3, #32
100034ba:	f805 2f01 	strb.w	r2, [r5, #1]!
100034be:	d1f8      	bne.n	100034b2 <_ftoa+0x322>
100034c0:	e7cf      	b.n	10003462 <_ftoa+0x2d2>
100034c2:	461d      	mov	r5, r3
100034c4:	e6c5      	b.n	10003252 <_ftoa+0xc2>
100034c6:	bf00      	nop
100034c8:	00000000 	.word	0x00000000
100034cc:	41cdcd65 	.word	0x41cdcd65
100034d0:	00000000 	.word	0x00000000
100034d4:	c1cdcd65 	.word	0xc1cdcd65
100034d8:	00000000 	.word	0x00000000
100034dc:	412e8480 	.word	0x412e8480
100034e0:	7fefffff 	.word	0x7fefffff
100034e4:	3fe00000 	.word	0x3fe00000
100034e8:	66666667 	.word	0x66666667
100034ec:	1000b550 	.word	0x1000b550
100034f0:	1000b558 	.word	0x1000b558
100034f4:	1000b560 	.word	0x1000b560
100034f8:	cccccccd 	.word	0xcccccccd
100034fc:	2d20      	cmp	r5, #32
100034fe:	f43f af39 	beq.w	10003374 <_ftoa+0x1e4>
10003502:	f01a 0f04 	tst.w	sl, #4
10003506:	d10d      	bne.n	10003524 <_ftoa+0x394>
10003508:	f01a 0f08 	tst.w	sl, #8
1000350c:	f43f af32 	beq.w	10003374 <_ftoa+0x1e4>
10003510:	2220      	movs	r2, #32
10003512:	e7bf      	b.n	10003494 <_ftoa+0x304>
10003514:	212e      	movs	r1, #46	@ 0x2e
10003516:	f103 0258 	add.w	r2, r3, #88	@ 0x58
1000351a:	446a      	add	r2, sp
1000351c:	f802 1c20 	strb.w	r1, [r2, #-32]
10003520:	1c5d      	adds	r5, r3, #1
10003522:	e6ec      	b.n	100032fe <_ftoa+0x16e>
10003524:	222b      	movs	r2, #43	@ 0x2b
10003526:	e7b5      	b.n	10003494 <_ftoa+0x304>
10003528:	07e3      	lsls	r3, r4, #31
1000352a:	f57f aee8 	bpl.w	100032fe <_ftoa+0x16e>
1000352e:	3401      	adds	r4, #1
10003530:	e6e5      	b.n	100032fe <_ftoa+0x16e>
10003532:	07fa      	lsls	r2, r7, #31
10003534:	f57f aec7 	bpl.w	100032c6 <_ftoa+0x136>
10003538:	e7a0      	b.n	1000347c <_ftoa+0x2ec>
1000353a:	f10b 3bff 	add.w	fp, fp, #4294967295	@ 0xffffffff
1000353e:	45ab      	cmp	fp, r5
10003540:	f63f af09 	bhi.w	10003356 <_ftoa+0x1c6>
10003544:	e7a0      	b.n	10003488 <_ftoa+0x2f8>
10003546:	2403      	movs	r4, #3
10003548:	e9dd 2306 	ldrd	r2, r3, [sp, #24]
1000354c:	e9dd 0104 	ldrd	r0, r1, [sp, #16]
10003550:	4d0a      	ldr	r5, [pc, #40]	@ (1000357c <_ftoa+0x3ec>)
10003552:	f8cd a08c 	str.w	sl, [sp, #140]	@ 0x8c
10003556:	f8cd b088 	str.w	fp, [sp, #136]	@ 0x88
1000355a:	e761      	b.n	10003420 <_ftoa+0x290>
1000355c:	4b08      	ldr	r3, [pc, #32]	@ (10003580 <_ftoa+0x3f0>)
1000355e:	4626      	mov	r6, r4
10003560:	eb03 03c4 	add.w	r3, r3, r4, lsl #3
10003564:	ed93 7b00 	vldr	d7, [r3]
10003568:	ab0e      	add	r3, sp, #56	@ 0x38
1000356a:	ed8d 7b08 	vstr	d7, [sp, #32]
1000356e:	2500      	movs	r5, #0
10003570:	930c      	str	r3, [sp, #48]	@ 0x30
10003572:	e672      	b.n	1000325a <_ftoa+0xca>
10003574:	f1bb 0f00 	cmp.w	fp, #0
10003578:	d086      	beq.n	10003488 <_ftoa+0x2f8>
1000357a:	e6e1      	b.n	10003340 <_ftoa+0x1b0>
1000357c:	1000b55c 	.word	0x1000b55c
10003580:	1000b678 	.word	0x1000b678

10003584 <_vsnprintf>:
10003584:	e92d 4ff0 	stmdb	sp!, {r4, r5, r6, r7, r8, r9, sl, fp, lr}
10003588:	469a      	mov	sl, r3
1000358a:	b09b      	sub	sp, #108	@ 0x6c
1000358c:	9c24      	ldr	r4, [sp, #144]	@ 0x90
1000358e:	4d96      	ldr	r5, [pc, #600]	@ (100037e8 <_vsnprintf+0x264>)
10003590:	940b      	str	r4, [sp, #44]	@ 0x2c
10003592:	4c96      	ldr	r4, [pc, #600]	@ (100037ec <_vsnprintf+0x268>)
10003594:	1e0b      	subs	r3, r1, #0
10003596:	bf18      	it	ne
10003598:	4683      	movne	fp, r0
1000359a:	6025      	str	r5, [r4, #0]
1000359c:	f89a 0000 	ldrb.w	r0, [sl]
100035a0:	4c93      	ldr	r4, [pc, #588]	@ (100037f0 <_vsnprintf+0x26c>)
100035a2:	930a      	str	r3, [sp, #40]	@ 0x28
100035a4:	bf08      	it	eq
100035a6:	46a3      	moveq	fp, r4
100035a8:	9209      	str	r2, [sp, #36]	@ 0x24
100035aa:	2800      	cmp	r0, #0
100035ac:	f000 82bc 	beq.w	10003b28 <_vsnprintf+0x5a4>
100035b0:	f04f 0900 	mov.w	r9, #0
100035b4:	e00a      	b.n	100035cc <_vsnprintf+0x48>
100035b6:	464a      	mov	r2, r9
100035b8:	9b09      	ldr	r3, [sp, #36]	@ 0x24
100035ba:	990a      	ldr	r1, [sp, #40]	@ 0x28
100035bc:	f109 0901 	add.w	r9, r9, #1
100035c0:	47d8      	blx	fp
100035c2:	f89a 0000 	ldrb.w	r0, [sl]
100035c6:	2800      	cmp	r0, #0
100035c8:	f000 80ce 	beq.w	10003768 <_vsnprintf+0x1e4>
100035cc:	2825      	cmp	r0, #37	@ 0x25
100035ce:	f10a 0a01 	add.w	sl, sl, #1
100035d2:	d1f0      	bne.n	100035b6 <_vsnprintf+0x32>
100035d4:	2300      	movs	r3, #0
100035d6:	4652      	mov	r2, sl
100035d8:	f812 0b01 	ldrb.w	r0, [r2], #1
100035dc:	f1a0 0120 	sub.w	r1, r0, #32
100035e0:	2910      	cmp	r1, #16
100035e2:	d80a      	bhi.n	100035fa <_vsnprintf+0x76>
100035e4:	e8df f001 	tbb	[pc, r1]
100035e8:	3c090940 	.word	0x3c090940
100035ec:	09090909 	.word	0x09090909
100035f0:	38090909 	.word	0x38090909
100035f4:	09093409 	.word	0x09093409
100035f8:	30          	.byte	0x30
100035f9:	00          	.byte	0x00
100035fa:	f1a0 0130 	sub.w	r1, r0, #48	@ 0x30
100035fe:	2909      	cmp	r1, #9
10003600:	f240 808c 	bls.w	1000371c <_vsnprintf+0x198>
10003604:	282a      	cmp	r0, #42	@ 0x2a
10003606:	f000 80f5 	beq.w	100037f4 <_vsnprintf+0x270>
1000360a:	2100      	movs	r1, #0
1000360c:	910c      	str	r1, [sp, #48]	@ 0x30
1000360e:	282e      	cmp	r0, #46	@ 0x2e
10003610:	f000 8099 	beq.w	10003746 <_vsnprintf+0x1c2>
10003614:	2700      	movs	r7, #0
10003616:	f1a0 0168 	sub.w	r1, r0, #104	@ 0x68
1000361a:	2912      	cmp	r1, #18
1000361c:	d82d      	bhi.n	1000367a <_vsnprintf+0xf6>
1000361e:	e8df f011 	tbh	[pc, r1, lsl #1]
10003622:	0157      	.short	0x0157
10003624:	0151002c 	.word	0x0151002c
10003628:	0145002c 	.word	0x0145002c
1000362c:	002c002c 	.word	0x002c002c
10003630:	002c002c 	.word	0x002c002c
10003634:	002c002c 	.word	0x002c002c
10003638:	0027002c 	.word	0x0027002c
1000363c:	002c002c 	.word	0x002c002c
10003640:	002c002c 	.word	0x002c002c
10003644:	0027002c 	.word	0x0027002c
10003648:	4692      	mov	sl, r2
1000364a:	f043 0301 	orr.w	r3, r3, #1
1000364e:	e7c2      	b.n	100035d6 <_vsnprintf+0x52>
10003650:	4692      	mov	sl, r2
10003652:	f043 0302 	orr.w	r3, r3, #2
10003656:	e7be      	b.n	100035d6 <_vsnprintf+0x52>
10003658:	4692      	mov	sl, r2
1000365a:	f043 0304 	orr.w	r3, r3, #4
1000365e:	e7ba      	b.n	100035d6 <_vsnprintf+0x52>
10003660:	4692      	mov	sl, r2
10003662:	f043 0310 	orr.w	r3, r3, #16
10003666:	e7b6      	b.n	100035d6 <_vsnprintf+0x52>
10003668:	4692      	mov	sl, r2
1000366a:	f043 0308 	orr.w	r3, r3, #8
1000366e:	e7b2      	b.n	100035d6 <_vsnprintf+0x52>
10003670:	f89a 0001 	ldrb.w	r0, [sl, #1]
10003674:	f443 7380 	orr.w	r3, r3, #256	@ 0x100
10003678:	3201      	adds	r2, #1
1000367a:	2867      	cmp	r0, #103	@ 0x67
1000367c:	4692      	mov	sl, r2
1000367e:	f200 8082 	bhi.w	10003786 <_vsnprintf+0x202>
10003682:	2824      	cmp	r0, #36	@ 0x24
10003684:	f240 80c6 	bls.w	10003814 <_vsnprintf+0x290>
10003688:	f1a0 0225 	sub.w	r2, r0, #37	@ 0x25
1000368c:	2a42      	cmp	r2, #66	@ 0x42
1000368e:	f200 80c1 	bhi.w	10003814 <_vsnprintf+0x290>
10003692:	e8df f012 	tbh	[pc, r2, lsl #1]
10003696:	015f      	.short	0x015f
10003698:	00bf00bf 	.word	0x00bf00bf
1000369c:	00bf00bf 	.word	0x00bf00bf
100036a0:	00bf00bf 	.word	0x00bf00bf
100036a4:	00bf00bf 	.word	0x00bf00bf
100036a8:	00bf00bf 	.word	0x00bf00bf
100036ac:	00bf00bf 	.word	0x00bf00bf
100036b0:	00bf00bf 	.word	0x00bf00bf
100036b4:	00bf00bf 	.word	0x00bf00bf
100036b8:	00bf00bf 	.word	0x00bf00bf
100036bc:	00bf00bf 	.word	0x00bf00bf
100036c0:	00bf00bf 	.word	0x00bf00bf
100036c4:	00bf00bf 	.word	0x00bf00bf
100036c8:	00bf00bf 	.word	0x00bf00bf
100036cc:	00bf00bf 	.word	0x00bf00bf
100036d0:	00bf00bf 	.word	0x00bf00bf
100036d4:	012600bf 	.word	0x012600bf
100036d8:	01260145 	.word	0x01260145
100036dc:	00bf00bf 	.word	0x00bf00bf
100036e0:	00bf00bf 	.word	0x00bf00bf
100036e4:	00bf00bf 	.word	0x00bf00bf
100036e8:	00bf00bf 	.word	0x00bf00bf
100036ec:	00bf00bf 	.word	0x00bf00bf
100036f0:	00bf00bf 	.word	0x00bf00bf
100036f4:	00bf00bf 	.word	0x00bf00bf
100036f8:	00bf00bf 	.word	0x00bf00bf
100036fc:	00bf01d3 	.word	0x00bf01d3
10003700:	00bf00bf 	.word	0x00bf00bf
10003704:	00bf00bf 	.word	0x00bf00bf
10003708:	00bf00bf 	.word	0x00bf00bf
1000370c:	00bf00bf 	.word	0x00bf00bf
10003710:	016701d3 	.word	0x016701d3
10003714:	012601d3 	.word	0x012601d3
10003718:	01260145 	.word	0x01260145
1000371c:	2100      	movs	r1, #0
1000371e:	e000      	b.n	10003722 <_vsnprintf+0x19e>
10003720:	3201      	adds	r2, #1
10003722:	eb01 0181 	add.w	r1, r1, r1, lsl #2
10003726:	eb00 0141 	add.w	r1, r0, r1, lsl #1
1000372a:	7810      	ldrb	r0, [r2, #0]
1000372c:	4692      	mov	sl, r2
1000372e:	f1a0 0430 	sub.w	r4, r0, #48	@ 0x30
10003732:	2c09      	cmp	r4, #9
10003734:	f1a1 0130 	sub.w	r1, r1, #48	@ 0x30
10003738:	d9f2      	bls.n	10003720 <_vsnprintf+0x19c>
1000373a:	282e      	cmp	r0, #46	@ 0x2e
1000373c:	910c      	str	r1, [sp, #48]	@ 0x30
1000373e:	f102 0201 	add.w	r2, r2, #1
10003742:	f47f af67 	bne.w	10003614 <_vsnprintf+0x90>
10003746:	f89a 0001 	ldrb.w	r0, [sl, #1]
1000374a:	4611      	mov	r1, r2
1000374c:	f1a0 0630 	sub.w	r6, r0, #48	@ 0x30
10003750:	2e09      	cmp	r6, #9
10003752:	f443 6380 	orr.w	r3, r3, #1024	@ 0x400
10003756:	f240 8131 	bls.w	100039bc <_vsnprintf+0x438>
1000375a:	282a      	cmp	r0, #42	@ 0x2a
1000375c:	f000 813e 	beq.w	100039dc <_vsnprintf+0x458>
10003760:	4692      	mov	sl, r2
10003762:	2700      	movs	r7, #0
10003764:	3201      	adds	r2, #1
10003766:	e756      	b.n	10003616 <_vsnprintf+0x92>
10003768:	464c      	mov	r4, r9
1000376a:	9b09      	ldr	r3, [sp, #36]	@ 0x24
1000376c:	4599      	cmp	r9, r3
1000376e:	d301      	bcc.n	10003774 <_vsnprintf+0x1f0>
10003770:	f103 39ff 	add.w	r9, r3, #4294967295	@ 0xffffffff
10003774:	464a      	mov	r2, r9
10003776:	2000      	movs	r0, #0
10003778:	9b09      	ldr	r3, [sp, #36]	@ 0x24
1000377a:	990a      	ldr	r1, [sp, #40]	@ 0x28
1000377c:	47d8      	blx	fp
1000377e:	4620      	mov	r0, r4
10003780:	b01b      	add	sp, #108	@ 0x6c
10003782:	e8bd 8ff0 	ldmia.w	sp!, {r4, r5, r6, r7, r8, r9, sl, fp, pc}
10003786:	f1a0 0269 	sub.w	r2, r0, #105	@ 0x69
1000378a:	b2d2      	uxtb	r2, r2
1000378c:	2a0f      	cmp	r2, #15
1000378e:	d841      	bhi.n	10003814 <_vsnprintf+0x290>
10003790:	2601      	movs	r6, #1
10003792:	f249 0141 	movw	r1, #36929	@ 0x9041
10003796:	4096      	lsls	r6, r2
10003798:	400e      	ands	r6, r1
1000379a:	f040 8101 	bne.w	100039a0 <_vsnprintf+0x41c>
1000379e:	2a0a      	cmp	r2, #10
100037a0:	d03f      	beq.n	10003822 <_vsnprintf+0x29e>
100037a2:	2a07      	cmp	r2, #7
100037a4:	d136      	bne.n	10003814 <_vsnprintf+0x290>
100037a6:	9c0b      	ldr	r4, [sp, #44]	@ 0x2c
100037a8:	f854 2b04 	ldr.w	r2, [r4], #4
100037ac:	2a00      	cmp	r2, #0
100037ae:	f000 8128 	beq.w	10003a02 <_vsnprintf+0x47e>
100037b2:	f043 0121 	orr.w	r1, r3, #33	@ 0x21
100037b6:	f10d 0e48 	add.w	lr, sp, #72	@ 0x48
100037ba:	4670      	mov	r0, lr
100037bc:	e003      	b.n	100037c6 <_vsnprintf+0x242>
100037be:	2e20      	cmp	r6, #32
100037c0:	f000 8129 	beq.w	10003a16 <_vsnprintf+0x492>
100037c4:	461a      	mov	r2, r3
100037c6:	f002 050f 	and.w	r5, r2, #15
100037ca:	462b      	mov	r3, r5
100037cc:	2d09      	cmp	r5, #9
100037ce:	bf94      	ite	ls
100037d0:	3330      	addls	r3, #48	@ 0x30
100037d2:	3337      	addhi	r3, #55	@ 0x37
100037d4:	2a0f      	cmp	r2, #15
100037d6:	f800 3b01 	strb.w	r3, [r0], #1
100037da:	f106 0601 	add.w	r6, r6, #1
100037de:	ea4f 1312 	mov.w	r3, r2, lsr #4
100037e2:	d8ec      	bhi.n	100037be <_vsnprintf+0x23a>
100037e4:	e117      	b.n	10003a16 <_vsnprintf+0x492>
100037e6:	bf00      	nop
100037e8:	10003585 	.word	0x10003585
100037ec:	20002380 	.word	0x20002380
100037f0:	100029d5 	.word	0x100029d5
100037f4:	9c0b      	ldr	r4, [sp, #44]	@ 0x2c
100037f6:	f89a 0001 	ldrb.w	r0, [sl, #1]
100037fa:	f854 5b04 	ldr.w	r5, [r4], #4
100037fe:	4692      	mov	sl, r2
10003800:	2d00      	cmp	r5, #0
10003802:	bfbd      	ittte	lt
10003804:	4269      	neglt	r1, r5
10003806:	f043 0302 	orrlt.w	r3, r3, #2
1000380a:	910c      	strlt	r1, [sp, #48]	@ 0x30
1000380c:	950c      	strge	r5, [sp, #48]	@ 0x30
1000380e:	940b      	str	r4, [sp, #44]	@ 0x2c
10003810:	3201      	adds	r2, #1
10003812:	e6fc      	b.n	1000360e <_vsnprintf+0x8a>
10003814:	464a      	mov	r2, r9
10003816:	9b09      	ldr	r3, [sp, #36]	@ 0x24
10003818:	990a      	ldr	r1, [sp, #40]	@ 0x28
1000381a:	f109 0901 	add.w	r9, r9, #1
1000381e:	47d8      	blx	fp
10003820:	e6cf      	b.n	100035c2 <_vsnprintf+0x3e>
10003822:	990b      	ldr	r1, [sp, #44]	@ 0x2c
10003824:	f851 8b04 	ldr.w	r8, [r1], #4
10003828:	f898 2000 	ldrb.w	r2, [r8]
1000382c:	4610      	mov	r0, r2
1000382e:	2f00      	cmp	r7, #0
10003830:	f040 80e1 	bne.w	100039f6 <_vsnprintf+0x472>
10003834:	b172      	cbz	r2, 10003854 <_vsnprintf+0x2d0>
10003836:	f06f 0c01 	mvn.w	ip, #1
1000383a:	f10c 0c01 	add.w	ip, ip, #1
1000383e:	4646      	mov	r6, r8
10003840:	44c4      	add	ip, r8
10003842:	e001      	b.n	10003848 <_vsnprintf+0x2c4>
10003844:	4566      	cmp	r6, ip
10003846:	d003      	beq.n	10003850 <_vsnprintf+0x2cc>
10003848:	f816 4f01 	ldrb.w	r4, [r6, #1]!
1000384c:	2c00      	cmp	r4, #0
1000384e:	d1f9      	bne.n	10003844 <_vsnprintf+0x2c0>
10003850:	eba6 0608 	sub.w	r6, r6, r8
10003854:	f413 6c80 	ands.w	ip, r3, #1024	@ 0x400
10003858:	d002      	beq.n	10003860 <_vsnprintf+0x2dc>
1000385a:	42be      	cmp	r6, r7
1000385c:	bf28      	it	cs
1000385e:	463e      	movcs	r6, r7
10003860:	f013 0402 	ands.w	r4, r3, #2
10003864:	f000 8187 	beq.w	10003b76 <_vsnprintf+0x5f2>
10003868:	2a00      	cmp	r2, #0
1000386a:	f000 812b 	beq.w	10003ac4 <_vsnprintf+0x540>
1000386e:	f1bc 0f00 	cmp.w	ip, #0
10003872:	f000 8141 	beq.w	10003af8 <_vsnprintf+0x574>
10003876:	940b      	str	r4, [sp, #44]	@ 0x2c
10003878:	960d      	str	r6, [sp, #52]	@ 0x34
1000387a:	464a      	mov	r2, r9
1000387c:	e9dd 5409 	ldrd	r5, r4, [sp, #36]	@ 0x24
10003880:	460e      	mov	r6, r1
10003882:	444f      	add	r7, r9
10003884:	e008      	b.n	10003898 <_vsnprintf+0x314>
10003886:	462b      	mov	r3, r5
10003888:	4621      	mov	r1, r4
1000388a:	47d8      	blx	fp
1000388c:	f818 0f01 	ldrb.w	r0, [r8, #1]!
10003890:	f109 0901 	add.w	r9, r9, #1
10003894:	b110      	cbz	r0, 1000389c <_vsnprintf+0x318>
10003896:	464a      	mov	r2, r9
10003898:	454f      	cmp	r7, r9
1000389a:	d1f4      	bne.n	10003886 <_vsnprintf+0x302>
1000389c:	4631      	mov	r1, r6
1000389e:	9c0b      	ldr	r4, [sp, #44]	@ 0x2c
100038a0:	9e0d      	ldr	r6, [sp, #52]	@ 0x34
100038a2:	2c00      	cmp	r4, #0
100038a4:	f040 810e 	bne.w	10003ac4 <_vsnprintf+0x540>
100038a8:	910b      	str	r1, [sp, #44]	@ 0x2c
100038aa:	e68a      	b.n	100035c2 <_vsnprintf+0x3e>
100038ac:	f89a 0001 	ldrb.w	r0, [sl, #1]
100038b0:	286c      	cmp	r0, #108	@ 0x6c
100038b2:	f47f aedf 	bne.w	10003674 <_vsnprintf+0xf0>
100038b6:	f89a 0002 	ldrb.w	r0, [sl, #2]
100038ba:	f443 7340 	orr.w	r3, r3, #768	@ 0x300
100038be:	f10a 0203 	add.w	r2, sl, #3
100038c2:	e6da      	b.n	1000367a <_vsnprintf+0xf6>
100038c4:	f89a 0001 	ldrb.w	r0, [sl, #1]
100038c8:	f443 7300 	orr.w	r3, r3, #512	@ 0x200
100038cc:	3201      	adds	r2, #1
100038ce:	e6d4      	b.n	1000367a <_vsnprintf+0xf6>
100038d0:	f89a 0001 	ldrb.w	r0, [sl, #1]
100038d4:	2868      	cmp	r0, #104	@ 0x68
100038d6:	f000 8120 	beq.w	10003b1a <_vsnprintf+0x596>
100038da:	f043 0380 	orr.w	r3, r3, #128	@ 0x80
100038de:	3201      	adds	r2, #1
100038e0:	e6cb      	b.n	1000367a <_vsnprintf+0xf6>
100038e2:	2867      	cmp	r0, #103	@ 0x67
100038e4:	f000 80e7 	beq.w	10003ab6 <_vsnprintf+0x532>
100038e8:	2847      	cmp	r0, #71	@ 0x47
100038ea:	f000 8100 	beq.w	10003aee <_vsnprintf+0x56a>
100038ee:	2845      	cmp	r0, #69	@ 0x45
100038f0:	f000 80ff 	beq.w	10003af2 <_vsnprintf+0x56e>
100038f4:	9c0b      	ldr	r4, [sp, #44]	@ 0x2c
100038f6:	9304      	str	r3, [sp, #16]
100038f8:	9b0c      	ldr	r3, [sp, #48]	@ 0x30
100038fa:	3407      	adds	r4, #7
100038fc:	e9cd 7302 	strd	r7, r3, [sp, #8]
10003900:	f024 0307 	bic.w	r3, r4, #7
10003904:	461c      	mov	r4, r3
10003906:	e9dd 3109 	ldrd	r3, r1, [sp, #36]	@ 0x24
1000390a:	e8f4 6702 	ldrd	r6, r7, [r4], #8
1000390e:	464a      	mov	r2, r9
10003910:	4658      	mov	r0, fp
10003912:	e9cd 6700 	strd	r6, r7, [sp]
10003916:	940b      	str	r4, [sp, #44]	@ 0x2c
10003918:	f7ff fa0a 	bl	10002d30 <_etoa>
1000391c:	4681      	mov	r9, r0
1000391e:	e650      	b.n	100035c2 <_vsnprintf+0x3e>
10003920:	2846      	cmp	r0, #70	@ 0x46
10003922:	9c0b      	ldr	r4, [sp, #44]	@ 0x2c
10003924:	bf08      	it	eq
10003926:	f043 0320 	orreq.w	r3, r3, #32
1000392a:	9304      	str	r3, [sp, #16]
1000392c:	9b0c      	ldr	r3, [sp, #48]	@ 0x30
1000392e:	3407      	adds	r4, #7
10003930:	e9cd 7302 	strd	r7, r3, [sp, #8]
10003934:	f024 0307 	bic.w	r3, r4, #7
10003938:	461c      	mov	r4, r3
1000393a:	e9dd 3109 	ldrd	r3, r1, [sp, #36]	@ 0x24
1000393e:	e8f4 6702 	ldrd	r6, r7, [r4], #8
10003942:	464a      	mov	r2, r9
10003944:	4658      	mov	r0, fp
10003946:	e9cd 6700 	strd	r6, r7, [sp]
1000394a:	940b      	str	r4, [sp, #44]	@ 0x2c
1000394c:	f7ff fc20 	bl	10003190 <_ftoa>
10003950:	4681      	mov	r9, r0
10003952:	e636      	b.n	100035c2 <_vsnprintf+0x3e>
10003954:	464a      	mov	r2, r9
10003956:	2025      	movs	r0, #37	@ 0x25
10003958:	9b09      	ldr	r3, [sp, #36]	@ 0x24
1000395a:	990a      	ldr	r1, [sp, #40]	@ 0x28
1000395c:	f109 0901 	add.w	r9, r9, #1
10003960:	47d8      	blx	fp
10003962:	e62e      	b.n	100035c2 <_vsnprintf+0x3e>
10003964:	9a0b      	ldr	r2, [sp, #44]	@ 0x2c
10003966:	079c      	lsls	r4, r3, #30
10003968:	f102 0704 	add.w	r7, r2, #4
1000396c:	f109 0601 	add.w	r6, r9, #1
10003970:	f140 80e6 	bpl.w	10003b40 <_vsnprintf+0x5bc>
10003974:	7810      	ldrb	r0, [r2, #0]
10003976:	9b09      	ldr	r3, [sp, #36]	@ 0x24
10003978:	464a      	mov	r2, r9
1000397a:	990a      	ldr	r1, [sp, #40]	@ 0x28
1000397c:	47d8      	blx	fp
1000397e:	9b0c      	ldr	r3, [sp, #48]	@ 0x30
10003980:	2b01      	cmp	r3, #1
10003982:	f240 812c 	bls.w	10003bde <_vsnprintf+0x65a>
10003986:	e9dd 5409 	ldrd	r5, r4, [sp, #36]	@ 0x24
1000398a:	4499      	add	r9, r3
1000398c:	4632      	mov	r2, r6
1000398e:	462b      	mov	r3, r5
10003990:	4621      	mov	r1, r4
10003992:	2020      	movs	r0, #32
10003994:	3601      	adds	r6, #1
10003996:	47d8      	blx	fp
10003998:	454e      	cmp	r6, r9
1000399a:	d1f7      	bne.n	1000398c <_vsnprintf+0x408>
1000399c:	970b      	str	r7, [sp, #44]	@ 0x2c
1000399e:	e610      	b.n	100035c2 <_vsnprintf+0x3e>
100039a0:	286f      	cmp	r0, #111	@ 0x6f
100039a2:	f000 808b 	beq.w	10003abc <_vsnprintf+0x538>
100039a6:	f240 8165 	bls.w	10003c74 <_vsnprintf+0x6f0>
100039aa:	2878      	cmp	r0, #120	@ 0x78
100039ac:	f000 8108 	beq.w	10003bc0 <_vsnprintf+0x63c>
100039b0:	f04f 080a 	mov.w	r8, #10
100039b4:	f023 0310 	bic.w	r3, r3, #16
100039b8:	46c4      	mov	ip, r8
100039ba:	e047      	b.n	10003a4c <_vsnprintf+0x4c8>
100039bc:	2700      	movs	r7, #0
100039be:	eb07 0787 	add.w	r7, r7, r7, lsl #2
100039c2:	eb00 0047 	add.w	r0, r0, r7, lsl #1
100039c6:	f1a0 0730 	sub.w	r7, r0, #48	@ 0x30
100039ca:	f811 0f01 	ldrb.w	r0, [r1, #1]!
100039ce:	f1a0 0230 	sub.w	r2, r0, #48	@ 0x30
100039d2:	2a09      	cmp	r2, #9
100039d4:	d9f3      	bls.n	100039be <_vsnprintf+0x43a>
100039d6:	468a      	mov	sl, r1
100039d8:	1c4a      	adds	r2, r1, #1
100039da:	e61c      	b.n	10003616 <_vsnprintf+0x92>
100039dc:	9c0b      	ldr	r4, [sp, #44]	@ 0x2c
100039de:	f89a 0002 	ldrb.w	r0, [sl, #2]
100039e2:	f854 7b04 	ldr.w	r7, [r4], #4
100039e6:	f10a 0a02 	add.w	sl, sl, #2
100039ea:	f10a 0201 	add.w	r2, sl, #1
100039ee:	940b      	str	r4, [sp, #44]	@ 0x2c
100039f0:	ea27 77e7 	bic.w	r7, r7, r7, asr #31
100039f4:	e60f      	b.n	10003616 <_vsnprintf+0x92>
100039f6:	2a00      	cmp	r2, #0
100039f8:	f43f af2c 	beq.w	10003854 <_vsnprintf+0x2d0>
100039fc:	f107 3cff 	add.w	ip, r7, #4294967295	@ 0xffffffff
10003a00:	e71b      	b.n	1000383a <_vsnprintf+0x2b6>
10003a02:	f023 0110 	bic.w	r1, r3, #16
10003a06:	f413 6280 	ands.w	r2, r3, #1024	@ 0x400
10003a0a:	f041 0121 	orr.w	r1, r1, #33	@ 0x21
10003a0e:	f43f aed2 	beq.w	100037b6 <_vsnprintf+0x232>
10003a12:	f10d 0e48 	add.w	lr, sp, #72	@ 0x48
10003a16:	2308      	movs	r3, #8
10003a18:	2010      	movs	r0, #16
10003a1a:	9305      	str	r3, [sp, #20]
10003a1c:	2300      	movs	r3, #0
10003a1e:	464a      	mov	r2, r9
10003a20:	e9cd 3002 	strd	r3, r0, [sp, #8]
10003a24:	9106      	str	r1, [sp, #24]
10003a26:	4658      	mov	r0, fp
10003a28:	e9dd 3109 	ldrd	r3, r1, [sp, #36]	@ 0x24
10003a2c:	e9cd e600 	strd	lr, r6, [sp]
10003a30:	9704      	str	r7, [sp, #16]
10003a32:	f7ff f81f 	bl	10002a74 <_ntoa_format>
10003a36:	940b      	str	r4, [sp, #44]	@ 0x2c
10003a38:	4681      	mov	r9, r0
10003a3a:	e5c2      	b.n	100035c2 <_vsnprintf+0x3e>
10003a3c:	2858      	cmp	r0, #88	@ 0x58
10003a3e:	d079      	beq.n	10003b34 <_vsnprintf+0x5b0>
10003a40:	2862      	cmp	r0, #98	@ 0x62
10003a42:	f040 8251 	bne.w	10003ee8 <_vsnprintf+0x964>
10003a46:	f04f 0802 	mov.w	r8, #2
10003a4a:	46c4      	mov	ip, r8
10003a4c:	f413 6080 	ands.w	r0, r3, #1024	@ 0x400
10003a50:	d16d      	bne.n	10003b2e <_vsnprintf+0x5aa>
10003a52:	f023 030c 	bic.w	r3, r3, #12
10003a56:	f413 7200 	ands.w	r2, r3, #512	@ 0x200
10003a5a:	f040 80c2 	bne.w	10003be2 <_vsnprintf+0x65e>
10003a5e:	990b      	ldr	r1, [sp, #44]	@ 0x2c
10003a60:	3104      	adds	r1, #4
10003a62:	910d      	str	r1, [sp, #52]	@ 0x34
10003a64:	f413 7180 	ands.w	r1, r3, #256	@ 0x100
10003a68:	f040 822e 	bne.w	10003ec8 <_vsnprintf+0x944>
10003a6c:	065e      	lsls	r6, r3, #25
10003a6e:	9a0b      	ldr	r2, [sp, #44]	@ 0x2c
10003a70:	f140 80aa 	bpl.w	10003bc8 <_vsnprintf+0x644>
10003a74:	7812      	ldrb	r2, [r2, #0]
10003a76:	2a00      	cmp	r2, #0
10003a78:	f040 80da 	bne.w	10003c30 <_vsnprintf+0x6ac>
10003a7c:	f023 0310 	bic.w	r3, r3, #16
10003a80:	2800      	cmp	r0, #0
10003a82:	f000 80d5 	beq.w	10003c30 <_vsnprintf+0x6ac>
10003a86:	4611      	mov	r1, r2
10003a88:	f10d 0e48 	add.w	lr, sp, #72	@ 0x48
10003a8c:	9306      	str	r3, [sp, #24]
10003a8e:	9b0c      	ldr	r3, [sp, #48]	@ 0x30
10003a90:	f8cd c00c 	str.w	ip, [sp, #12]
10003a94:	e9cd 7304 	strd	r7, r3, [sp, #16]
10003a98:	9101      	str	r1, [sp, #4]
10003a9a:	2300      	movs	r3, #0
10003a9c:	464a      	mov	r2, r9
10003a9e:	9302      	str	r3, [sp, #8]
10003aa0:	4658      	mov	r0, fp
10003aa2:	e9dd 3109 	ldrd	r3, r1, [sp, #36]	@ 0x24
10003aa6:	f8cd e000 	str.w	lr, [sp]
10003aaa:	f7fe ffe3 	bl	10002a74 <_ntoa_format>
10003aae:	9b0d      	ldr	r3, [sp, #52]	@ 0x34
10003ab0:	4681      	mov	r9, r0
10003ab2:	930b      	str	r3, [sp, #44]	@ 0x2c
10003ab4:	e585      	b.n	100035c2 <_vsnprintf+0x3e>
10003ab6:	f443 6300 	orr.w	r3, r3, #2048	@ 0x800
10003aba:	e71b      	b.n	100038f4 <_vsnprintf+0x370>
10003abc:	f04f 0808 	mov.w	r8, #8
10003ac0:	46c4      	mov	ip, r8
10003ac2:	e7c3      	b.n	10003a4c <_vsnprintf+0x4c8>
10003ac4:	9b0c      	ldr	r3, [sp, #48]	@ 0x30
10003ac6:	464c      	mov	r4, r9
10003ac8:	42b3      	cmp	r3, r6
10003aca:	f67f aeed 	bls.w	100038a8 <_vsnprintf+0x324>
10003ace:	460f      	mov	r7, r1
10003ad0:	444b      	add	r3, r9
10003ad2:	eba3 0906 	sub.w	r9, r3, r6
10003ad6:	e9dd 6509 	ldrd	r6, r5, [sp, #36]	@ 0x24
10003ada:	4622      	mov	r2, r4
10003adc:	4633      	mov	r3, r6
10003ade:	4629      	mov	r1, r5
10003ae0:	2020      	movs	r0, #32
10003ae2:	3401      	adds	r4, #1
10003ae4:	47d8      	blx	fp
10003ae6:	454c      	cmp	r4, r9
10003ae8:	d1f7      	bne.n	10003ada <_vsnprintf+0x556>
10003aea:	4639      	mov	r1, r7
10003aec:	e6dc      	b.n	100038a8 <_vsnprintf+0x324>
10003aee:	f443 6300 	orr.w	r3, r3, #2048	@ 0x800
10003af2:	f043 0320 	orr.w	r3, r3, #32
10003af6:	e6fd      	b.n	100038f4 <_vsnprintf+0x370>
10003af8:	460f      	mov	r7, r1
10003afa:	940b      	str	r4, [sp, #44]	@ 0x2c
10003afc:	e9dd 5409 	ldrd	r5, r4, [sp, #36]	@ 0x24
10003b00:	464a      	mov	r2, r9
10003b02:	462b      	mov	r3, r5
10003b04:	4621      	mov	r1, r4
10003b06:	47d8      	blx	fp
10003b08:	f818 0f01 	ldrb.w	r0, [r8, #1]!
10003b0c:	f109 0901 	add.w	r9, r9, #1
10003b10:	2800      	cmp	r0, #0
10003b12:	d1f5      	bne.n	10003b00 <_vsnprintf+0x57c>
10003b14:	4639      	mov	r1, r7
10003b16:	9c0b      	ldr	r4, [sp, #44]	@ 0x2c
10003b18:	e6c3      	b.n	100038a2 <_vsnprintf+0x31e>
10003b1a:	f89a 0002 	ldrb.w	r0, [sl, #2]
10003b1e:	f043 03c0 	orr.w	r3, r3, #192	@ 0xc0
10003b22:	f10a 0203 	add.w	r2, sl, #3
10003b26:	e5a8      	b.n	1000367a <_vsnprintf+0xf6>
10003b28:	4604      	mov	r4, r0
10003b2a:	4681      	mov	r9, r0
10003b2c:	e61d      	b.n	1000376a <_vsnprintf+0x1e6>
10003b2e:	f023 030d 	bic.w	r3, r3, #13
10003b32:	e790      	b.n	10003a56 <_vsnprintf+0x4d2>
10003b34:	f04f 0810 	mov.w	r8, #16
10003b38:	f043 0320 	orr.w	r3, r3, #32
10003b3c:	46c4      	mov	ip, r8
10003b3e:	e785      	b.n	10003a4c <_vsnprintf+0x4c8>
10003b40:	9b0c      	ldr	r3, [sp, #48]	@ 0x30
10003b42:	2b01      	cmp	r3, #1
10003b44:	d945      	bls.n	10003bd2 <_vsnprintf+0x64e>
10003b46:	e9dd 5409 	ldrd	r5, r4, [sp, #36]	@ 0x24
10003b4a:	464e      	mov	r6, r9
10003b4c:	f109 38ff 	add.w	r8, r9, #4294967295	@ 0xffffffff
10003b50:	4498      	add	r8, r3
10003b52:	4632      	mov	r2, r6
10003b54:	462b      	mov	r3, r5
10003b56:	4621      	mov	r1, r4
10003b58:	2020      	movs	r0, #32
10003b5a:	3601      	adds	r6, #1
10003b5c:	47d8      	blx	fp
10003b5e:	4546      	cmp	r6, r8
10003b60:	d1f7      	bne.n	10003b52 <_vsnprintf+0x5ce>
10003b62:	9b0c      	ldr	r3, [sp, #48]	@ 0x30
10003b64:	4632      	mov	r2, r6
10003b66:	4499      	add	r9, r3
10003b68:	9b0b      	ldr	r3, [sp, #44]	@ 0x2c
10003b6a:	7818      	ldrb	r0, [r3, #0]
10003b6c:	e9dd 3109 	ldrd	r3, r1, [sp, #36]	@ 0x24
10003b70:	47d8      	blx	fp
10003b72:	970b      	str	r7, [sp, #44]	@ 0x2c
10003b74:	e525      	b.n	100035c2 <_vsnprintf+0x3e>
10003b76:	9b0c      	ldr	r3, [sp, #48]	@ 0x30
10003b78:	42b3      	cmp	r3, r6
10003b7a:	f240 81ee 	bls.w	10003f5a <_vsnprintf+0x9d6>
10003b7e:	e9cd 480d 	strd	r4, r8, [sp, #52]	@ 0x34
10003b82:	e9dd 5409 	ldrd	r5, r4, [sp, #36]	@ 0x24
10003b86:	4688      	mov	r8, r1
10003b88:	444b      	add	r3, r9
10003b8a:	1b9e      	subs	r6, r3, r6
10003b8c:	f8cd c02c 	str.w	ip, [sp, #44]	@ 0x2c
10003b90:	464a      	mov	r2, r9
10003b92:	462b      	mov	r3, r5
10003b94:	4621      	mov	r1, r4
10003b96:	2020      	movs	r0, #32
10003b98:	f109 0901 	add.w	r9, r9, #1
10003b9c:	47d8      	blx	fp
10003b9e:	45b1      	cmp	r9, r6
10003ba0:	d1f6      	bne.n	10003b90 <_vsnprintf+0x60c>
10003ba2:	4641      	mov	r1, r8
10003ba4:	f8dd 8038 	ldr.w	r8, [sp, #56]	@ 0x38
10003ba8:	9b0c      	ldr	r3, [sp, #48]	@ 0x30
10003baa:	f8dd c02c 	ldr.w	ip, [sp, #44]	@ 0x2c
10003bae:	9c0d      	ldr	r4, [sp, #52]	@ 0x34
10003bb0:	f898 2000 	ldrb.w	r2, [r8]
10003bb4:	1c5e      	adds	r6, r3, #1
10003bb6:	4610      	mov	r0, r2
10003bb8:	2a00      	cmp	r2, #0
10003bba:	f47f ae58 	bne.w	1000386e <_vsnprintf+0x2ea>
10003bbe:	e673      	b.n	100038a8 <_vsnprintf+0x324>
10003bc0:	f04f 0810 	mov.w	r8, #16
10003bc4:	46c4      	mov	ip, r8
10003bc6:	e741      	b.n	10003a4c <_vsnprintf+0x4c8>
10003bc8:	061d      	lsls	r5, r3, #24
10003bca:	bf4c      	ite	mi
10003bcc:	8812      	ldrhmi	r2, [r2, #0]
10003bce:	6812      	ldrpl	r2, [r2, #0]
10003bd0:	e751      	b.n	10003a76 <_vsnprintf+0x4f2>
10003bd2:	4613      	mov	r3, r2
10003bd4:	464a      	mov	r2, r9
10003bd6:	7818      	ldrb	r0, [r3, #0]
10003bd8:	e9dd 3109 	ldrd	r3, r1, [sp, #36]	@ 0x24
10003bdc:	47d8      	blx	fp
10003bde:	46b1      	mov	r9, r6
10003be0:	e6dc      	b.n	1000399c <_vsnprintf+0x418>
10003be2:	9c0b      	ldr	r4, [sp, #44]	@ 0x2c
10003be4:	3407      	adds	r4, #7
10003be6:	f024 0407 	bic.w	r4, r4, #7
10003bea:	4622      	mov	r2, r4
10003bec:	6865      	ldr	r5, [r4, #4]
10003bee:	f852 4b08 	ldr.w	r4, [r2], #8
10003bf2:	920b      	str	r2, [sp, #44]	@ 0x2c
10003bf4:	ea54 0205 	orrs.w	r2, r4, r5
10003bf8:	f040 812c 	bne.w	10003e54 <_vsnprintf+0x8d0>
10003bfc:	f023 0310 	bic.w	r3, r3, #16
10003c00:	2800      	cmp	r0, #0
10003c02:	f000 8127 	beq.w	10003e54 <_vsnprintf+0x8d0>
10003c06:	2600      	movs	r6, #0
10003c08:	f10d 0e48 	add.w	lr, sp, #72	@ 0x48
10003c0c:	9306      	str	r3, [sp, #24]
10003c0e:	9b0c      	ldr	r3, [sp, #48]	@ 0x30
10003c10:	464a      	mov	r2, r9
10003c12:	e9cd 7304 	strd	r7, r3, [sp, #16]
10003c16:	2300      	movs	r3, #0
10003c18:	e9cd e600 	strd	lr, r6, [sp]
10003c1c:	f8cd c00c 	str.w	ip, [sp, #12]
10003c20:	9302      	str	r3, [sp, #8]
10003c22:	4658      	mov	r0, fp
10003c24:	e9dd 3109 	ldrd	r3, r1, [sp, #36]	@ 0x24
10003c28:	f7fe ff24 	bl	10002a74 <_ntoa_format>
10003c2c:	4681      	mov	r9, r0
10003c2e:	e4c8      	b.n	100035c2 <_vsnprintf+0x3e>
10003c30:	f013 0f20 	tst.w	r3, #32
10003c34:	bf14      	ite	ne
10003c36:	2041      	movne	r0, #65	@ 0x41
10003c38:	2061      	moveq	r0, #97	@ 0x61
10003c3a:	f10d 0e48 	add.w	lr, sp, #72	@ 0x48
10003c3e:	4676      	mov	r6, lr
10003c40:	f1a0 080a 	sub.w	r8, r0, #10
10003c44:	e003      	b.n	10003c4e <_vsnprintf+0x6ca>
10003c46:	2920      	cmp	r1, #32
10003c48:	f43f af20 	beq.w	10003a8c <_vsnprintf+0x508>
10003c4c:	4622      	mov	r2, r4
10003c4e:	fbb2 f4fc 	udiv	r4, r2, ip
10003c52:	fb0c 2514 	mls	r5, ip, r4, r2
10003c56:	b2e8      	uxtb	r0, r5
10003c58:	2d09      	cmp	r5, #9
10003c5a:	f100 0530 	add.w	r5, r0, #48	@ 0x30
10003c5e:	bf8a      	itet	hi
10003c60:	4440      	addhi	r0, r8
10003c62:	b2e8      	uxtbls	r0, r5
10003c64:	b2c0      	uxtbhi	r0, r0
10003c66:	4562      	cmp	r2, ip
10003c68:	f806 0b01 	strb.w	r0, [r6], #1
10003c6c:	f101 0101 	add.w	r1, r1, #1
10003c70:	d2e9      	bcs.n	10003c46 <_vsnprintf+0x6c2>
10003c72:	e70b      	b.n	10003a8c <_vsnprintf+0x508>
10003c74:	f023 0210 	bic.w	r2, r3, #16
10003c78:	2869      	cmp	r0, #105	@ 0x69
10003c7a:	920d      	str	r2, [sp, #52]	@ 0x34
10003c7c:	f040 816f 	bne.w	10003f5e <_vsnprintf+0x9da>
10003c80:	f413 6280 	ands.w	r2, r3, #1024	@ 0x400
10003c84:	d004      	beq.n	10003c90 <_vsnprintf+0x70c>
10003c86:	f44f 6280 	mov.w	r2, #1024	@ 0x400
10003c8a:	f023 0311 	bic.w	r3, r3, #17
10003c8e:	930d      	str	r3, [sp, #52]	@ 0x34
10003c90:	9b0d      	ldr	r3, [sp, #52]	@ 0x34
10003c92:	f413 7600 	ands.w	r6, r3, #512	@ 0x200
10003c96:	d140      	bne.n	10003d1a <_vsnprintf+0x796>
10003c98:	9b0b      	ldr	r3, [sp, #44]	@ 0x2c
10003c9a:	f103 0804 	add.w	r8, r3, #4
10003c9e:	9b0d      	ldr	r3, [sp, #52]	@ 0x34
10003ca0:	f413 7080 	ands.w	r0, r3, #256	@ 0x100
10003ca4:	f040 8098 	bne.w	10003dd8 <_vsnprintf+0x854>
10003ca8:	0659      	lsls	r1, r3, #25
10003caa:	f140 80c6 	bpl.w	10003e3a <_vsnprintf+0x8b6>
10003cae:	9b0b      	ldr	r3, [sp, #44]	@ 0x2c
10003cb0:	7819      	ldrb	r1, [r3, #0]
10003cb2:	460c      	mov	r4, r1
10003cb4:	0fcb      	lsrs	r3, r1, #31
10003cb6:	2900      	cmp	r1, #0
10003cb8:	f000 80b9 	beq.w	10003e2e <_vsnprintf+0x8aa>
10003cbc:	4622      	mov	r2, r4
10003cbe:	f10d 0e48 	add.w	lr, sp, #72	@ 0x48
10003cc2:	4674      	mov	r4, lr
10003cc4:	4616      	mov	r6, r2
10003cc6:	f8df c2a0 	ldr.w	ip, [pc, #672]	@ 10003f68 <_vsnprintf+0x9e4>
10003cca:	e001      	b.n	10003cd0 <_vsnprintf+0x74c>
10003ccc:	2820      	cmp	r0, #32
10003cce:	d00f      	beq.n	10003cf0 <_vsnprintf+0x76c>
10003cd0:	4635      	mov	r5, r6
10003cd2:	fbac 2106 	umull	r2, r1, ip, r6
10003cd6:	08c9      	lsrs	r1, r1, #3
10003cd8:	eb01 0281 	add.w	r2, r1, r1, lsl #2
10003cdc:	eba6 0242 	sub.w	r2, r6, r2, lsl #1
10003ce0:	3230      	adds	r2, #48	@ 0x30
10003ce2:	2d09      	cmp	r5, #9
10003ce4:	460e      	mov	r6, r1
10003ce6:	f100 0001 	add.w	r0, r0, #1
10003cea:	f804 2b01 	strb.w	r2, [r4], #1
10003cee:	d8ed      	bhi.n	10003ccc <_vsnprintf+0x748>
10003cf0:	9a0d      	ldr	r2, [sp, #52]	@ 0x34
10003cf2:	e9cd 0301 	strd	r0, r3, [sp, #4]
10003cf6:	9206      	str	r2, [sp, #24]
10003cf8:	9a0c      	ldr	r2, [sp, #48]	@ 0x30
10003cfa:	e9cd 7204 	strd	r7, r2, [sp, #16]
10003cfe:	230a      	movs	r3, #10
10003d00:	464a      	mov	r2, r9
10003d02:	9303      	str	r3, [sp, #12]
10003d04:	4658      	mov	r0, fp
10003d06:	e9dd 3109 	ldrd	r3, r1, [sp, #36]	@ 0x24
10003d0a:	f8cd e000 	str.w	lr, [sp]
10003d0e:	f7fe feb1 	bl	10002a74 <_ntoa_format>
10003d12:	f8cd 802c 	str.w	r8, [sp, #44]	@ 0x2c
10003d16:	4681      	mov	r9, r0
10003d18:	e453      	b.n	100035c2 <_vsnprintf+0x3e>
10003d1a:	9c0b      	ldr	r4, [sp, #44]	@ 0x2c
10003d1c:	3407      	adds	r4, #7
10003d1e:	f024 0407 	bic.w	r4, r4, #7
10003d22:	4621      	mov	r1, r4
10003d24:	4608      	mov	r0, r1
10003d26:	6863      	ldr	r3, [r4, #4]
10003d28:	f850 1b08 	ldr.w	r1, [r0], #8
10003d2c:	0fdc      	lsrs	r4, r3, #31
10003d2e:	900b      	str	r0, [sp, #44]	@ 0x2c
10003d30:	ea51 0003 	orrs.w	r0, r1, r3
10003d34:	f000 80c3 	beq.w	10003ebe <_vsnprintf+0x93a>
10003d38:	460a      	mov	r2, r1
10003d3a:	1e19      	subs	r1, r3, #0
10003d3c:	db48      	blt.n	10003dd0 <_vsnprintf+0x84c>
10003d3e:	4613      	mov	r3, r2
10003d40:	f10d 0e48 	add.w	lr, sp, #72	@ 0x48
10003d44:	46f4      	mov	ip, lr
10003d46:	2600      	movs	r6, #0
10003d48:	e9cd 940e 	strd	r9, r4, [sp, #56]	@ 0x38
10003d4c:	f8df 8218 	ldr.w	r8, [pc, #536]	@ 10003f68 <_vsnprintf+0x9e4>
10003d50:	e001      	b.n	10003d56 <_vsnprintf+0x7d2>
10003d52:	2e20      	cmp	r6, #32
10003d54:	d02d      	beq.n	10003db2 <_vsnprintf+0x82e>
10003d56:	185a      	adds	r2, r3, r1
10003d58:	f142 0200 	adc.w	r2, r2, #0
10003d5c:	fba8 5902 	umull	r5, r9, r8, r2
10003d60:	f029 0503 	bic.w	r5, r9, #3
10003d64:	eb05 0599 	add.w	r5, r5, r9, lsr #2
10003d68:	1b52      	subs	r2, r2, r5
10003d6a:	461c      	mov	r4, r3
10003d6c:	1a9b      	subs	r3, r3, r2
10003d6e:	f161 0500 	sbc.w	r5, r1, #0
10003d72:	4608      	mov	r0, r1
10003d74:	f04f 31cc 	mov.w	r1, #3435973836	@ 0xcccccccc
10003d78:	fb01 f103 	mul.w	r1, r1, r3
10003d7c:	fb08 1105 	mla	r1, r8, r5, r1
10003d80:	fba3 5308 	umull	r5, r3, r3, r8
10003d84:	4419      	add	r1, r3
10003d86:	2305      	movs	r3, #5
10003d88:	f005 0901 	and.w	r9, r5, #1
10003d8c:	fba9 3903 	umull	r3, r9, r9, r3
10003d90:	189b      	adds	r3, r3, r2
10003d92:	2c0a      	cmp	r4, #10
10003d94:	f103 0330 	add.w	r3, r3, #48	@ 0x30
10003d98:	ea4f 0555 	mov.w	r5, r5, lsr #1
10003d9c:	f170 0000 	sbcs.w	r0, r0, #0
10003da0:	f80c 3b01 	strb.w	r3, [ip], #1
10003da4:	f106 0601 	add.w	r6, r6, #1
10003da8:	ea45 73c1 	orr.w	r3, r5, r1, lsl #31
10003dac:	ea4f 0151 	mov.w	r1, r1, lsr #1
10003db0:	d2cf      	bcs.n	10003d52 <_vsnprintf+0x7ce>
10003db2:	e9dd 940e 	ldrd	r9, r4, [sp, #56]	@ 0x38
10003db6:	9b0d      	ldr	r3, [sp, #52]	@ 0x34
10003db8:	464a      	mov	r2, r9
10003dba:	9306      	str	r3, [sp, #24]
10003dbc:	9b0c      	ldr	r3, [sp, #48]	@ 0x30
10003dbe:	e9cd 6401 	strd	r6, r4, [sp, #4]
10003dc2:	e9cd 7304 	strd	r7, r3, [sp, #16]
10003dc6:	230a      	movs	r3, #10
10003dc8:	f8cd e000 	str.w	lr, [sp]
10003dcc:	9303      	str	r3, [sp, #12]
10003dce:	e728      	b.n	10003c22 <_vsnprintf+0x69e>
10003dd0:	4252      	negs	r2, r2
10003dd2:	eb61 0141 	sbc.w	r1, r1, r1, lsl #1
10003dd6:	e7b2      	b.n	10003d3e <_vsnprintf+0x7ba>
10003dd8:	9b0b      	ldr	r3, [sp, #44]	@ 0x2c
10003dda:	6819      	ldr	r1, [r3, #0]
10003ddc:	0fcb      	lsrs	r3, r1, #31
10003dde:	2900      	cmp	r1, #0
10003de0:	f000 80ab 	beq.w	10003f3a <_vsnprintf+0x9b6>
10003de4:	ea81 72e1 	eor.w	r2, r1, r1, asr #31
10003de8:	eba2 72e1 	sub.w	r2, r2, r1, asr #31
10003dec:	f10d 0e48 	add.w	lr, sp, #72	@ 0x48
10003df0:	4670      	mov	r0, lr
10003df2:	f8df c174 	ldr.w	ip, [pc, #372]	@ 10003f68 <_vsnprintf+0x9e4>
10003df6:	e001      	b.n	10003dfc <_vsnprintf+0x878>
10003df8:	2e20      	cmp	r6, #32
10003dfa:	d010      	beq.n	10003e1e <_vsnprintf+0x89a>
10003dfc:	4615      	mov	r5, r2
10003dfe:	fbac 4102 	umull	r4, r1, ip, r2
10003e02:	08c9      	lsrs	r1, r1, #3
10003e04:	eb01 0481 	add.w	r4, r1, r1, lsl #2
10003e08:	eba2 0444 	sub.w	r4, r2, r4, lsl #1
10003e0c:	f104 0230 	add.w	r2, r4, #48	@ 0x30
10003e10:	2d09      	cmp	r5, #9
10003e12:	f800 2b01 	strb.w	r2, [r0], #1
10003e16:	f106 0601 	add.w	r6, r6, #1
10003e1a:	460a      	mov	r2, r1
10003e1c:	d8ec      	bhi.n	10003df8 <_vsnprintf+0x874>
10003e1e:	9a0d      	ldr	r2, [sp, #52]	@ 0x34
10003e20:	e9cd 6301 	strd	r6, r3, [sp, #4]
10003e24:	9206      	str	r2, [sp, #24]
10003e26:	9a0c      	ldr	r2, [sp, #48]	@ 0x30
10003e28:	e9cd 7204 	strd	r7, r2, [sp, #16]
10003e2c:	e767      	b.n	10003cfe <_vsnprintf+0x77a>
10003e2e:	2a00      	cmp	r2, #0
10003e30:	f43f af45 	beq.w	10003cbe <_vsnprintf+0x73a>
10003e34:	f10d 0e48 	add.w	lr, sp, #72	@ 0x48
10003e38:	e75a      	b.n	10003cf0 <_vsnprintf+0x76c>
10003e3a:	f013 0f80 	tst.w	r3, #128	@ 0x80
10003e3e:	9b0b      	ldr	r3, [sp, #44]	@ 0x2c
10003e40:	f000 8081 	beq.w	10003f46 <_vsnprintf+0x9c2>
10003e44:	f9b3 1000 	ldrsh.w	r1, [r3]
10003e48:	ea81 74e1 	eor.w	r4, r1, r1, asr #31
10003e4c:	eba4 74e1 	sub.w	r4, r4, r1, asr #31
10003e50:	b2a4      	uxth	r4, r4
10003e52:	e72f      	b.n	10003cb4 <_vsnprintf+0x730>
10003e54:	f013 0f20 	tst.w	r3, #32
10003e58:	bf14      	ite	ne
10003e5a:	2241      	movne	r2, #65	@ 0x41
10003e5c:	2261      	moveq	r2, #97	@ 0x61
10003e5e:	f10d 0e48 	add.w	lr, sp, #72	@ 0x48
10003e62:	3a0a      	subs	r2, #10
10003e64:	e9cd 970d 	strd	r9, r7, [sp, #52]	@ 0x34
10003e68:	f8cd b044 	str.w	fp, [sp, #68]	@ 0x44
10003e6c:	2600      	movs	r6, #0
10003e6e:	4677      	mov	r7, lr
10003e70:	46f3      	mov	fp, lr
10003e72:	4691      	mov	r9, r2
10003e74:	e9cd 3c0f 	strd	r3, ip, [sp, #60]	@ 0x3c
10003e78:	e003      	b.n	10003e82 <_vsnprintf+0x8fe>
10003e7a:	2e20      	cmp	r6, #32
10003e7c:	d017      	beq.n	10003eae <_vsnprintf+0x92a>
10003e7e:	4604      	mov	r4, r0
10003e80:	460d      	mov	r5, r1
10003e82:	4629      	mov	r1, r5
10003e84:	4642      	mov	r2, r8
10003e86:	2300      	movs	r3, #0
10003e88:	4620      	mov	r0, r4
10003e8a:	f007 fa25 	bl	1000b2d8 <____aeabi_uldivmod_veneer>
10003e8e:	b2d2      	uxtb	r2, r2
10003e90:	2a09      	cmp	r2, #9
10003e92:	f102 0330 	add.w	r3, r2, #48	@ 0x30
10003e96:	bf88      	it	hi
10003e98:	eb02 0309 	addhi.w	r3, r2, r9
10003e9c:	4544      	cmp	r4, r8
10003e9e:	b2db      	uxtb	r3, r3
10003ea0:	f175 0500 	sbcs.w	r5, r5, #0
10003ea4:	f807 3b01 	strb.w	r3, [r7], #1
10003ea8:	f106 0601 	add.w	r6, r6, #1
10003eac:	d2e5      	bcs.n	10003e7a <_vsnprintf+0x8f6>
10003eae:	46de      	mov	lr, fp
10003eb0:	e9dd 970d 	ldrd	r9, r7, [sp, #52]	@ 0x34
10003eb4:	e9dd 3c0f 	ldrd	r3, ip, [sp, #60]	@ 0x3c
10003eb8:	f8dd b044 	ldr.w	fp, [sp, #68]	@ 0x44
10003ebc:	e6a6      	b.n	10003c0c <_vsnprintf+0x688>
10003ebe:	2a00      	cmp	r2, #0
10003ec0:	d147      	bne.n	10003f52 <_vsnprintf+0x9ce>
10003ec2:	4613      	mov	r3, r2
10003ec4:	4611      	mov	r1, r2
10003ec6:	e73b      	b.n	10003d40 <_vsnprintf+0x7bc>
10003ec8:	990b      	ldr	r1, [sp, #44]	@ 0x2c
10003eca:	6809      	ldr	r1, [r1, #0]
10003ecc:	b9a1      	cbnz	r1, 10003ef8 <_vsnprintf+0x974>
10003ece:	f023 0310 	bic.w	r3, r3, #16
10003ed2:	b188      	cbz	r0, 10003ef8 <_vsnprintf+0x974>
10003ed4:	f10d 0e48 	add.w	lr, sp, #72	@ 0x48
10003ed8:	9306      	str	r3, [sp, #24]
10003eda:	9b0c      	ldr	r3, [sp, #48]	@ 0x30
10003edc:	f8cd c00c 	str.w	ip, [sp, #12]
10003ee0:	e9cd 7304 	strd	r7, r3, [sp, #16]
10003ee4:	9201      	str	r2, [sp, #4]
10003ee6:	e5d8      	b.n	10003a9a <_vsnprintf+0x516>
10003ee8:	f413 6280 	ands.w	r2, r3, #1024	@ 0x400
10003eec:	f47f aecb 	bne.w	10003c86 <_vsnprintf+0x702>
10003ef0:	f023 0310 	bic.w	r3, r3, #16
10003ef4:	930d      	str	r3, [sp, #52]	@ 0x34
10003ef6:	e6cb      	b.n	10003c90 <_vsnprintf+0x70c>
10003ef8:	f013 0f20 	tst.w	r3, #32
10003efc:	bf14      	ite	ne
10003efe:	2041      	movne	r0, #65	@ 0x41
10003f00:	2061      	moveq	r0, #97	@ 0x61
10003f02:	f10d 0e48 	add.w	lr, sp, #72	@ 0x48
10003f06:	4676      	mov	r6, lr
10003f08:	f1a0 080a 	sub.w	r8, r0, #10
10003f0c:	e002      	b.n	10003f14 <_vsnprintf+0x990>
10003f0e:	2a20      	cmp	r2, #32
10003f10:	d0e2      	beq.n	10003ed8 <_vsnprintf+0x954>
10003f12:	4621      	mov	r1, r4
10003f14:	fbb1 f4fc 	udiv	r4, r1, ip
10003f18:	fb0c 1514 	mls	r5, ip, r4, r1
10003f1c:	b2e8      	uxtb	r0, r5
10003f1e:	2d09      	cmp	r5, #9
10003f20:	f100 0530 	add.w	r5, r0, #48	@ 0x30
10003f24:	bf8a      	itet	hi
10003f26:	4440      	addhi	r0, r8
10003f28:	b2e8      	uxtbls	r0, r5
10003f2a:	b2c0      	uxtbhi	r0, r0
10003f2c:	4561      	cmp	r1, ip
10003f2e:	f806 0b01 	strb.w	r0, [r6], #1
10003f32:	f102 0201 	add.w	r2, r2, #1
10003f36:	d2ea      	bcs.n	10003f0e <_vsnprintf+0x98a>
10003f38:	e7ce      	b.n	10003ed8 <_vsnprintf+0x954>
10003f3a:	2a00      	cmp	r2, #0
10003f3c:	f43f af56 	beq.w	10003dec <_vsnprintf+0x868>
10003f40:	f10d 0e48 	add.w	lr, sp, #72	@ 0x48
10003f44:	e76b      	b.n	10003e1e <_vsnprintf+0x89a>
10003f46:	6819      	ldr	r1, [r3, #0]
10003f48:	ea81 74e1 	eor.w	r4, r1, r1, asr #31
10003f4c:	eba4 74e1 	sub.w	r4, r4, r1, asr #31
10003f50:	e6b0      	b.n	10003cb4 <_vsnprintf+0x730>
10003f52:	2600      	movs	r6, #0
10003f54:	f10d 0e48 	add.w	lr, sp, #72	@ 0x48
10003f58:	e72d      	b.n	10003db6 <_vsnprintf+0x832>
10003f5a:	3601      	adds	r6, #1
10003f5c:	e62b      	b.n	10003bb6 <_vsnprintf+0x632>
10003f5e:	f04f 080a 	mov.w	r8, #10
10003f62:	4613      	mov	r3, r2
10003f64:	46c4      	mov	ip, r8
10003f66:	e571      	b.n	10003a4c <_vsnprintf+0x4c8>
10003f68:	cccccccd 	.word	0xcccccccd

10003f6c <__wrap_snprintf>:
10003f6c:	4684      	mov	ip, r0
10003f6e:	b40c      	push	{r2, r3}
10003f70:	b510      	push	{r4, lr}
10003f72:	b084      	sub	sp, #16
10003f74:	ac06      	add	r4, sp, #24
10003f76:	f854 3b04 	ldr.w	r3, [r4], #4
10003f7a:	460a      	mov	r2, r1
10003f7c:	9400      	str	r4, [sp, #0]
10003f7e:	4661      	mov	r1, ip
10003f80:	4804      	ldr	r0, [pc, #16]	@ (10003f94 <__wrap_snprintf+0x28>)
10003f82:	9403      	str	r4, [sp, #12]
10003f84:	f7ff fafe 	bl	10003584 <_vsnprintf>
10003f88:	b004      	add	sp, #16
10003f8a:	e8bd 4010 	ldmia.w	sp!, {r4, lr}
10003f8e:	b002      	add	sp, #8
10003f90:	4770      	bx	lr
10003f92:	bf00      	nop
10003f94:	100029cd 	.word	0x100029cd

10003f98 <vfctprintf>:
10003f98:	b570      	push	{r4, r5, r6, lr}
10003f9a:	4694      	mov	ip, r2
10003f9c:	461e      	mov	r6, r3
10003f9e:	4605      	mov	r5, r0
10003fa0:	460c      	mov	r4, r1
10003fa2:	b084      	sub	sp, #16
10003fa4:	f04f 32ff 	mov.w	r2, #4294967295	@ 0xffffffff
10003fa8:	4663      	mov	r3, ip
10003faa:	a902      	add	r1, sp, #8
10003fac:	9600      	str	r6, [sp, #0]
10003fae:	4803      	ldr	r0, [pc, #12]	@ (10003fbc <vfctprintf+0x24>)
10003fb0:	e9cd 5402 	strd	r5, r4, [sp, #8]
10003fb4:	f7ff fae6 	bl	10003584 <_vsnprintf>
10003fb8:	b004      	add	sp, #16
10003fba:	bd70      	pop	{r4, r5, r6, pc}
10003fbc:	10002d21 	.word	0x10002d21

10003fc0 <weak_raw_vprintf>:
10003fc0:	b510      	push	{r4, lr}
10003fc2:	4b09      	ldr	r3, [pc, #36]	@ (10003fe8 <weak_raw_vprintf+0x28>)
10003fc4:	b084      	sub	sp, #16
10003fc6:	681c      	ldr	r4, [r3, #0]
10003fc8:	b14c      	cbz	r4, 10003fde <weak_raw_vprintf+0x1e>
10003fca:	4603      	mov	r3, r0
10003fcc:	9100      	str	r1, [sp, #0]
10003fce:	f04f 32ff 	mov.w	r2, #4294967295	@ 0xffffffff
10003fd2:	a903      	add	r1, sp, #12
10003fd4:	4805      	ldr	r0, [pc, #20]	@ (10003fec <weak_raw_vprintf+0x2c>)
10003fd6:	47a0      	blx	r4
10003fd8:	2001      	movs	r0, #1
10003fda:	b004      	add	sp, #16
10003fdc:	bd10      	pop	{r4, pc}
10003fde:	f000 f97d 	bl	100042dc <__wrap_puts>
10003fe2:	4620      	mov	r0, r4
10003fe4:	b004      	add	sp, #16
10003fe6:	bd10      	pop	{r4, pc}
10003fe8:	20002380 	.word	0x20002380
10003fec:	10002d19 	.word	0x10002d19

10003ff0 <_exit>:
10003ff0:	be00      	bkpt	0x0000
10003ff2:	e7fd      	b.n	10003ff0 <_exit>

10003ff4 <exit>:
10003ff4:	b508      	push	{r3, lr}
10003ff6:	f7ff fffb 	bl	10003ff0 <_exit>
10003ffa:	bf00      	nop

10003ffc <runtime_init>:
10003ffc:	b538      	push	{r3, r4, r5, lr}
10003ffe:	4c06      	ldr	r4, [pc, #24]	@ (10004018 <runtime_init+0x1c>)
10004000:	4d06      	ldr	r5, [pc, #24]	@ (1000401c <runtime_init+0x20>)
10004002:	f7fe fa75 	bl	100024f0 <runtime_run_initializers>
10004006:	42ac      	cmp	r4, r5
10004008:	d204      	bcs.n	10004014 <runtime_init+0x18>
1000400a:	f854 3b04 	ldr.w	r3, [r4], #4
1000400e:	4798      	blx	r3
10004010:	42ac      	cmp	r4, r5
10004012:	d3fa      	bcc.n	1000400a <runtime_init+0xe>
10004014:	bd38      	pop	{r3, r4, r5, pc}
10004016:	bf00      	nop
10004018:	1000b358 	.word	0x1000b358
1000401c:	1000b368 	.word	0x1000b368

10004020 <stdio_out_chars_no_crlf>:
10004020:	6803      	ldr	r3, [r0, #0]
10004022:	4608      	mov	r0, r1
10004024:	4611      	mov	r1, r2
10004026:	4718      	bx	r3

10004028 <stdio_out_chars_crlf>:
10004028:	7d43      	ldrb	r3, [r0, #21]
1000402a:	e92d 47f0 	stmdb	sp!, {r4, r5, r6, r7, r8, r9, sl, lr}
1000402e:	4681      	mov	r9, r0
10004030:	460f      	mov	r7, r1
10004032:	4616      	mov	r6, r2
10004034:	2b00      	cmp	r3, #0
10004036:	d043      	beq.n	100040c0 <stdio_out_chars_crlf+0x98>
10004038:	2a00      	cmp	r2, #0
1000403a:	dd3b      	ble.n	100040b4 <stdio_out_chars_crlf+0x8c>
1000403c:	7d03      	ldrb	r3, [r0, #20]
1000403e:	2000      	movs	r0, #0
10004040:	1e4d      	subs	r5, r1, #1
10004042:	4601      	mov	r1, r0
10004044:	f815 2f01 	ldrb.w	r2, [r5, #1]!
10004048:	f8df 8084 	ldr.w	r8, [pc, #132]	@ 100040d0 <stdio_out_chars_crlf+0xa8>
1000404c:	2a0a      	cmp	r2, #10
1000404e:	f101 0401 	add.w	r4, r1, #1
10004052:	d00e      	beq.n	10004072 <stdio_out_chars_crlf+0x4a>
10004054:	42a6      	cmp	r6, r4
10004056:	d01c      	beq.n	10004092 <stdio_out_chars_crlf+0x6a>
10004058:	782b      	ldrb	r3, [r5, #0]
1000405a:	4621      	mov	r1, r4
1000405c:	f1a3 030d 	sub.w	r3, r3, #13
10004060:	fab3 f383 	clz	r3, r3
10004064:	f815 2f01 	ldrb.w	r2, [r5, #1]!
10004068:	095b      	lsrs	r3, r3, #5
1000406a:	2a0a      	cmp	r2, #10
1000406c:	f101 0401 	add.w	r4, r1, #1
10004070:	d1f0      	bne.n	10004054 <stdio_out_chars_crlf+0x2c>
10004072:	2b00      	cmp	r3, #0
10004074:	d1ee      	bne.n	10004054 <stdio_out_chars_crlf+0x2c>
10004076:	4281      	cmp	r1, r0
10004078:	eba1 0100 	sub.w	r1, r1, r0
1000407c:	4438      	add	r0, r7
1000407e:	dc1b      	bgt.n	100040b8 <stdio_out_chars_crlf+0x90>
10004080:	2102      	movs	r1, #2
10004082:	4640      	mov	r0, r8
10004084:	f8d9 3000 	ldr.w	r3, [r9]
10004088:	4798      	blx	r3
1000408a:	42a6      	cmp	r6, r4
1000408c:	d008      	beq.n	100040a0 <stdio_out_chars_crlf+0x78>
1000408e:	4620      	mov	r0, r4
10004090:	e7e2      	b.n	10004058 <stdio_out_chars_crlf+0x30>
10004092:	4286      	cmp	r6, r0
10004094:	dd04      	ble.n	100040a0 <stdio_out_chars_crlf+0x78>
10004096:	1a31      	subs	r1, r6, r0
10004098:	f8d9 3000 	ldr.w	r3, [r9]
1000409c:	4438      	add	r0, r7
1000409e:	4798      	blx	r3
100040a0:	4437      	add	r7, r6
100040a2:	f817 3c01 	ldrb.w	r3, [r7, #-1]
100040a6:	f1a3 030d 	sub.w	r3, r3, #13
100040aa:	fab3 f383 	clz	r3, r3
100040ae:	095b      	lsrs	r3, r3, #5
100040b0:	f889 3014 	strb.w	r3, [r9, #20]
100040b4:	e8bd 87f0 	ldmia.w	sp!, {r4, r5, r6, r7, r8, r9, sl, pc}
100040b8:	f8d9 3000 	ldr.w	r3, [r9]
100040bc:	4798      	blx	r3
100040be:	e7df      	b.n	10004080 <stdio_out_chars_crlf+0x58>
100040c0:	4638      	mov	r0, r7
100040c2:	f8d9 3000 	ldr.w	r3, [r9]
100040c6:	4611      	mov	r1, r2
100040c8:	e8bd 47f0 	ldmia.w	sp!, {r4, r5, r6, r7, r8, r9, sl, lr}
100040cc:	4718      	bx	r3
100040ce:	bf00      	nop
100040d0:	1000b6c8 	.word	0x1000b6c8

100040d4 <stdio_buffered_printer>:
100040d4:	680b      	ldr	r3, [r1, #0]
100040d6:	e92d 41f0 	stmdb	sp!, {r4, r5, r6, r7, r8, lr}
100040da:	2b80      	cmp	r3, #128	@ 0x80
100040dc:	460d      	mov	r5, r1
100040de:	4606      	mov	r6, r0
100040e0:	d005      	beq.n	100040ee <stdio_buffered_printer+0x1a>
100040e2:	1c5a      	adds	r2, r3, #1
100040e4:	442b      	add	r3, r5
100040e6:	602a      	str	r2, [r5, #0]
100040e8:	711e      	strb	r6, [r3, #4]
100040ea:	e8bd 81f0 	ldmia.w	sp!, {r4, r5, r6, r7, r8, pc}
100040ee:	4b0f      	ldr	r3, [pc, #60]	@ (1000412c <stdio_buffered_printer+0x58>)
100040f0:	681c      	ldr	r4, [r3, #0]
100040f2:	b1a4      	cbz	r4, 1000411e <stdio_buffered_printer+0x4a>
100040f4:	4f0e      	ldr	r7, [pc, #56]	@ (10004130 <stdio_buffered_printer+0x5c>)
100040f6:	f101 0804 	add.w	r8, r1, #4
100040fa:	e001      	b.n	10004100 <stdio_buffered_printer+0x2c>
100040fc:	6924      	ldr	r4, [r4, #16]
100040fe:	b174      	cbz	r4, 1000411e <stdio_buffered_printer+0x4a>
10004100:	6823      	ldr	r3, [r4, #0]
10004102:	2b00      	cmp	r3, #0
10004104:	d0fa      	beq.n	100040fc <stdio_buffered_printer+0x28>
10004106:	683b      	ldr	r3, [r7, #0]
10004108:	b10b      	cbz	r3, 1000410e <stdio_buffered_printer+0x3a>
1000410a:	42a3      	cmp	r3, r4
1000410c:	d1f6      	bne.n	100040fc <stdio_buffered_printer+0x28>
1000410e:	4620      	mov	r0, r4
10004110:	4641      	mov	r1, r8
10004112:	682a      	ldr	r2, [r5, #0]
10004114:	f7ff ff88 	bl	10004028 <stdio_out_chars_crlf>
10004118:	6924      	ldr	r4, [r4, #16]
1000411a:	2c00      	cmp	r4, #0
1000411c:	d1f0      	bne.n	10004100 <stdio_buffered_printer+0x2c>
1000411e:	2300      	movs	r3, #0
10004120:	2201      	movs	r2, #1
10004122:	442b      	add	r3, r5
10004124:	602a      	str	r2, [r5, #0]
10004126:	711e      	strb	r6, [r3, #4]
10004128:	e8bd 81f0 	ldmia.w	sp!, {r4, r5, r6, r7, r8, pc}
1000412c:	20001f74 	.word	0x20001f74
10004130:	20001f7c 	.word	0x20001f7c

10004134 <stdio_put_string>:
10004134:	e92d 47f0 	stmdb	sp!, {r4, r5, r6, r7, r8, r9, sl, lr}
10004138:	b082      	sub	sp, #8
1000413a:	460d      	mov	r5, r1
1000413c:	4692      	mov	sl, r2
1000413e:	4699      	mov	r9, r3
10004140:	4607      	mov	r7, r0
10004142:	f7fe f841 	bl	100021c8 <time_us_64>
10004146:	f04f 36ff 	mov.w	r6, #4294967295	@ 0xffffffff
1000414a:	f06f 4400 	mvn.w	r4, #2147483648	@ 0x80000000
1000414e:	4a2f      	ldr	r2, [pc, #188]	@ (1000420c <stdio_put_string+0xd8>)
10004150:	1882      	adds	r2, r0, r2
10004152:	f141 0300 	adc.w	r3, r1, #0
10004156:	4296      	cmp	r6, r2
10004158:	eb74 0103 	sbcs.w	r1, r4, r3
1000415c:	bf3c      	itt	cc
1000415e:	4632      	movcc	r2, r6
10004160:	4623      	movcc	r3, r4
10004162:	482b      	ldr	r0, [pc, #172]	@ (10004210 <stdio_put_string+0xdc>)
10004164:	f007 f8d0 	bl	1000b308 <__mutex_try_enter_block_until_veneer>
10004168:	1c6b      	adds	r3, r5, #1
1000416a:	4680      	mov	r8, r0
1000416c:	d103      	bne.n	10004176 <stdio_put_string+0x42>
1000416e:	4638      	mov	r0, r7
10004170:	f007 f822 	bl	1000b1b8 <strlen>
10004174:	4605      	mov	r5, r0
10004176:	4b27      	ldr	r3, [pc, #156]	@ (10004214 <stdio_put_string+0xe0>)
10004178:	4e27      	ldr	r6, [pc, #156]	@ (10004218 <stdio_put_string+0xe4>)
1000417a:	681c      	ldr	r4, [r3, #0]
1000417c:	4b27      	ldr	r3, [pc, #156]	@ (1000421c <stdio_put_string+0xe8>)
1000417e:	f1b9 0f00 	cmp.w	r9, #0
10004182:	bf18      	it	ne
10004184:	461e      	movne	r6, r3
10004186:	b1b4      	cbz	r4, 100041b6 <stdio_put_string+0x82>
10004188:	f1ba 0f00 	cmp.w	sl, #0
1000418c:	d11a      	bne.n	100041c4 <stdio_put_string+0x90>
1000418e:	f8df 9090 	ldr.w	r9, [pc, #144]	@ 10004220 <stdio_put_string+0xec>
10004192:	e001      	b.n	10004198 <stdio_put_string+0x64>
10004194:	6924      	ldr	r4, [r4, #16]
10004196:	b174      	cbz	r4, 100041b6 <stdio_put_string+0x82>
10004198:	6823      	ldr	r3, [r4, #0]
1000419a:	2b00      	cmp	r3, #0
1000419c:	d0fa      	beq.n	10004194 <stdio_put_string+0x60>
1000419e:	f8d9 3000 	ldr.w	r3, [r9]
100041a2:	b10b      	cbz	r3, 100041a8 <stdio_put_string+0x74>
100041a4:	429c      	cmp	r4, r3
100041a6:	d1f5      	bne.n	10004194 <stdio_put_string+0x60>
100041a8:	4620      	mov	r0, r4
100041aa:	462a      	mov	r2, r5
100041ac:	4639      	mov	r1, r7
100041ae:	47b0      	blx	r6
100041b0:	6924      	ldr	r4, [r4, #16]
100041b2:	2c00      	cmp	r4, #0
100041b4:	d1f0      	bne.n	10004198 <stdio_put_string+0x64>
100041b6:	f1b8 0f00 	cmp.w	r8, #0
100041ba:	d11f      	bne.n	100041fc <stdio_put_string+0xc8>
100041bc:	4628      	mov	r0, r5
100041be:	b002      	add	sp, #8
100041c0:	e8bd 87f0 	ldmia.w	sp!, {r4, r5, r6, r7, r8, r9, sl, pc}
100041c4:	f04f 0a0a 	mov.w	sl, #10
100041c8:	f8df 9054 	ldr.w	r9, [pc, #84]	@ 10004220 <stdio_put_string+0xec>
100041cc:	e002      	b.n	100041d4 <stdio_put_string+0xa0>
100041ce:	6924      	ldr	r4, [r4, #16]
100041d0:	2c00      	cmp	r4, #0
100041d2:	d0f0      	beq.n	100041b6 <stdio_put_string+0x82>
100041d4:	6823      	ldr	r3, [r4, #0]
100041d6:	2b00      	cmp	r3, #0
100041d8:	d0f9      	beq.n	100041ce <stdio_put_string+0x9a>
100041da:	f8d9 3000 	ldr.w	r3, [r9]
100041de:	b10b      	cbz	r3, 100041e4 <stdio_put_string+0xb0>
100041e0:	42a3      	cmp	r3, r4
100041e2:	d1f4      	bne.n	100041ce <stdio_put_string+0x9a>
100041e4:	462a      	mov	r2, r5
100041e6:	4639      	mov	r1, r7
100041e8:	4620      	mov	r0, r4
100041ea:	47b0      	blx	r6
100041ec:	2201      	movs	r2, #1
100041ee:	4620      	mov	r0, r4
100041f0:	f10d 0107 	add.w	r1, sp, #7
100041f4:	f88d a007 	strb.w	sl, [sp, #7]
100041f8:	47b0      	blx	r6
100041fa:	e7e8      	b.n	100041ce <stdio_put_string+0x9a>
100041fc:	4804      	ldr	r0, [pc, #16]	@ (10004210 <stdio_put_string+0xdc>)
100041fe:	f007 f86f 	bl	1000b2e0 <__mutex_exit_veneer>
10004202:	4628      	mov	r0, r5
10004204:	b002      	add	sp, #8
10004206:	e8bd 87f0 	ldmia.w	sp!, {r4, r5, r6, r7, r8, r9, sl, pc}
1000420a:	bf00      	nop
1000420c:	000f4240 	.word	0x000f4240
10004210:	20001610 	.word	0x20001610
10004214:	20001f74 	.word	0x20001f74
10004218:	10004021 	.word	0x10004021
1000421c:	10004029 	.word	0x10004029
10004220:	20001f7c 	.word	0x20001f7c

10004224 <stdio_set_driver_enabled>:
10004224:	4a0a      	ldr	r2, [pc, #40]	@ (10004250 <stdio_set_driver_enabled+0x2c>)
10004226:	6813      	ldr	r3, [r2, #0]
10004228:	b14b      	cbz	r3, 1000423e <stdio_set_driver_enabled+0x1a>
1000422a:	4283      	cmp	r3, r0
1000422c:	d102      	bne.n	10004234 <stdio_set_driver_enabled+0x10>
1000422e:	e009      	b.n	10004244 <stdio_set_driver_enabled+0x20>
10004230:	4298      	cmp	r0, r3
10004232:	d007      	beq.n	10004244 <stdio_set_driver_enabled+0x20>
10004234:	f103 0210 	add.w	r2, r3, #16
10004238:	691b      	ldr	r3, [r3, #16]
1000423a:	2b00      	cmp	r3, #0
1000423c:	d1f8      	bne.n	10004230 <stdio_set_driver_enabled+0xc>
1000423e:	b101      	cbz	r1, 10004242 <stdio_set_driver_enabled+0x1e>
10004240:	6010      	str	r0, [r2, #0]
10004242:	4770      	bx	lr
10004244:	2900      	cmp	r1, #0
10004246:	d1fc      	bne.n	10004242 <stdio_set_driver_enabled+0x1e>
10004248:	6903      	ldr	r3, [r0, #16]
1000424a:	6013      	str	r3, [r2, #0]
1000424c:	6101      	str	r1, [r0, #16]
1000424e:	4770      	bx	lr
10004250:	20001f74 	.word	0x20001f74

10004254 <stdio_init_all>:
10004254:	f000 bae0 	b.w	10004818 <stdio_usb_init>

10004258 <__wrap_putchar>:
10004258:	b5f0      	push	{r4, r5, r6, r7, lr}
1000425a:	b083      	sub	sp, #12
1000425c:	4606      	mov	r6, r0
1000425e:	f88d 0007 	strb.w	r0, [sp, #7]
10004262:	f7fd ffb1 	bl	100021c8 <time_us_64>
10004266:	f04f 35ff 	mov.w	r5, #4294967295	@ 0xffffffff
1000426a:	f06f 4400 	mvn.w	r4, #2147483648	@ 0x80000000
1000426e:	4a17      	ldr	r2, [pc, #92]	@ (100042cc <__wrap_putchar+0x74>)
10004270:	1882      	adds	r2, r0, r2
10004272:	f141 0300 	adc.w	r3, r1, #0
10004276:	4295      	cmp	r5, r2
10004278:	eb74 0103 	sbcs.w	r1, r4, r3
1000427c:	bf3c      	itt	cc
1000427e:	4623      	movcc	r3, r4
10004280:	462a      	movcc	r2, r5
10004282:	4813      	ldr	r0, [pc, #76]	@ (100042d0 <__wrap_putchar+0x78>)
10004284:	f007 f840 	bl	1000b308 <__mutex_try_enter_block_until_veneer>
10004288:	4b12      	ldr	r3, [pc, #72]	@ (100042d4 <__wrap_putchar+0x7c>)
1000428a:	4607      	mov	r7, r0
1000428c:	681c      	ldr	r4, [r3, #0]
1000428e:	b19c      	cbz	r4, 100042b8 <__wrap_putchar+0x60>
10004290:	4d11      	ldr	r5, [pc, #68]	@ (100042d8 <__wrap_putchar+0x80>)
10004292:	e001      	b.n	10004298 <__wrap_putchar+0x40>
10004294:	6924      	ldr	r4, [r4, #16]
10004296:	b17c      	cbz	r4, 100042b8 <__wrap_putchar+0x60>
10004298:	6823      	ldr	r3, [r4, #0]
1000429a:	2b00      	cmp	r3, #0
1000429c:	d0fa      	beq.n	10004294 <__wrap_putchar+0x3c>
1000429e:	682b      	ldr	r3, [r5, #0]
100042a0:	b10b      	cbz	r3, 100042a6 <__wrap_putchar+0x4e>
100042a2:	429c      	cmp	r4, r3
100042a4:	d1f6      	bne.n	10004294 <__wrap_putchar+0x3c>
100042a6:	4620      	mov	r0, r4
100042a8:	2201      	movs	r2, #1
100042aa:	f10d 0107 	add.w	r1, sp, #7
100042ae:	f7ff febb 	bl	10004028 <stdio_out_chars_crlf>
100042b2:	6924      	ldr	r4, [r4, #16]
100042b4:	2c00      	cmp	r4, #0
100042b6:	d1ef      	bne.n	10004298 <__wrap_putchar+0x40>
100042b8:	b917      	cbnz	r7, 100042c0 <__wrap_putchar+0x68>
100042ba:	4630      	mov	r0, r6
100042bc:	b003      	add	sp, #12
100042be:	bdf0      	pop	{r4, r5, r6, r7, pc}
100042c0:	4803      	ldr	r0, [pc, #12]	@ (100042d0 <__wrap_putchar+0x78>)
100042c2:	f007 f80d 	bl	1000b2e0 <__mutex_exit_veneer>
100042c6:	4630      	mov	r0, r6
100042c8:	b003      	add	sp, #12
100042ca:	bdf0      	pop	{r4, r5, r6, r7, pc}
100042cc:	000f4240 	.word	0x000f4240
100042d0:	20001610 	.word	0x20001610
100042d4:	20001f74 	.word	0x20001f74
100042d8:	20001f7c 	.word	0x20001f7c

100042dc <__wrap_puts>:
100042dc:	b538      	push	{r3, r4, r5, lr}
100042de:	4604      	mov	r4, r0
100042e0:	f006 ff6a 	bl	1000b1b8 <strlen>
100042e4:	2301      	movs	r3, #1
100042e6:	4605      	mov	r5, r0
100042e8:	461a      	mov	r2, r3
100042ea:	4620      	mov	r0, r4
100042ec:	4629      	mov	r1, r5
100042ee:	f7ff ff21 	bl	10004134 <stdio_put_string>
100042f2:	4b08      	ldr	r3, [pc, #32]	@ (10004314 <__wrap_puts+0x38>)
100042f4:	681c      	ldr	r4, [r3, #0]
100042f6:	b12c      	cbz	r4, 10004304 <__wrap_puts+0x28>
100042f8:	6863      	ldr	r3, [r4, #4]
100042fa:	b12b      	cbz	r3, 10004308 <__wrap_puts+0x2c>
100042fc:	4798      	blx	r3
100042fe:	6924      	ldr	r4, [r4, #16]
10004300:	2c00      	cmp	r4, #0
10004302:	d1f9      	bne.n	100042f8 <__wrap_puts+0x1c>
10004304:	4628      	mov	r0, r5
10004306:	bd38      	pop	{r3, r4, r5, pc}
10004308:	6924      	ldr	r4, [r4, #16]
1000430a:	2c00      	cmp	r4, #0
1000430c:	d1f4      	bne.n	100042f8 <__wrap_puts+0x1c>
1000430e:	4628      	mov	r0, r5
10004310:	bd38      	pop	{r3, r4, r5, pc}
10004312:	bf00      	nop
10004314:	20001f74 	.word	0x20001f74

10004318 <__wrap_vprintf>:
10004318:	e92d 41f0 	stmdb	sp!, {r4, r5, r6, r7, r8, lr}
1000431c:	b0a2      	sub	sp, #136	@ 0x88
1000431e:	4604      	mov	r4, r0
10004320:	460d      	mov	r5, r1
10004322:	f7fd ff51 	bl	100021c8 <time_us_64>
10004326:	f04f 37ff 	mov.w	r7, #4294967295	@ 0xffffffff
1000432a:	f06f 4600 	mvn.w	r6, #2147483648	@ 0x80000000
1000432e:	4a27      	ldr	r2, [pc, #156]	@ (100043cc <__wrap_vprintf+0xb4>)
10004330:	1882      	adds	r2, r0, r2
10004332:	f141 0300 	adc.w	r3, r1, #0
10004336:	4297      	cmp	r7, r2
10004338:	eb76 0103 	sbcs.w	r1, r6, r3
1000433c:	bf3c      	itt	cc
1000433e:	463a      	movcc	r2, r7
10004340:	4633      	movcc	r3, r6
10004342:	4823      	ldr	r0, [pc, #140]	@ (100043d0 <__wrap_vprintf+0xb8>)
10004344:	f006 ffe0 	bl	1000b308 <__mutex_try_enter_block_until_veneer>
10004348:	2600      	movs	r6, #0
1000434a:	462b      	mov	r3, r5
1000434c:	4607      	mov	r7, r0
1000434e:	4622      	mov	r2, r4
10004350:	4820      	ldr	r0, [pc, #128]	@ (100043d4 <__wrap_vprintf+0xbc>)
10004352:	a901      	add	r1, sp, #4
10004354:	9601      	str	r6, [sp, #4]
10004356:	f7ff fe1f 	bl	10003f98 <vfctprintf>
1000435a:	9b01      	ldr	r3, [sp, #4]
1000435c:	4606      	mov	r6, r0
1000435e:	b97b      	cbnz	r3, 10004380 <__wrap_vprintf+0x68>
10004360:	4b1d      	ldr	r3, [pc, #116]	@ (100043d8 <__wrap_vprintf+0xc0>)
10004362:	681c      	ldr	r4, [r3, #0]
10004364:	b12c      	cbz	r4, 10004372 <__wrap_vprintf+0x5a>
10004366:	6863      	ldr	r3, [r4, #4]
10004368:	b143      	cbz	r3, 1000437c <__wrap_vprintf+0x64>
1000436a:	4798      	blx	r3
1000436c:	6924      	ldr	r4, [r4, #16]
1000436e:	2c00      	cmp	r4, #0
10004370:	d1f9      	bne.n	10004366 <__wrap_vprintf+0x4e>
10004372:	bb0f      	cbnz	r7, 100043b8 <__wrap_vprintf+0xa0>
10004374:	4630      	mov	r0, r6
10004376:	b022      	add	sp, #136	@ 0x88
10004378:	e8bd 81f0 	ldmia.w	sp!, {r4, r5, r6, r7, r8, pc}
1000437c:	6924      	ldr	r4, [r4, #16]
1000437e:	e7f1      	b.n	10004364 <__wrap_vprintf+0x4c>
10004380:	f8df 8054 	ldr.w	r8, [pc, #84]	@ 100043d8 <__wrap_vprintf+0xc0>
10004384:	f8d8 5000 	ldr.w	r5, [r8]
10004388:	b1ed      	cbz	r5, 100043c6 <__wrap_vprintf+0xae>
1000438a:	4c14      	ldr	r4, [pc, #80]	@ (100043dc <__wrap_vprintf+0xc4>)
1000438c:	e001      	b.n	10004392 <__wrap_vprintf+0x7a>
1000438e:	692d      	ldr	r5, [r5, #16]
10004390:	b175      	cbz	r5, 100043b0 <__wrap_vprintf+0x98>
10004392:	682b      	ldr	r3, [r5, #0]
10004394:	2b00      	cmp	r3, #0
10004396:	d0fa      	beq.n	1000438e <__wrap_vprintf+0x76>
10004398:	6823      	ldr	r3, [r4, #0]
1000439a:	b10b      	cbz	r3, 100043a0 <__wrap_vprintf+0x88>
1000439c:	42ab      	cmp	r3, r5
1000439e:	d1f6      	bne.n	1000438e <__wrap_vprintf+0x76>
100043a0:	4628      	mov	r0, r5
100043a2:	9a01      	ldr	r2, [sp, #4]
100043a4:	a902      	add	r1, sp, #8
100043a6:	f7ff fe3f 	bl	10004028 <stdio_out_chars_crlf>
100043aa:	692d      	ldr	r5, [r5, #16]
100043ac:	2d00      	cmp	r5, #0
100043ae:	d1f0      	bne.n	10004392 <__wrap_vprintf+0x7a>
100043b0:	f8d8 4000 	ldr.w	r4, [r8]
100043b4:	9501      	str	r5, [sp, #4]
100043b6:	e7d5      	b.n	10004364 <__wrap_vprintf+0x4c>
100043b8:	4805      	ldr	r0, [pc, #20]	@ (100043d0 <__wrap_vprintf+0xb8>)
100043ba:	f006 ff91 	bl	1000b2e0 <__mutex_exit_veneer>
100043be:	4630      	mov	r0, r6
100043c0:	b022      	add	sp, #136	@ 0x88
100043c2:	e8bd 81f0 	ldmia.w	sp!, {r4, r5, r6, r7, r8, pc}
100043c6:	9501      	str	r5, [sp, #4]
100043c8:	e7d3      	b.n	10004372 <__wrap_vprintf+0x5a>
100043ca:	bf00      	nop
100043cc:	000f4240 	.word	0x000f4240
100043d0:	20001610 	.word	0x20001610
100043d4:	100040d5 	.word	0x100040d5
100043d8:	20001f74 	.word	0x20001f74
100043dc:	20001f7c 	.word	0x20001f7c

100043e0 <__wrap_printf>:
100043e0:	b40f      	push	{r0, r1, r2, r3}
100043e2:	b500      	push	{lr}
100043e4:	b083      	sub	sp, #12
100043e6:	a904      	add	r1, sp, #16
100043e8:	f851 0b04 	ldr.w	r0, [r1], #4
100043ec:	9101      	str	r1, [sp, #4]
100043ee:	f7ff ff93 	bl	10004318 <__wrap_vprintf>
100043f2:	b003      	add	sp, #12
100043f4:	f85d eb04 	ldr.w	lr, [sp], #4
100043f8:	b004      	add	sp, #16
100043fa:	4770      	bx	lr

100043fc <resetd_init>:
100043fc:	4770      	bx	lr
100043fe:	bf00      	nop

10004400 <resetd_reset>:
10004400:	2200      	movs	r2, #0
10004402:	4b01      	ldr	r3, [pc, #4]	@ (10004408 <resetd_reset+0x8>)
10004404:	701a      	strb	r2, [r3, #0]
10004406:	4770      	bx	lr
10004408:	20012575 	.word	0x20012575

1000440c <resetd_open>:
1000440c:	794b      	ldrb	r3, [r1, #5]
1000440e:	2bff      	cmp	r3, #255	@ 0xff
10004410:	d10b      	bne.n	1000442a <resetd_open+0x1e>
10004412:	7988      	ldrb	r0, [r1, #6]
10004414:	b948      	cbnz	r0, 1000442a <resetd_open+0x1e>
10004416:	79cb      	ldrb	r3, [r1, #7]
10004418:	2b01      	cmp	r3, #1
1000441a:	d107      	bne.n	1000442c <resetd_open+0x20>
1000441c:	2a08      	cmp	r2, #8
1000441e:	d905      	bls.n	1000442c <resetd_open+0x20>
10004420:	4b03      	ldr	r3, [pc, #12]	@ (10004430 <resetd_open+0x24>)
10004422:	788a      	ldrb	r2, [r1, #2]
10004424:	2009      	movs	r0, #9
10004426:	701a      	strb	r2, [r3, #0]
10004428:	4770      	bx	lr
1000442a:	2000      	movs	r0, #0
1000442c:	4770      	bx	lr
1000442e:	bf00      	nop
10004430:	20012575 	.word	0x20012575

10004434 <resetd_xfer_cb>:
10004434:	2001      	movs	r0, #1
10004436:	4770      	bx	lr

10004438 <resetd_control_xfer_cb>:
10004438:	2901      	cmp	r1, #1
1000443a:	d001      	beq.n	10004440 <resetd_control_xfer_cb+0x8>
1000443c:	2001      	movs	r0, #1
1000443e:	4770      	bx	lr
10004440:	b508      	push	{r3, lr}
10004442:	4b10      	ldr	r3, [pc, #64]	@ (10004484 <resetd_control_xfer_cb+0x4c>)
10004444:	8891      	ldrh	r1, [r2, #4]
10004446:	781b      	ldrb	r3, [r3, #0]
10004448:	4299      	cmp	r1, r3
1000444a:	d001      	beq.n	10004450 <resetd_control_xfer_cb+0x18>
1000444c:	2000      	movs	r0, #0
1000444e:	bd08      	pop	{r3, pc}
10004450:	7853      	ldrb	r3, [r2, #1]
10004452:	2b01      	cmp	r3, #1
10004454:	d008      	beq.n	10004468 <resetd_control_xfer_cb+0x30>
10004456:	2b02      	cmp	r3, #2
10004458:	d1f8      	bne.n	1000444c <resetd_control_xfer_cb+0x14>
1000445a:	2100      	movs	r1, #0
1000445c:	2264      	movs	r2, #100	@ 0x64
1000445e:	4608      	mov	r0, r1
10004460:	f7fd ff82 	bl	10002368 <watchdog_reboot>
10004464:	2001      	movs	r0, #1
10004466:	bd08      	pop	{r3, pc}
10004468:	8851      	ldrh	r1, [r2, #2]
1000446a:	05cb      	lsls	r3, r1, #23
1000446c:	bf4b      	itete	mi
1000446e:	0a4a      	lsrmi	r2, r1, #9
10004470:	0a4a      	lsrpl	r2, r1, #9
10004472:	4610      	movmi	r0, r2
10004474:	f04f 30ff 	movpl.w	r0, #4294967295	@ 0xffffffff
10004478:	f002 0201 	and.w	r2, r2, #1
1000447c:	f001 017f 	and.w	r1, r1, #127	@ 0x7f
10004480:	f7fd fff0 	bl	10002464 <rom_reset_usb_boot_extra>
10004484:	20012575 	.word	0x20012575

10004488 <tud_descriptor_bos_cb>:
10004488:	4800      	ldr	r0, [pc, #0]	@ (1000448c <tud_descriptor_bos_cb+0x4>)
1000448a:	4770      	bx	lr
1000448c:	1000b794 	.word	0x1000b794

10004490 <tud_vendor_control_xfer_cb>:
10004490:	2901      	cmp	r1, #1
10004492:	d107      	bne.n	100044a4 <tud_vendor_control_xfer_cb+0x14>
10004494:	7853      	ldrb	r3, [r2, #1]
10004496:	2b01      	cmp	r3, #1
10004498:	d102      	bne.n	100044a0 <tud_vendor_control_xfer_cb+0x10>
1000449a:	8893      	ldrh	r3, [r2, #4]
1000449c:	2b07      	cmp	r3, #7
1000449e:	d003      	beq.n	100044a8 <tud_vendor_control_xfer_cb+0x18>
100044a0:	2000      	movs	r0, #0
100044a2:	4770      	bx	lr
100044a4:	2001      	movs	r0, #1
100044a6:	4770      	bx	lr
100044a8:	4611      	mov	r1, r2
100044aa:	23a6      	movs	r3, #166	@ 0xa6
100044ac:	4a01      	ldr	r2, [pc, #4]	@ (100044b4 <tud_vendor_control_xfer_cb+0x24>)
100044ae:	f001 ba41 	b.w	10005934 <tud_control_xfer>
100044b2:	bf00      	nop
100044b4:	1000b6ec 	.word	0x1000b6ec

100044b8 <usbd_app_driver_get_cb>:
100044b8:	4603      	mov	r3, r0
100044ba:	2201      	movs	r2, #1
100044bc:	4801      	ldr	r0, [pc, #4]	@ (100044c4 <usbd_app_driver_get_cb+0xc>)
100044be:	701a      	strb	r2, [r3, #0]
100044c0:	4770      	bx	lr
100044c2:	bf00      	nop
100044c4:	1000b6cc 	.word	0x1000b6cc

100044c8 <tud_cdc_line_coding_cb>:
100044c8:	b508      	push	{r3, lr}
100044ca:	680b      	ldr	r3, [r1, #0]
100044cc:	f5b3 6f96 	cmp.w	r3, #1200	@ 0x4b0
100044d0:	d000      	beq.n	100044d4 <tud_cdc_line_coding_cb+0xc>
100044d2:	bd08      	pop	{r3, pc}
100044d4:	2200      	movs	r2, #0
100044d6:	f04f 30ff 	mov.w	r0, #4294967295	@ 0xffffffff
100044da:	4611      	mov	r1, r2
100044dc:	f7fd ffc2 	bl	10002464 <rom_reset_usb_boot_extra>

100044e0 <stdio_usb_set_chars_available_callback>:
100044e0:	4a02      	ldr	r2, [pc, #8]	@ (100044ec <stdio_usb_set_chars_available_callback+0xc>)
100044e2:	4b03      	ldr	r3, [pc, #12]	@ (100044f0 <stdio_usb_set_chars_available_callback+0x10>)
100044e4:	6010      	str	r0, [r2, #0]
100044e6:	6019      	str	r1, [r3, #0]
100044e8:	4770      	bx	lr
100044ea:	bf00      	nop
100044ec:	20001f10 	.word	0x20001f10
100044f0:	20001f14 	.word	0x20001f14

100044f4 <timer_task>:
100044f4:	4b18      	ldr	r3, [pc, #96]	@ (10004558 <timer_task+0x64>)
100044f6:	b570      	push	{r4, r5, r6, lr}
100044f8:	681a      	ldr	r2, [r3, #0]
100044fa:	2a00      	cmp	r2, #0
100044fc:	d028      	beq.n	10004550 <timer_task+0x5c>
100044fe:	f3ef 8110 	mrs	r1, PRIMASK
10004502:	b672      	cpsid	i
10004504:	e8d2 4fcf 	ldaexb	r4, [r2]
10004508:	2001      	movs	r0, #1
1000450a:	2c00      	cmp	r4, #0
1000450c:	d1fa      	bne.n	10004504 <timer_task+0x10>
1000450e:	e8c2 0f44 	strexb	r4, r0, [r2]
10004512:	2c00      	cmp	r4, #0
10004514:	d1f6      	bne.n	10004504 <timer_task+0x10>
10004516:	f3bf 8f5f 	dmb	sy
1000451a:	2200      	movs	r2, #0
1000451c:	4c0f      	ldr	r4, [pc, #60]	@ (1000455c <timer_task+0x68>)
1000451e:	6818      	ldr	r0, [r3, #0]
10004520:	6059      	str	r1, [r3, #4]
10004522:	7022      	strb	r2, [r4, #0]
10004524:	e8c0 2f8f 	stlb	r2, [r0]
10004528:	f381 8810 	msr	PRIMASK, r1
1000452c:	2400      	movs	r4, #0
1000452e:	2500      	movs	r5, #0
10004530:	4e0b      	ldr	r6, [pc, #44]	@ (10004560 <timer_task+0x6c>)
10004532:	7830      	ldrb	r0, [r6, #0]
10004534:	f7fc fef4 	bl	10001320 <irq_is_enabled>
10004538:	b920      	cbnz	r0, 10004544 <timer_task+0x50>
1000453a:	2400      	movs	r4, #0
1000453c:	2500      	movs	r5, #0
1000453e:	4620      	mov	r0, r4
10004540:	4629      	mov	r1, r5
10004542:	bd70      	pop	{r4, r5, r6, pc}
10004544:	7830      	ldrb	r0, [r6, #0]
10004546:	f7fc fefb 	bl	10001340 <irq_set_pending>
1000454a:	4620      	mov	r0, r4
1000454c:	4629      	mov	r1, r5
1000454e:	bd70      	pop	{r4, r5, r6, pc}
10004550:	f44f 747a 	mov.w	r4, #1000	@ 0x3e8
10004554:	2500      	movs	r5, #0
10004556:	e7eb      	b.n	10004530 <timer_task+0x3c>
10004558:	20002390 	.word	0x20002390
1000455c:	20012577 	.word	0x20012577
10004560:	20012576 	.word	0x20012576

10004564 <usb_irq>:
10004564:	4b01      	ldr	r3, [pc, #4]	@ (1000456c <usb_irq+0x8>)
10004566:	7818      	ldrb	r0, [r3, #0]
10004568:	f7fc beea 	b.w	10001340 <irq_set_pending>
1000456c:	20012576 	.word	0x20012576

10004570 <stdio_usb_in_chars>:
10004570:	b538      	push	{r3, r4, r5, lr}
10004572:	4604      	mov	r4, r0
10004574:	2000      	movs	r0, #0
10004576:	460d      	mov	r5, r1
10004578:	f001 fb08 	bl	10005b8c <tud_cdc_n_connected>
1000457c:	b3a8      	cbz	r0, 100045ea <stdio_usb_in_chars+0x7a>
1000457e:	2000      	movs	r0, #0
10004580:	f001 fb1a 	bl	10005bb8 <tud_cdc_n_available>
10004584:	b388      	cbz	r0, 100045ea <stdio_usb_in_chars+0x7a>
10004586:	f7fd fe1f 	bl	100021c8 <time_us_64>
1000458a:	f04f 3eff 	mov.w	lr, #4294967295	@ 0xffffffff
1000458e:	f06f 4c00 	mvn.w	ip, #2147483648	@ 0x80000000
10004592:	4a17      	ldr	r2, [pc, #92]	@ (100045f0 <stdio_usb_in_chars+0x80>)
10004594:	1882      	adds	r2, r0, r2
10004596:	f141 0300 	adc.w	r3, r1, #0
1000459a:	4596      	cmp	lr, r2
1000459c:	eb7c 0103 	sbcs.w	r1, ip, r3
100045a0:	bf3c      	itt	cc
100045a2:	4672      	movcc	r2, lr
100045a4:	4663      	movcc	r3, ip
100045a6:	4813      	ldr	r0, [pc, #76]	@ (100045f4 <stdio_usb_in_chars+0x84>)
100045a8:	f006 feae 	bl	1000b308 <__mutex_try_enter_block_until_veneer>
100045ac:	b1e8      	cbz	r0, 100045ea <stdio_usb_in_chars+0x7a>
100045ae:	2000      	movs	r0, #0
100045b0:	f001 faec 	bl	10005b8c <tud_cdc_n_connected>
100045b4:	b958      	cbnz	r0, 100045ce <stdio_usb_in_chars+0x5e>
100045b6:	2100      	movs	r1, #0
100045b8:	f04f 30ff 	mov.w	r0, #4294967295	@ 0xffffffff
100045bc:	f000 fd12 	bl	10004fe4 <tud_task_ext>
100045c0:	f06f 0402 	mvn.w	r4, #2
100045c4:	480b      	ldr	r0, [pc, #44]	@ (100045f4 <stdio_usb_in_chars+0x84>)
100045c6:	f006 fe8b 	bl	1000b2e0 <__mutex_exit_veneer>
100045ca:	4620      	mov	r0, r4
100045cc:	bd38      	pop	{r3, r4, r5, pc}
100045ce:	2000      	movs	r0, #0
100045d0:	f001 faf2 	bl	10005bb8 <tud_cdc_n_available>
100045d4:	2800      	cmp	r0, #0
100045d6:	d0ee      	beq.n	100045b6 <stdio_usb_in_chars+0x46>
100045d8:	4621      	mov	r1, r4
100045da:	462a      	mov	r2, r5
100045dc:	2000      	movs	r0, #0
100045de:	f001 faf7 	bl	10005bd0 <tud_cdc_n_read>
100045e2:	4604      	mov	r4, r0
100045e4:	2800      	cmp	r0, #0
100045e6:	d1ed      	bne.n	100045c4 <stdio_usb_in_chars+0x54>
100045e8:	e7ea      	b.n	100045c0 <stdio_usb_in_chars+0x50>
100045ea:	f06f 0402 	mvn.w	r4, #2
100045ee:	e7ec      	b.n	100045ca <stdio_usb_in_chars+0x5a>
100045f0:	000f4240 	.word	0x000f4240
100045f4:	2000244c 	.word	0x2000244c

100045f8 <stdio_usb_out_flush>:
100045f8:	b508      	push	{r3, lr}
100045fa:	f7fd fde5 	bl	100021c8 <time_us_64>
100045fe:	f04f 3eff 	mov.w	lr, #4294967295	@ 0xffffffff
10004602:	f06f 4c00 	mvn.w	ip, #2147483648	@ 0x80000000
10004606:	4a0f      	ldr	r2, [pc, #60]	@ (10004644 <stdio_usb_out_flush+0x4c>)
10004608:	1882      	adds	r2, r0, r2
1000460a:	f141 0300 	adc.w	r3, r1, #0
1000460e:	4596      	cmp	lr, r2
10004610:	eb7c 0103 	sbcs.w	r1, ip, r3
10004614:	bf3c      	itt	cc
10004616:	4672      	movcc	r2, lr
10004618:	4663      	movcc	r3, ip
1000461a:	480b      	ldr	r0, [pc, #44]	@ (10004648 <stdio_usb_out_flush+0x50>)
1000461c:	f006 fe74 	bl	1000b308 <__mutex_try_enter_block_until_veneer>
10004620:	b170      	cbz	r0, 10004640 <stdio_usb_out_flush+0x48>
10004622:	f04f 30ff 	mov.w	r0, #4294967295	@ 0xffffffff
10004626:	2100      	movs	r1, #0
10004628:	f000 fcdc 	bl	10004fe4 <tud_task_ext>
1000462c:	2000      	movs	r0, #0
1000462e:	f001 fb15 	bl	10005c5c <tud_cdc_n_write_flush>
10004632:	2800      	cmp	r0, #0
10004634:	d1f5      	bne.n	10004622 <stdio_usb_out_flush+0x2a>
10004636:	e8bd 4008 	ldmia.w	sp!, {r3, lr}
1000463a:	4803      	ldr	r0, [pc, #12]	@ (10004648 <stdio_usb_out_flush+0x50>)
1000463c:	f006 be50 	b.w	1000b2e0 <__mutex_exit_veneer>
10004640:	bd08      	pop	{r3, pc}
10004642:	bf00      	nop
10004644:	000f4240 	.word	0x000f4240
10004648:	2000244c 	.word	0x2000244c

1000464c <stdio_usb_out_chars>:
1000464c:	e92d 43f8 	stmdb	sp!, {r3, r4, r5, r6, r7, r8, r9, lr}
10004650:	4607      	mov	r7, r0
10004652:	460e      	mov	r6, r1
10004654:	f7fd fdb8 	bl	100021c8 <time_us_64>
10004658:	f04f 35ff 	mov.w	r5, #4294967295	@ 0xffffffff
1000465c:	f06f 4400 	mvn.w	r4, #2147483648	@ 0x80000000
10004660:	4a33      	ldr	r2, [pc, #204]	@ (10004730 <stdio_usb_out_chars+0xe4>)
10004662:	1882      	adds	r2, r0, r2
10004664:	f141 0300 	adc.w	r3, r1, #0
10004668:	4295      	cmp	r5, r2
1000466a:	eb74 0103 	sbcs.w	r1, r4, r3
1000466e:	bf3c      	itt	cc
10004670:	462a      	movcc	r2, r5
10004672:	4623      	movcc	r3, r4
10004674:	482f      	ldr	r0, [pc, #188]	@ (10004734 <stdio_usb_out_chars+0xe8>)
10004676:	f006 fe47 	bl	1000b308 <__mutex_try_enter_block_until_veneer>
1000467a:	b908      	cbnz	r0, 10004680 <stdio_usb_out_chars+0x34>
1000467c:	e8bd 83f8 	ldmia.w	sp!, {r3, r4, r5, r6, r7, r8, r9, pc}
10004680:	2000      	movs	r0, #0
10004682:	f001 fa83 	bl	10005b8c <tud_cdc_n_connected>
10004686:	2800      	cmp	r0, #0
10004688:	d048      	beq.n	1000471c <stdio_usb_out_chars+0xd0>
1000468a:	2e00      	cmp	r6, #0
1000468c:	dd41      	ble.n	10004712 <stdio_usb_out_chars+0xc6>
1000468e:	2500      	movs	r5, #0
10004690:	f8df 80a4 	ldr.w	r8, [pc, #164]	@ 10004738 <stdio_usb_out_chars+0xec>
10004694:	f8df 90a4 	ldr.w	r9, [pc, #164]	@ 1000473c <stdio_usb_out_chars+0xf0>
10004698:	e013      	b.n	100046c2 <stdio_usb_out_chars+0x76>
1000469a:	4622      	mov	r2, r4
1000469c:	2000      	movs	r0, #0
1000469e:	f001 fb23 	bl	10005ce8 <tud_cdc_n_write>
100046a2:	2100      	movs	r1, #0
100046a4:	4604      	mov	r4, r0
100046a6:	f04f 30ff 	mov.w	r0, #4294967295	@ 0xffffffff
100046aa:	f000 fc9b 	bl	10004fe4 <tud_task_ext>
100046ae:	2000      	movs	r0, #0
100046b0:	f001 fad4 	bl	10005c5c <tud_cdc_n_write_flush>
100046b4:	f7fd fd88 	bl	100021c8 <time_us_64>
100046b8:	e9c8 0100 	strd	r0, r1, [r8]
100046bc:	4425      	add	r5, r4
100046be:	42ae      	cmp	r6, r5
100046c0:	dd27      	ble.n	10004712 <stdio_usb_out_chars+0xc6>
100046c2:	2000      	movs	r0, #0
100046c4:	f001 fb32 	bl	10005d2c <tud_cdc_n_write_available>
100046c8:	1b74      	subs	r4, r6, r5
100046ca:	4284      	cmp	r4, r0
100046cc:	bfa8      	it	ge
100046ce:	4604      	movge	r4, r0
100046d0:	1979      	adds	r1, r7, r5
100046d2:	2c00      	cmp	r4, #0
100046d4:	d1e1      	bne.n	1000469a <stdio_usb_out_chars+0x4e>
100046d6:	4621      	mov	r1, r4
100046d8:	f04f 30ff 	mov.w	r0, #4294967295	@ 0xffffffff
100046dc:	f000 fc82 	bl	10004fe4 <tud_task_ext>
100046e0:	4620      	mov	r0, r4
100046e2:	f001 fabb 	bl	10005c5c <tud_cdc_n_write_flush>
100046e6:	4620      	mov	r0, r4
100046e8:	f001 fa50 	bl	10005b8c <tud_cdc_n_connected>
100046ec:	b188      	cbz	r0, 10004712 <stdio_usb_out_chars+0xc6>
100046ee:	4620      	mov	r0, r4
100046f0:	f001 fb1c 	bl	10005d2c <tud_cdc_n_write_available>
100046f4:	2800      	cmp	r0, #0
100046f6:	d1e2      	bne.n	100046be <stdio_usb_out_chars+0x72>
100046f8:	f7fd fd66 	bl	100021c8 <time_us_64>
100046fc:	f8d8 3000 	ldr.w	r3, [r8]
10004700:	f8d8 2004 	ldr.w	r2, [r8, #4]
10004704:	eb13 0309 	adds.w	r3, r3, r9
10004708:	f142 0200 	adc.w	r2, r2, #0
1000470c:	4283      	cmp	r3, r0
1000470e:	418a      	sbcs	r2, r1
10004710:	d2d5      	bcs.n	100046be <stdio_usb_out_chars+0x72>
10004712:	4808      	ldr	r0, [pc, #32]	@ (10004734 <stdio_usb_out_chars+0xe8>)
10004714:	e8bd 43f8 	ldmia.w	sp!, {r3, r4, r5, r6, r7, r8, r9, lr}
10004718:	f006 bde2 	b.w	1000b2e0 <__mutex_exit_veneer>
1000471c:	2000      	movs	r0, #0
1000471e:	2100      	movs	r1, #0
10004720:	4b05      	ldr	r3, [pc, #20]	@ (10004738 <stdio_usb_out_chars+0xec>)
10004722:	e9c3 0100 	strd	r0, r1, [r3]
10004726:	e8bd 43f8 	ldmia.w	sp!, {r3, r4, r5, r6, r7, r8, r9, lr}
1000472a:	4802      	ldr	r0, [pc, #8]	@ (10004734 <stdio_usb_out_chars+0xe8>)
1000472c:	f006 bdd8 	b.w	1000b2e0 <__mutex_exit_veneer>
10004730:	000f4240 	.word	0x000f4240
10004734:	2000244c 	.word	0x2000244c
10004738:	20001860 	.word	0x20001860
1000473c:	0007a120 	.word	0x0007a120

10004740 <low_priority_worker_irq>:
10004740:	b530      	push	{r4, r5, lr}
10004742:	2100      	movs	r1, #0
10004744:	b085      	sub	sp, #20
10004746:	482e      	ldr	r0, [pc, #184]	@ (10004800 <low_priority_worker_irq+0xc0>)
10004748:	f006 fde2 	bl	1000b310 <__mutex_try_enter_veneer>
1000474c:	b9f0      	cbnz	r0, 1000478c <low_priority_worker_irq+0x4c>
1000474e:	4b2d      	ldr	r3, [pc, #180]	@ (10004804 <low_priority_worker_irq+0xc4>)
10004750:	681a      	ldr	r2, [r3, #0]
10004752:	b1ca      	cbz	r2, 10004788 <low_priority_worker_irq+0x48>
10004754:	f3ef 8110 	mrs	r1, PRIMASK
10004758:	b672      	cpsid	i
1000475a:	e8d2 5fcf 	ldaexb	r5, [r2]
1000475e:	2401      	movs	r4, #1
10004760:	2d00      	cmp	r5, #0
10004762:	d1fa      	bne.n	1000475a <low_priority_worker_irq+0x1a>
10004764:	e8c2 4f45 	strexb	r5, r4, [r2]
10004768:	2d00      	cmp	r5, #0
1000476a:	d1f6      	bne.n	1000475a <low_priority_worker_irq+0x1a>
1000476c:	f3bf 8f5f 	dmb	sy
10004770:	4c25      	ldr	r4, [pc, #148]	@ (10004808 <low_priority_worker_irq+0xc8>)
10004772:	681d      	ldr	r5, [r3, #0]
10004774:	7822      	ldrb	r2, [r4, #0]
10004776:	6059      	str	r1, [r3, #4]
10004778:	b2d3      	uxtb	r3, r2
1000477a:	2201      	movs	r2, #1
1000477c:	7022      	strb	r2, [r4, #0]
1000477e:	e8c5 0f8f 	stlb	r0, [r5]
10004782:	f381 8810 	msr	PRIMASK, r1
10004786:	b1cb      	cbz	r3, 100047bc <low_priority_worker_irq+0x7c>
10004788:	b005      	add	sp, #20
1000478a:	bd30      	pop	{r4, r5, pc}
1000478c:	2100      	movs	r1, #0
1000478e:	f04f 30ff 	mov.w	r0, #4294967295	@ 0xffffffff
10004792:	f000 fc27 	bl	10004fe4 <tud_task_ext>
10004796:	2000      	movs	r0, #0
10004798:	f001 fa0e 	bl	10005bb8 <tud_cdc_n_available>
1000479c:	4604      	mov	r4, r0
1000479e:	4818      	ldr	r0, [pc, #96]	@ (10004800 <low_priority_worker_irq+0xc0>)
100047a0:	f006 fd9e 	bl	1000b2e0 <__mutex_exit_veneer>
100047a4:	2c00      	cmp	r4, #0
100047a6:	d0ef      	beq.n	10004788 <low_priority_worker_irq+0x48>
100047a8:	4b18      	ldr	r3, [pc, #96]	@ (1000480c <low_priority_worker_irq+0xcc>)
100047aa:	681b      	ldr	r3, [r3, #0]
100047ac:	2b00      	cmp	r3, #0
100047ae:	d0eb      	beq.n	10004788 <low_priority_worker_irq+0x48>
100047b0:	4a17      	ldr	r2, [pc, #92]	@ (10004810 <low_priority_worker_irq+0xd0>)
100047b2:	6810      	ldr	r0, [r2, #0]
100047b4:	b005      	add	sp, #20
100047b6:	e8bd 4030 	ldmia.w	sp!, {r4, r5, lr}
100047ba:	4718      	bx	r3
100047bc:	f7fd faea 	bl	10001d94 <alarm_pool_get_default>
100047c0:	4604      	mov	r4, r0
100047c2:	f7fd fd01 	bl	100021c8 <time_us_64>
100047c6:	f04f 3cff 	mov.w	ip, #4294967295	@ 0xffffffff
100047ca:	f06f 4500 	mvn.w	r5, #2147483648	@ 0x80000000
100047ce:	f510 727a 	adds.w	r2, r0, #1000	@ 0x3e8
100047d2:	f141 0300 	adc.w	r3, r1, #0
100047d6:	4594      	cmp	ip, r2
100047d8:	eb75 0103 	sbcs.w	r1, r5, r3
100047dc:	bf38      	it	cc
100047de:	462b      	movcc	r3, r5
100047e0:	f04f 0100 	mov.w	r1, #0
100047e4:	f04f 0501 	mov.w	r5, #1
100047e8:	4620      	mov	r0, r4
100047ea:	4c0a      	ldr	r4, [pc, #40]	@ (10004814 <low_priority_worker_irq+0xd4>)
100047ec:	bf38      	it	cc
100047ee:	4662      	movcc	r2, ip
100047f0:	e9cd 1501 	strd	r1, r5, [sp, #4]
100047f4:	9400      	str	r4, [sp, #0]
100047f6:	f7fd fad1 	bl	10001d9c <alarm_pool_add_alarm_at>
100047fa:	b005      	add	sp, #20
100047fc:	bd30      	pop	{r4, r5, pc}
100047fe:	bf00      	nop
10004800:	2000244c 	.word	0x2000244c
10004804:	20002390 	.word	0x20002390
10004808:	20012577 	.word	0x20012577
1000480c:	20001f10 	.word	0x20001f10
10004810:	20001f14 	.word	0x20001f14
10004814:	100044f5 	.word	0x100044f5

10004818 <stdio_usb_init>:
10004818:	f04f 4350 	mov.w	r3, #3489660928	@ 0xd0000000
1000481c:	b530      	push	{r4, r5, lr}
1000481e:	b085      	sub	sp, #20
10004820:	681c      	ldr	r4, [r3, #0]
10004822:	f7fd fab7 	bl	10001d94 <alarm_pool_get_default>
10004826:	f7fd fbcb 	bl	10001fc0 <alarm_pool_core_num>
1000482a:	42a0      	cmp	r0, r4
1000482c:	d002      	beq.n	10004834 <stdio_usb_init+0x1c>
1000482e:	2000      	movs	r0, #0
10004830:	b005      	add	sp, #20
10004832:	bd30      	pop	{r4, r5, pc}
10004834:	2100      	movs	r1, #0
10004836:	4b2a      	ldr	r3, [pc, #168]	@ (100048e0 <stdio_usb_init+0xc8>)
10004838:	4608      	mov	r0, r1
1000483a:	781b      	ldrb	r3, [r3, #0]
1000483c:	f001 fd46 	bl	100062cc <tusb_rhport_init>
10004840:	4828      	ldr	r0, [pc, #160]	@ (100048e4 <stdio_usb_init+0xcc>)
10004842:	6803      	ldr	r3, [r0, #0]
10004844:	2b00      	cmp	r3, #0
10004846:	d047      	beq.n	100048d8 <stdio_usb_init+0xc0>
10004848:	2001      	movs	r0, #1
1000484a:	f7fd f829 	bl	100018a0 <user_irq_claim_unused>
1000484e:	4603      	mov	r3, r0
10004850:	4c25      	ldr	r4, [pc, #148]	@ (100048e8 <stdio_usb_init+0xd0>)
10004852:	4926      	ldr	r1, [pc, #152]	@ (100048ec <stdio_usb_init+0xd4>)
10004854:	b2c0      	uxtb	r0, r0
10004856:	7023      	strb	r3, [r4, #0]
10004858:	f7fc fd8e 	bl	10001378 <irq_set_exclusive_handler>
1000485c:	7820      	ldrb	r0, [r4, #0]
1000485e:	2101      	movs	r1, #1
10004860:	f7fc fd48 	bl	100012f4 <irq_set_enabled>
10004864:	200e      	movs	r0, #14
10004866:	f7fc fd77 	bl	10001358 <irq_has_shared_handler>
1000486a:	bb40      	cbnz	r0, 100048be <stdio_usb_init+0xa6>
1000486c:	4b20      	ldr	r3, [pc, #128]	@ (100048f0 <stdio_usb_init+0xd8>)
1000486e:	2501      	movs	r5, #1
10004870:	e9c3 0000 	strd	r0, r0, [r3]
10004874:	f7fd fa8e 	bl	10001d94 <alarm_pool_get_default>
10004878:	4604      	mov	r4, r0
1000487a:	f7fd fca5 	bl	100021c8 <time_us_64>
1000487e:	f04f 3eff 	mov.w	lr, #4294967295	@ 0xffffffff
10004882:	f06f 4c00 	mvn.w	ip, #2147483648	@ 0x80000000
10004886:	f510 727a 	adds.w	r2, r0, #1000	@ 0x3e8
1000488a:	f141 0300 	adc.w	r3, r1, #0
1000488e:	4596      	cmp	lr, r2
10004890:	eb7c 0103 	sbcs.w	r1, ip, r3
10004894:	f04f 0100 	mov.w	r1, #0
10004898:	4620      	mov	r0, r4
1000489a:	4c16      	ldr	r4, [pc, #88]	@ (100048f4 <stdio_usb_init+0xdc>)
1000489c:	bf3c      	itt	cc
1000489e:	4672      	movcc	r2, lr
100048a0:	4663      	movcc	r3, ip
100048a2:	e9cd 1501 	strd	r1, r5, [sp, #4]
100048a6:	9400      	str	r4, [sp, #0]
100048a8:	f7fd fa78 	bl	10001d9c <alarm_pool_add_alarm_at>
100048ac:	2800      	cmp	r0, #0
100048ae:	dbbe      	blt.n	1000482e <stdio_usb_init+0x16>
100048b0:	2101      	movs	r1, #1
100048b2:	4811      	ldr	r0, [pc, #68]	@ (100048f8 <stdio_usb_init+0xe0>)
100048b4:	f7ff fcb6 	bl	10004224 <stdio_set_driver_enabled>
100048b8:	2001      	movs	r0, #1
100048ba:	b005      	add	sp, #20
100048bc:	bd30      	pop	{r4, r5, pc}
100048be:	2001      	movs	r0, #1
100048c0:	f7fc fcd4 	bl	1000126c <spin_lock_claim_unused>
100048c4:	4601      	mov	r1, r0
100048c6:	480a      	ldr	r0, [pc, #40]	@ (100048f0 <stdio_usb_init+0xd8>)
100048c8:	f7fd f84a 	bl	10001960 <critical_section_init_with_lock_num>
100048cc:	2200      	movs	r2, #0
100048ce:	200e      	movs	r0, #14
100048d0:	490a      	ldr	r1, [pc, #40]	@ (100048fc <stdio_usb_init+0xe4>)
100048d2:	f7fc fd81 	bl	100013d8 <irq_add_shared_handler>
100048d6:	e7eb      	b.n	100048b0 <stdio_usb_init+0x98>
100048d8:	f7fd f826 	bl	10001928 <mutex_init>
100048dc:	e7b4      	b.n	10004848 <stdio_usb_init+0x30>
100048de:	bf00      	nop
100048e0:	1000b8ac 	.word	0x1000b8ac
100048e4:	2000244c 	.word	0x2000244c
100048e8:	20012576 	.word	0x20012576
100048ec:	10004741 	.word	0x10004741
100048f0:	20002390 	.word	0x20002390
100048f4:	100044f5 	.word	0x100044f5
100048f8:	200015c4 	.word	0x200015c4
100048fc:	10004565 	.word	0x10004565

10004900 <tud_descriptor_device_cb>:
10004900:	4800      	ldr	r0, [pc, #0]	@ (10004904 <tud_descriptor_device_cb+0x4>)
10004902:	4770      	bx	lr
10004904:	1000b830 	.word	0x1000b830

10004908 <tud_descriptor_configuration_cb>:
10004908:	4800      	ldr	r0, [pc, #0]	@ (1000490c <tud_descriptor_configuration_cb+0x4>)
1000490a:	4770      	bx	lr
1000490c:	1000b7dc 	.word	0x1000b7dc

10004910 <tud_descriptor_string_cb>:
10004910:	b538      	push	{r3, r4, r5, lr}
10004912:	4b18      	ldr	r3, [pc, #96]	@ (10004974 <tud_descriptor_string_cb+0x64>)
10004914:	4604      	mov	r4, r0
10004916:	781a      	ldrb	r2, [r3, #0]
10004918:	b30a      	cbz	r2, 1000495e <tud_descriptor_string_cb+0x4e>
1000491a:	b944      	cbnz	r4, 1000492e <tud_descriptor_string_cb+0x1e>
1000491c:	f240 4209 	movw	r2, #1033	@ 0x409
10004920:	f44f 7341 	mov.w	r3, #772	@ 0x304
10004924:	4d14      	ldr	r5, [pc, #80]	@ (10004978 <tud_descriptor_string_cb+0x68>)
10004926:	806a      	strh	r2, [r5, #2]
10004928:	4813      	ldr	r0, [pc, #76]	@ (10004978 <tud_descriptor_string_cb+0x68>)
1000492a:	802b      	strh	r3, [r5, #0]
1000492c:	bd38      	pop	{r3, r4, r5, pc}
1000492e:	2c05      	cmp	r4, #5
10004930:	d81a      	bhi.n	10004968 <tud_descriptor_string_cb+0x58>
10004932:	4b12      	ldr	r3, [pc, #72]	@ (1000497c <tud_descriptor_string_cb+0x6c>)
10004934:	4d10      	ldr	r5, [pc, #64]	@ (10004978 <tud_descriptor_string_cb+0x68>)
10004936:	f853 1024 	ldr.w	r1, [r3, r4, lsl #2]
1000493a:	4628      	mov	r0, r5
1000493c:	2300      	movs	r3, #0
1000493e:	3901      	subs	r1, #1
10004940:	e003      	b.n	1000494a <tud_descriptor_string_cb+0x3a>
10004942:	2b13      	cmp	r3, #19
10004944:	f820 2f02 	strh.w	r2, [r0, #2]!
10004948:	d010      	beq.n	1000496c <tud_descriptor_string_cb+0x5c>
1000494a:	f811 2f01 	ldrb.w	r2, [r1, #1]!
1000494e:	3301      	adds	r3, #1
10004950:	b2db      	uxtb	r3, r3
10004952:	2a00      	cmp	r2, #0
10004954:	d1f5      	bne.n	10004942 <tud_descriptor_string_cb+0x32>
10004956:	005b      	lsls	r3, r3, #1
10004958:	f443 7340 	orr.w	r3, r3, #768	@ 0x300
1000495c:	e7e4      	b.n	10004928 <tud_descriptor_string_cb+0x18>
1000495e:	2111      	movs	r1, #17
10004960:	4618      	mov	r0, r3
10004962:	f000 f825 	bl	100049b0 <pico_get_unique_board_id_string>
10004966:	e7d8      	b.n	1000491a <tud_descriptor_string_cb+0xa>
10004968:	2000      	movs	r0, #0
1000496a:	bd38      	pop	{r3, r4, r5, pc}
1000496c:	f44f 734a 	mov.w	r3, #808	@ 0x328
10004970:	e7da      	b.n	10004928 <tud_descriptor_string_cb+0x18>
10004972:	bf00      	nop
10004974:	20012468 	.word	0x20012468
10004978:	20001f48 	.word	0x20001f48
1000497c:	1000b7c4 	.word	0x1000b7c4

10004980 <_retrieve_unique_id_on_boot>:
10004980:	b500      	push	{lr}
10004982:	f245 3047 	movw	r0, #21319	@ 0x5347
10004986:	b08b      	sub	sp, #44	@ 0x2c
10004988:	f7fd fd60 	bl	1000244c <rom_func_lookup>
1000498c:	2201      	movs	r2, #1
1000498e:	4603      	mov	r3, r0
10004990:	2109      	movs	r1, #9
10004992:	a801      	add	r0, sp, #4
10004994:	4798      	blx	r3
10004996:	e9dd 3203 	ldrd	r3, r2, [sp, #12]
1000499a:	4904      	ldr	r1, [pc, #16]	@ (100049ac <_retrieve_unique_id_on_boot+0x2c>)
1000499c:	ba12      	rev	r2, r2
1000499e:	ba1b      	rev	r3, r3
100049a0:	e9c1 2300 	strd	r2, r3, [r1]
100049a4:	b00b      	add	sp, #44	@ 0x2c
100049a6:	f85d fb04 	ldr.w	pc, [sp], #4
100049aa:	bf00      	nop
100049ac:	20002440 	.word	0x20002440

100049b0 <pico_get_unique_board_id_string>:
100049b0:	2901      	cmp	r1, #1
100049b2:	f101 33ff 	add.w	r3, r1, #4294967295	@ 0xffffffff
100049b6:	f000 80b3 	beq.w	10004b20 <pico_get_unique_board_id_string+0x170>
100049ba:	495d      	ldr	r1, [pc, #372]	@ (10004b30 <pico_get_unique_board_id_string+0x180>)
100049bc:	780a      	ldrb	r2, [r1, #0]
100049be:	ea4f 1c12 	mov.w	ip, r2, lsr #4
100049c2:	2a9f      	cmp	r2, #159	@ 0x9f
100049c4:	bf8c      	ite	hi
100049c6:	f10c 0c37 	addhi.w	ip, ip, #55	@ 0x37
100049ca:	f10c 0c30 	addls.w	ip, ip, #48	@ 0x30
100049ce:	2b01      	cmp	r3, #1
100049d0:	f880 c000 	strb.w	ip, [r0]
100049d4:	f000 80a7 	beq.w	10004b26 <pico_get_unique_board_id_string+0x176>
100049d8:	f002 020f 	and.w	r2, r2, #15
100049dc:	2a09      	cmp	r2, #9
100049de:	bf8c      	ite	hi
100049e0:	3237      	addhi	r2, #55	@ 0x37
100049e2:	3230      	addls	r2, #48	@ 0x30
100049e4:	2b02      	cmp	r3, #2
100049e6:	7042      	strb	r2, [r0, #1]
100049e8:	f000 809d 	beq.w	10004b26 <pico_get_unique_board_id_string+0x176>
100049ec:	784a      	ldrb	r2, [r1, #1]
100049ee:	ea4f 1c12 	mov.w	ip, r2, lsr #4
100049f2:	2a9f      	cmp	r2, #159	@ 0x9f
100049f4:	bf8c      	ite	hi
100049f6:	f10c 0c37 	addhi.w	ip, ip, #55	@ 0x37
100049fa:	f10c 0c30 	addls.w	ip, ip, #48	@ 0x30
100049fe:	2b03      	cmp	r3, #3
10004a00:	f880 c002 	strb.w	ip, [r0, #2]
10004a04:	f000 808f 	beq.w	10004b26 <pico_get_unique_board_id_string+0x176>
10004a08:	f002 020f 	and.w	r2, r2, #15
10004a0c:	2a09      	cmp	r2, #9
10004a0e:	bf8c      	ite	hi
10004a10:	3237      	addhi	r2, #55	@ 0x37
10004a12:	3230      	addls	r2, #48	@ 0x30
10004a14:	2b04      	cmp	r3, #4
10004a16:	70c2      	strb	r2, [r0, #3]
10004a18:	f000 8085 	beq.w	10004b26 <pico_get_unique_board_id_string+0x176>
10004a1c:	788a      	ldrb	r2, [r1, #2]
10004a1e:	ea4f 1c12 	mov.w	ip, r2, lsr #4
10004a22:	2a9f      	cmp	r2, #159	@ 0x9f
10004a24:	bf8c      	ite	hi
10004a26:	f10c 0c37 	addhi.w	ip, ip, #55	@ 0x37
10004a2a:	f10c 0c30 	addls.w	ip, ip, #48	@ 0x30
10004a2e:	2b05      	cmp	r3, #5
10004a30:	f880 c004 	strb.w	ip, [r0, #4]
10004a34:	d077      	beq.n	10004b26 <pico_get_unique_board_id_string+0x176>
10004a36:	f002 020f 	and.w	r2, r2, #15
10004a3a:	2a09      	cmp	r2, #9
10004a3c:	bf8c      	ite	hi
10004a3e:	3237      	addhi	r2, #55	@ 0x37
10004a40:	3230      	addls	r2, #48	@ 0x30
10004a42:	2b06      	cmp	r3, #6
10004a44:	7142      	strb	r2, [r0, #5]
10004a46:	d06e      	beq.n	10004b26 <pico_get_unique_board_id_string+0x176>
10004a48:	78ca      	ldrb	r2, [r1, #3]
10004a4a:	ea4f 1c12 	mov.w	ip, r2, lsr #4
10004a4e:	2a9f      	cmp	r2, #159	@ 0x9f
10004a50:	bf8c      	ite	hi
10004a52:	f10c 0c37 	addhi.w	ip, ip, #55	@ 0x37
10004a56:	f10c 0c30 	addls.w	ip, ip, #48	@ 0x30
10004a5a:	2b07      	cmp	r3, #7
10004a5c:	f880 c006 	strb.w	ip, [r0, #6]
10004a60:	d061      	beq.n	10004b26 <pico_get_unique_board_id_string+0x176>
10004a62:	f002 020f 	and.w	r2, r2, #15
10004a66:	2a09      	cmp	r2, #9
10004a68:	bf8c      	ite	hi
10004a6a:	3237      	addhi	r2, #55	@ 0x37
10004a6c:	3230      	addls	r2, #48	@ 0x30
10004a6e:	2b08      	cmp	r3, #8
10004a70:	71c2      	strb	r2, [r0, #7]
10004a72:	d058      	beq.n	10004b26 <pico_get_unique_board_id_string+0x176>
10004a74:	790a      	ldrb	r2, [r1, #4]
10004a76:	ea4f 1c12 	mov.w	ip, r2, lsr #4
10004a7a:	2a9f      	cmp	r2, #159	@ 0x9f
10004a7c:	bf8c      	ite	hi
10004a7e:	f10c 0c37 	addhi.w	ip, ip, #55	@ 0x37
10004a82:	f10c 0c30 	addls.w	ip, ip, #48	@ 0x30
10004a86:	2b09      	cmp	r3, #9
10004a88:	f880 c008 	strb.w	ip, [r0, #8]
10004a8c:	d04b      	beq.n	10004b26 <pico_get_unique_board_id_string+0x176>
10004a8e:	f002 020f 	and.w	r2, r2, #15
10004a92:	2a09      	cmp	r2, #9
10004a94:	bf8c      	ite	hi
10004a96:	3237      	addhi	r2, #55	@ 0x37
10004a98:	3230      	addls	r2, #48	@ 0x30
10004a9a:	2b0a      	cmp	r3, #10
10004a9c:	7242      	strb	r2, [r0, #9]
10004a9e:	d042      	beq.n	10004b26 <pico_get_unique_board_id_string+0x176>
10004aa0:	794a      	ldrb	r2, [r1, #5]
10004aa2:	ea4f 1c12 	mov.w	ip, r2, lsr #4
10004aa6:	2a9f      	cmp	r2, #159	@ 0x9f
10004aa8:	bf8c      	ite	hi
10004aaa:	f10c 0c37 	addhi.w	ip, ip, #55	@ 0x37
10004aae:	f10c 0c30 	addls.w	ip, ip, #48	@ 0x30
10004ab2:	2b0b      	cmp	r3, #11
10004ab4:	f880 c00a 	strb.w	ip, [r0, #10]
10004ab8:	d035      	beq.n	10004b26 <pico_get_unique_board_id_string+0x176>
10004aba:	f002 020f 	and.w	r2, r2, #15
10004abe:	2a09      	cmp	r2, #9
10004ac0:	bf8c      	ite	hi
10004ac2:	3237      	addhi	r2, #55	@ 0x37
10004ac4:	3230      	addls	r2, #48	@ 0x30
10004ac6:	2b0c      	cmp	r3, #12
10004ac8:	72c2      	strb	r2, [r0, #11]
10004aca:	d02c      	beq.n	10004b26 <pico_get_unique_board_id_string+0x176>
10004acc:	798a      	ldrb	r2, [r1, #6]
10004ace:	ea4f 1c12 	mov.w	ip, r2, lsr #4
10004ad2:	2a9f      	cmp	r2, #159	@ 0x9f
10004ad4:	bf8c      	ite	hi
10004ad6:	f10c 0c37 	addhi.w	ip, ip, #55	@ 0x37
10004ada:	f10c 0c30 	addls.w	ip, ip, #48	@ 0x30
10004ade:	2b0d      	cmp	r3, #13
10004ae0:	f880 c00c 	strb.w	ip, [r0, #12]
10004ae4:	d01f      	beq.n	10004b26 <pico_get_unique_board_id_string+0x176>
10004ae6:	f002 020f 	and.w	r2, r2, #15
10004aea:	2a09      	cmp	r2, #9
10004aec:	bf8c      	ite	hi
10004aee:	3237      	addhi	r2, #55	@ 0x37
10004af0:	3230      	addls	r2, #48	@ 0x30
10004af2:	2b0e      	cmp	r3, #14
10004af4:	7342      	strb	r2, [r0, #13]
10004af6:	d016      	beq.n	10004b26 <pico_get_unique_board_id_string+0x176>
10004af8:	79ca      	ldrb	r2, [r1, #7]
10004afa:	0911      	lsrs	r1, r2, #4
10004afc:	2a9f      	cmp	r2, #159	@ 0x9f
10004afe:	bf8c      	ite	hi
10004b00:	3137      	addhi	r1, #55	@ 0x37
10004b02:	3130      	addls	r1, #48	@ 0x30
10004b04:	2b0f      	cmp	r3, #15
10004b06:	7381      	strb	r1, [r0, #14]
10004b08:	d00d      	beq.n	10004b26 <pico_get_unique_board_id_string+0x176>
10004b0a:	f002 020f 	and.w	r2, r2, #15
10004b0e:	2a09      	cmp	r2, #9
10004b10:	bf94      	ite	ls
10004b12:	3230      	addls	r2, #48	@ 0x30
10004b14:	3237      	addhi	r2, #55	@ 0x37
10004b16:	2b10      	cmp	r3, #16
10004b18:	73c2      	strb	r2, [r0, #15]
10004b1a:	bf18      	it	ne
10004b1c:	3010      	addne	r0, #16
10004b1e:	d002      	beq.n	10004b26 <pico_get_unique_board_id_string+0x176>
10004b20:	2300      	movs	r3, #0
10004b22:	7003      	strb	r3, [r0, #0]
10004b24:	4770      	bx	lr
10004b26:	4418      	add	r0, r3
10004b28:	2300      	movs	r3, #0
10004b2a:	7003      	strb	r3, [r0, #0]
10004b2c:	4770      	bx	lr
10004b2e:	bf00      	nop
10004b30:	20002440 	.word	0x20002440

10004b34 <dcd_init>:
10004b34:	b570      	push	{r4, r5, r6, lr}
10004b36:	f000 f933 	bl	10004da0 <rp2040_usb_init>
10004b3a:	230c      	movs	r3, #12
10004b3c:	2640      	movs	r6, #64	@ 0x40
10004b3e:	4c1b      	ldr	r4, [pc, #108]	@ (10004bac <dcd_init+0x78>)
10004b40:	22ff      	movs	r2, #255	@ 0xff
10004b42:	67a3      	str	r3, [r4, #120]	@ 0x78
10004b44:	200e      	movs	r0, #14
10004b46:	491a      	ldr	r1, [pc, #104]	@ (10004bb0 <dcd_init+0x7c>)
10004b48:	f7fc fc46 	bl	100013d8 <irq_add_shared_handler>
10004b4c:	4b19      	ldr	r3, [pc, #100]	@ (10004bb4 <dcd_init+0x80>)
10004b4e:	4632      	mov	r2, r6
10004b50:	2100      	movs	r1, #0
10004b52:	4618      	mov	r0, r3
10004b54:	f006 fa62 	bl	1000b01c <memset>
10004b58:	4603      	mov	r3, r0
10004b5a:	2100      	movs	r1, #0
10004b5c:	2501      	movs	r5, #1
10004b5e:	2080      	movs	r0, #128	@ 0x80
10004b60:	4a15      	ldr	r2, [pc, #84]	@ (10004bb8 <dcd_init+0x84>)
10004b62:	8458      	strh	r0, [r3, #34]	@ 0x22
10004b64:	609a      	str	r2, [r3, #8]
10004b66:	3a84      	subs	r2, #132	@ 0x84
10004b68:	705d      	strb	r5, [r3, #1]
10004b6a:	831e      	strh	r6, [r3, #24]
10004b6c:	871e      	strh	r6, [r3, #56]	@ 0x38
10004b6e:	6059      	str	r1, [r3, #4]
10004b70:	f8c2 1084 	str.w	r1, [r2, #132]	@ 0x84
10004b74:	f8c2 1080 	str.w	r1, [r2, #128]	@ 0x80
10004b78:	f502 7280 	add.w	r2, r2, #256	@ 0x100
10004b7c:	60da      	str	r2, [r3, #12]
10004b7e:	62da      	str	r2, [r3, #44]	@ 0x2c
10004b80:	3a80      	subs	r2, #128	@ 0x80
10004b82:	f883 1021 	strb.w	r1, [r3, #33]	@ 0x21
10004b86:	f883 103b 	strb.w	r1, [r3, #59]	@ 0x3b
10004b8a:	6259      	str	r1, [r3, #36]	@ 0x24
10004b8c:	629a      	str	r2, [r3, #40]	@ 0x28
10004b8e:	f04f 5600 	mov.w	r6, #536870912	@ 0x20000000
10004b92:	f006 fbad 	bl	1000b2f0 <__reset_non_control_endpoints_veneer>
10004b96:	f44f 3280 	mov.w	r2, #65536	@ 0x10000
10004b9a:	4908      	ldr	r1, [pc, #32]	@ (10004bbc <dcd_init+0x88>)
10004b9c:	4b08      	ldr	r3, [pc, #32]	@ (10004bc0 <dcd_init+0x8c>)
10004b9e:	6425      	str	r5, [r4, #64]	@ 0x40
10004ba0:	4628      	mov	r0, r5
10004ba2:	64e6      	str	r6, [r4, #76]	@ 0x4c
10004ba4:	f8c4 1090 	str.w	r1, [r4, #144]	@ 0x90
10004ba8:	64da      	str	r2, [r3, #76]	@ 0x4c
10004baa:	bd70      	pop	{r4, r5, r6, pc}
10004bac:	50110000 	.word	0x50110000
10004bb0:	200003a9 	.word	0x200003a9
10004bb4:	20001f80 	.word	0x20001f80
10004bb8:	50100084 	.word	0x50100084
10004bbc:	0001d010 	.word	0x0001d010
10004bc0:	50112000 	.word	0x50112000

10004bc4 <dcd_int_enable>:
10004bc4:	2101      	movs	r1, #1
10004bc6:	200e      	movs	r0, #14
10004bc8:	f7fc bb94 	b.w	100012f4 <irq_set_enabled>

10004bcc <dcd_set_address>:
10004bcc:	2200      	movs	r2, #0
10004bce:	4802      	ldr	r0, [pc, #8]	@ (10004bd8 <dcd_set_address+0xc>)
10004bd0:	4611      	mov	r1, r2
10004bd2:	f000 b905 	b.w	10004de0 <hw_endpoint_xfer_start>
10004bd6:	bf00      	nop
10004bd8:	20001fa0 	.word	0x20001fa0

10004bdc <dcd_sof_enable>:
10004bdc:	4b04      	ldr	r3, [pc, #16]	@ (10004bf0 <dcd_sof_enable+0x14>)
10004bde:	7019      	strb	r1, [r3, #0]
10004be0:	b121      	cbz	r1, 10004bec <dcd_sof_enable+0x10>
10004be2:	f44f 3200 	mov.w	r2, #131072	@ 0x20000
10004be6:	4b03      	ldr	r3, [pc, #12]	@ (10004bf4 <dcd_sof_enable+0x18>)
10004be8:	f8c3 2090 	str.w	r2, [r3, #144]	@ 0x90
10004bec:	4770      	bx	lr
10004bee:	bf00      	nop
10004bf0:	20012571 	.word	0x20012571
10004bf4:	50112000 	.word	0x50112000

10004bf8 <dcd_edpt0_status_complete>:
10004bf8:	780b      	ldrb	r3, [r1, #0]
10004bfa:	065b      	lsls	r3, r3, #25
10004bfc:	d102      	bne.n	10004c04 <dcd_edpt0_status_complete+0xc>
10004bfe:	784b      	ldrb	r3, [r1, #1]
10004c00:	2b05      	cmp	r3, #5
10004c02:	d000      	beq.n	10004c06 <dcd_edpt0_status_complete+0xe>
10004c04:	4770      	bx	lr
10004c06:	884b      	ldrh	r3, [r1, #2]
10004c08:	4a01      	ldr	r2, [pc, #4]	@ (10004c10 <dcd_edpt0_status_complete+0x18>)
10004c0a:	b2db      	uxtb	r3, r3
10004c0c:	6013      	str	r3, [r2, #0]
10004c0e:	4770      	bx	lr
10004c10:	50110000 	.word	0x50110000

10004c14 <dcd_edpt_open>:
10004c14:	78cb      	ldrb	r3, [r1, #3]
10004c16:	e92d 41f0 	stmdb	sp!, {r4, r5, r6, r7, r8, lr}
10004c1a:	f003 0e03 	and.w	lr, r3, #3
10004c1e:	f1be 0f01 	cmp.w	lr, #1
10004c22:	f3c3 0001 	ubfx	r0, r3, #0, #2
10004c26:	d05d      	beq.n	10004ce4 <dcd_edpt_open+0xd0>
10004c28:	2700      	movs	r7, #0
10004c2a:	f891 c002 	ldrb.w	ip, [r1, #2]
10004c2e:	4c35      	ldr	r4, [pc, #212]	@ (10004d04 <dcd_edpt_open+0xf0>)
10004c30:	f00c 037f 	and.w	r3, ip, #127	@ 0x7f
10004c34:	005e      	lsls	r6, r3, #1
10004c36:	8889      	ldrh	r1, [r1, #4]
10004c38:	eb06 12dc 	add.w	r2, r6, ip, lsr #7
10004c3c:	eb04 1242 	add.w	r2, r4, r2, lsl #5
10004c40:	ea4f 15dc 	mov.w	r5, ip, lsr #7
10004c44:	76d0      	strb	r0, [r2, #27]
10004c46:	f3c1 010a 	ubfx	r1, r1, #0, #11
10004c4a:	f085 0001 	eor.w	r0, r5, #1
10004c4e:	7050      	strb	r0, [r2, #1]
10004c50:	f882 c002 	strb.w	ip, [r2, #2]
10004c54:	8311      	strh	r1, [r2, #24]
10004c56:	70d7      	strb	r7, [r2, #3]
10004c58:	b218      	sxth	r0, r3
10004c5a:	00da      	lsls	r2, r3, #3
10004c5c:	bb8d      	cbnz	r5, 10004cc2 <dcd_edpt_open+0xae>
10004c5e:	482a      	ldr	r0, [pc, #168]	@ (10004d08 <dcd_edpt_open+0xf4>)
10004c60:	3204      	adds	r2, #4
10004c62:	eb04 1c83 	add.w	ip, r4, r3, lsl #6
10004c66:	eb02 0800 	add.w	r8, r2, r0
10004c6a:	f8cc 8008 	str.w	r8, [ip, #8]
10004c6e:	5017      	str	r7, [r2, r0]
10004c70:	b38b      	cbz	r3, 10004cd6 <dcd_edpt_open+0xc2>
10004c72:	4a26      	ldr	r2, [pc, #152]	@ (10004d0c <dcd_edpt_open+0xf8>)
10004c74:	00db      	lsls	r3, r3, #3
10004c76:	441a      	add	r2, r3
10004c78:	f8cc 2004 	str.w	r2, [ip, #4]
10004c7c:	4b24      	ldr	r3, [pc, #144]	@ (10004d10 <dcd_edpt_open+0xfc>)
10004c7e:	313f      	adds	r1, #63	@ 0x3f
10004c80:	681a      	ldr	r2, [r3, #0]
10004c82:	f021 013f 	bic.w	r1, r1, #63	@ 0x3f
10004c86:	f1be 0f02 	cmp.w	lr, #2
10004c8a:	bf08      	it	eq
10004c8c:	0049      	lsleq	r1, r1, #1
10004c8e:	4411      	add	r1, r2
10004c90:	6019      	str	r1, [r3, #0]
10004c92:	4b20      	ldr	r3, [pc, #128]	@ (10004d14 <dcd_edpt_open+0x100>)
10004c94:	1977      	adds	r7, r6, r5
10004c96:	eb04 1747 	add.w	r7, r4, r7, lsl #5
10004c9a:	4299      	cmp	r1, r3
10004c9c:	60fa      	str	r2, [r7, #12]
10004c9e:	d82c      	bhi.n	10004cfa <dcd_edpt_open+0xe6>
10004ca0:	442e      	add	r6, r5
10004ca2:	eb04 1346 	add.w	r3, r4, r6, lsl #5
10004ca6:	7ed9      	ldrb	r1, [r3, #27]
10004ca8:	f082 42a0 	eor.w	r2, r2, #1342177280	@ 0x50000000
10004cac:	f482 1280 	eor.w	r2, r2, #1048576	@ 0x100000
10004cb0:	685b      	ldr	r3, [r3, #4]
10004cb2:	ea42 6281 	orr.w	r2, r2, r1, lsl #26
10004cb6:	f042 4200 	orr.w	r2, r2, #2147483648	@ 0x80000000
10004cba:	601a      	str	r2, [r3, #0]
10004cbc:	2001      	movs	r0, #1
10004cbe:	e8bd 81f0 	ldmia.w	sp!, {r4, r5, r6, r7, r8, pc}
10004cc2:	f8df c044 	ldr.w	ip, [pc, #68]	@ 10004d08 <dcd_edpt_open+0xf4>
10004cc6:	eb04 1883 	add.w	r8, r4, r3, lsl #6
10004cca:	4462      	add	r2, ip
10004ccc:	f8c8 2028 	str.w	r2, [r8, #40]	@ 0x28
10004cd0:	f84c 7030 	str.w	r7, [ip, r0, lsl #3]
10004cd4:	b94b      	cbnz	r3, 10004cea <dcd_edpt_open+0xd6>
10004cd6:	2200      	movs	r2, #0
10004cd8:	490f      	ldr	r1, [pc, #60]	@ (10004d18 <dcd_edpt_open+0x104>)
10004cda:	eb04 1345 	add.w	r3, r4, r5, lsl #5
10004cde:	60d9      	str	r1, [r3, #12]
10004ce0:	605a      	str	r2, [r3, #4]
10004ce2:	e7eb      	b.n	10004cbc <dcd_edpt_open+0xa8>
10004ce4:	2000      	movs	r0, #0
10004ce6:	e8bd 81f0 	ldmia.w	sp!, {r4, r5, r6, r7, r8, pc}
10004cea:	00db      	lsls	r3, r3, #3
10004cec:	f103 43a0 	add.w	r3, r3, #1342177280	@ 0x50000000
10004cf0:	f503 1380 	add.w	r3, r3, #1048576	@ 0x100000
10004cf4:	f8c8 3024 	str.w	r3, [r8, #36]	@ 0x24
10004cf8:	e7c0      	b.n	10004c7c <dcd_edpt_open+0x68>
10004cfa:	f7fd fbf3 	bl	100024e4 <hard_assertion_failure>
10004cfe:	68fa      	ldr	r2, [r7, #12]
10004d00:	e7ce      	b.n	10004ca0 <dcd_edpt_open+0x8c>
10004d02:	bf00      	nop
10004d04:	20001f80 	.word	0x20001f80
10004d08:	50100080 	.word	0x50100080
10004d0c:	50100004 	.word	0x50100004
10004d10:	2000238c 	.word	0x2000238c
10004d14:	50100fff 	.word	0x50100fff
10004d18:	50100100 	.word	0x50100100

10004d1c <dcd_edpt_close_all>:
10004d1c:	f006 bae8 	b.w	1000b2f0 <__reset_non_control_endpoints_veneer>

10004d20 <dcd_edpt_xfer>:
10004d20:	468c      	mov	ip, r1
10004d22:	b508      	push	{r3, lr}
10004d24:	4611      	mov	r1, r2
10004d26:	4807      	ldr	r0, [pc, #28]	@ (10004d44 <dcd_edpt_xfer+0x24>)
10004d28:	461a      	mov	r2, r3
10004d2a:	f00c 037f 	and.w	r3, ip, #127	@ 0x7f
10004d2e:	ea4f 1cdc 	mov.w	ip, ip, lsr #7
10004d32:	eb0c 0c43 	add.w	ip, ip, r3, lsl #1
10004d36:	eb00 104c 	add.w	r0, r0, ip, lsl #5
10004d3a:	f000 f851 	bl	10004de0 <hw_endpoint_xfer_start>
10004d3e:	2001      	movs	r0, #1
10004d40:	bd08      	pop	{r3, pc}
10004d42:	bf00      	nop
10004d44:	20001f80 	.word	0x20001f80

10004d48 <dcd_edpt_stall>:
10004d48:	09cb      	lsrs	r3, r1, #7
10004d4a:	f011 017f 	ands.w	r1, r1, #127	@ 0x7f
10004d4e:	d103      	bne.n	10004d58 <dcd_edpt_stall+0x10>
10004d50:	4a06      	ldr	r2, [pc, #24]	@ (10004d6c <dcd_edpt_stall+0x24>)
10004d52:	f1c3 0002 	rsb	r0, r3, #2
10004d56:	6690      	str	r0, [r2, #104]	@ 0x68
10004d58:	4805      	ldr	r0, [pc, #20]	@ (10004d70 <dcd_edpt_stall+0x28>)
10004d5a:	eb03 0341 	add.w	r3, r3, r1, lsl #1
10004d5e:	f44f 6200 	mov.w	r2, #2048	@ 0x800
10004d62:	2100      	movs	r1, #0
10004d64:	eb00 1043 	add.w	r0, r0, r3, lsl #5
10004d68:	f006 baca 	b.w	1000b300 <___hw_endpoint_buffer_control_update32_veneer>
10004d6c:	50112000 	.word	0x50112000
10004d70:	20001f80 	.word	0x20001f80

10004d74 <dcd_edpt_clear_stall>:
10004d74:	f011 037f 	ands.w	r3, r1, #127	@ 0x7f
10004d78:	d100      	bne.n	10004d7c <dcd_edpt_clear_stall+0x8>
10004d7a:	4770      	bx	lr
10004d7c:	2200      	movs	r2, #0
10004d7e:	b410      	push	{r4}
10004d80:	09c8      	lsrs	r0, r1, #7
10004d82:	4c06      	ldr	r4, [pc, #24]	@ (10004d9c <dcd_edpt_clear_stall+0x28>)
10004d84:	eb00 0043 	add.w	r0, r0, r3, lsl #1
10004d88:	eb04 1340 	add.w	r3, r4, r0, lsl #5
10004d8c:	f46f 6100 	mvn.w	r1, #2048	@ 0x800
10004d90:	4618      	mov	r0, r3
10004d92:	f85d 4b04 	ldr.w	r4, [sp], #4
10004d96:	70da      	strb	r2, [r3, #3]
10004d98:	f006 bab2 	b.w	1000b300 <___hw_endpoint_buffer_control_update32_veneer>
10004d9c:	20001f80 	.word	0x20001f80

10004da0 <rp2040_usb_init>:
10004da0:	f04f 5280 	mov.w	r2, #268435456	@ 0x10000000
10004da4:	4809      	ldr	r0, [pc, #36]	@ (10004dcc <rp2040_usb_init+0x2c>)
10004da6:	490a      	ldr	r1, [pc, #40]	@ (10004dd0 <rp2040_usb_init+0x30>)
10004da8:	b508      	push	{r3, lr}
10004daa:	4b0a      	ldr	r3, [pc, #40]	@ (10004dd4 <rp2040_usb_init+0x34>)
10004dac:	6002      	str	r2, [r0, #0]
10004dae:	600a      	str	r2, [r1, #0]
10004db0:	6899      	ldr	r1, [r3, #8]
10004db2:	43c9      	mvns	r1, r1
10004db4:	f011 5180 	ands.w	r1, r1, #268435456	@ 0x10000000
10004db8:	d1fa      	bne.n	10004db0 <rp2040_usb_init+0x10>
10004dba:	f44f 5280 	mov.w	r2, #4096	@ 0x1000
10004dbe:	4806      	ldr	r0, [pc, #24]	@ (10004dd8 <rp2040_usb_init+0x38>)
10004dc0:	f006 f92c 	bl	1000b01c <memset>
10004dc4:	2209      	movs	r2, #9
10004dc6:	4b05      	ldr	r3, [pc, #20]	@ (10004ddc <rp2040_usb_init+0x3c>)
10004dc8:	675a      	str	r2, [r3, #116]	@ 0x74
10004dca:	bd08      	pop	{r3, pc}
10004dcc:	40022000 	.word	0x40022000
10004dd0:	40023000 	.word	0x40023000
10004dd4:	40020000 	.word	0x40020000
10004dd8:	50100000 	.word	0x50100000
10004ddc:	50110000 	.word	0x50110000

10004de0 <hw_endpoint_xfer_start>:
10004de0:	2300      	movs	r3, #0
10004de2:	f04f 0c01 	mov.w	ip, #1
10004de6:	b510      	push	{r4, lr}
10004de8:	f880 c01a 	strb.w	ip, [r0, #26]
10004dec:	8282      	strh	r2, [r0, #20]
10004dee:	82c3      	strh	r3, [r0, #22]
10004df0:	6101      	str	r1, [r0, #16]
10004df2:	4604      	mov	r4, r0
10004df4:	f006 fa6c 	bl	1000b2d0 <__e15_is_bulkin_ep_veneer>
10004df8:	b120      	cbz	r0, 10004e04 <hw_endpoint_xfer_start+0x24>
10004dfa:	f44f 3200 	mov.w	r2, #131072	@ 0x20000
10004dfe:	4b07      	ldr	r3, [pc, #28]	@ (10004e1c <hw_endpoint_xfer_start+0x3c>)
10004e00:	f8c3 2090 	str.w	r2, [r3, #144]	@ 0x90
10004e04:	4620      	mov	r0, r4
10004e06:	f006 fa77 	bl	1000b2f8 <__e15_is_critical_frame_period_veneer>
10004e0a:	b110      	cbz	r0, 10004e12 <hw_endpoint_xfer_start+0x32>
10004e0c:	2301      	movs	r3, #1
10004e0e:	7723      	strb	r3, [r4, #28]
10004e10:	bd10      	pop	{r4, pc}
10004e12:	4620      	mov	r0, r4
10004e14:	e8bd 4010 	ldmia.w	sp!, {r4, lr}
10004e18:	f006 ba52 	b.w	1000b2c0 <__hw_endpoint_start_next_buffer_veneer>
10004e1c:	50112000 	.word	0x50112000

10004e20 <configuration_reset>:
10004e20:	e92d 41f0 	stmdb	sp!, {r4, r5, r6, r7, r8, lr}
10004e24:	2400      	movs	r4, #0
10004e26:	4e1d      	ldr	r6, [pc, #116]	@ (10004e9c <configuration_reset+0x7c>)
10004e28:	4605      	mov	r5, r0
10004e2a:	4623      	mov	r3, r4
10004e2c:	7832      	ldrb	r2, [r6, #0]
10004e2e:	f8df 8078 	ldr.w	r8, [pc, #120]	@ 10004ea8 <configuration_reset+0x88>
10004e32:	4f1b      	ldr	r7, [pc, #108]	@ (10004ea0 <configuration_reset+0x80>)
10004e34:	e00d      	b.n	10004e52 <configuration_reset+0x32>
10004e36:	683b      	ldr	r3, [r7, #0]
10004e38:	eb13 1344 	adds.w	r3, r3, r4, lsl #5
10004e3c:	d025      	beq.n	10004e8a <configuration_reset+0x6a>
10004e3e:	68db      	ldr	r3, [r3, #12]
10004e40:	4628      	mov	r0, r5
10004e42:	4798      	blx	r3
10004e44:	7832      	ldrb	r2, [r6, #0]
10004e46:	3401      	adds	r4, #1
10004e48:	b2e4      	uxtb	r4, r4
10004e4a:	1c51      	adds	r1, r2, #1
10004e4c:	42a1      	cmp	r1, r4
10004e4e:	4623      	mov	r3, r4
10004e50:	db06      	blt.n	10004e60 <configuration_reset+0x40>
10004e52:	42a2      	cmp	r2, r4
10004e54:	eba3 0302 	sub.w	r3, r3, r2
10004e58:	d8ed      	bhi.n	10004e36 <configuration_reset+0x16>
10004e5a:	eb08 1343 	add.w	r3, r8, r3, lsl #5
10004e5e:	e7ee      	b.n	10004e3e <configuration_reset+0x1e>
10004e60:	4c10      	ldr	r4, [pc, #64]	@ (10004ea4 <configuration_reset+0x84>)
10004e62:	2254      	movs	r2, #84	@ 0x54
10004e64:	2100      	movs	r1, #0
10004e66:	4620      	mov	r0, r4
10004e68:	f006 f8d8 	bl	1000b01c <memset>
10004e6c:	f04f 33ff 	mov.w	r3, #4294967295	@ 0xffffffff
10004e70:	1d25      	adds	r5, r4, #4
10004e72:	6063      	str	r3, [r4, #4]
10004e74:	e9c5 3301 	strd	r3, r3, [r5, #4]
10004e78:	60eb      	str	r3, [r5, #12]
10004e7a:	f104 0014 	add.w	r0, r4, #20
10004e7e:	2220      	movs	r2, #32
10004e80:	e8bd 41f0 	ldmia.w	sp!, {r4, r5, r6, r7, r8, lr}
10004e84:	21ff      	movs	r1, #255	@ 0xff
10004e86:	f006 b8c9 	b.w	1000b01c <memset>
10004e8a:	f04f 23e0 	mov.w	r3, #3758153728	@ 0xe000e000
10004e8e:	f8d3 3df0 	ldr.w	r3, [r3, #3568]	@ 0xdf0
10004e92:	07db      	lsls	r3, r3, #31
10004e94:	d500      	bpl.n	10004e98 <configuration_reset+0x78>
10004e96:	be00      	bkpt	0x0000
10004e98:	e8bd 81f0 	ldmia.w	sp!, {r4, r5, r6, r7, r8, pc}
10004e9c:	20012570 	.word	0x20012570
10004ea0:	20001a18 	.word	0x20001a18
10004ea4:	20001b20 	.word	0x20001b20
10004ea8:	1000b844 	.word	0x1000b844

10004eac <tud_event_hook_cb>:
10004eac:	4770      	bx	lr
10004eae:	bf00      	nop

10004eb0 <tud_sof_cb>:
10004eb0:	4770      	bx	lr
10004eb2:	bf00      	nop

10004eb4 <tud_descriptor_device_qualifier_cb>:
10004eb4:	2000      	movs	r0, #0
10004eb6:	4770      	bx	lr

10004eb8 <tud_descriptor_other_speed_configuration_cb>:
10004eb8:	2000      	movs	r0, #0
10004eba:	4770      	bx	lr

10004ebc <tud_mount_cb>:
10004ebc:	4770      	bx	lr
10004ebe:	bf00      	nop

10004ec0 <tud_umount_cb>:
10004ec0:	4770      	bx	lr
10004ec2:	bf00      	nop

10004ec4 <tud_suspend_cb>:
10004ec4:	4770      	bx	lr
10004ec6:	bf00      	nop

10004ec8 <tud_resume_cb>:
10004ec8:	4770      	bx	lr
10004eca:	bf00      	nop

10004ecc <tud_mounted>:
10004ecc:	4b02      	ldr	r3, [pc, #8]	@ (10004ed8 <tud_mounted+0xc>)
10004ece:	7858      	ldrb	r0, [r3, #1]
10004ed0:	3800      	subs	r0, #0
10004ed2:	bf18      	it	ne
10004ed4:	2001      	movne	r0, #1
10004ed6:	4770      	bx	lr
10004ed8:	20001b20 	.word	0x20001b20

10004edc <tud_suspended>:
10004edc:	4b02      	ldr	r3, [pc, #8]	@ (10004ee8 <tud_suspended+0xc>)
10004ede:	7818      	ldrb	r0, [r3, #0]
10004ee0:	f3c0 0080 	ubfx	r0, r0, #2, #1
10004ee4:	4770      	bx	lr
10004ee6:	bf00      	nop
10004ee8:	20001b20 	.word	0x20001b20

10004eec <tud_rhport_init>:
10004eec:	e92d 47f0 	stmdb	sp!, {r4, r5, r6, r7, r8, r9, sl, lr}
10004ef0:	f8df a0e8 	ldr.w	sl, [pc, #232]	@ 10004fdc <tud_rhport_init+0xf0>
10004ef4:	f89a 3000 	ldrb.w	r3, [sl]
10004ef8:	2bff      	cmp	r3, #255	@ 0xff
10004efa:	d002      	beq.n	10004f02 <tud_rhport_init+0x16>
10004efc:	2001      	movs	r0, #1
10004efe:	e8bd 87f0 	ldmia.w	sp!, {r4, r5, r6, r7, r8, r9, sl, pc}
10004f02:	460e      	mov	r6, r1
10004f04:	2900      	cmp	r1, #0
10004f06:	d03e      	beq.n	10004f86 <tud_rhport_init+0x9a>
10004f08:	2100      	movs	r1, #0
10004f0a:	2254      	movs	r2, #84	@ 0x54
10004f0c:	4607      	mov	r7, r0
10004f0e:	4829      	ldr	r0, [pc, #164]	@ (10004fb4 <tud_rhport_init+0xc8>)
10004f10:	f006 f884 	bl	1000b01c <memset>
10004f14:	2200      	movs	r2, #0
10004f16:	4c28      	ldr	r4, [pc, #160]	@ (10004fb8 <tud_rhport_init+0xcc>)
10004f18:	4b28      	ldr	r3, [pc, #160]	@ (10004fbc <tud_rhport_init+0xd0>)
10004f1a:	4620      	mov	r0, r4
10004f1c:	701a      	strb	r2, [r3, #0]
10004f1e:	f7fc fd03 	bl	10001928 <mutex_init>
10004f22:	4b27      	ldr	r3, [pc, #156]	@ (10004fc0 <tud_rhport_init+0xd4>)
10004f24:	4827      	ldr	r0, [pc, #156]	@ (10004fc4 <tud_rhport_init+0xd8>)
10004f26:	601c      	str	r4, [r3, #0]
10004f28:	4c27      	ldr	r4, [pc, #156]	@ (10004fc8 <tud_rhport_init+0xdc>)
10004f2a:	f7fc fd0b 	bl	10001944 <critical_section_init>
10004f2e:	4620      	mov	r0, r4
10004f30:	f001 fdb0 	bl	10006a94 <tu_fifo_clear>
10004f34:	4a25      	ldr	r2, [pc, #148]	@ (10004fcc <tud_rhport_init+0xe0>)
10004f36:	4b26      	ldr	r3, [pc, #152]	@ (10004fd0 <tud_rhport_init+0xe4>)
10004f38:	4d26      	ldr	r5, [pc, #152]	@ (10004fd4 <tud_rhport_init+0xe8>)
10004f3a:	6014      	str	r4, [r2, #0]
10004f3c:	b363      	cbz	r3, 10004f98 <tud_rhport_init+0xac>
10004f3e:	4628      	mov	r0, r5
10004f40:	f7ff faba 	bl	100044b8 <usbd_app_driver_get_cb>
10004f44:	4b24      	ldr	r3, [pc, #144]	@ (10004fd8 <tud_rhport_init+0xec>)
10004f46:	782a      	ldrb	r2, [r5, #0]
10004f48:	6018      	str	r0, [r3, #0]
10004f4a:	2400      	movs	r4, #0
10004f4c:	f8df 9090 	ldr.w	r9, [pc, #144]	@ 10004fe0 <tud_rhport_init+0xf4>
10004f50:	4623      	mov	r3, r4
10004f52:	f8df 8084 	ldr.w	r8, [pc, #132]	@ 10004fd8 <tud_rhport_init+0xec>
10004f56:	e00e      	b.n	10004f76 <tud_rhport_init+0x8a>
10004f58:	f8d8 3000 	ldr.w	r3, [r8]
10004f5c:	eb13 1344 	adds.w	r3, r3, r4, lsl #5
10004f60:	d011      	beq.n	10004f86 <tud_rhport_init+0x9a>
10004f62:	685b      	ldr	r3, [r3, #4]
10004f64:	b17b      	cbz	r3, 10004f86 <tud_rhport_init+0x9a>
10004f66:	4798      	blx	r3
10004f68:	782a      	ldrb	r2, [r5, #0]
10004f6a:	3401      	adds	r4, #1
10004f6c:	b2e4      	uxtb	r4, r4
10004f6e:	1c51      	adds	r1, r2, #1
10004f70:	42a1      	cmp	r1, r4
10004f72:	4623      	mov	r3, r4
10004f74:	db12      	blt.n	10004f9c <tud_rhport_init+0xb0>
10004f76:	42a2      	cmp	r2, r4
10004f78:	d8ee      	bhi.n	10004f58 <tud_rhport_init+0x6c>
10004f7a:	1a9b      	subs	r3, r3, r2
10004f7c:	eb09 1343 	add.w	r3, r9, r3, lsl #5
10004f80:	685b      	ldr	r3, [r3, #4]
10004f82:	2b00      	cmp	r3, #0
10004f84:	d1ef      	bne.n	10004f66 <tud_rhport_init+0x7a>
10004f86:	f04f 23e0 	mov.w	r3, #3758153728	@ 0xe000e000
10004f8a:	f8d3 3df0 	ldr.w	r3, [r3, #3568]	@ 0xdf0
10004f8e:	07db      	lsls	r3, r3, #31
10004f90:	d500      	bpl.n	10004f94 <tud_rhport_init+0xa8>
10004f92:	be00      	bkpt	0x0000
10004f94:	2000      	movs	r0, #0
10004f96:	e7b2      	b.n	10004efe <tud_rhport_init+0x12>
10004f98:	782a      	ldrb	r2, [r5, #0]
10004f9a:	e7d6      	b.n	10004f4a <tud_rhport_init+0x5e>
10004f9c:	4631      	mov	r1, r6
10004f9e:	4638      	mov	r0, r7
10004fa0:	f88a 7000 	strb.w	r7, [sl]
10004fa4:	f7ff fdc6 	bl	10004b34 <dcd_init>
10004fa8:	2800      	cmp	r0, #0
10004faa:	d0ec      	beq.n	10004f86 <tud_rhport_init+0x9a>
10004fac:	4638      	mov	r0, r7
10004fae:	f7ff fe09 	bl	10004bc4 <dcd_int_enable>
10004fb2:	e7a3      	b.n	10004efc <tud_rhport_init+0x10>
10004fb4:	20001b20 	.word	0x20001b20
10004fb8:	20001b18 	.word	0x20001b18
10004fbc:	20012572 	.word	0x20012572
10004fc0:	20001b74 	.word	0x20001b74
10004fc4:	200015f0 	.word	0x200015f0
10004fc8:	200015dc 	.word	0x200015dc
10004fcc:	20001b78 	.word	0x20001b78
10004fd0:	100044b9 	.word	0x100044b9
10004fd4:	20012570 	.word	0x20012570
10004fd8:	20001a18 	.word	0x20001a18
10004fdc:	200015f8 	.word	0x200015f8
10004fe0:	1000b844 	.word	0x1000b844

10004fe4 <tud_task_ext>:
10004fe4:	e92d 4ff0 	stmdb	sp!, {r4, r5, r6, r7, r8, r9, sl, fp, lr}
10004fe8:	f8df 92c8 	ldr.w	r9, [pc, #712]	@ 100052b4 <tud_task_ext+0x2d0>
10004fec:	b08b      	sub	sp, #44	@ 0x2c
10004fee:	f899 3000 	ldrb.w	r3, [r9]
10004ff2:	2bff      	cmp	r3, #255	@ 0xff
10004ff4:	f000 80f1 	beq.w	100051da <tud_task_ext+0x1f6>
10004ff8:	4ca8      	ldr	r4, [pc, #672]	@ (1000529c <tud_task_ext+0x2b8>)
10004ffa:	4da9      	ldr	r5, [pc, #676]	@ (100052a0 <tud_task_ext+0x2bc>)
10004ffc:	f8df a2b0 	ldr.w	sl, [pc, #688]	@ 100052b0 <tud_task_ext+0x2cc>
10005000:	f8df b2b4 	ldr.w	fp, [pc, #692]	@ 100052b8 <tud_task_ext+0x2d4>
10005004:	6826      	ldr	r6, [r4, #0]
10005006:	6973      	ldr	r3, [r6, #20]
10005008:	f3ef 8210 	mrs	r2, PRIMASK
1000500c:	b672      	cpsid	i
1000500e:	e8d3 0fcf 	ldaexb	r0, [r3]
10005012:	2101      	movs	r1, #1
10005014:	2800      	cmp	r0, #0
10005016:	d1fa      	bne.n	1000500e <tud_task_ext+0x2a>
10005018:	e8c3 1f40 	strexb	r0, r1, [r3]
1000501c:	2800      	cmp	r0, #0
1000501e:	d1f6      	bne.n	1000500e <tud_task_ext+0x2a>
10005020:	f3bf 8f5f 	dmb	sy
10005024:	61b2      	str	r2, [r6, #24]
10005026:	4630      	mov	r0, r6
10005028:	a907      	add	r1, sp, #28
1000502a:	f001 fb81 	bl	10006730 <tu_fifo_read>
1000502e:	2300      	movs	r3, #0
10005030:	6972      	ldr	r2, [r6, #20]
10005032:	e8c2 3f8f 	stlb	r3, [r2]
10005036:	69b3      	ldr	r3, [r6, #24]
10005038:	f383 8810 	msr	PRIMASK, r3
1000503c:	2800      	cmp	r0, #0
1000503e:	f000 80cc 	beq.w	100051da <tud_task_ext+0x1f6>
10005042:	f89d 301d 	ldrb.w	r3, [sp, #29]
10005046:	3b01      	subs	r3, #1
10005048:	2b07      	cmp	r3, #7
1000504a:	f200 837d 	bhi.w	10005748 <tud_task_ext+0x764>
1000504e:	e8df f003 	tbb	[pc, r3]
10005052:	b1a7      	.short	0xb1a7
10005054:	358e9d95 	.word	0x358e9d95
10005058:	040a      	.short	0x040a
1000505a:	9b08      	ldr	r3, [sp, #32]
1000505c:	2b00      	cmp	r3, #0
1000505e:	d0d1      	beq.n	10005004 <tud_task_ext+0x20>
10005060:	9809      	ldr	r0, [sp, #36]	@ 0x24
10005062:	4798      	blx	r3
10005064:	e7ce      	b.n	10005004 <tud_task_ext+0x20>
10005066:	f89d 1020 	ldrb.w	r1, [sp, #32]
1000506a:	f001 067f 	and.w	r6, r1, #127	@ 0x7f
1000506e:	eb05 0046 	add.w	r0, r5, r6, lsl #1
10005072:	eb00 10d1 	add.w	r0, r0, r1, lsr #7
10005076:	f890 3034 	ldrb.w	r3, [r0, #52]	@ 0x34
1000507a:	f023 0301 	bic.w	r3, r3, #1
1000507e:	f880 3034 	strb.w	r3, [r0, #52]	@ 0x34
10005082:	f890 3034 	ldrb.w	r3, [r0, #52]	@ 0x34
10005086:	f023 0304 	bic.w	r3, r3, #4
1000508a:	f880 3034 	strb.w	r3, [r0, #52]	@ 0x34
1000508e:	2e00      	cmp	r6, #0
10005090:	f000 80a6 	beq.w	100051e0 <tud_task_ext+0x1fc>
10005094:	7d03      	ldrb	r3, [r0, #20]
10005096:	f89a 2000 	ldrb.w	r2, [sl]
1000509a:	4293      	cmp	r3, r2
1000509c:	f080 8093 	bcs.w	100051c6 <tud_task_ext+0x1e2>
100050a0:	4a80      	ldr	r2, [pc, #512]	@ (100052a4 <tud_task_ext+0x2c0>)
100050a2:	6812      	ldr	r2, [r2, #0]
100050a4:	eb12 1343 	adds.w	r3, r2, r3, lsl #5
100050a8:	f000 8090 	beq.w	100051cc <tud_task_ext+0x1e8>
100050ac:	699e      	ldr	r6, [r3, #24]
100050ae:	f89d 2021 	ldrb.w	r2, [sp, #33]	@ 0x21
100050b2:	9b09      	ldr	r3, [sp, #36]	@ 0x24
100050b4:	f89d 001c 	ldrb.w	r0, [sp, #28]
100050b8:	47b0      	blx	r6
100050ba:	e7a3      	b.n	10005004 <tud_task_ext+0x20>
100050bc:	f89b 3000 	ldrb.w	r3, [fp]
100050c0:	2b00      	cmp	r3, #0
100050c2:	f000 8083 	beq.w	100051cc <tud_task_ext+0x1e8>
100050c6:	f89b 3000 	ldrb.w	r3, [fp]
100050ca:	3b01      	subs	r3, #1
100050cc:	b2db      	uxtb	r3, r3
100050ce:	f88b 3000 	strb.w	r3, [fp]
100050d2:	f89b 3000 	ldrb.w	r3, [fp]
100050d6:	f003 00ff 	and.w	r0, r3, #255	@ 0xff
100050da:	2b00      	cmp	r3, #0
100050dc:	d192      	bne.n	10005004 <tud_task_ext+0x20>
100050de:	4f70      	ldr	r7, [pc, #448]	@ (100052a0 <tud_task_ext+0x2bc>)
100050e0:	f89d 801c 	ldrb.w	r8, [sp, #28]
100050e4:	783b      	ldrb	r3, [r7, #0]
100050e6:	f043 0301 	orr.w	r3, r3, #1
100050ea:	703b      	strb	r3, [r7, #0]
100050ec:	f897 3034 	ldrb.w	r3, [r7, #52]	@ 0x34
100050f0:	f360 0300 	bfi	r3, r0, #0, #1
100050f4:	f887 3034 	strb.w	r3, [r7, #52]	@ 0x34
100050f8:	f897 3034 	ldrb.w	r3, [r7, #52]	@ 0x34
100050fc:	f360 0382 	bfi	r3, r0, #2, #1
10005100:	f887 3034 	strb.w	r3, [r7, #52]	@ 0x34
10005104:	f897 3035 	ldrb.w	r3, [r7, #53]	@ 0x35
10005108:	f360 0300 	bfi	r3, r0, #0, #1
1000510c:	f887 3035 	strb.w	r3, [r7, #53]	@ 0x35
10005110:	f897 3035 	ldrb.w	r3, [r7, #53]	@ 0x35
10005114:	f360 0382 	bfi	r3, r0, #2, #1
10005118:	f887 3035 	strb.w	r3, [r7, #53]	@ 0x35
1000511c:	f000 fc6a 	bl	100059f4 <usbd_control_set_complete_callback>
10005120:	f89d 3020 	ldrb.w	r3, [sp, #32]
10005124:	f003 0260 	and.w	r2, r3, #96	@ 0x60
10005128:	2a60      	cmp	r2, #96	@ 0x60
1000512a:	d06c      	beq.n	10005206 <tud_task_ext+0x222>
1000512c:	2a40      	cmp	r2, #64	@ 0x40
1000512e:	d07c      	beq.n	1000522a <tud_task_ext+0x246>
10005130:	f003 031f 	and.w	r3, r3, #31
10005134:	2b01      	cmp	r3, #1
10005136:	f000 80c1 	beq.w	100052bc <tud_task_ext+0x2d8>
1000513a:	2b02      	cmp	r3, #2
1000513c:	f000 8081 	beq.w	10005242 <tud_task_ext+0x25e>
10005140:	2b00      	cmp	r3, #0
10005142:	d160      	bne.n	10005206 <tud_task_ext+0x222>
10005144:	2a20      	cmp	r2, #32
10005146:	f000 81e9 	beq.w	1000551c <tud_task_ext+0x538>
1000514a:	2a00      	cmp	r2, #0
1000514c:	d15b      	bne.n	10005206 <tud_task_ext+0x222>
1000514e:	f89d 3021 	ldrb.w	r3, [sp, #33]	@ 0x21
10005152:	2b09      	cmp	r3, #9
10005154:	d857      	bhi.n	10005206 <tud_task_ext+0x222>
10005156:	e8df f013 	tbh	[pc, r3, lsl #1]
1000515a:	01b0      	.short	0x01b0
1000515c:	005601a2 	.word	0x005601a2
10005160:	005601c1 	.word	0x005601c1
10005164:	016b0195 	.word	0x016b0195
10005168:	01600056 	.word	0x01600056
1000516c:	00f4      	.short	0x00f4
1000516e:	782b      	ldrb	r3, [r5, #0]
10005170:	07d9      	lsls	r1, r3, #31
10005172:	f57f af47 	bpl.w	10005004 <tud_task_ext+0x20>
10005176:	f7ff fea7 	bl	10004ec8 <tud_resume_cb>
1000517a:	e743      	b.n	10005004 <tud_task_ext+0x20>
1000517c:	78eb      	ldrb	r3, [r5, #3]
1000517e:	07da      	lsls	r2, r3, #31
10005180:	f57f af40 	bpl.w	10005004 <tud_task_ext+0x20>
10005184:	9808      	ldr	r0, [sp, #32]
10005186:	f7ff fe93 	bl	10004eb0 <tud_sof_cb>
1000518a:	e73b      	b.n	10005004 <tud_task_ext+0x20>
1000518c:	782b      	ldrb	r3, [r5, #0]
1000518e:	07d8      	lsls	r0, r3, #31
10005190:	f57f af38 	bpl.w	10005004 <tud_task_ext+0x20>
10005194:	7828      	ldrb	r0, [r5, #0]
10005196:	f3c0 00c0 	ubfx	r0, r0, #3, #1
1000519a:	f7ff fe93 	bl	10004ec4 <tud_suspend_cb>
1000519e:	e731      	b.n	10005004 <tud_task_ext+0x20>
100051a0:	f89d 001c 	ldrb.w	r0, [sp, #28]
100051a4:	f7ff fe3c 	bl	10004e20 <configuration_reset>
100051a8:	f000 fc1a 	bl	100059e0 <usbd_control_reset>
100051ac:	f89d 3020 	ldrb.w	r3, [sp, #32]
100051b0:	70ab      	strb	r3, [r5, #2]
100051b2:	e727      	b.n	10005004 <tud_task_ext+0x20>
100051b4:	f89d 001c 	ldrb.w	r0, [sp, #28]
100051b8:	f7ff fe32 	bl	10004e20 <configuration_reset>
100051bc:	f000 fc10 	bl	100059e0 <usbd_control_reset>
100051c0:	f7ff fe7e 	bl	10004ec0 <tud_umount_cb>
100051c4:	e71e      	b.n	10005004 <tud_task_ext+0x20>
100051c6:	1c50      	adds	r0, r2, #1
100051c8:	4298      	cmp	r0, r3
100051ca:	da11      	bge.n	100051f0 <tud_task_ext+0x20c>
100051cc:	f04f 23e0 	mov.w	r3, #3758153728	@ 0xe000e000
100051d0:	f8d3 3df0 	ldr.w	r3, [r3, #3568]	@ 0xdf0
100051d4:	07dc      	lsls	r4, r3, #31
100051d6:	d500      	bpl.n	100051da <tud_task_ext+0x1f6>
100051d8:	be00      	bkpt	0x0000
100051da:	b00b      	add	sp, #44	@ 0x2c
100051dc:	e8bd 8ff0 	ldmia.w	sp!, {r4, r5, r6, r7, r8, r9, sl, fp, pc}
100051e0:	9b09      	ldr	r3, [sp, #36]	@ 0x24
100051e2:	f89d 2021 	ldrb.w	r2, [sp, #33]	@ 0x21
100051e6:	f89d 001c 	ldrb.w	r0, [sp, #28]
100051ea:	f000 fc17 	bl	10005a1c <usbd_control_xfer_cb>
100051ee:	e709      	b.n	10005004 <tud_task_ext+0x20>
100051f0:	1a9b      	subs	r3, r3, r2
100051f2:	4a2d      	ldr	r2, [pc, #180]	@ (100052a8 <tud_task_ext+0x2c4>)
100051f4:	eb02 1343 	add.w	r3, r2, r3, lsl #5
100051f8:	e758      	b.n	100050ac <tud_task_ext+0xc8>
100051fa:	f7ff fb85 	bl	10004908 <tud_descriptor_configuration_cb>
100051fe:	4602      	mov	r2, r0
10005200:	2800      	cmp	r0, #0
10005202:	f040 8182 	bne.w	1000550a <tud_task_ext+0x526>
10005206:	f04f 23e0 	mov.w	r3, #3758153728	@ 0xe000e000
1000520a:	f8d3 3df0 	ldr.w	r3, [r3, #3568]	@ 0xdf0
1000520e:	07de      	lsls	r6, r3, #31
10005210:	d500      	bpl.n	10005214 <tud_task_ext+0x230>
10005212:	be00      	bkpt	0x0000
10005214:	f89d 001c 	ldrb.w	r0, [sp, #28]
10005218:	2100      	movs	r1, #0
1000521a:	f7ff fd95 	bl	10004d48 <dcd_edpt_stall>
1000521e:	2180      	movs	r1, #128	@ 0x80
10005220:	f89d 001c 	ldrb.w	r0, [sp, #28]
10005224:	f7ff fd90 	bl	10004d48 <dcd_edpt_stall>
10005228:	e6ec      	b.n	10005004 <tud_task_ext+0x20>
1000522a:	4820      	ldr	r0, [pc, #128]	@ (100052ac <tud_task_ext+0x2c8>)
1000522c:	f000 fbe2 	bl	100059f4 <usbd_control_set_complete_callback>
10005230:	2101      	movs	r1, #1
10005232:	4640      	mov	r0, r8
10005234:	aa08      	add	r2, sp, #32
10005236:	f7ff f92b 	bl	10004490 <tud_vendor_control_xfer_cb>
1000523a:	2800      	cmp	r0, #0
1000523c:	f47f aee2 	bne.w	10005004 <tud_task_ext+0x20>
10005240:	e7e8      	b.n	10005214 <tud_task_ext+0x230>
10005242:	f89d 1024 	ldrb.w	r1, [sp, #36]	@ 0x24
10005246:	f011 0f70 	tst.w	r1, #112	@ 0x70
1000524a:	d1dc      	bne.n	10005206 <tud_task_ext+0x222>
1000524c:	f001 067f 	and.w	r6, r1, #127	@ 0x7f
10005250:	eb07 0046 	add.w	r0, r7, r6, lsl #1
10005254:	4b16      	ldr	r3, [pc, #88]	@ (100052b0 <tud_task_ext+0x2cc>)
10005256:	eb00 10d1 	add.w	r0, r0, r1, lsr #7
1000525a:	781b      	ldrb	r3, [r3, #0]
1000525c:	7d00      	ldrb	r0, [r0, #20]
1000525e:	0076      	lsls	r6, r6, #1
10005260:	9601      	str	r6, [sp, #4]
10005262:	4298      	cmp	r0, r3
10005264:	ea4f 16d1 	mov.w	r6, r1, lsr #7
10005268:	9600      	str	r6, [sp, #0]
1000526a:	d359      	bcc.n	10005320 <tud_task_ext+0x33c>
1000526c:	1c5e      	adds	r6, r3, #1
1000526e:	4286      	cmp	r6, r0
10005270:	f2c0 8166 	blt.w	10005540 <tud_task_ext+0x55c>
10005274:	1ac0      	subs	r0, r0, r3
10005276:	4b0c      	ldr	r3, [pc, #48]	@ (100052a8 <tud_task_ext+0x2c4>)
10005278:	eb03 1640 	add.w	r6, r3, r0, lsl #5
1000527c:	2a00      	cmp	r2, #0
1000527e:	f000 8163 	beq.w	10005548 <tud_task_ext+0x564>
10005282:	6970      	ldr	r0, [r6, #20]
10005284:	f000 fbb6 	bl	100059f4 <usbd_control_set_complete_callback>
10005288:	2101      	movs	r1, #1
1000528a:	4640      	mov	r0, r8
1000528c:	6973      	ldr	r3, [r6, #20]
1000528e:	aa08      	add	r2, sp, #32
10005290:	4798      	blx	r3
10005292:	2800      	cmp	r0, #0
10005294:	f47f aeb6 	bne.w	10005004 <tud_task_ext+0x20>
10005298:	e7bc      	b.n	10005214 <tud_task_ext+0x230>
1000529a:	bf00      	nop
1000529c:	20001b78 	.word	0x20001b78
100052a0:	20001b20 	.word	0x20001b20
100052a4:	20001a18 	.word	0x20001a18
100052a8:	1000b844 	.word	0x1000b844
100052ac:	10004491 	.word	0x10004491
100052b0:	20012570 	.word	0x20012570
100052b4:	200015f8 	.word	0x200015f8
100052b8:	20012572 	.word	0x20012572
100052bc:	f89d 3024 	ldrb.w	r3, [sp, #36]	@ 0x24
100052c0:	2b0f      	cmp	r3, #15
100052c2:	d8a7      	bhi.n	10005214 <tud_task_ext+0x230>
100052c4:	4aae      	ldr	r2, [pc, #696]	@ (10005580 <tud_task_ext+0x59c>)
100052c6:	443b      	add	r3, r7
100052c8:	791b      	ldrb	r3, [r3, #4]
100052ca:	7812      	ldrb	r2, [r2, #0]
100052cc:	4293      	cmp	r3, r2
100052ce:	d332      	bcc.n	10005336 <tud_task_ext+0x352>
100052d0:	1c51      	adds	r1, r2, #1
100052d2:	4299      	cmp	r1, r3
100052d4:	db9e      	blt.n	10005214 <tud_task_ext+0x230>
100052d6:	4eab      	ldr	r6, [pc, #684]	@ (10005584 <tud_task_ext+0x5a0>)
100052d8:	1a9b      	subs	r3, r3, r2
100052da:	eb06 1643 	add.w	r6, r6, r3, lsl #5
100052de:	6970      	ldr	r0, [r6, #20]
100052e0:	f000 fb88 	bl	100059f4 <usbd_control_set_complete_callback>
100052e4:	2101      	movs	r1, #1
100052e6:	4640      	mov	r0, r8
100052e8:	6973      	ldr	r3, [r6, #20]
100052ea:	aa08      	add	r2, sp, #32
100052ec:	4798      	blx	r3
100052ee:	2800      	cmp	r0, #0
100052f0:	f47f ae88 	bne.w	10005004 <tud_task_ext+0x20>
100052f4:	f89d 3020 	ldrb.w	r3, [sp, #32]
100052f8:	f013 0660 	ands.w	r6, r3, #96	@ 0x60
100052fc:	d18a      	bne.n	10005214 <tud_task_ext+0x230>
100052fe:	f89d 3021 	ldrb.w	r3, [sp, #33]	@ 0x21
10005302:	3b0a      	subs	r3, #10
10005304:	2b01      	cmp	r3, #1
10005306:	d885      	bhi.n	10005214 <tud_task_ext+0x230>
10005308:	f000 fb74 	bl	100059f4 <usbd_control_set_complete_callback>
1000530c:	f89d 3021 	ldrb.w	r3, [sp, #33]	@ 0x21
10005310:	2b0a      	cmp	r3, #10
10005312:	f000 81f2 	beq.w	100056fa <tud_task_ext+0x716>
10005316:	4640      	mov	r0, r8
10005318:	a908      	add	r1, sp, #32
1000531a:	f000 faf1 	bl	10005900 <tud_control_status>
1000531e:	e671      	b.n	10005004 <tud_task_ext+0x20>
10005320:	4b99      	ldr	r3, [pc, #612]	@ (10005588 <tud_task_ext+0x5a4>)
10005322:	681b      	ldr	r3, [r3, #0]
10005324:	eb03 1640 	add.w	r6, r3, r0, lsl #5
10005328:	2a00      	cmp	r2, #0
1000532a:	f000 810d 	beq.w	10005548 <tud_task_ext+0x564>
1000532e:	2e00      	cmp	r6, #0
10005330:	f43f af70 	beq.w	10005214 <tud_task_ext+0x230>
10005334:	e7a5      	b.n	10005282 <tud_task_ext+0x29e>
10005336:	4a94      	ldr	r2, [pc, #592]	@ (10005588 <tud_task_ext+0x5a4>)
10005338:	6816      	ldr	r6, [r2, #0]
1000533a:	eb16 1643 	adds.w	r6, r6, r3, lsl #5
1000533e:	d1ce      	bne.n	100052de <tud_task_ext+0x2fa>
10005340:	e768      	b.n	10005214 <tud_task_ext+0x230>
10005342:	787b      	ldrb	r3, [r7, #1]
10005344:	f89d 6022 	ldrb.w	r6, [sp, #34]	@ 0x22
10005348:	429e      	cmp	r6, r3
1000534a:	f000 814f 	beq.w	100055ec <tud_task_ext+0x608>
1000534e:	787b      	ldrb	r3, [r7, #1]
10005350:	2b00      	cmp	r3, #0
10005352:	f040 81be 	bne.w	100056d2 <tud_task_ext+0x6ee>
10005356:	707e      	strb	r6, [r7, #1]
10005358:	2e00      	cmp	r6, #0
1000535a:	f000 8145 	beq.w	100055e8 <tud_task_ext+0x604>
1000535e:	1e70      	subs	r0, r6, #1
10005360:	b2c0      	uxtb	r0, r0
10005362:	f7ff fad1 	bl	10004908 <tud_descriptor_configuration_cb>
10005366:	4603      	mov	r3, r0
10005368:	2800      	cmp	r0, #0
1000536a:	f000 815f 	beq.w	1000562c <tud_task_ext+0x648>
1000536e:	7842      	ldrb	r2, [r0, #1]
10005370:	2a02      	cmp	r2, #2
10005372:	f040 815b 	bne.w	1000562c <tud_task_ext+0x648>
10005376:	79c1      	ldrb	r1, [r0, #7]
10005378:	f103 0609 	add.w	r6, r3, #9
1000537c:	f3c1 1240 	ubfx	r2, r1, #5, #1
10005380:	0112      	lsls	r2, r2, #4
10005382:	f3c1 1180 	ubfx	r1, r1, #6, #1
10005386:	ea42 1241 	orr.w	r2, r2, r1, lsl #5
1000538a:	4631      	mov	r1, r6
1000538c:	7838      	ldrb	r0, [r7, #0]
1000538e:	f020 0030 	bic.w	r0, r0, #48	@ 0x30
10005392:	4302      	orrs	r2, r0
10005394:	703a      	strb	r2, [r7, #0]
10005396:	885a      	ldrh	r2, [r3, #2]
10005398:	f8cd 800c 	str.w	r8, [sp, #12]
1000539c:	189a      	adds	r2, r3, r2
1000539e:	9201      	str	r2, [sp, #4]
100053a0:	9b01      	ldr	r3, [sp, #4]
100053a2:	428b      	cmp	r3, r1
100053a4:	f240 81a4 	bls.w	100056f0 <tud_task_ext+0x70c>
100053a8:	784a      	ldrb	r2, [r1, #1]
100053aa:	2a0b      	cmp	r2, #11
100053ac:	f000 81af 	beq.w	1000570e <tud_task_ext+0x72a>
100053b0:	2301      	movs	r3, #1
100053b2:	2a04      	cmp	r2, #4
100053b4:	f040 813a 	bne.w	1000562c <tud_task_ext+0x648>
100053b8:	2600      	movs	r6, #0
100053ba:	9a01      	ldr	r2, [sp, #4]
100053bc:	9600      	str	r6, [sp, #0]
100053be:	1a52      	subs	r2, r2, r1
100053c0:	b292      	uxth	r2, r2
100053c2:	9202      	str	r2, [sp, #8]
100053c4:	4a6e      	ldr	r2, [pc, #440]	@ (10005580 <tud_task_ext+0x59c>)
100053c6:	9304      	str	r3, [sp, #16]
100053c8:	7812      	ldrb	r2, [r2, #0]
100053ca:	e01d      	b.n	10005408 <tud_task_ext+0x424>
100053cc:	4b6e      	ldr	r3, [pc, #440]	@ (10005588 <tud_task_ext+0x5a4>)
100053ce:	681b      	ldr	r3, [r3, #0]
100053d0:	eb13 1846 	adds.w	r8, r3, r6, lsl #5
100053d4:	f000 812a 	beq.w	1000562c <tud_task_ext+0x648>
100053d8:	9a02      	ldr	r2, [sp, #8]
100053da:	f8d8 3010 	ldr.w	r3, [r8, #16]
100053de:	9803      	ldr	r0, [sp, #12]
100053e0:	9105      	str	r1, [sp, #20]
100053e2:	4798      	blx	r3
100053e4:	2808      	cmp	r0, #8
100053e6:	4602      	mov	r2, r0
100053e8:	9905      	ldr	r1, [sp, #20]
100053ea:	f106 0301 	add.w	r3, r6, #1
100053ee:	d903      	bls.n	100053f8 <tud_task_ext+0x414>
100053f0:	9802      	ldr	r0, [sp, #8]
100053f2:	4290      	cmp	r0, r2
100053f4:	f080 80ff 	bcs.w	100055f6 <tud_task_ext+0x612>
100053f8:	b2de      	uxtb	r6, r3
100053fa:	4b61      	ldr	r3, [pc, #388]	@ (10005580 <tud_task_ext+0x59c>)
100053fc:	9600      	str	r6, [sp, #0]
100053fe:	781a      	ldrb	r2, [r3, #0]
10005400:	1c53      	adds	r3, r2, #1
10005402:	429e      	cmp	r6, r3
10005404:	f300 8112 	bgt.w	1000562c <tud_task_ext+0x648>
10005408:	9b00      	ldr	r3, [sp, #0]
1000540a:	42b2      	cmp	r2, r6
1000540c:	eba3 0202 	sub.w	r2, r3, r2
10005410:	d8dc      	bhi.n	100053cc <tud_task_ext+0x3e8>
10005412:	4b5c      	ldr	r3, [pc, #368]	@ (10005584 <tud_task_ext+0x5a0>)
10005414:	eb03 1842 	add.w	r8, r3, r2, lsl #5
10005418:	e7de      	b.n	100053d8 <tud_task_ext+0x3f4>
1000541a:	787b      	ldrb	r3, [r7, #1]
1000541c:	4640      	mov	r0, r8
1000541e:	f88d 301a 	strb.w	r3, [sp, #26]
10005422:	f10d 021a 	add.w	r2, sp, #26
10005426:	2301      	movs	r3, #1
10005428:	a908      	add	r1, sp, #32
1000542a:	f000 fa83 	bl	10005934 <tud_control_xfer>
1000542e:	e5e9      	b.n	10005004 <tud_task_ext+0x20>
10005430:	f8bd 0022 	ldrh.w	r0, [sp, #34]	@ 0x22
10005434:	0a03      	lsrs	r3, r0, #8
10005436:	3b01      	subs	r3, #1
10005438:	0a02      	lsrs	r2, r0, #8
1000543a:	b2c0      	uxtb	r0, r0
1000543c:	2b0e      	cmp	r3, #14
1000543e:	f63f aee9 	bhi.w	10005214 <tud_task_ext+0x230>
10005442:	a101      	add	r1, pc, #4	@ (adr r1, 10005448 <tud_task_ext+0x464>)
10005444:	f851 f023 	ldr.w	pc, [r1, r3, lsl #2]
10005448:	1000565d 	.word	0x1000565d
1000544c:	100054f9 	.word	0x100054f9
10005450:	10005699 	.word	0x10005699
10005454:	10005215 	.word	0x10005215
10005458:	10005215 	.word	0x10005215
1000545c:	1000567b 	.word	0x1000567b
10005460:	100054f9 	.word	0x100054f9
10005464:	10005215 	.word	0x10005215
10005468:	10005215 	.word	0x10005215
1000546c:	10005215 	.word	0x10005215
10005470:	10005215 	.word	0x10005215
10005474:	10005215 	.word	0x10005215
10005478:	10005215 	.word	0x10005215
1000547c:	10005215 	.word	0x10005215
10005480:	1000564f 	.word	0x1000564f
10005484:	a808      	add	r0, sp, #32
10005486:	f000 fabb 	bl	10005a00 <usbd_control_set_request>
1000548a:	4640      	mov	r0, r8
1000548c:	f89d 1022 	ldrb.w	r1, [sp, #34]	@ 0x22
10005490:	f7ff fb9c 	bl	10004bcc <dcd_set_address>
10005494:	783b      	ldrb	r3, [r7, #0]
10005496:	f043 0302 	orr.w	r3, r3, #2
1000549a:	703b      	strb	r3, [r7, #0]
1000549c:	e5b2      	b.n	10005004 <tud_task_ext+0x20>
1000549e:	f8bd 3022 	ldrh.w	r3, [sp, #34]	@ 0x22
100054a2:	2b01      	cmp	r3, #1
100054a4:	f47f aeb6 	bne.w	10005214 <tud_task_ext+0x230>
100054a8:	783b      	ldrb	r3, [r7, #0]
100054aa:	4640      	mov	r0, r8
100054ac:	f023 0308 	bic.w	r3, r3, #8
100054b0:	a908      	add	r1, sp, #32
100054b2:	703b      	strb	r3, [r7, #0]
100054b4:	f000 fa24 	bl	10005900 <tud_control_status>
100054b8:	e5a4      	b.n	10005004 <tud_task_ext+0x20>
100054ba:	4640      	mov	r0, r8
100054bc:	783b      	ldrb	r3, [r7, #0]
100054be:	089a      	lsrs	r2, r3, #2
100054c0:	f002 0202 	and.w	r2, r2, #2
100054c4:	f3c3 1340 	ubfx	r3, r3, #5, #1
100054c8:	4313      	orrs	r3, r2
100054ca:	f8ad 301a 	strh.w	r3, [sp, #26]
100054ce:	f10d 021a 	add.w	r2, sp, #26
100054d2:	2302      	movs	r3, #2
100054d4:	a908      	add	r1, sp, #32
100054d6:	f000 fa2d 	bl	10005934 <tud_control_xfer>
100054da:	e593      	b.n	10005004 <tud_task_ext+0x20>
100054dc:	f8bd 3022 	ldrh.w	r3, [sp, #34]	@ 0x22
100054e0:	2b01      	cmp	r3, #1
100054e2:	f47f ae97 	bne.w	10005214 <tud_task_ext+0x230>
100054e6:	783b      	ldrb	r3, [r7, #0]
100054e8:	4640      	mov	r0, r8
100054ea:	f043 0308 	orr.w	r3, r3, #8
100054ee:	a908      	add	r1, sp, #32
100054f0:	703b      	strb	r3, [r7, #0]
100054f2:	f000 fa05 	bl	10005900 <tud_control_status>
100054f6:	e585      	b.n	10005004 <tud_task_ext+0x20>
100054f8:	2a02      	cmp	r2, #2
100054fa:	f43f ae7e 	beq.w	100051fa <tud_task_ext+0x216>
100054fe:	f7ff fcdb 	bl	10004eb8 <tud_descriptor_other_speed_configuration_cb>
10005502:	4602      	mov	r2, r0
10005504:	2800      	cmp	r0, #0
10005506:	f43f ae85 	beq.w	10005214 <tud_task_ext+0x230>
1000550a:	4640      	mov	r0, r8
1000550c:	8853      	ldrh	r3, [r2, #2]
1000550e:	a908      	add	r1, sp, #32
10005510:	f000 fa10 	bl	10005934 <tud_control_xfer>
10005514:	2800      	cmp	r0, #0
10005516:	f47f ad75 	bne.w	10005004 <tud_task_ext+0x20>
1000551a:	e67b      	b.n	10005214 <tud_task_ext+0x230>
1000551c:	f89d 3024 	ldrb.w	r3, [sp, #36]	@ 0x24
10005520:	2b0f      	cmp	r3, #15
10005522:	f63f ae77 	bhi.w	10005214 <tud_task_ext+0x230>
10005526:	4a16      	ldr	r2, [pc, #88]	@ (10005580 <tud_task_ext+0x59c>)
10005528:	443b      	add	r3, r7
1000552a:	791b      	ldrb	r3, [r3, #4]
1000552c:	7812      	ldrb	r2, [r2, #0]
1000552e:	4293      	cmp	r3, r2
10005530:	d21d      	bcs.n	1000556e <tud_task_ext+0x58a>
10005532:	4a15      	ldr	r2, [pc, #84]	@ (10005588 <tud_task_ext+0x5a4>)
10005534:	6816      	ldr	r6, [r2, #0]
10005536:	eb16 1643 	adds.w	r6, r6, r3, lsl #5
1000553a:	f47f aea2 	bne.w	10005282 <tud_task_ext+0x29e>
1000553e:	e669      	b.n	10005214 <tud_task_ext+0x230>
10005540:	2a00      	cmp	r2, #0
10005542:	f47f ae67 	bne.w	10005214 <tud_task_ext+0x230>
10005546:	2600      	movs	r6, #0
10005548:	f89d 2021 	ldrb.w	r2, [sp, #33]	@ 0x21
1000554c:	f002 03fd 	and.w	r3, r2, #253	@ 0xfd
10005550:	2b01      	cmp	r3, #1
10005552:	d01b      	beq.n	1000558c <tud_task_ext+0x5a8>
10005554:	2a00      	cmp	r2, #0
10005556:	f47f ae56 	bne.w	10005206 <tud_task_ext+0x222>
1000555a:	9b01      	ldr	r3, [sp, #4]
1000555c:	9a00      	ldr	r2, [sp, #0]
1000555e:	443b      	add	r3, r7
10005560:	4413      	add	r3, r2
10005562:	f893 3034 	ldrb.w	r3, [r3, #52]	@ 0x34
10005566:	4640      	mov	r0, r8
10005568:	f3c3 0340 	ubfx	r3, r3, #1, #1
1000556c:	e7ad      	b.n	100054ca <tud_task_ext+0x4e6>
1000556e:	1c51      	adds	r1, r2, #1
10005570:	4299      	cmp	r1, r3
10005572:	f6ff ae4f 	blt.w	10005214 <tud_task_ext+0x230>
10005576:	4e03      	ldr	r6, [pc, #12]	@ (10005584 <tud_task_ext+0x5a0>)
10005578:	1a9b      	subs	r3, r3, r2
1000557a:	eb06 1643 	add.w	r6, r6, r3, lsl #5
1000557e:	e680      	b.n	10005282 <tud_task_ext+0x29e>
10005580:	20012570 	.word	0x20012570
10005584:	1000b844 	.word	0x1000b844
10005588:	20001a18 	.word	0x20001a18
1000558c:	f8bd 3022 	ldrh.w	r3, [sp, #34]	@ 0x22
10005590:	b9b3      	cbnz	r3, 100055c0 <tud_task_ext+0x5dc>
10005592:	2a01      	cmp	r2, #1
10005594:	f899 0000 	ldrb.w	r0, [r9]
10005598:	f000 8086 	beq.w	100056a8 <tud_task_ext+0x6c4>
1000559c:	f7ff fbd4 	bl	10004d48 <dcd_edpt_stall>
100055a0:	9b01      	ldr	r3, [sp, #4]
100055a2:	9a00      	ldr	r2, [sp, #0]
100055a4:	443b      	add	r3, r7
100055a6:	4413      	add	r3, r2
100055a8:	f893 2034 	ldrb.w	r2, [r3, #52]	@ 0x34
100055ac:	f042 0202 	orr.w	r2, r2, #2
100055b0:	f883 2034 	strb.w	r2, [r3, #52]	@ 0x34
100055b4:	f893 2034 	ldrb.w	r2, [r3, #52]	@ 0x34
100055b8:	f042 0201 	orr.w	r2, r2, #1
100055bc:	f883 2034 	strb.w	r2, [r3, #52]	@ 0x34
100055c0:	2e00      	cmp	r6, #0
100055c2:	f43f ad1f 	beq.w	10005004 <tud_task_ext+0x20>
100055c6:	6970      	ldr	r0, [r6, #20]
100055c8:	f000 fa14 	bl	100059f4 <usbd_control_set_complete_callback>
100055cc:	6973      	ldr	r3, [r6, #20]
100055ce:	2101      	movs	r1, #1
100055d0:	aa08      	add	r2, sp, #32
100055d2:	4640      	mov	r0, r8
100055d4:	4798      	blx	r3
100055d6:	2000      	movs	r0, #0
100055d8:	f000 fa0c 	bl	100059f4 <usbd_control_set_complete_callback>
100055dc:	f897 3035 	ldrb.w	r3, [r7, #53]	@ 0x35
100055e0:	07df      	lsls	r7, r3, #31
100055e2:	f53f ad0f 	bmi.w	10005004 <tud_task_ext+0x20>
100055e6:	e696      	b.n	10005316 <tud_task_ext+0x332>
100055e8:	f7ff fc6a 	bl	10004ec0 <tud_umount_cb>
100055ec:	4640      	mov	r0, r8
100055ee:	a908      	add	r1, sp, #32
100055f0:	f000 f986 	bl	10005900 <tud_control_status>
100055f4:	e506      	b.n	10005004 <tud_task_ext+0x20>
100055f6:	9b04      	ldr	r3, [sp, #16]
100055f8:	2b01      	cmp	r3, #1
100055fa:	f000 809e 	beq.w	1000573a <tud_task_ext+0x756>
100055fe:	2b00      	cmp	r3, #0
10005600:	f000 808a 	beq.w	10005718 <tud_task_ext+0x734>
10005604:	2000      	movs	r0, #0
10005606:	f891 8002 	ldrb.w	r8, [r1, #2]
1000560a:	e005      	b.n	10005618 <tud_task_ext+0x634>
1000560c:	f88c 6004 	strb.w	r6, [ip, #4]
10005610:	fa5f fc80 	uxtb.w	ip, r0
10005614:	4563      	cmp	r3, ip
10005616:	d97f      	bls.n	10005718 <tud_task_ext+0x734>
10005618:	eb08 0c00 	add.w	ip, r8, r0
1000561c:	fa57 fc8c 	uxtab	ip, r7, ip
10005620:	f89c e004 	ldrb.w	lr, [ip, #4]
10005624:	3001      	adds	r0, #1
10005626:	f1be 0fff 	cmp.w	lr, #255	@ 0xff
1000562a:	d0ef      	beq.n	1000560c <tud_task_ext+0x628>
1000562c:	f04f 23e0 	mov.w	r3, #3758153728	@ 0xe000e000
10005630:	f8d3 3df0 	ldr.w	r3, [r3, #3568]	@ 0xdf0
10005634:	07da      	lsls	r2, r3, #31
10005636:	d500      	bpl.n	1000563a <tud_task_ext+0x656>
10005638:	be00      	bkpt	0x0000
1000563a:	f04f 23e0 	mov.w	r3, #3758153728	@ 0xe000e000
1000563e:	f8d3 3df0 	ldr.w	r3, [r3, #3568]	@ 0xdf0
10005642:	07db      	lsls	r3, r3, #31
10005644:	d500      	bpl.n	10005648 <tud_task_ext+0x664>
10005646:	be00      	bkpt	0x0000
10005648:	2300      	movs	r3, #0
1000564a:	707b      	strb	r3, [r7, #1]
1000564c:	e5e2      	b.n	10005214 <tud_task_ext+0x230>
1000564e:	f7fe ff1b 	bl	10004488 <tud_descriptor_bos_cb>
10005652:	4602      	mov	r2, r0
10005654:	2800      	cmp	r0, #0
10005656:	f47f af58 	bne.w	1000550a <tud_task_ext+0x526>
1000565a:	e5db      	b.n	10005214 <tud_task_ext+0x230>
1000565c:	f7ff f950 	bl	10004900 <tud_descriptor_device_cb>
10005660:	4602      	mov	r2, r0
10005662:	2800      	cmp	r0, #0
10005664:	f43f adcf 	beq.w	10005206 <tud_task_ext+0x222>
10005668:	4640      	mov	r0, r8
1000566a:	2312      	movs	r3, #18
1000566c:	a908      	add	r1, sp, #32
1000566e:	f000 f961 	bl	10005934 <tud_control_xfer>
10005672:	2800      	cmp	r0, #0
10005674:	f47f acc6 	bne.w	10005004 <tud_task_ext+0x20>
10005678:	e5cc      	b.n	10005214 <tud_task_ext+0x230>
1000567a:	f7ff fc1b 	bl	10004eb4 <tud_descriptor_device_qualifier_cb>
1000567e:	4602      	mov	r2, r0
10005680:	2800      	cmp	r0, #0
10005682:	f43f adc7 	beq.w	10005214 <tud_task_ext+0x230>
10005686:	4640      	mov	r0, r8
10005688:	7813      	ldrb	r3, [r2, #0]
1000568a:	a908      	add	r1, sp, #32
1000568c:	f000 f952 	bl	10005934 <tud_control_xfer>
10005690:	2800      	cmp	r0, #0
10005692:	f47f acb7 	bne.w	10005004 <tud_task_ext+0x20>
10005696:	e5bd      	b.n	10005214 <tud_task_ext+0x230>
10005698:	f8bd 1024 	ldrh.w	r1, [sp, #36]	@ 0x24
1000569c:	f7ff f938 	bl	10004910 <tud_descriptor_string_cb>
100056a0:	4602      	mov	r2, r0
100056a2:	2800      	cmp	r0, #0
100056a4:	d1ef      	bne.n	10005686 <tud_task_ext+0x6a2>
100056a6:	e5b5      	b.n	10005214 <tud_task_ext+0x230>
100056a8:	9302      	str	r3, [sp, #8]
100056aa:	f7ff fb63 	bl	10004d74 <dcd_edpt_clear_stall>
100056ae:	9a01      	ldr	r2, [sp, #4]
100056b0:	9b00      	ldr	r3, [sp, #0]
100056b2:	443a      	add	r2, r7
100056b4:	441a      	add	r2, r3
100056b6:	f892 1034 	ldrb.w	r1, [r2, #52]	@ 0x34
100056ba:	9b02      	ldr	r3, [sp, #8]
100056bc:	f363 0141 	bfi	r1, r3, #1, #1
100056c0:	f882 1034 	strb.w	r1, [r2, #52]	@ 0x34
100056c4:	f892 1034 	ldrb.w	r1, [r2, #52]	@ 0x34
100056c8:	f363 0100 	bfi	r1, r3, #0, #1
100056cc:	f882 1034 	strb.w	r1, [r2, #52]	@ 0x34
100056d0:	e776      	b.n	100055c0 <tud_task_ext+0x5dc>
100056d2:	2100      	movs	r1, #0
100056d4:	4640      	mov	r0, r8
100056d6:	f7ff fa81 	bl	10004bdc <dcd_sof_enable>
100056da:	4640      	mov	r0, r8
100056dc:	f7ff fb1e 	bl	10004d1c <dcd_edpt_close_all>
100056e0:	78bb      	ldrb	r3, [r7, #2]
100056e2:	4640      	mov	r0, r8
100056e4:	9300      	str	r3, [sp, #0]
100056e6:	f7ff fb9b 	bl	10004e20 <configuration_reset>
100056ea:	9b00      	ldr	r3, [sp, #0]
100056ec:	70bb      	strb	r3, [r7, #2]
100056ee:	e632      	b.n	10005356 <tud_task_ext+0x372>
100056f0:	f8dd 800c 	ldr.w	r8, [sp, #12]
100056f4:	f7ff fbe2 	bl	10004ebc <tud_mount_cb>
100056f8:	e778      	b.n	100055ec <tud_task_ext+0x608>
100056fa:	4640      	mov	r0, r8
100056fc:	2301      	movs	r3, #1
100056fe:	a908      	add	r1, sp, #32
10005700:	f10d 021a 	add.w	r2, sp, #26
10005704:	f88d 601a 	strb.w	r6, [sp, #26]
10005708:	f000 f914 	bl	10005934 <tud_control_xfer>
1000570c:	e47a      	b.n	10005004 <tud_task_ext+0x20>
1000570e:	780a      	ldrb	r2, [r1, #0]
10005710:	78cb      	ldrb	r3, [r1, #3]
10005712:	4411      	add	r1, r2
10005714:	784a      	ldrb	r2, [r1, #1]
10005716:	e64c      	b.n	100053b2 <tud_task_ext+0x3ce>
10005718:	4633      	mov	r3, r6
1000571a:	4810      	ldr	r0, [pc, #64]	@ (1000575c <tud_task_ext+0x778>)
1000571c:	9204      	str	r2, [sp, #16]
1000571e:	9102      	str	r1, [sp, #8]
10005720:	f000 fe7c 	bl	1000641c <tu_edpt_bind_driver>
10005724:	4b0e      	ldr	r3, [pc, #56]	@ (10005760 <tud_task_ext+0x77c>)
10005726:	9a04      	ldr	r2, [sp, #16]
10005728:	9902      	ldr	r1, [sp, #8]
1000572a:	781b      	ldrb	r3, [r3, #0]
1000572c:	4411      	add	r1, r2
1000572e:	9a00      	ldr	r2, [sp, #0]
10005730:	3301      	adds	r3, #1
10005732:	4293      	cmp	r3, r2
10005734:	f6bf ae34 	bge.w	100053a0 <tud_task_ext+0x3bc>
10005738:	e778      	b.n	1000562c <tud_task_ext+0x648>
1000573a:	f8d8 c010 	ldr.w	ip, [r8, #16]
1000573e:	4809      	ldr	r0, [pc, #36]	@ (10005764 <tud_task_ext+0x780>)
10005740:	4584      	cmp	ip, r0
10005742:	bf08      	it	eq
10005744:	2302      	moveq	r3, #2
10005746:	e75d      	b.n	10005604 <tud_task_ext+0x620>
10005748:	f04f 23e0 	mov.w	r3, #3758153728	@ 0xe000e000
1000574c:	f8d3 3df0 	ldr.w	r3, [r3, #3568]	@ 0xdf0
10005750:	07db      	lsls	r3, r3, #31
10005752:	f57f ac57 	bpl.w	10005004 <tud_task_ext+0x20>
10005756:	be00      	bkpt	0x0000
10005758:	e454      	b.n	10005004 <tud_task_ext+0x20>
1000575a:	bf00      	nop
1000575c:	20001b34 	.word	0x20001b34
10005760:	20012570 	.word	0x20012570
10005764:	10005e2d 	.word	0x10005e2d

10005768 <usbd_open_edpt_pair>:
10005768:	e92d 4ff8 	stmdb	sp!, {r3, r4, r5, r6, r7, r8, r9, sl, fp, lr}
1000576c:	f8dd 8028 	ldr.w	r8, [sp, #40]	@ 0x28
10005770:	2a00      	cmp	r2, #0
10005772:	d03f      	beq.n	100057f4 <usbd_open_edpt_pair+0x8c>
10005774:	460c      	mov	r4, r1
10005776:	461e      	mov	r6, r3
10005778:	4615      	mov	r5, r2
1000577a:	f04f 0b00 	mov.w	fp, #0
1000577e:	4f1f      	ldr	r7, [pc, #124]	@ (100057fc <usbd_open_edpt_pair+0x94>)
10005780:	f8df 907c 	ldr.w	r9, [pc, #124]	@ 10005800 <usbd_open_edpt_pair+0x98>
10005784:	e017      	b.n	100057b6 <usbd_open_edpt_pair+0x4e>
10005786:	4620      	mov	r0, r4
10005788:	f899 1002 	ldrb.w	r1, [r9, #2]
1000578c:	f000 fe14 	bl	100063b8 <tu_edpt_validate>
10005790:	b1f8      	cbz	r0, 100057d2 <usbd_open_edpt_pair+0x6a>
10005792:	4621      	mov	r1, r4
10005794:	4650      	mov	r0, sl
10005796:	f7ff fa3d 	bl	10004c14 <dcd_edpt_open>
1000579a:	b308      	cbz	r0, 100057e0 <usbd_open_edpt_pair+0x78>
1000579c:	78a3      	ldrb	r3, [r4, #2]
1000579e:	f10b 0b01 	add.w	fp, fp, #1
100057a2:	09da      	lsrs	r2, r3, #7
100057a4:	bf16      	itet	ne
100057a6:	9a0b      	ldrne	r2, [sp, #44]	@ 0x2c
100057a8:	f888 3000 	strbeq.w	r3, [r8]
100057ac:	7013      	strbne	r3, [r2, #0]
100057ae:	7823      	ldrb	r3, [r4, #0]
100057b0:	45ab      	cmp	fp, r5
100057b2:	441c      	add	r4, r3
100057b4:	d01e      	beq.n	100057f4 <usbd_open_edpt_pair+0x8c>
100057b6:	7863      	ldrb	r3, [r4, #1]
100057b8:	2b05      	cmp	r3, #5
100057ba:	d111      	bne.n	100057e0 <usbd_open_edpt_pair+0x78>
100057bc:	78e1      	ldrb	r1, [r4, #3]
100057be:	f001 0103 	and.w	r1, r1, #3
100057c2:	42b1      	cmp	r1, r6
100057c4:	d10c      	bne.n	100057e0 <usbd_open_edpt_pair+0x78>
100057c6:	78a3      	ldrb	r3, [r4, #2]
100057c8:	f897 a000 	ldrb.w	sl, [r7]
100057cc:	f013 0f70 	tst.w	r3, #112	@ 0x70
100057d0:	d0d9      	beq.n	10005786 <usbd_open_edpt_pair+0x1e>
100057d2:	f04f 23e0 	mov.w	r3, #3758153728	@ 0xe000e000
100057d6:	f8d3 3df0 	ldr.w	r3, [r3, #3568]	@ 0xdf0
100057da:	07da      	lsls	r2, r3, #31
100057dc:	d500      	bpl.n	100057e0 <usbd_open_edpt_pair+0x78>
100057de:	be00      	bkpt	0x0000
100057e0:	f04f 23e0 	mov.w	r3, #3758153728	@ 0xe000e000
100057e4:	f8d3 3df0 	ldr.w	r3, [r3, #3568]	@ 0xdf0
100057e8:	07db      	lsls	r3, r3, #31
100057ea:	d500      	bpl.n	100057ee <usbd_open_edpt_pair+0x86>
100057ec:	be00      	bkpt	0x0000
100057ee:	2000      	movs	r0, #0
100057f0:	e8bd 8ff8 	ldmia.w	sp!, {r3, r4, r5, r6, r7, r8, r9, sl, fp, pc}
100057f4:	2001      	movs	r0, #1
100057f6:	e8bd 8ff8 	ldmia.w	sp!, {r3, r4, r5, r6, r7, r8, r9, sl, fp, pc}
100057fa:	bf00      	nop
100057fc:	200015f8 	.word	0x200015f8
10005800:	20001b20 	.word	0x20001b20

10005804 <usbd_edpt_open>:
10005804:	b538      	push	{r3, r4, r5, lr}
10005806:	4b0e      	ldr	r3, [pc, #56]	@ (10005840 <usbd_edpt_open+0x3c>)
10005808:	781d      	ldrb	r5, [r3, #0]
1000580a:	788b      	ldrb	r3, [r1, #2]
1000580c:	f013 0f70 	tst.w	r3, #112	@ 0x70
10005810:	d008      	beq.n	10005824 <usbd_edpt_open+0x20>
10005812:	f04f 23e0 	mov.w	r3, #3758153728	@ 0xe000e000
10005816:	f8d3 3df0 	ldr.w	r3, [r3, #3568]	@ 0xdf0
1000581a:	07db      	lsls	r3, r3, #31
1000581c:	d500      	bpl.n	10005820 <usbd_edpt_open+0x1c>
1000581e:	be00      	bkpt	0x0000
10005820:	2000      	movs	r0, #0
10005822:	bd38      	pop	{r3, r4, r5, pc}
10005824:	4b07      	ldr	r3, [pc, #28]	@ (10005844 <usbd_edpt_open+0x40>)
10005826:	460c      	mov	r4, r1
10005828:	4608      	mov	r0, r1
1000582a:	7899      	ldrb	r1, [r3, #2]
1000582c:	f000 fdc4 	bl	100063b8 <tu_edpt_validate>
10005830:	2800      	cmp	r0, #0
10005832:	d0ee      	beq.n	10005812 <usbd_edpt_open+0xe>
10005834:	4621      	mov	r1, r4
10005836:	4628      	mov	r0, r5
10005838:	e8bd 4038 	ldmia.w	sp!, {r3, r4, r5, lr}
1000583c:	f7ff b9ea 	b.w	10004c14 <dcd_edpt_open>
10005840:	200015f8 	.word	0x200015f8
10005844:	20001b20 	.word	0x20001b20

10005848 <usbd_edpt_claim>:
10005848:	460b      	mov	r3, r1
1000584a:	4a06      	ldr	r2, [pc, #24]	@ (10005864 <usbd_edpt_claim+0x1c>)
1000584c:	4806      	ldr	r0, [pc, #24]	@ (10005868 <usbd_edpt_claim+0x20>)
1000584e:	6811      	ldr	r1, [r2, #0]
10005850:	09da      	lsrs	r2, r3, #7
10005852:	3234      	adds	r2, #52	@ 0x34
10005854:	f003 037f 	and.w	r3, r3, #127	@ 0x7f
10005858:	eb02 0343 	add.w	r3, r2, r3, lsl #1
1000585c:	4418      	add	r0, r3
1000585e:	f000 bd65 	b.w	1000632c <tu_edpt_claim>
10005862:	bf00      	nop
10005864:	20001b74 	.word	0x20001b74
10005868:	20001b20 	.word	0x20001b20

1000586c <usbd_edpt_release>:
1000586c:	460b      	mov	r3, r1
1000586e:	4a06      	ldr	r2, [pc, #24]	@ (10005888 <usbd_edpt_release+0x1c>)
10005870:	4806      	ldr	r0, [pc, #24]	@ (1000588c <usbd_edpt_release+0x20>)
10005872:	6811      	ldr	r1, [r2, #0]
10005874:	09da      	lsrs	r2, r3, #7
10005876:	3234      	adds	r2, #52	@ 0x34
10005878:	f003 037f 	and.w	r3, r3, #127	@ 0x7f
1000587c:	eb02 0343 	add.w	r3, r2, r3, lsl #1
10005880:	4418      	add	r0, r3
10005882:	f000 bd7d 	b.w	10006380 <tu_edpt_release>
10005886:	bf00      	nop
10005888:	20001b74 	.word	0x20001b74
1000588c:	20001b20 	.word	0x20001b20

10005890 <usbd_edpt_xfer>:
10005890:	b510      	push	{r4, lr}
10005892:	4c19      	ldr	r4, [pc, #100]	@ (100058f8 <usbd_edpt_xfer+0x68>)
10005894:	f001 0e7f 	and.w	lr, r1, #127	@ 0x7f
10005898:	eb04 044e 	add.w	r4, r4, lr, lsl #1
1000589c:	eb04 14d1 	add.w	r4, r4, r1, lsr #7
100058a0:	f894 c034 	ldrb.w	ip, [r4, #52]	@ 0x34
100058a4:	4815      	ldr	r0, [pc, #84]	@ (100058fc <usbd_edpt_xfer+0x6c>)
100058a6:	f01c 0f01 	tst.w	ip, #1
100058aa:	f104 0430 	add.w	r4, r4, #48	@ 0x30
100058ae:	7800      	ldrb	r0, [r0, #0]
100058b0:	d008      	beq.n	100058c4 <usbd_edpt_xfer+0x34>
100058b2:	f04f 23e0 	mov.w	r3, #3758153728	@ 0xe000e000
100058b6:	f8d3 3df0 	ldr.w	r3, [r3, #3568]	@ 0xdf0
100058ba:	07da      	lsls	r2, r3, #31
100058bc:	d500      	bpl.n	100058c0 <usbd_edpt_xfer+0x30>
100058be:	be00      	bkpt	0x0000
100058c0:	2000      	movs	r0, #0
100058c2:	bd10      	pop	{r4, pc}
100058c4:	f894 c004 	ldrb.w	ip, [r4, #4]
100058c8:	f04c 0c01 	orr.w	ip, ip, #1
100058cc:	f884 c004 	strb.w	ip, [r4, #4]
100058d0:	f7ff fa26 	bl	10004d20 <dcd_edpt_xfer>
100058d4:	2800      	cmp	r0, #0
100058d6:	d1f4      	bne.n	100058c2 <usbd_edpt_xfer+0x32>
100058d8:	f04f 21e0 	mov.w	r1, #3758153728	@ 0xe000e000
100058dc:	7922      	ldrb	r2, [r4, #4]
100058de:	f360 0200 	bfi	r2, r0, #0, #1
100058e2:	7122      	strb	r2, [r4, #4]
100058e4:	7922      	ldrb	r2, [r4, #4]
100058e6:	f360 0282 	bfi	r2, r0, #2, #1
100058ea:	7122      	strb	r2, [r4, #4]
100058ec:	f8d1 3df0 	ldr.w	r3, [r1, #3568]	@ 0xdf0
100058f0:	07db      	lsls	r3, r3, #31
100058f2:	d5e5      	bpl.n	100058c0 <usbd_edpt_xfer+0x30>
100058f4:	e7e3      	b.n	100058be <usbd_edpt_xfer+0x2e>
100058f6:	bf00      	nop
100058f8:	20001b20 	.word	0x20001b20
100058fc:	200015f8 	.word	0x200015f8

10005900 <tud_control_status>:
10005900:	b530      	push	{r4, r5, lr}
10005902:	4c0b      	ldr	r4, [pc, #44]	@ (10005930 <tud_control_status+0x30>)
10005904:	468c      	mov	ip, r1
10005906:	46a6      	mov	lr, r4
10005908:	4605      	mov	r5, r0
1000590a:	6808      	ldr	r0, [r1, #0]
1000590c:	6849      	ldr	r1, [r1, #4]
1000590e:	2300      	movs	r3, #0
10005910:	e8ae 0003 	stmia.w	lr!, {r0, r1}
10005914:	f89c 1000 	ldrb.w	r1, [ip]
10005918:	4628      	mov	r0, r5
1000591a:	43c9      	mvns	r1, r1
1000591c:	e9c4 3302 	strd	r3, r3, [r4, #8]
10005920:	e8bd 4030 	ldmia.w	sp!, {r4, r5, lr}
10005924:	461a      	mov	r2, r3
10005926:	f001 0180 	and.w	r1, r1, #128	@ 0x80
1000592a:	f7ff bfb1 	b.w	10005890 <usbd_edpt_xfer>
1000592e:	bf00      	nop
10005930:	20001ae0 	.word	0x20001ae0

10005934 <tud_control_xfer>:
10005934:	e92d 41f0 	stmdb	sp!, {r4, r5, r6, r7, r8, lr}
10005938:	4f27      	ldr	r7, [pc, #156]	@ (100059d8 <tud_control_xfer+0xa4>)
1000593a:	f04f 0800 	mov.w	r8, #0
1000593e:	46be      	mov	lr, r7
10005940:	468c      	mov	ip, r1
10005942:	4606      	mov	r6, r0
10005944:	6808      	ldr	r0, [r1, #0]
10005946:	6849      	ldr	r1, [r1, #4]
10005948:	60ba      	str	r2, [r7, #8]
1000594a:	e8ae 0003 	stmia.w	lr!, {r0, r1}
1000594e:	f8a7 800e 	strh.w	r8, [r7, #14]
10005952:	4615      	mov	r5, r2
10005954:	f8bc 2006 	ldrh.w	r2, [ip, #6]
10005958:	4293      	cmp	r3, r2
1000595a:	bf28      	it	cs
1000595c:	4613      	movcs	r3, r2
1000595e:	81bb      	strh	r3, [r7, #12]
10005960:	b19a      	cbz	r2, 1000598a <tud_control_xfer+0x56>
10005962:	461c      	mov	r4, r3
10005964:	b32b      	cbz	r3, 100059b2 <tud_control_xfer+0x7e>
10005966:	b1dd      	cbz	r5, 100059a0 <tud_control_xfer+0x6c>
10005968:	f997 3000 	ldrsb.w	r3, [r7]
1000596c:	2c40      	cmp	r4, #64	@ 0x40
1000596e:	bf28      	it	cs
10005970:	2440      	movcs	r4, #64	@ 0x40
10005972:	2b00      	cmp	r3, #0
10005974:	db28      	blt.n	100059c8 <tud_control_xfer+0x94>
10005976:	4641      	mov	r1, r8
10005978:	4623      	mov	r3, r4
1000597a:	4630      	mov	r0, r6
1000597c:	4a17      	ldr	r2, [pc, #92]	@ (100059dc <tud_control_xfer+0xa8>)
1000597e:	f7ff ff87 	bl	10005890 <usbd_edpt_xfer>
10005982:	b168      	cbz	r0, 100059a0 <tud_control_xfer+0x6c>
10005984:	2001      	movs	r0, #1
10005986:	e8bd 81f0 	ldmia.w	sp!, {r4, r5, r6, r7, r8, pc}
1000598a:	f89c 1000 	ldrb.w	r1, [ip]
1000598e:	4613      	mov	r3, r2
10005990:	43c9      	mvns	r1, r1
10005992:	4630      	mov	r0, r6
10005994:	f001 0180 	and.w	r1, r1, #128	@ 0x80
10005998:	f7ff ff7a 	bl	10005890 <usbd_edpt_xfer>
1000599c:	2800      	cmp	r0, #0
1000599e:	d1f1      	bne.n	10005984 <tud_control_xfer+0x50>
100059a0:	f04f 23e0 	mov.w	r3, #3758153728	@ 0xe000e000
100059a4:	f8d3 3df0 	ldr.w	r3, [r3, #3568]	@ 0xdf0
100059a8:	07db      	lsls	r3, r3, #31
100059aa:	d500      	bpl.n	100059ae <tud_control_xfer+0x7a>
100059ac:	be00      	bkpt	0x0000
100059ae:	2000      	movs	r0, #0
100059b0:	e7e9      	b.n	10005986 <tud_control_xfer+0x52>
100059b2:	461a      	mov	r2, r3
100059b4:	7839      	ldrb	r1, [r7, #0]
100059b6:	f001 0180 	and.w	r1, r1, #128	@ 0x80
100059ba:	4623      	mov	r3, r4
100059bc:	4630      	mov	r0, r6
100059be:	f7ff ff67 	bl	10005890 <usbd_edpt_xfer>
100059c2:	2800      	cmp	r0, #0
100059c4:	d1de      	bne.n	10005984 <tud_control_xfer+0x50>
100059c6:	e7eb      	b.n	100059a0 <tud_control_xfer+0x6c>
100059c8:	4622      	mov	r2, r4
100059ca:	4629      	mov	r1, r5
100059cc:	4803      	ldr	r0, [pc, #12]	@ (100059dc <tud_control_xfer+0xa8>)
100059ce:	f005 fb77 	bl	1000b0c0 <memcpy>
100059d2:	2180      	movs	r1, #128	@ 0x80
100059d4:	4a01      	ldr	r2, [pc, #4]	@ (100059dc <tud_control_xfer+0xa8>)
100059d6:	e7f0      	b.n	100059ba <tud_control_xfer+0x86>
100059d8:	20001ae0 	.word	0x20001ae0
100059dc:	20001aa0 	.word	0x20001aa0

100059e0 <usbd_control_reset>:
100059e0:	2200      	movs	r2, #0
100059e2:	4b03      	ldr	r3, [pc, #12]	@ (100059f0 <usbd_control_reset+0x10>)
100059e4:	e9c3 2200 	strd	r2, r2, [r3]
100059e8:	e9c3 2202 	strd	r2, r2, [r3, #8]
100059ec:	611a      	str	r2, [r3, #16]
100059ee:	4770      	bx	lr
100059f0:	20001ae0 	.word	0x20001ae0

100059f4 <usbd_control_set_complete_callback>:
100059f4:	4b01      	ldr	r3, [pc, #4]	@ (100059fc <usbd_control_set_complete_callback+0x8>)
100059f6:	6118      	str	r0, [r3, #16]
100059f8:	4770      	bx	lr
100059fa:	bf00      	nop
100059fc:	20001ae0 	.word	0x20001ae0

10005a00 <usbd_control_set_request>:
10005a00:	b430      	push	{r4, r5}
10005a02:	4602      	mov	r2, r0
10005a04:	4c04      	ldr	r4, [pc, #16]	@ (10005a18 <usbd_control_set_request+0x18>)
10005a06:	2500      	movs	r5, #0
10005a08:	4623      	mov	r3, r4
10005a0a:	6800      	ldr	r0, [r0, #0]
10005a0c:	6851      	ldr	r1, [r2, #4]
10005a0e:	e9c4 5502 	strd	r5, r5, [r4, #8]
10005a12:	bc30      	pop	{r4, r5}
10005a14:	c303      	stmia	r3!, {r0, r1}
10005a16:	4770      	bx	lr
10005a18:	20001ae0 	.word	0x20001ae0

10005a1c <usbd_control_xfer_cb>:
10005a1c:	b570      	push	{r4, r5, r6, lr}
10005a1e:	4c3c      	ldr	r4, [pc, #240]	@ (10005b10 <usbd_control_xfer_cb+0xf4>)
10005a20:	09c9      	lsrs	r1, r1, #7
10005a22:	7822      	ldrb	r2, [r4, #0]
10005a24:	4606      	mov	r6, r0
10005a26:	ebb1 1fd2 	cmp.w	r1, r2, lsr #7
10005a2a:	461d      	mov	r5, r3
10005a2c:	b082      	sub	sp, #8
10005a2e:	d017      	beq.n	10005a60 <usbd_control_xfer_cb+0x44>
10005a30:	b153      	cbz	r3, 10005a48 <usbd_control_xfer_cb+0x2c>
10005a32:	f04f 23e0 	mov.w	r3, #3758153728	@ 0xe000e000
10005a36:	f8d3 3df0 	ldr.w	r3, [r3, #3568]	@ 0xdf0
10005a3a:	07db      	lsls	r3, r3, #31
10005a3c:	d402      	bmi.n	10005a44 <usbd_control_xfer_cb+0x28>
10005a3e:	2000      	movs	r0, #0
10005a40:	b002      	add	sp, #8
10005a42:	bd70      	pop	{r4, r5, r6, pc}
10005a44:	be00      	bkpt	0x0000
10005a46:	e7fa      	b.n	10005a3e <usbd_control_xfer_cb+0x22>
10005a48:	4621      	mov	r1, r4
10005a4a:	f7ff f8d5 	bl	10004bf8 <dcd_edpt0_status_complete>
10005a4e:	6923      	ldr	r3, [r4, #16]
10005a50:	b11b      	cbz	r3, 10005a5a <usbd_control_xfer_cb+0x3e>
10005a52:	4622      	mov	r2, r4
10005a54:	2103      	movs	r1, #3
10005a56:	4630      	mov	r0, r6
10005a58:	4798      	blx	r3
10005a5a:	2001      	movs	r0, #1
10005a5c:	b002      	add	sp, #8
10005a5e:	bd70      	pop	{r4, r5, r6, pc}
10005a60:	f994 3000 	ldrsb.w	r3, [r4]
10005a64:	68a0      	ldr	r0, [r4, #8]
10005a66:	2b00      	cmp	r3, #0
10005a68:	db05      	blt.n	10005a76 <usbd_control_xfer_cb+0x5a>
10005a6a:	2800      	cmp	r0, #0
10005a6c:	d0e7      	beq.n	10005a3e <usbd_control_xfer_cb+0x22>
10005a6e:	462a      	mov	r2, r5
10005a70:	4928      	ldr	r1, [pc, #160]	@ (10005b14 <usbd_control_xfer_cb+0xf8>)
10005a72:	f005 fb25 	bl	1000b0c0 <memcpy>
10005a76:	89e0      	ldrh	r0, [r4, #14]
10005a78:	68a1      	ldr	r1, [r4, #8]
10005a7a:	88e3      	ldrh	r3, [r4, #6]
10005a7c:	4428      	add	r0, r5
10005a7e:	b280      	uxth	r0, r0
10005a80:	4429      	add	r1, r5
10005a82:	4283      	cmp	r3, r0
10005a84:	81e0      	strh	r0, [r4, #14]
10005a86:	60a1      	str	r1, [r4, #8]
10005a88:	d016      	beq.n	10005ab8 <usbd_control_xfer_cb+0x9c>
10005a8a:	2d3f      	cmp	r5, #63	@ 0x3f
10005a8c:	d914      	bls.n	10005ab8 <usbd_control_xfer_cb+0x9c>
10005a8e:	89a2      	ldrh	r2, [r4, #12]
10005a90:	f994 4000 	ldrsb.w	r4, [r4]
10005a94:	1a13      	subs	r3, r2, r0
10005a96:	b29b      	uxth	r3, r3
10005a98:	2b40      	cmp	r3, #64	@ 0x40
10005a9a:	bf28      	it	cs
10005a9c:	2340      	movcs	r3, #64	@ 0x40
10005a9e:	2c00      	cmp	r4, #0
10005aa0:	db26      	blt.n	10005af0 <usbd_control_xfer_cb+0xd4>
10005aa2:	4290      	cmp	r0, r2
10005aa4:	f04f 0100 	mov.w	r1, #0
10005aa8:	d030      	beq.n	10005b0c <usbd_control_xfer_cb+0xf0>
10005aaa:	4a1a      	ldr	r2, [pc, #104]	@ (10005b14 <usbd_control_xfer_cb+0xf8>)
10005aac:	4630      	mov	r0, r6
10005aae:	f7ff feef 	bl	10005890 <usbd_edpt_xfer>
10005ab2:	2800      	cmp	r0, #0
10005ab4:	d1d1      	bne.n	10005a5a <usbd_control_xfer_cb+0x3e>
10005ab6:	e7bc      	b.n	10005a32 <usbd_control_xfer_cb+0x16>
10005ab8:	6923      	ldr	r3, [r4, #16]
10005aba:	b123      	cbz	r3, 10005ac6 <usbd_control_xfer_cb+0xaa>
10005abc:	2102      	movs	r1, #2
10005abe:	4630      	mov	r0, r6
10005ac0:	4a13      	ldr	r2, [pc, #76]	@ (10005b10 <usbd_control_xfer_cb+0xf4>)
10005ac2:	4798      	blx	r3
10005ac4:	b158      	cbz	r0, 10005ade <usbd_control_xfer_cb+0xc2>
10005ac6:	7821      	ldrb	r1, [r4, #0]
10005ac8:	2300      	movs	r3, #0
10005aca:	43c9      	mvns	r1, r1
10005acc:	4630      	mov	r0, r6
10005ace:	461a      	mov	r2, r3
10005ad0:	f001 0180 	and.w	r1, r1, #128	@ 0x80
10005ad4:	f7ff fedc 	bl	10005890 <usbd_edpt_xfer>
10005ad8:	2800      	cmp	r0, #0
10005ada:	d1be      	bne.n	10005a5a <usbd_control_xfer_cb+0x3e>
10005adc:	e7a9      	b.n	10005a32 <usbd_control_xfer_cb+0x16>
10005ade:	4601      	mov	r1, r0
10005ae0:	4630      	mov	r0, r6
10005ae2:	f7ff f931 	bl	10004d48 <dcd_edpt_stall>
10005ae6:	2180      	movs	r1, #128	@ 0x80
10005ae8:	4630      	mov	r0, r6
10005aea:	f7ff f92d 	bl	10004d48 <dcd_edpt_stall>
10005aee:	e7b4      	b.n	10005a5a <usbd_control_xfer_cb+0x3e>
10005af0:	4290      	cmp	r0, r2
10005af2:	d008      	beq.n	10005b06 <usbd_control_xfer_cb+0xea>
10005af4:	461a      	mov	r2, r3
10005af6:	4807      	ldr	r0, [pc, #28]	@ (10005b14 <usbd_control_xfer_cb+0xf8>)
10005af8:	9301      	str	r3, [sp, #4]
10005afa:	f005 fae1 	bl	1000b0c0 <memcpy>
10005afe:	2180      	movs	r1, #128	@ 0x80
10005b00:	4a04      	ldr	r2, [pc, #16]	@ (10005b14 <usbd_control_xfer_cb+0xf8>)
10005b02:	9b01      	ldr	r3, [sp, #4]
10005b04:	e7d2      	b.n	10005aac <usbd_control_xfer_cb+0x90>
10005b06:	2180      	movs	r1, #128	@ 0x80
10005b08:	2200      	movs	r2, #0
10005b0a:	e7cf      	b.n	10005aac <usbd_control_xfer_cb+0x90>
10005b0c:	460a      	mov	r2, r1
10005b0e:	e7cd      	b.n	10005aac <usbd_control_xfer_cb+0x90>
10005b10:	20001ae0 	.word	0x20001ae0
10005b14:	20001aa0 	.word	0x20001aa0

10005b18 <_prep_out_transaction.isra.0>:
10005b18:	e92d 41f0 	stmdb	sp!, {r4, r5, r6, r7, r8, lr}
10005b1c:	4604      	mov	r4, r0
10005b1e:	f7ff f9d5 	bl	10004ecc <tud_mounted>
10005b22:	b908      	cbnz	r0, 10005b28 <_prep_out_transaction.isra.0+0x10>
10005b24:	e8bd 81f0 	ldmia.w	sp!, {r4, r5, r6, r7, r8, pc}
10005b28:	f7ff f9d8 	bl	10004edc <tud_suspended>
10005b2c:	4607      	mov	r7, r0
10005b2e:	2800      	cmp	r0, #0
10005b30:	d1f8      	bne.n	10005b24 <_prep_out_transaction.isra.0+0xc>
10005b32:	22c8      	movs	r2, #200	@ 0xc8
10005b34:	4b13      	ldr	r3, [pc, #76]	@ (10005b84 <_prep_out_transaction.isra.0+0x6c>)
10005b36:	fb02 3604 	mla	r6, r2, r4, r3
10005b3a:	78f1      	ldrb	r1, [r6, #3]
10005b3c:	2900      	cmp	r1, #0
10005b3e:	d0f1      	beq.n	10005b24 <_prep_out_transaction.isra.0+0xc>
10005b40:	f106 0510 	add.w	r5, r6, #16
10005b44:	4628      	mov	r0, r5
10005b46:	f000 fde1 	bl	1000670c <tu_fifo_remaining>
10005b4a:	283f      	cmp	r0, #63	@ 0x3f
10005b4c:	d9ea      	bls.n	10005b24 <_prep_out_transaction.isra.0+0xc>
10005b4e:	4638      	mov	r0, r7
10005b50:	78f1      	ldrb	r1, [r6, #3]
10005b52:	f7ff fe79 	bl	10005848 <usbd_edpt_claim>
10005b56:	2800      	cmp	r0, #0
10005b58:	d0e4      	beq.n	10005b24 <_prep_out_transaction.isra.0+0xc>
10005b5a:	4628      	mov	r0, r5
10005b5c:	f000 fdd6 	bl	1000670c <tu_fifo_remaining>
10005b60:	283f      	cmp	r0, #63	@ 0x3f
10005b62:	d909      	bls.n	10005b78 <_prep_out_transaction.isra.0+0x60>
10005b64:	4a08      	ldr	r2, [pc, #32]	@ (10005b88 <_prep_out_transaction.isra.0+0x70>)
10005b66:	4638      	mov	r0, r7
10005b68:	78f1      	ldrb	r1, [r6, #3]
10005b6a:	eb02 12c4 	add.w	r2, r2, r4, lsl #7
10005b6e:	2340      	movs	r3, #64	@ 0x40
10005b70:	e8bd 41f0 	ldmia.w	sp!, {r4, r5, r6, r7, r8, lr}
10005b74:	f7ff be8c 	b.w	10005890 <usbd_edpt_xfer>
10005b78:	4638      	mov	r0, r7
10005b7a:	78f1      	ldrb	r1, [r6, #3]
10005b7c:	e8bd 41f0 	ldmia.w	sp!, {r4, r5, r6, r7, r8, lr}
10005b80:	f7ff be74 	b.w	1000586c <usbd_edpt_release>
10005b84:	20001618 	.word	0x20001618
10005b88:	20001a1c 	.word	0x20001a1c

10005b8c <tud_cdc_n_connected>:
10005b8c:	b510      	push	{r4, lr}
10005b8e:	4604      	mov	r4, r0
10005b90:	f7ff f99c 	bl	10004ecc <tud_mounted>
10005b94:	b908      	cbnz	r0, 10005b9a <tud_cdc_n_connected+0xe>
10005b96:	2000      	movs	r0, #0
10005b98:	bd10      	pop	{r4, pc}
10005b9a:	f7ff f99f 	bl	10004edc <tud_suspended>
10005b9e:	2800      	cmp	r0, #0
10005ba0:	d1f9      	bne.n	10005b96 <tud_cdc_n_connected+0xa>
10005ba2:	22c8      	movs	r2, #200	@ 0xc8
10005ba4:	4b03      	ldr	r3, [pc, #12]	@ (10005bb4 <tud_cdc_n_connected+0x28>)
10005ba6:	fb02 3304 	mla	r3, r2, r4, r3
10005baa:	7918      	ldrb	r0, [r3, #4]
10005bac:	f000 0001 	and.w	r0, r0, #1
10005bb0:	bd10      	pop	{r4, pc}
10005bb2:	bf00      	nop
10005bb4:	20001618 	.word	0x20001618

10005bb8 <tud_cdc_n_available>:
10005bb8:	21c8      	movs	r1, #200	@ 0xc8
10005bba:	b508      	push	{r3, lr}
10005bbc:	2310      	movs	r3, #16
10005bbe:	fb01 3000 	mla	r0, r1, r0, r3
10005bc2:	4a02      	ldr	r2, [pc, #8]	@ (10005bcc <tud_cdc_n_available+0x14>)
10005bc4:	4410      	add	r0, r2
10005bc6:	f000 fd87 	bl	100066d8 <tu_fifo_count>
10005bca:	bd08      	pop	{r3, pc}
10005bcc:	20001618 	.word	0x20001618

10005bd0 <tud_cdc_n_read>:
10005bd0:	e92d 43f8 	stmdb	sp!, {r3, r4, r5, r6, r7, r8, r9, lr}
10005bd4:	f64f 73ff 	movw	r3, #65535	@ 0xffff
10005bd8:	f04f 08c8 	mov.w	r8, #200	@ 0xc8
10005bdc:	2410      	movs	r4, #16
10005bde:	429a      	cmp	r2, r3
10005be0:	bf28      	it	cs
10005be2:	461a      	movcs	r2, r3
10005be4:	fb18 4400 	smlabb	r4, r8, r0, r4
10005be8:	4f1a      	ldr	r7, [pc, #104]	@ (10005c54 <tud_cdc_n_read+0x84>)
10005bea:	4606      	mov	r6, r0
10005bec:	443c      	add	r4, r7
10005bee:	4620      	mov	r0, r4
10005bf0:	b292      	uxth	r2, r2
10005bf2:	f000 fde7 	bl	100067c4 <tu_fifo_read_n>
10005bf6:	4605      	mov	r5, r0
10005bf8:	f7ff f968 	bl	10004ecc <tud_mounted>
10005bfc:	b910      	cbnz	r0, 10005c04 <tud_cdc_n_read+0x34>
10005bfe:	4628      	mov	r0, r5
10005c00:	e8bd 83f8 	ldmia.w	sp!, {r3, r4, r5, r6, r7, r8, r9, pc}
10005c04:	f7ff f96a 	bl	10004edc <tud_suspended>
10005c08:	4681      	mov	r9, r0
10005c0a:	2800      	cmp	r0, #0
10005c0c:	d1f7      	bne.n	10005bfe <tud_cdc_n_read+0x2e>
10005c0e:	fb08 7706 	mla	r7, r8, r6, r7
10005c12:	78fb      	ldrb	r3, [r7, #3]
10005c14:	2b00      	cmp	r3, #0
10005c16:	d0f2      	beq.n	10005bfe <tud_cdc_n_read+0x2e>
10005c18:	4620      	mov	r0, r4
10005c1a:	f000 fd77 	bl	1000670c <tu_fifo_remaining>
10005c1e:	283f      	cmp	r0, #63	@ 0x3f
10005c20:	d9ed      	bls.n	10005bfe <tud_cdc_n_read+0x2e>
10005c22:	4648      	mov	r0, r9
10005c24:	78f9      	ldrb	r1, [r7, #3]
10005c26:	f7ff fe0f 	bl	10005848 <usbd_edpt_claim>
10005c2a:	2800      	cmp	r0, #0
10005c2c:	d0e7      	beq.n	10005bfe <tud_cdc_n_read+0x2e>
10005c2e:	4620      	mov	r0, r4
10005c30:	f000 fd6c 	bl	1000670c <tu_fifo_remaining>
10005c34:	283f      	cmp	r0, #63	@ 0x3f
10005c36:	d908      	bls.n	10005c4a <tud_cdc_n_read+0x7a>
10005c38:	4a07      	ldr	r2, [pc, #28]	@ (10005c58 <tud_cdc_n_read+0x88>)
10005c3a:	4648      	mov	r0, r9
10005c3c:	2340      	movs	r3, #64	@ 0x40
10005c3e:	78f9      	ldrb	r1, [r7, #3]
10005c40:	eb02 12c6 	add.w	r2, r2, r6, lsl #7
10005c44:	f7ff fe24 	bl	10005890 <usbd_edpt_xfer>
10005c48:	e7d9      	b.n	10005bfe <tud_cdc_n_read+0x2e>
10005c4a:	4648      	mov	r0, r9
10005c4c:	78f9      	ldrb	r1, [r7, #3]
10005c4e:	f7ff fe0d 	bl	1000586c <usbd_edpt_release>
10005c52:	e7d4      	b.n	10005bfe <tud_cdc_n_read+0x2e>
10005c54:	20001618 	.word	0x20001618
10005c58:	20001a1c 	.word	0x20001a1c

10005c5c <tud_cdc_n_write_flush>:
10005c5c:	e92d 41f0 	stmdb	sp!, {r4, r5, r6, r7, r8, lr}
10005c60:	4605      	mov	r5, r0
10005c62:	f7ff f933 	bl	10004ecc <tud_mounted>
10005c66:	b910      	cbnz	r0, 10005c6e <tud_cdc_n_write_flush+0x12>
10005c68:	2000      	movs	r0, #0
10005c6a:	e8bd 81f0 	ldmia.w	sp!, {r4, r5, r6, r7, r8, pc}
10005c6e:	f7ff f935 	bl	10004edc <tud_suspended>
10005c72:	4606      	mov	r6, r0
10005c74:	2800      	cmp	r0, #0
10005c76:	d1f7      	bne.n	10005c68 <tud_cdc_n_write_flush+0xc>
10005c78:	f04f 08c8 	mov.w	r8, #200	@ 0xc8
10005c7c:	2424      	movs	r4, #36	@ 0x24
10005c7e:	fb18 4405 	smlabb	r4, r8, r5, r4
10005c82:	4f17      	ldr	r7, [pc, #92]	@ (10005ce0 <tud_cdc_n_write_flush+0x84>)
10005c84:	443c      	add	r4, r7
10005c86:	4620      	mov	r0, r4
10005c88:	f000 fd26 	bl	100066d8 <tu_fifo_count>
10005c8c:	2800      	cmp	r0, #0
10005c8e:	d0eb      	beq.n	10005c68 <tud_cdc_n_write_flush+0xc>
10005c90:	fb08 7705 	mla	r7, r8, r5, r7
10005c94:	4630      	mov	r0, r6
10005c96:	78b9      	ldrb	r1, [r7, #2]
10005c98:	f7ff fdd6 	bl	10005848 <usbd_edpt_claim>
10005c9c:	2800      	cmp	r0, #0
10005c9e:	d0e3      	beq.n	10005c68 <tud_cdc_n_write_flush+0xc>
10005ca0:	2240      	movs	r2, #64	@ 0x40
10005ca2:	4b10      	ldr	r3, [pc, #64]	@ (10005ce4 <tud_cdc_n_write_flush+0x88>)
10005ca4:	4620      	mov	r0, r4
10005ca6:	eb02 14c5 	add.w	r4, r2, r5, lsl #7
10005caa:	441c      	add	r4, r3
10005cac:	4621      	mov	r1, r4
10005cae:	f000 fd89 	bl	100067c4 <tu_fifo_read_n>
10005cb2:	4605      	mov	r5, r0
10005cb4:	b180      	cbz	r0, 10005cd8 <tud_cdc_n_write_flush+0x7c>
10005cb6:	4603      	mov	r3, r0
10005cb8:	4622      	mov	r2, r4
10005cba:	4630      	mov	r0, r6
10005cbc:	78b9      	ldrb	r1, [r7, #2]
10005cbe:	f7ff fde7 	bl	10005890 <usbd_edpt_xfer>
10005cc2:	b938      	cbnz	r0, 10005cd4 <tud_cdc_n_write_flush+0x78>
10005cc4:	f04f 23e0 	mov.w	r3, #3758153728	@ 0xe000e000
10005cc8:	f8d3 3df0 	ldr.w	r3, [r3, #3568]	@ 0xdf0
10005ccc:	07db      	lsls	r3, r3, #31
10005cce:	d5cb      	bpl.n	10005c68 <tud_cdc_n_write_flush+0xc>
10005cd0:	be00      	bkpt	0x0000
10005cd2:	e7c9      	b.n	10005c68 <tud_cdc_n_write_flush+0xc>
10005cd4:	4628      	mov	r0, r5
10005cd6:	e7c8      	b.n	10005c6a <tud_cdc_n_write_flush+0xe>
10005cd8:	78b9      	ldrb	r1, [r7, #2]
10005cda:	f7ff fdc7 	bl	1000586c <usbd_edpt_release>
10005cde:	e7c3      	b.n	10005c68 <tud_cdc_n_write_flush+0xc>
10005ce0:	20001618 	.word	0x20001618
10005ce4:	20001a1c 	.word	0x20001a1c

10005ce8 <tud_cdc_n_write>:
10005ce8:	b538      	push	{r3, r4, r5, lr}
10005cea:	f64f 73ff 	movw	r3, #65535	@ 0xffff
10005cee:	f04f 0c24 	mov.w	ip, #36	@ 0x24
10005cf2:	24c8      	movs	r4, #200	@ 0xc8
10005cf4:	429a      	cmp	r2, r3
10005cf6:	bf28      	it	cs
10005cf8:	461a      	movcs	r2, r3
10005cfa:	fb14 c400 	smlabb	r4, r4, r0, ip
10005cfe:	4b0a      	ldr	r3, [pc, #40]	@ (10005d28 <tud_cdc_n_write+0x40>)
10005d00:	b292      	uxth	r2, r2
10005d02:	441c      	add	r4, r3
10005d04:	4605      	mov	r5, r0
10005d06:	4620      	mov	r0, r4
10005d08:	f000 fe18 	bl	1000693c <tu_fifo_write_n>
10005d0c:	4603      	mov	r3, r0
10005d0e:	4620      	mov	r0, r4
10005d10:	461c      	mov	r4, r3
10005d12:	f000 fce1 	bl	100066d8 <tu_fifo_count>
10005d16:	283f      	cmp	r0, #63	@ 0x3f
10005d18:	d801      	bhi.n	10005d1e <tud_cdc_n_write+0x36>
10005d1a:	4620      	mov	r0, r4
10005d1c:	bd38      	pop	{r3, r4, r5, pc}
10005d1e:	4628      	mov	r0, r5
10005d20:	f7ff ff9c 	bl	10005c5c <tud_cdc_n_write_flush>
10005d24:	4620      	mov	r0, r4
10005d26:	bd38      	pop	{r3, r4, r5, pc}
10005d28:	20001618 	.word	0x20001618

10005d2c <tud_cdc_n_write_available>:
10005d2c:	21c8      	movs	r1, #200	@ 0xc8
10005d2e:	b508      	push	{r3, lr}
10005d30:	2324      	movs	r3, #36	@ 0x24
10005d32:	fb01 3000 	mla	r0, r1, r0, r3
10005d36:	4a02      	ldr	r2, [pc, #8]	@ (10005d40 <tud_cdc_n_write_available+0x14>)
10005d38:	4410      	add	r0, r2
10005d3a:	f000 fce7 	bl	1000670c <tu_fifo_remaining>
10005d3e:	bd08      	pop	{r3, pc}
10005d40:	20001618 	.word	0x20001618

10005d44 <cdcd_init>:
10005d44:	b5f0      	push	{r4, r5, r6, r7, lr}
10005d46:	4c19      	ldr	r4, [pc, #100]	@ (10005dac <cdcd_init+0x68>)
10005d48:	b083      	sub	sp, #12
10005d4a:	22c8      	movs	r2, #200	@ 0xc8
10005d4c:	2100      	movs	r1, #0
10005d4e:	4620      	mov	r0, r4
10005d50:	f005 f964 	bl	1000b01c <memset>
10005d54:	2500      	movs	r5, #0
10005d56:	23ff      	movs	r3, #255	@ 0xff
10005d58:	f44f 31e1 	mov.w	r1, #115200	@ 0x1c200
10005d5c:	2208      	movs	r2, #8
10005d5e:	4814      	ldr	r0, [pc, #80]	@ (10005db0 <cdcd_init+0x6c>)
10005d60:	f104 07b8 	add.w	r7, r4, #184	@ 0xb8
10005d64:	7005      	strb	r5, [r0, #0]
10005d66:	9500      	str	r5, [sp, #0]
10005d68:	f104 0010 	add.w	r0, r4, #16
10005d6c:	7163      	strb	r3, [r4, #5]
10005d6e:	60a1      	str	r1, [r4, #8]
10005d70:	73a2      	strb	r2, [r4, #14]
10005d72:	f104 0138 	add.w	r1, r4, #56	@ 0x38
10005d76:	2301      	movs	r3, #1
10005d78:	2240      	movs	r2, #64	@ 0x40
10005d7a:	f000 fc7d 	bl	10006678 <tu_fifo_config>
10005d7e:	2301      	movs	r3, #1
10005d80:	2240      	movs	r2, #64	@ 0x40
10005d82:	f104 0178 	add.w	r1, r4, #120	@ 0x78
10005d86:	9300      	str	r3, [sp, #0]
10005d88:	f104 0024 	add.w	r0, r4, #36	@ 0x24
10005d8c:	f000 fc74 	bl	10006678 <tu_fifo_config>
10005d90:	f104 06c0 	add.w	r6, r4, #192	@ 0xc0
10005d94:	4638      	mov	r0, r7
10005d96:	f7fb fdc7 	bl	10001928 <mutex_init>
10005d9a:	4630      	mov	r0, r6
10005d9c:	f7fb fdc4 	bl	10001928 <mutex_init>
10005da0:	e9c4 5707 	strd	r5, r7, [r4, #28]
10005da4:	e9c4 650c 	strd	r6, r5, [r4, #48]	@ 0x30
10005da8:	b003      	add	sp, #12
10005daa:	bdf0      	pop	{r4, r5, r6, r7, pc}
10005dac:	20001618 	.word	0x20001618
10005db0:	20001a9c 	.word	0x20001a9c

10005db4 <cdcd_deinit>:
10005db4:	4b09      	ldr	r3, [pc, #36]	@ (10005ddc <cdcd_deinit+0x28>)
10005db6:	6b19      	ldr	r1, [r3, #48]	@ 0x30
10005db8:	b149      	cbz	r1, 10005dce <cdcd_deinit+0x1a>
10005dba:	6a1a      	ldr	r2, [r3, #32]
10005dbc:	b112      	cbz	r2, 10005dc4 <cdcd_deinit+0x10>
10005dbe:	2200      	movs	r2, #0
10005dc0:	e9c3 2207 	strd	r2, r2, [r3, #28]
10005dc4:	2200      	movs	r2, #0
10005dc6:	e9c3 220c 	strd	r2, r2, [r3, #48]	@ 0x30
10005dca:	2001      	movs	r0, #1
10005dcc:	4770      	bx	lr
10005dce:	6a1a      	ldr	r2, [r3, #32]
10005dd0:	2a00      	cmp	r2, #0
10005dd2:	d0fa      	beq.n	10005dca <cdcd_deinit+0x16>
10005dd4:	2001      	movs	r0, #1
10005dd6:	e9c3 1107 	strd	r1, r1, [r3, #28]
10005dda:	4770      	bx	lr
10005ddc:	20001618 	.word	0x20001618

10005de0 <cdcd_reset>:
10005de0:	2200      	movs	r2, #0
10005de2:	b510      	push	{r4, lr}
10005de4:	4c0e      	ldr	r4, [pc, #56]	@ (10005e20 <cdcd_reset+0x40>)
10005de6:	480f      	ldr	r0, [pc, #60]	@ (10005e24 <cdcd_reset+0x44>)
10005de8:	7823      	ldrb	r3, [r4, #0]
10005dea:	6002      	str	r2, [r0, #0]
10005dec:	7102      	strb	r2, [r0, #4]
10005dee:	07da      	lsls	r2, r3, #31
10005df0:	d507      	bpl.n	10005e02 <cdcd_reset+0x22>
10005df2:	079b      	lsls	r3, r3, #30
10005df4:	d50b      	bpl.n	10005e0e <cdcd_reset+0x2e>
10005df6:	e8bd 4010 	ldmia.w	sp!, {r4, lr}
10005dfa:	2101      	movs	r1, #1
10005dfc:	480a      	ldr	r0, [pc, #40]	@ (10005e28 <cdcd_reset+0x48>)
10005dfe:	f000 be65 	b.w	10006acc <tu_fifo_set_overwritable>
10005e02:	3010      	adds	r0, #16
10005e04:	f000 fe46 	bl	10006a94 <tu_fifo_clear>
10005e08:	7823      	ldrb	r3, [r4, #0]
10005e0a:	079b      	lsls	r3, r3, #30
10005e0c:	d4f3      	bmi.n	10005df6 <cdcd_reset+0x16>
10005e0e:	4806      	ldr	r0, [pc, #24]	@ (10005e28 <cdcd_reset+0x48>)
10005e10:	f000 fe40 	bl	10006a94 <tu_fifo_clear>
10005e14:	e8bd 4010 	ldmia.w	sp!, {r4, lr}
10005e18:	2101      	movs	r1, #1
10005e1a:	4803      	ldr	r0, [pc, #12]	@ (10005e28 <cdcd_reset+0x48>)
10005e1c:	f000 be56 	b.w	10006acc <tu_fifo_set_overwritable>
10005e20:	20001a9c 	.word	0x20001a9c
10005e24:	20001618 	.word	0x20001618
10005e28:	2000163c 	.word	0x2000163c

10005e2c <cdcd_open>:
10005e2c:	b5f0      	push	{r4, r5, r6, r7, lr}
10005e2e:	794b      	ldrb	r3, [r1, #5]
10005e30:	b083      	sub	sp, #12
10005e32:	2b02      	cmp	r3, #2
10005e34:	d003      	beq.n	10005e3e <cdcd_open+0x12>
10005e36:	2500      	movs	r5, #0
10005e38:	4628      	mov	r0, r5
10005e3a:	b003      	add	sp, #12
10005e3c:	bdf0      	pop	{r4, r5, r6, r7, pc}
10005e3e:	798b      	ldrb	r3, [r1, #6]
10005e40:	2b02      	cmp	r3, #2
10005e42:	d1f8      	bne.n	10005e36 <cdcd_open+0xa>
10005e44:	4f26      	ldr	r7, [pc, #152]	@ (10005ee0 <cdcd_open+0xb4>)
10005e46:	78bb      	ldrb	r3, [r7, #2]
10005e48:	b13b      	cbz	r3, 10005e5a <cdcd_open+0x2e>
10005e4a:	f04f 23e0 	mov.w	r3, #3758153728	@ 0xe000e000
10005e4e:	f8d3 3df0 	ldr.w	r3, [r3, #3568]	@ 0xdf0
10005e52:	07db      	lsls	r3, r3, #31
10005e54:	d5ef      	bpl.n	10005e36 <cdcd_open+0xa>
10005e56:	be00      	bkpt	0x0000
10005e58:	e7ed      	b.n	10005e36 <cdcd_open+0xa>
10005e5a:	788b      	ldrb	r3, [r1, #2]
10005e5c:	4606      	mov	r6, r0
10005e5e:	703b      	strb	r3, [r7, #0]
10005e60:	780b      	ldrb	r3, [r1, #0]
10005e62:	2509      	movs	r5, #9
10005e64:	18cc      	adds	r4, r1, r3
10005e66:	7861      	ldrb	r1, [r4, #1]
10005e68:	2924      	cmp	r1, #36	@ 0x24
10005e6a:	d10b      	bne.n	10005e84 <cdcd_open+0x58>
10005e6c:	2a08      	cmp	r2, #8
10005e6e:	d802      	bhi.n	10005e76 <cdcd_open+0x4a>
10005e70:	e00f      	b.n	10005e92 <cdcd_open+0x66>
10005e72:	42aa      	cmp	r2, r5
10005e74:	d30d      	bcc.n	10005e92 <cdcd_open+0x66>
10005e76:	7823      	ldrb	r3, [r4, #0]
10005e78:	441c      	add	r4, r3
10005e7a:	7861      	ldrb	r1, [r4, #1]
10005e7c:	442b      	add	r3, r5
10005e7e:	2924      	cmp	r1, #36	@ 0x24
10005e80:	b29d      	uxth	r5, r3
10005e82:	d0f6      	beq.n	10005e72 <cdcd_open+0x46>
10005e84:	2905      	cmp	r1, #5
10005e86:	d00a      	beq.n	10005e9e <cdcd_open+0x72>
10005e88:	2904      	cmp	r1, #4
10005e8a:	d102      	bne.n	10005e92 <cdcd_open+0x66>
10005e8c:	7963      	ldrb	r3, [r4, #5]
10005e8e:	2b0a      	cmp	r3, #10
10005e90:	d013      	beq.n	10005eba <cdcd_open+0x8e>
10005e92:	2000      	movs	r0, #0
10005e94:	f7ff fe40 	bl	10005b18 <_prep_out_transaction.isra.0>
10005e98:	4628      	mov	r0, r5
10005e9a:	b003      	add	sp, #12
10005e9c:	bdf0      	pop	{r4, r5, r6, r7, pc}
10005e9e:	4621      	mov	r1, r4
10005ea0:	4630      	mov	r0, r6
10005ea2:	f7ff fcaf 	bl	10005804 <usbd_edpt_open>
10005ea6:	2800      	cmp	r0, #0
10005ea8:	d0cf      	beq.n	10005e4a <cdcd_open+0x1e>
10005eaa:	78a3      	ldrb	r3, [r4, #2]
10005eac:	707b      	strb	r3, [r7, #1]
10005eae:	7823      	ldrb	r3, [r4, #0]
10005eb0:	441c      	add	r4, r3
10005eb2:	442b      	add	r3, r5
10005eb4:	7861      	ldrb	r1, [r4, #1]
10005eb6:	b29d      	uxth	r5, r3
10005eb8:	e7e6      	b.n	10005e88 <cdcd_open+0x5c>
10005eba:	4b0a      	ldr	r3, [pc, #40]	@ (10005ee4 <cdcd_open+0xb8>)
10005ebc:	7827      	ldrb	r7, [r4, #0]
10005ebe:	9301      	str	r3, [sp, #4]
10005ec0:	3301      	adds	r3, #1
10005ec2:	9300      	str	r3, [sp, #0]
10005ec4:	2302      	movs	r3, #2
10005ec6:	4630      	mov	r0, r6
10005ec8:	461a      	mov	r2, r3
10005eca:	19e1      	adds	r1, r4, r7
10005ecc:	f7ff fc4c 	bl	10005768 <usbd_open_edpt_pair>
10005ed0:	2800      	cmp	r0, #0
10005ed2:	d0ba      	beq.n	10005e4a <cdcd_open+0x1e>
10005ed4:	350e      	adds	r5, #14
10005ed6:	fa17 f585 	uxtah	r5, r7, r5
10005eda:	b2ad      	uxth	r5, r5
10005edc:	e7d9      	b.n	10005e92 <cdcd_open+0x66>
10005ede:	bf00      	nop
10005ee0:	20001618 	.word	0x20001618
10005ee4:	2000161a 	.word	0x2000161a

10005ee8 <cdcd_control_xfer_cb>:
10005ee8:	7813      	ldrb	r3, [r2, #0]
10005eea:	f003 0360 	and.w	r3, r3, #96	@ 0x60
10005eee:	2b20      	cmp	r3, #32
10005ef0:	d108      	bne.n	10005f04 <cdcd_control_xfer_cb+0x1c>
10005ef2:	b570      	push	{r4, r5, r6, lr}
10005ef4:	4c26      	ldr	r4, [pc, #152]	@ (10005f90 <cdcd_control_xfer_cb+0xa8>)
10005ef6:	8893      	ldrh	r3, [r2, #4]
10005ef8:	f894 c000 	ldrb.w	ip, [r4]
10005efc:	459c      	cmp	ip, r3
10005efe:	d003      	beq.n	10005f08 <cdcd_control_xfer_cb+0x20>
10005f00:	2000      	movs	r0, #0
10005f02:	bd70      	pop	{r4, r5, r6, pc}
10005f04:	2000      	movs	r0, #0
10005f06:	4770      	bx	lr
10005f08:	7853      	ldrb	r3, [r2, #1]
10005f0a:	3b20      	subs	r3, #32
10005f0c:	2b03      	cmp	r3, #3
10005f0e:	d8f7      	bhi.n	10005f00 <cdcd_control_xfer_cb+0x18>
10005f10:	e8df f003 	tbb	[pc, r3]
10005f14:	020d2327 	.word	0x020d2327
10005f18:	2901      	cmp	r1, #1
10005f1a:	d02e      	beq.n	10005f7a <cdcd_control_xfer_cb+0x92>
10005f1c:	2903      	cmp	r1, #3
10005f1e:	d11e      	bne.n	10005f5e <cdcd_control_xfer_cb+0x76>
10005f20:	4b1c      	ldr	r3, [pc, #112]	@ (10005f94 <cdcd_control_xfer_cb+0xac>)
10005f22:	b1e3      	cbz	r3, 10005f5e <cdcd_control_xfer_cb+0x76>
10005f24:	2000      	movs	r0, #0
10005f26:	8851      	ldrh	r1, [r2, #2]
10005f28:	f3af 8000 	nop.w
10005f2c:	e017      	b.n	10005f5e <cdcd_control_xfer_cb+0x76>
10005f2e:	2901      	cmp	r1, #1
10005f30:	d023      	beq.n	10005f7a <cdcd_control_xfer_cb+0x92>
10005f32:	2903      	cmp	r1, #3
10005f34:	d113      	bne.n	10005f5e <cdcd_control_xfer_cb+0x76>
10005f36:	8855      	ldrh	r5, [r2, #2]
10005f38:	4817      	ldr	r0, [pc, #92]	@ (10005f98 <cdcd_control_xfer_cb+0xb0>)
10005f3a:	f005 0601 	and.w	r6, r5, #1
10005f3e:	f086 0101 	eor.w	r1, r6, #1
10005f42:	7125      	strb	r5, [r4, #4]
10005f44:	f000 fdc2 	bl	10006acc <tu_fifo_set_overwritable>
10005f48:	4b14      	ldr	r3, [pc, #80]	@ (10005f9c <cdcd_control_xfer_cb+0xb4>)
10005f4a:	b143      	cbz	r3, 10005f5e <cdcd_control_xfer_cb+0x76>
10005f4c:	4631      	mov	r1, r6
10005f4e:	2000      	movs	r0, #0
10005f50:	f3c5 0240 	ubfx	r2, r5, #1, #1
10005f54:	f3af 8000 	nop.w
10005f58:	e001      	b.n	10005f5e <cdcd_control_xfer_cb+0x76>
10005f5a:	2901      	cmp	r1, #1
10005f5c:	d011      	beq.n	10005f82 <cdcd_control_xfer_cb+0x9a>
10005f5e:	2001      	movs	r0, #1
10005f60:	bd70      	pop	{r4, r5, r6, pc}
10005f62:	2901      	cmp	r1, #1
10005f64:	d00d      	beq.n	10005f82 <cdcd_control_xfer_cb+0x9a>
10005f66:	2903      	cmp	r1, #3
10005f68:	d1f9      	bne.n	10005f5e <cdcd_control_xfer_cb+0x76>
10005f6a:	4b0d      	ldr	r3, [pc, #52]	@ (10005fa0 <cdcd_control_xfer_cb+0xb8>)
10005f6c:	2b00      	cmp	r3, #0
10005f6e:	d0f6      	beq.n	10005f5e <cdcd_control_xfer_cb+0x76>
10005f70:	2000      	movs	r0, #0
10005f72:	490c      	ldr	r1, [pc, #48]	@ (10005fa4 <cdcd_control_xfer_cb+0xbc>)
10005f74:	f7fe faa8 	bl	100044c8 <tud_cdc_line_coding_cb>
10005f78:	e7f1      	b.n	10005f5e <cdcd_control_xfer_cb+0x76>
10005f7a:	4611      	mov	r1, r2
10005f7c:	f7ff fcc0 	bl	10005900 <tud_control_status>
10005f80:	e7ed      	b.n	10005f5e <cdcd_control_xfer_cb+0x76>
10005f82:	4611      	mov	r1, r2
10005f84:	2307      	movs	r3, #7
10005f86:	4a07      	ldr	r2, [pc, #28]	@ (10005fa4 <cdcd_control_xfer_cb+0xbc>)
10005f88:	f7ff fcd4 	bl	10005934 <tud_control_xfer>
10005f8c:	e7e7      	b.n	10005f5e <cdcd_control_xfer_cb+0x76>
10005f8e:	bf00      	nop
10005f90:	20001618 	.word	0x20001618
10005f94:	00000000 	.word	0x00000000
10005f98:	2000163c 	.word	0x2000163c
10005f9c:	00000000 	.word	0x00000000
10005fa0:	100044c9 	.word	0x100044c9
10005fa4:	20001620 	.word	0x20001620

10005fa8 <cdcd_xfer_cb>:
10005fa8:	e92d 47f0 	stmdb	sp!, {r4, r5, r6, r7, r8, r9, sl, lr}
10005fac:	4f36      	ldr	r7, [pc, #216]	@ (10006088 <cdcd_xfer_cb+0xe0>)
10005fae:	460c      	mov	r4, r1
10005fb0:	78fa      	ldrb	r2, [r7, #3]
10005fb2:	4606      	mov	r6, r0
10005fb4:	428a      	cmp	r2, r1
10005fb6:	461d      	mov	r5, r3
10005fb8:	f897 c002 	ldrb.w	ip, [r7, #2]
10005fbc:	d03c      	beq.n	10006038 <cdcd_xfer_cb+0x90>
10005fbe:	458c      	cmp	ip, r1
10005fc0:	d013      	beq.n	10005fea <cdcd_xfer_cb+0x42>
10005fc2:	f04f 23e0 	mov.w	r3, #3758153728	@ 0xe000e000
10005fc6:	f8d3 3df0 	ldr.w	r3, [r3, #3568]	@ 0xdf0
10005fca:	07db      	lsls	r3, r3, #31
10005fcc:	d500      	bpl.n	10005fd0 <cdcd_xfer_cb+0x28>
10005fce:	be00      	bkpt	0x0000
10005fd0:	2000      	movs	r0, #0
10005fd2:	e8bd 87f0 	ldmia.w	sp!, {r4, r5, r6, r7, r8, r9, sl, pc}
10005fd6:	4b2d      	ldr	r3, [pc, #180]	@ (1000608c <cdcd_xfer_cb+0xe4>)
10005fd8:	b123      	cbz	r3, 10005fe4 <cdcd_xfer_cb+0x3c>
10005fda:	482d      	ldr	r0, [pc, #180]	@ (10006090 <cdcd_xfer_cb+0xe8>)
10005fdc:	f000 fb8c 	bl	100066f8 <tu_fifo_empty>
10005fe0:	2800      	cmp	r0, #0
10005fe2:	d04e      	beq.n	10006082 <cdcd_xfer_cb+0xda>
10005fe4:	2000      	movs	r0, #0
10005fe6:	f7ff fd97 	bl	10005b18 <_prep_out_transaction.isra.0>
10005fea:	78bb      	ldrb	r3, [r7, #2]
10005fec:	42a3      	cmp	r3, r4
10005fee:	d002      	beq.n	10005ff6 <cdcd_xfer_cb+0x4e>
10005ff0:	2001      	movs	r0, #1
10005ff2:	e8bd 87f0 	ldmia.w	sp!, {r4, r5, r6, r7, r8, r9, sl, pc}
10005ff6:	4b27      	ldr	r3, [pc, #156]	@ (10006094 <cdcd_xfer_cb+0xec>)
10005ff8:	b113      	cbz	r3, 10006000 <cdcd_xfer_cb+0x58>
10005ffa:	2000      	movs	r0, #0
10005ffc:	f3af 8000 	nop.w
10006000:	2000      	movs	r0, #0
10006002:	f7ff fe2b 	bl	10005c5c <tud_cdc_n_write_flush>
10006006:	2800      	cmp	r0, #0
10006008:	d1f2      	bne.n	10005ff0 <cdcd_xfer_cb+0x48>
1000600a:	4823      	ldr	r0, [pc, #140]	@ (10006098 <cdcd_xfer_cb+0xf0>)
1000600c:	f000 fb64 	bl	100066d8 <tu_fifo_count>
10006010:	2800      	cmp	r0, #0
10006012:	d1ed      	bne.n	10005ff0 <cdcd_xfer_cb+0x48>
10006014:	2d00      	cmp	r5, #0
10006016:	d0eb      	beq.n	10005ff0 <cdcd_xfer_cb+0x48>
10006018:	f015 053f 	ands.w	r5, r5, #63	@ 0x3f
1000601c:	d1e8      	bne.n	10005ff0 <cdcd_xfer_cb+0x48>
1000601e:	4630      	mov	r0, r6
10006020:	78b9      	ldrb	r1, [r7, #2]
10006022:	f7ff fc11 	bl	10005848 <usbd_edpt_claim>
10006026:	2800      	cmp	r0, #0
10006028:	d0e2      	beq.n	10005ff0 <cdcd_xfer_cb+0x48>
1000602a:	462b      	mov	r3, r5
1000602c:	462a      	mov	r2, r5
1000602e:	4630      	mov	r0, r6
10006030:	78b9      	ldrb	r1, [r7, #2]
10006032:	f7ff fc2d 	bl	10005890 <usbd_edpt_xfer>
10006036:	e7db      	b.n	10005ff0 <cdcd_xfer_cb+0x48>
10006038:	f8df 8064 	ldr.w	r8, [pc, #100]	@ 100060a0 <cdcd_xfer_cb+0xf8>
1000603c:	b29a      	uxth	r2, r3
1000603e:	4641      	mov	r1, r8
10006040:	f107 0010 	add.w	r0, r7, #16
10006044:	f000 fc7a 	bl	1000693c <tu_fifo_write_n>
10006048:	4b14      	ldr	r3, [pc, #80]	@ (1000609c <cdcd_xfer_cb+0xf4>)
1000604a:	2b00      	cmp	r3, #0
1000604c:	d0c3      	beq.n	10005fd6 <cdcd_xfer_cb+0x2e>
1000604e:	797b      	ldrb	r3, [r7, #5]
10006050:	2bff      	cmp	r3, #255	@ 0xff
10006052:	d0c0      	beq.n	10005fd6 <cdcd_xfer_cb+0x2e>
10006054:	2d00      	cmp	r5, #0
10006056:	d0be      	beq.n	10005fd6 <cdcd_xfer_cb+0x2e>
10006058:	f107 0910 	add.w	r9, r7, #16
1000605c:	eb08 0a05 	add.w	sl, r8, r5
10006060:	e002      	b.n	10006068 <cdcd_xfer_cb+0xc0>
10006062:	45c2      	cmp	sl, r8
10006064:	d0b7      	beq.n	10005fd6 <cdcd_xfer_cb+0x2e>
10006066:	797b      	ldrb	r3, [r7, #5]
10006068:	f818 2b01 	ldrb.w	r2, [r8], #1
1000606c:	429a      	cmp	r2, r3
1000606e:	d1f8      	bne.n	10006062 <cdcd_xfer_cb+0xba>
10006070:	4648      	mov	r0, r9
10006072:	f000 fb41 	bl	100066f8 <tu_fifo_empty>
10006076:	2800      	cmp	r0, #0
10006078:	d1f3      	bne.n	10006062 <cdcd_xfer_cb+0xba>
1000607a:	7979      	ldrb	r1, [r7, #5]
1000607c:	f3af 8000 	nop.w
10006080:	e7ef      	b.n	10006062 <cdcd_xfer_cb+0xba>
10006082:	f3af 8000 	nop.w
10006086:	e7ad      	b.n	10005fe4 <cdcd_xfer_cb+0x3c>
10006088:	20001618 	.word	0x20001618
1000608c:	00000000 	.word	0x00000000
10006090:	20001628 	.word	0x20001628
10006094:	00000000 	.word	0x00000000
10006098:	2000163c 	.word	0x2000163c
1000609c:	00000000 	.word	0x00000000
100060a0:	20001a1c 	.word	0x20001a1c

100060a4 <vendord_init>:
100060a4:	b5f0      	push	{r4, r5, r6, r7, lr}
100060a6:	4c14      	ldr	r4, [pc, #80]	@ (100060f8 <vendord_init+0x54>)
100060a8:	b085      	sub	sp, #20
100060aa:	f44f 7213 	mov.w	r2, #588	@ 0x24c
100060ae:	2100      	movs	r1, #0
100060b0:	4620      	mov	r0, r4
100060b2:	f004 ffb3 	bl	1000b01c <memset>
100060b6:	2740      	movs	r7, #64	@ 0x40
100060b8:	2300      	movs	r3, #0
100060ba:	f44f 7680 	mov.w	r6, #256	@ 0x100
100060be:	4d0f      	ldr	r5, [pc, #60]	@ (100060fc <vendord_init+0x58>)
100060c0:	f504 72a6 	add.w	r2, r4, #332	@ 0x14c
100060c4:	4619      	mov	r1, r3
100060c6:	e9cd 5702 	strd	r5, r7, [sp, #8]
100060ca:	9200      	str	r2, [sp, #0]
100060cc:	9601      	str	r6, [sp, #4]
100060ce:	461a      	mov	r2, r3
100060d0:	f504 7094 	add.w	r0, r4, #296	@ 0x128
100060d4:	f000 f9ce 	bl	10006474 <tu_edpt_stream_init>
100060d8:	2300      	movs	r3, #0
100060da:	f104 0128 	add.w	r1, r4, #40	@ 0x28
100060de:	443d      	add	r5, r7
100060e0:	9100      	str	r1, [sp, #0]
100060e2:	2201      	movs	r2, #1
100060e4:	4619      	mov	r1, r3
100060e6:	e9cd 5702 	strd	r5, r7, [sp, #8]
100060ea:	9601      	str	r6, [sp, #4]
100060ec:	1d20      	adds	r0, r4, #4
100060ee:	f000 f9c1 	bl	10006474 <tu_edpt_stream_init>
100060f2:	b005      	add	sp, #20
100060f4:	bdf0      	pop	{r4, r5, r6, r7, pc}
100060f6:	bf00      	nop
100060f8:	20001cbc 	.word	0x20001cbc
100060fc:	20001c3c 	.word	0x20001c3c

10006100 <vendord_deinit>:
10006100:	b510      	push	{r4, lr}
10006102:	4c05      	ldr	r4, [pc, #20]	@ (10006118 <vendord_deinit+0x18>)
10006104:	4620      	mov	r0, r4
10006106:	f000 f9e1 	bl	100064cc <tu_edpt_stream_deinit>
1000610a:	f5a4 7092 	sub.w	r0, r4, #292	@ 0x124
1000610e:	f000 f9dd 	bl	100064cc <tu_edpt_stream_deinit>
10006112:	2001      	movs	r0, #1
10006114:	bd10      	pop	{r4, pc}
10006116:	bf00      	nop
10006118:	20001de4 	.word	0x20001de4

1000611c <vendord_reset>:
1000611c:	b538      	push	{r3, r4, r5, lr}
1000611e:	2500      	movs	r5, #0
10006120:	4c06      	ldr	r4, [pc, #24]	@ (1000613c <vendord_reset+0x20>)
10006122:	f504 7098 	add.w	r0, r4, #304	@ 0x130
10006126:	7025      	strb	r5, [r4, #0]
10006128:	f000 fcb4 	bl	10006a94 <tu_fifo_clear>
1000612c:	f104 000c 	add.w	r0, r4, #12
10006130:	f000 fcb0 	bl	10006a94 <tu_fifo_clear>
10006134:	f884 5129 	strb.w	r5, [r4, #297]	@ 0x129
10006138:	7165      	strb	r5, [r4, #5]
1000613a:	bd38      	pop	{r3, r4, r5, pc}
1000613c:	20001cbc 	.word	0x20001cbc

10006140 <vendord_open>:
10006140:	e92d 4ff8 	stmdb	sp!, {r3, r4, r5, r6, r7, r8, r9, sl, fp, lr}
10006144:	794b      	ldrb	r3, [r1, #5]
10006146:	2bff      	cmp	r3, #255	@ 0xff
10006148:	d002      	beq.n	10006150 <vendord_open+0x10>
1000614a:	2000      	movs	r0, #0
1000614c:	e8bd 8ff8 	ldmia.w	sp!, {r3, r4, r5, r6, r7, r8, r9, sl, fp, pc}
10006150:	4d39      	ldr	r5, [pc, #228]	@ (10006238 <vendord_open+0xf8>)
10006152:	460e      	mov	r6, r1
10006154:	f895 3129 	ldrb.w	r3, [r5, #297]	@ 0x129
10006158:	780c      	ldrb	r4, [r1, #0]
1000615a:	2b00      	cmp	r3, #0
1000615c:	d1f5      	bne.n	1000614a <vendord_open+0xa>
1000615e:	796f      	ldrb	r7, [r5, #5]
10006160:	2f00      	cmp	r7, #0
10006162:	d1f2      	bne.n	1000614a <vendord_open+0xa>
10006164:	788b      	ldrb	r3, [r1, #2]
10006166:	440c      	add	r4, r1
10006168:	702b      	strb	r3, [r5, #0]
1000616a:	790b      	ldrb	r3, [r1, #4]
1000616c:	2b00      	cmp	r3, #0
1000616e:	d03e      	beq.n	100061ee <vendord_open+0xae>
10006170:	4680      	mov	r8, r0
10006172:	eb04 0b02 	add.w	fp, r4, r2
10006176:	f505 7a98 	add.w	sl, r5, #304	@ 0x130
1000617a:	f505 7994 	add.w	r9, r5, #296	@ 0x128
1000617e:	7863      	ldrb	r3, [r4, #1]
10006180:	2b05      	cmp	r3, #5
10006182:	d009      	beq.n	10006198 <vendord_open+0x58>
10006184:	45a3      	cmp	fp, r4
10006186:	d802      	bhi.n	1000618e <vendord_open+0x4e>
10006188:	e031      	b.n	100061ee <vendord_open+0xae>
1000618a:	455c      	cmp	r4, fp
1000618c:	d22f      	bcs.n	100061ee <vendord_open+0xae>
1000618e:	7823      	ldrb	r3, [r4, #0]
10006190:	441c      	add	r4, r3
10006192:	7863      	ldrb	r3, [r4, #1]
10006194:	2b05      	cmp	r3, #5
10006196:	d1f8      	bne.n	1000618a <vendord_open+0x4a>
10006198:	45a3      	cmp	fp, r4
1000619a:	d928      	bls.n	100061ee <vendord_open+0xae>
1000619c:	4621      	mov	r1, r4
1000619e:	4640      	mov	r0, r8
100061a0:	f7ff fb30 	bl	10005804 <usbd_edpt_open>
100061a4:	2800      	cmp	r0, #0
100061a6:	d03e      	beq.n	10006226 <vendord_open+0xe6>
100061a8:	78a3      	ldrb	r3, [r4, #2]
100061aa:	09db      	lsrs	r3, r3, #7
100061ac:	d123      	bne.n	100061f6 <vendord_open+0xb6>
100061ae:	4650      	mov	r0, sl
100061b0:	f000 fc70 	bl	10006a94 <tu_fifo_clear>
100061b4:	78a3      	ldrb	r3, [r4, #2]
100061b6:	f895 1128 	ldrb.w	r1, [r5, #296]	@ 0x128
100061ba:	f885 3129 	strb.w	r3, [r5, #297]	@ 0x129
100061be:	88a3      	ldrh	r3, [r4, #4]
100061c0:	4640      	mov	r0, r8
100061c2:	f3c3 030a 	ubfx	r3, r3, #0, #11
100061c6:	f5a3 7300 	sub.w	r3, r3, #512	@ 0x200
100061ca:	fab3 f383 	clz	r3, r3
100061ce:	095b      	lsrs	r3, r3, #5
100061d0:	f363 0141 	bfi	r1, r3, #1, #1
100061d4:	f885 1128 	strb.w	r1, [r5, #296]	@ 0x128
100061d8:	4649      	mov	r1, r9
100061da:	f000 f9e5 	bl	100065a8 <tu_edpt_stream_read_xfer>
100061de:	b310      	cbz	r0, 10006226 <vendord_open+0xe6>
100061e0:	7823      	ldrb	r3, [r4, #0]
100061e2:	7931      	ldrb	r1, [r6, #4]
100061e4:	3701      	adds	r7, #1
100061e6:	441c      	add	r4, r3
100061e8:	b2fb      	uxtb	r3, r7
100061ea:	4299      	cmp	r1, r3
100061ec:	d8c7      	bhi.n	1000617e <vendord_open+0x3e>
100061ee:	1ba1      	subs	r1, r4, r6
100061f0:	b288      	uxth	r0, r1
100061f2:	e8bd 8ff8 	ldmia.w	sp!, {r3, r4, r5, r6, r7, r8, r9, sl, fp, pc}
100061f6:	4811      	ldr	r0, [pc, #68]	@ (1000623c <vendord_open+0xfc>)
100061f8:	f000 fc4c 	bl	10006a94 <tu_fifo_clear>
100061fc:	78a3      	ldrb	r3, [r4, #2]
100061fe:	f895 c004 	ldrb.w	ip, [r5, #4]
10006202:	716b      	strb	r3, [r5, #5]
10006204:	88a3      	ldrh	r3, [r4, #4]
10006206:	490e      	ldr	r1, [pc, #56]	@ (10006240 <vendord_open+0x100>)
10006208:	f3c3 030a 	ubfx	r3, r3, #0, #11
1000620c:	f5a3 7300 	sub.w	r3, r3, #512	@ 0x200
10006210:	fab3 f383 	clz	r3, r3
10006214:	095b      	lsrs	r3, r3, #5
10006216:	f363 0c41 	bfi	ip, r3, #1, #1
1000621a:	2000      	movs	r0, #0
1000621c:	f885 c004 	strb.w	ip, [r5, #4]
10006220:	f000 f98a 	bl	10006538 <tu_edpt_stream_write_xfer>
10006224:	e7dc      	b.n	100061e0 <vendord_open+0xa0>
10006226:	f04f 23e0 	mov.w	r3, #3758153728	@ 0xe000e000
1000622a:	f8d3 3df0 	ldr.w	r3, [r3, #3568]	@ 0xdf0
1000622e:	07db      	lsls	r3, r3, #31
10006230:	d58b      	bpl.n	1000614a <vendord_open+0xa>
10006232:	be00      	bkpt	0x0000
10006234:	e789      	b.n	1000614a <vendord_open+0xa>
10006236:	bf00      	nop
10006238:	20001cbc 	.word	0x20001cbc
1000623c:	20001cc8 	.word	0x20001cc8
10006240:	20001cc0 	.word	0x20001cc0

10006244 <vendord_xfer_cb>:
10006244:	b570      	push	{r4, r5, r6, lr}
10006246:	4c1b      	ldr	r4, [pc, #108]	@ (100062b4 <vendord_xfer_cb+0x70>)
10006248:	4606      	mov	r6, r0
1000624a:	f894 c129 	ldrb.w	ip, [r4, #297]	@ 0x129
1000624e:	461d      	mov	r5, r3
10006250:	458c      	cmp	ip, r1
10006252:	7962      	ldrb	r2, [r4, #5]
10006254:	d004      	beq.n	10006260 <vendord_xfer_cb+0x1c>
10006256:	428a      	cmp	r2, r1
10006258:	bf18      	it	ne
1000625a:	2000      	movne	r0, #0
1000625c:	d018      	beq.n	10006290 <vendord_xfer_cb+0x4c>
1000625e:	bd70      	pop	{r4, r5, r6, pc}
10006260:	f8b4 3134 	ldrh.w	r3, [r4, #308]	@ 0x134
10006264:	b963      	cbnz	r3, 10006280 <vendord_xfer_cb+0x3c>
10006266:	4b14      	ldr	r3, [pc, #80]	@ (100062b8 <vendord_xfer_cb+0x74>)
10006268:	b123      	cbz	r3, 10006274 <vendord_xfer_cb+0x30>
1000626a:	2000      	movs	r0, #0
1000626c:	4913      	ldr	r1, [pc, #76]	@ (100062bc <vendord_xfer_cb+0x78>)
1000626e:	b2aa      	uxth	r2, r5
10006270:	f3af 8000 	nop.w
10006274:	4630      	mov	r0, r6
10006276:	4912      	ldr	r1, [pc, #72]	@ (100062c0 <vendord_xfer_cb+0x7c>)
10006278:	f000 f996 	bl	100065a8 <tu_edpt_stream_read_xfer>
1000627c:	2001      	movs	r0, #1
1000627e:	bd70      	pop	{r4, r5, r6, pc}
10006280:	f8d4 112c 	ldr.w	r1, [r4, #300]	@ 0x12c
10006284:	b2aa      	uxth	r2, r5
10006286:	f504 7098 	add.w	r0, r4, #304	@ 0x130
1000628a:	f000 fb57 	bl	1000693c <tu_fifo_write_n>
1000628e:	e7ea      	b.n	10006266 <vendord_xfer_cb+0x22>
10006290:	4b0c      	ldr	r3, [pc, #48]	@ (100062c4 <vendord_xfer_cb+0x80>)
10006292:	b11b      	cbz	r3, 1000629c <vendord_xfer_cb+0x58>
10006294:	2000      	movs	r0, #0
10006296:	b2a9      	uxth	r1, r5
10006298:	f3af 8000 	nop.w
1000629c:	4630      	mov	r0, r6
1000629e:	490a      	ldr	r1, [pc, #40]	@ (100062c8 <vendord_xfer_cb+0x84>)
100062a0:	f000 f94a 	bl	10006538 <tu_edpt_stream_write_xfer>
100062a4:	2800      	cmp	r0, #0
100062a6:	d1e9      	bne.n	1000627c <vendord_xfer_cb+0x38>
100062a8:	462a      	mov	r2, r5
100062aa:	4630      	mov	r0, r6
100062ac:	4906      	ldr	r1, [pc, #24]	@ (100062c8 <vendord_xfer_cb+0x84>)
100062ae:	f000 f90f 	bl	100064d0 <tu_edpt_stream_write_zlp_if_needed>
100062b2:	e7e3      	b.n	1000627c <vendord_xfer_cb+0x38>
100062b4:	20001cbc 	.word	0x20001cbc
100062b8:	00000000 	.word	0x00000000
100062bc:	20001c3c 	.word	0x20001c3c
100062c0:	20001de4 	.word	0x20001de4
100062c4:	00000000 	.word	0x00000000
100062c8:	20001cc0 	.word	0x20001cc0

100062cc <tusb_rhport_init>:
100062cc:	b510      	push	{r4, lr}
100062ce:	b082      	sub	sp, #8
100062d0:	b1b9      	cbz	r1, 10006302 <tusb_rhport_init+0x36>
100062d2:	2801      	cmp	r0, #1
100062d4:	d80c      	bhi.n	100062f0 <tusb_rhport_init+0x24>
100062d6:	780b      	ldrb	r3, [r1, #0]
100062d8:	b153      	cbz	r3, 100062f0 <tusb_rhport_init+0x24>
100062da:	4c13      	ldr	r4, [pc, #76]	@ (10006328 <tusb_rhport_init+0x5c>)
100062dc:	2b01      	cmp	r3, #1
100062de:	5423      	strb	r3, [r4, r0]
100062e0:	d002      	beq.n	100062e8 <tusb_rhport_init+0x1c>
100062e2:	2001      	movs	r0, #1
100062e4:	b002      	add	sp, #8
100062e6:	bd10      	pop	{r4, pc}
100062e8:	f7fe fe00 	bl	10004eec <tud_rhport_init>
100062ec:	2800      	cmp	r0, #0
100062ee:	d1f8      	bne.n	100062e2 <tusb_rhport_init+0x16>
100062f0:	f04f 23e0 	mov.w	r3, #3758153728	@ 0xe000e000
100062f4:	f8d3 3df0 	ldr.w	r3, [r3, #3568]	@ 0xdf0
100062f8:	07db      	lsls	r3, r3, #31
100062fa:	d500      	bpl.n	100062fe <tusb_rhport_init+0x32>
100062fc:	be00      	bkpt	0x0000
100062fe:	2000      	movs	r0, #0
10006300:	e7f0      	b.n	100062e4 <tusb_rhport_init+0x18>
10006302:	2401      	movs	r4, #1
10006304:	4608      	mov	r0, r1
10006306:	a901      	add	r1, sp, #4
10006308:	f8ad 4004 	strh.w	r4, [sp, #4]
1000630c:	f7fe fdee 	bl	10004eec <tud_rhport_init>
10006310:	b938      	cbnz	r0, 10006322 <tusb_rhport_init+0x56>
10006312:	f04f 23e0 	mov.w	r3, #3758153728	@ 0xe000e000
10006316:	f8d3 3df0 	ldr.w	r3, [r3, #3568]	@ 0xdf0
1000631a:	07da      	lsls	r2, r3, #31
1000631c:	d5e2      	bpl.n	100062e4 <tusb_rhport_init+0x18>
1000631e:	be00      	bkpt	0x0000
10006320:	e7e0      	b.n	100062e4 <tusb_rhport_init+0x18>
10006322:	4b01      	ldr	r3, [pc, #4]	@ (10006328 <tusb_rhport_init+0x5c>)
10006324:	701c      	strb	r4, [r3, #0]
10006326:	e7dd      	b.n	100062e4 <tusb_rhport_init+0x18>
10006328:	20001b14 	.word	0x20001b14

1000632c <tu_edpt_claim>:
1000632c:	b5f8      	push	{r3, r4, r5, r6, r7, lr}
1000632e:	7803      	ldrb	r3, [r0, #0]
10006330:	f013 0401 	ands.w	r4, r3, #1
10006334:	d11a      	bne.n	1000636c <tu_edpt_claim+0x40>
10006336:	7803      	ldrb	r3, [r0, #0]
10006338:	4605      	mov	r5, r0
1000633a:	075a      	lsls	r2, r3, #29
1000633c:	f3c3 0780 	ubfx	r7, r3, #2, #1
10006340:	d501      	bpl.n	10006346 <tu_edpt_claim+0x1a>
10006342:	4620      	mov	r0, r4
10006344:	bdf8      	pop	{r3, r4, r5, r6, r7, pc}
10006346:	460e      	mov	r6, r1
10006348:	f04f 31ff 	mov.w	r1, #4294967295	@ 0xffffffff
1000634c:	4630      	mov	r0, r6
1000634e:	f004 ffb3 	bl	1000b2b8 <__mutex_enter_timeout_ms_veneer>
10006352:	782b      	ldrb	r3, [r5, #0]
10006354:	f013 0401 	ands.w	r4, r3, #1
10006358:	d10b      	bne.n	10006372 <tu_edpt_claim+0x46>
1000635a:	782b      	ldrb	r3, [r5, #0]
1000635c:	075b      	lsls	r3, r3, #29
1000635e:	d409      	bmi.n	10006374 <tu_edpt_claim+0x48>
10006360:	782b      	ldrb	r3, [r5, #0]
10006362:	2401      	movs	r4, #1
10006364:	f043 0304 	orr.w	r3, r3, #4
10006368:	702b      	strb	r3, [r5, #0]
1000636a:	e003      	b.n	10006374 <tu_edpt_claim+0x48>
1000636c:	2400      	movs	r4, #0
1000636e:	4620      	mov	r0, r4
10006370:	bdf8      	pop	{r3, r4, r5, r6, r7, pc}
10006372:	463c      	mov	r4, r7
10006374:	4630      	mov	r0, r6
10006376:	f004 ffb3 	bl	1000b2e0 <__mutex_exit_veneer>
1000637a:	4620      	mov	r0, r4
1000637c:	bdf8      	pop	{r3, r4, r5, r6, r7, pc}
1000637e:	bf00      	nop

10006380 <tu_edpt_release>:
10006380:	b570      	push	{r4, r5, r6, lr}
10006382:	460c      	mov	r4, r1
10006384:	4605      	mov	r5, r0
10006386:	f04f 31ff 	mov.w	r1, #4294967295	@ 0xffffffff
1000638a:	4620      	mov	r0, r4
1000638c:	f004 ff94 	bl	1000b2b8 <__mutex_enter_timeout_ms_veneer>
10006390:	782b      	ldrb	r3, [r5, #0]
10006392:	f3c3 0680 	ubfx	r6, r3, #2, #1
10006396:	075b      	lsls	r3, r3, #29
10006398:	d508      	bpl.n	100063ac <tu_edpt_release+0x2c>
1000639a:	782b      	ldrb	r3, [r5, #0]
1000639c:	f013 0301 	ands.w	r3, r3, #1
100063a0:	bf11      	iteee	ne
100063a2:	2600      	movne	r6, #0
100063a4:	782a      	ldrbeq	r2, [r5, #0]
100063a6:	f363 0282 	bfieq	r2, r3, #2, #1
100063aa:	702a      	strbeq	r2, [r5, #0]
100063ac:	4620      	mov	r0, r4
100063ae:	f004 ff97 	bl	1000b2e0 <__mutex_exit_veneer>
100063b2:	4630      	mov	r0, r6
100063b4:	bd70      	pop	{r4, r5, r6, pc}
100063b6:	bf00      	nop

100063b8 <tu_edpt_validate>:
100063b8:	78c3      	ldrb	r3, [r0, #3]
100063ba:	8882      	ldrh	r2, [r0, #4]
100063bc:	f003 0003 	and.w	r0, r3, #3
100063c0:	2802      	cmp	r0, #2
100063c2:	f3c2 020a 	ubfx	r2, r2, #0, #11
100063c6:	d01f      	beq.n	10006408 <tu_edpt_validate+0x50>
100063c8:	2803      	cmp	r0, #3
100063ca:	d003      	beq.n	100063d4 <tu_edpt_validate+0x1c>
100063cc:	2801      	cmp	r0, #1
100063ce:	d00a      	beq.n	100063e6 <tu_edpt_validate+0x2e>
100063d0:	2000      	movs	r0, #0
100063d2:	4770      	bx	lr
100063d4:	2902      	cmp	r1, #2
100063d6:	bf14      	ite	ne
100063d8:	2340      	movne	r3, #64	@ 0x40
100063da:	f44f 6380 	moveq.w	r3, #1024	@ 0x400
100063de:	4293      	cmp	r3, r2
100063e0:	d309      	bcc.n	100063f6 <tu_edpt_validate+0x3e>
100063e2:	2001      	movs	r0, #1
100063e4:	4770      	bx	lr
100063e6:	2902      	cmp	r1, #2
100063e8:	f240 33ff 	movw	r3, #1023	@ 0x3ff
100063ec:	bf08      	it	eq
100063ee:	f44f 6380 	moveq.w	r3, #1024	@ 0x400
100063f2:	4293      	cmp	r3, r2
100063f4:	d2f6      	bcs.n	100063e4 <tu_edpt_validate+0x2c>
100063f6:	f04f 23e0 	mov.w	r3, #3758153728	@ 0xe000e000
100063fa:	f8d3 3df0 	ldr.w	r3, [r3, #3568]	@ 0xdf0
100063fe:	07db      	lsls	r3, r3, #31
10006400:	d5e6      	bpl.n	100063d0 <tu_edpt_validate+0x18>
10006402:	be00      	bkpt	0x0000
10006404:	2000      	movs	r0, #0
10006406:	4770      	bx	lr
10006408:	2902      	cmp	r1, #2
1000640a:	d002      	beq.n	10006412 <tu_edpt_validate+0x5a>
1000640c:	2a40      	cmp	r2, #64	@ 0x40
1000640e:	d9e8      	bls.n	100063e2 <tu_edpt_validate+0x2a>
10006410:	e7f1      	b.n	100063f6 <tu_edpt_validate+0x3e>
10006412:	f5b2 7f00 	cmp.w	r2, #512	@ 0x200
10006416:	d0e4      	beq.n	100063e2 <tu_edpt_validate+0x2a>
10006418:	e7ed      	b.n	100063f6 <tu_edpt_validate+0x3e>
1000641a:	bf00      	nop

1000641c <tu_edpt_bind_driver>:
1000641c:	440a      	add	r2, r1
1000641e:	4291      	cmp	r1, r2
10006420:	d226      	bcs.n	10006470 <tu_edpt_bind_driver+0x54>
10006422:	f891 c001 	ldrb.w	ip, [r1, #1]
10006426:	f1bc 0f05 	cmp.w	ip, #5
1000642a:	d005      	beq.n	10006438 <tu_edpt_bind_driver+0x1c>
1000642c:	f891 c000 	ldrb.w	ip, [r1]
10006430:	4461      	add	r1, ip
10006432:	428a      	cmp	r2, r1
10006434:	d8f5      	bhi.n	10006422 <tu_edpt_bind_driver+0x6>
10006436:	4770      	bx	lr
10006438:	b500      	push	{lr}
1000643a:	f891 c002 	ldrb.w	ip, [r1, #2]
1000643e:	f00c 0e7f 	and.w	lr, ip, #127	@ 0x7f
10006442:	eb00 0e4e 	add.w	lr, r0, lr, lsl #1
10006446:	ea4f 1cdc 	mov.w	ip, ip, lsr #7
1000644a:	f80e 300c 	strb.w	r3, [lr, ip]
1000644e:	f891 c000 	ldrb.w	ip, [r1]
10006452:	4461      	add	r1, ip
10006454:	428a      	cmp	r2, r1
10006456:	d909      	bls.n	1000646c <tu_edpt_bind_driver+0x50>
10006458:	f891 c001 	ldrb.w	ip, [r1, #1]
1000645c:	f1bc 0f05 	cmp.w	ip, #5
10006460:	d0eb      	beq.n	1000643a <tu_edpt_bind_driver+0x1e>
10006462:	f891 c000 	ldrb.w	ip, [r1]
10006466:	4461      	add	r1, ip
10006468:	428a      	cmp	r2, r1
1000646a:	d8f5      	bhi.n	10006458 <tu_edpt_bind_driver+0x3c>
1000646c:	f85d fb04 	ldr.w	pc, [sp], #4
10006470:	4770      	bx	lr
10006472:	bf00      	nop

10006474 <tu_edpt_stream_init>:
10006474:	e92d 41f0 	stmdb	sp!, {r4, r5, r6, r7, r8, lr}
10006478:	468e      	mov	lr, r1
1000647a:	b082      	sub	sp, #8
1000647c:	9300      	str	r3, [sp, #0]
1000647e:	f890 c000 	ldrb.w	ip, [r0]
10006482:	9e08      	ldr	r6, [sp, #32]
10006484:	f8bd 7024 	ldrh.w	r7, [sp, #36]	@ 0x24
10006488:	f36e 0c00 	bfi	ip, lr, #0, #1
1000648c:	4604      	mov	r4, r0
1000648e:	4615      	mov	r5, r2
10006490:	2301      	movs	r3, #1
10006492:	4631      	mov	r1, r6
10006494:	463a      	mov	r2, r7
10006496:	f800 cb08 	strb.w	ip, [r0], #8
1000649a:	f8bd 802c 	ldrh.w	r8, [sp, #44]	@ 0x2c
1000649e:	f000 f8eb 	bl	10006678 <tu_fifo_config>
100064a2:	b106      	cbz	r6, 100064a6 <tu_edpt_stream_init+0x32>
100064a4:	b93f      	cbnz	r7, 100064b6 <tu_edpt_stream_init+0x42>
100064a6:	2001      	movs	r0, #1
100064a8:	9b0a      	ldr	r3, [sp, #40]	@ 0x28
100064aa:	f8a4 8002 	strh.w	r8, [r4, #2]
100064ae:	6063      	str	r3, [r4, #4]
100064b0:	b002      	add	sp, #8
100064b2:	e8bd 81f0 	ldmia.w	sp!, {r4, r5, r6, r7, r8, pc}
100064b6:	f104 061c 	add.w	r6, r4, #28
100064ba:	4630      	mov	r0, r6
100064bc:	f7fb fa34 	bl	10001928 <mutex_init>
100064c0:	b10d      	cbz	r5, 100064c6 <tu_edpt_stream_init+0x52>
100064c2:	4635      	mov	r5, r6
100064c4:	2600      	movs	r6, #0
100064c6:	e9c4 5605 	strd	r5, r6, [r4, #20]
100064ca:	e7ec      	b.n	100064a6 <tu_edpt_stream_init+0x32>

100064cc <tu_edpt_stream_deinit>:
100064cc:	2001      	movs	r0, #1
100064ce:	4770      	bx	lr

100064d0 <tu_edpt_stream_write_zlp_if_needed>:
100064d0:	b5f8      	push	{r3, r4, r5, r6, r7, lr}
100064d2:	4607      	mov	r7, r0
100064d4:	4608      	mov	r0, r1
100064d6:	f240 13ff 	movw	r3, #511	@ 0x1ff
100064da:	4615      	mov	r5, r2
100064dc:	f810 2b08 	ldrb.w	r2, [r0], #8
100064e0:	460c      	mov	r4, r1
100064e2:	f012 0f02 	tst.w	r2, #2
100064e6:	bf0c      	ite	eq
100064e8:	263f      	moveq	r6, #63	@ 0x3f
100064ea:	461e      	movne	r6, r3
100064ec:	f000 f8f4 	bl	100066d8 <tu_fifo_count>
100064f0:	b928      	cbnz	r0, 100064fe <tu_edpt_stream_write_zlp_if_needed+0x2e>
100064f2:	b125      	cbz	r5, 100064fe <tu_edpt_stream_write_zlp_if_needed+0x2e>
100064f4:	422e      	tst	r6, r5
100064f6:	d102      	bne.n	100064fe <tu_edpt_stream_write_zlp_if_needed+0x2e>
100064f8:	7823      	ldrb	r3, [r4, #0]
100064fa:	07da      	lsls	r2, r3, #31
100064fc:	d501      	bpl.n	10006502 <tu_edpt_stream_write_zlp_if_needed+0x32>
100064fe:	2000      	movs	r0, #0
10006500:	bdf8      	pop	{r3, r4, r5, r6, r7, pc}
10006502:	4638      	mov	r0, r7
10006504:	7861      	ldrb	r1, [r4, #1]
10006506:	f7ff f99f 	bl	10005848 <usbd_edpt_claim>
1000650a:	2800      	cmp	r0, #0
1000650c:	d0f7      	beq.n	100064fe <tu_edpt_stream_write_zlp_if_needed+0x2e>
1000650e:	7823      	ldrb	r3, [r4, #0]
10006510:	f013 0301 	ands.w	r3, r3, #1
10006514:	d007      	beq.n	10006526 <tu_edpt_stream_write_zlp_if_needed+0x56>
10006516:	f04f 23e0 	mov.w	r3, #3758153728	@ 0xe000e000
1000651a:	f8d3 3df0 	ldr.w	r3, [r3, #3568]	@ 0xdf0
1000651e:	07db      	lsls	r3, r3, #31
10006520:	d5ed      	bpl.n	100064fe <tu_edpt_stream_write_zlp_if_needed+0x2e>
10006522:	be00      	bkpt	0x0000
10006524:	e7eb      	b.n	100064fe <tu_edpt_stream_write_zlp_if_needed+0x2e>
10006526:	461a      	mov	r2, r3
10006528:	4638      	mov	r0, r7
1000652a:	7861      	ldrb	r1, [r4, #1]
1000652c:	f7ff f9b0 	bl	10005890 <usbd_edpt_xfer>
10006530:	2800      	cmp	r0, #0
10006532:	d0f0      	beq.n	10006516 <tu_edpt_stream_write_zlp_if_needed+0x46>
10006534:	bdf8      	pop	{r3, r4, r5, r6, r7, pc}
10006536:	bf00      	nop

10006538 <tu_edpt_stream_write_xfer>:
10006538:	b570      	push	{r4, r5, r6, lr}
1000653a:	f101 0508 	add.w	r5, r1, #8
1000653e:	4606      	mov	r6, r0
10006540:	4628      	mov	r0, r5
10006542:	460c      	mov	r4, r1
10006544:	f000 f8c8 	bl	100066d8 <tu_fifo_count>
10006548:	b110      	cbz	r0, 10006550 <tu_edpt_stream_write_xfer+0x18>
1000654a:	7823      	ldrb	r3, [r4, #0]
1000654c:	07d8      	lsls	r0, r3, #31
1000654e:	d501      	bpl.n	10006554 <tu_edpt_stream_write_xfer+0x1c>
10006550:	2000      	movs	r0, #0
10006552:	bd70      	pop	{r4, r5, r6, pc}
10006554:	4630      	mov	r0, r6
10006556:	7861      	ldrb	r1, [r4, #1]
10006558:	f7ff f976 	bl	10005848 <usbd_edpt_claim>
1000655c:	2800      	cmp	r0, #0
1000655e:	d0f7      	beq.n	10006550 <tu_edpt_stream_write_xfer+0x18>
10006560:	4628      	mov	r0, r5
10006562:	8862      	ldrh	r2, [r4, #2]
10006564:	6861      	ldr	r1, [r4, #4]
10006566:	f000 f92d 	bl	100067c4 <tu_fifo_read_n>
1000656a:	7823      	ldrb	r3, [r4, #0]
1000656c:	4605      	mov	r5, r0
1000656e:	b148      	cbz	r0, 10006584 <tu_edpt_stream_write_xfer+0x4c>
10006570:	07d9      	lsls	r1, r3, #31
10006572:	d50e      	bpl.n	10006592 <tu_edpt_stream_write_xfer+0x5a>
10006574:	f04f 23e0 	mov.w	r3, #3758153728	@ 0xe000e000
10006578:	f8d3 3df0 	ldr.w	r3, [r3, #3568]	@ 0xdf0
1000657c:	07da      	lsls	r2, r3, #31
1000657e:	d5e7      	bpl.n	10006550 <tu_edpt_stream_write_xfer+0x18>
10006580:	be00      	bkpt	0x0000
10006582:	e7e5      	b.n	10006550 <tu_edpt_stream_write_xfer+0x18>
10006584:	07db      	lsls	r3, r3, #31
10006586:	d4e3      	bmi.n	10006550 <tu_edpt_stream_write_xfer+0x18>
10006588:	4630      	mov	r0, r6
1000658a:	7861      	ldrb	r1, [r4, #1]
1000658c:	f7ff f96e 	bl	1000586c <usbd_edpt_release>
10006590:	e7de      	b.n	10006550 <tu_edpt_stream_write_xfer+0x18>
10006592:	4603      	mov	r3, r0
10006594:	6862      	ldr	r2, [r4, #4]
10006596:	4630      	mov	r0, r6
10006598:	7861      	ldrb	r1, [r4, #1]
1000659a:	f7ff f979 	bl	10005890 <usbd_edpt_xfer>
1000659e:	2800      	cmp	r0, #0
100065a0:	d0e8      	beq.n	10006574 <tu_edpt_stream_write_xfer+0x3c>
100065a2:	4628      	mov	r0, r5
100065a4:	bd70      	pop	{r4, r5, r6, pc}
100065a6:	bf00      	nop

100065a8 <tu_edpt_stream_read_xfer>:
100065a8:	898a      	ldrh	r2, [r1, #12]
100065aa:	e92d 41f0 	stmdb	sp!, {r4, r5, r6, r7, r8, lr}
100065ae:	780b      	ldrb	r3, [r1, #0]
100065b0:	460c      	mov	r4, r1
100065b2:	4605      	mov	r5, r0
100065b4:	b98a      	cbnz	r2, 100065da <tu_edpt_stream_read_xfer+0x32>
100065b6:	07df      	lsls	r7, r3, #31
100065b8:	d425      	bmi.n	10006606 <tu_edpt_stream_read_xfer+0x5e>
100065ba:	7849      	ldrb	r1, [r1, #1]
100065bc:	f7ff f944 	bl	10005848 <usbd_edpt_claim>
100065c0:	b308      	cbz	r0, 10006606 <tu_edpt_stream_read_xfer+0x5e>
100065c2:	7822      	ldrb	r2, [r4, #0]
100065c4:	8863      	ldrh	r3, [r4, #2]
100065c6:	07d6      	lsls	r6, r2, #31
100065c8:	d53f      	bpl.n	1000664a <tu_edpt_stream_read_xfer+0xa2>
100065ca:	f04f 23e0 	mov.w	r3, #3758153728	@ 0xe000e000
100065ce:	f8d3 3df0 	ldr.w	r3, [r3, #3568]	@ 0xdf0
100065d2:	07da      	lsls	r2, r3, #31
100065d4:	d517      	bpl.n	10006606 <tu_edpt_stream_read_xfer+0x5e>
100065d6:	be00      	bkpt	0x0000
100065d8:	e015      	b.n	10006606 <tu_edpt_stream_read_xfer+0x5e>
100065da:	f003 0302 	and.w	r3, r3, #2
100065de:	f101 0808 	add.w	r8, r1, #8
100065e2:	2b00      	cmp	r3, #0
100065e4:	4640      	mov	r0, r8
100065e6:	bf0c      	ite	eq
100065e8:	2740      	moveq	r7, #64	@ 0x40
100065ea:	f44f 7700 	movne.w	r7, #512	@ 0x200
100065ee:	f64f 76c0 	movw	r6, #65472	@ 0xffc0
100065f2:	bf18      	it	ne
100065f4:	f44f 467e 	movne.w	r6, #65024	@ 0xfe00
100065f8:	f000 f888 	bl	1000670c <tu_fifo_remaining>
100065fc:	4287      	cmp	r7, r0
100065fe:	d802      	bhi.n	10006606 <tu_edpt_stream_read_xfer+0x5e>
10006600:	7823      	ldrb	r3, [r4, #0]
10006602:	07d8      	lsls	r0, r3, #31
10006604:	d502      	bpl.n	1000660c <tu_edpt_stream_read_xfer+0x64>
10006606:	2000      	movs	r0, #0
10006608:	e8bd 81f0 	ldmia.w	sp!, {r4, r5, r6, r7, r8, pc}
1000660c:	4628      	mov	r0, r5
1000660e:	7861      	ldrb	r1, [r4, #1]
10006610:	f7ff f91a 	bl	10005848 <usbd_edpt_claim>
10006614:	2800      	cmp	r0, #0
10006616:	d0f6      	beq.n	10006606 <tu_edpt_stream_read_xfer+0x5e>
10006618:	4640      	mov	r0, r8
1000661a:	f000 f877 	bl	1000670c <tu_fifo_remaining>
1000661e:	4287      	cmp	r7, r0
10006620:	d81f      	bhi.n	10006662 <tu_edpt_stream_read_xfer+0xba>
10006622:	7823      	ldrb	r3, [r4, #0]
10006624:	8862      	ldrh	r2, [r4, #2]
10006626:	07d9      	lsls	r1, r3, #31
10006628:	d4cf      	bmi.n	100065ca <tu_edpt_stream_read_xfer+0x22>
1000662a:	4030      	ands	r0, r6
1000662c:	4290      	cmp	r0, r2
1000662e:	bf28      	it	cs
10006630:	4610      	movcs	r0, r2
10006632:	7861      	ldrb	r1, [r4, #1]
10006634:	4606      	mov	r6, r0
10006636:	b1e0      	cbz	r0, 10006672 <tu_edpt_stream_read_xfer+0xca>
10006638:	6862      	ldr	r2, [r4, #4]
1000663a:	4633      	mov	r3, r6
1000663c:	4628      	mov	r0, r5
1000663e:	f7ff f927 	bl	10005890 <usbd_edpt_xfer>
10006642:	2800      	cmp	r0, #0
10006644:	d0c1      	beq.n	100065ca <tu_edpt_stream_read_xfer+0x22>
10006646:	4630      	mov	r0, r6
10006648:	e7de      	b.n	10006608 <tu_edpt_stream_read_xfer+0x60>
1000664a:	7861      	ldrb	r1, [r4, #1]
1000664c:	b13b      	cbz	r3, 1000665e <tu_edpt_stream_read_xfer+0xb6>
1000664e:	6862      	ldr	r2, [r4, #4]
10006650:	4628      	mov	r0, r5
10006652:	f7ff f91d 	bl	10005890 <usbd_edpt_xfer>
10006656:	2800      	cmp	r0, #0
10006658:	d0b7      	beq.n	100065ca <tu_edpt_stream_read_xfer+0x22>
1000665a:	8860      	ldrh	r0, [r4, #2]
1000665c:	e7d4      	b.n	10006608 <tu_edpt_stream_read_xfer+0x60>
1000665e:	461a      	mov	r2, r3
10006660:	e7f6      	b.n	10006650 <tu_edpt_stream_read_xfer+0xa8>
10006662:	7823      	ldrb	r3, [r4, #0]
10006664:	07db      	lsls	r3, r3, #31
10006666:	d4ce      	bmi.n	10006606 <tu_edpt_stream_read_xfer+0x5e>
10006668:	4628      	mov	r0, r5
1000666a:	7861      	ldrb	r1, [r4, #1]
1000666c:	f7ff f8fe 	bl	1000586c <usbd_edpt_release>
10006670:	e7c9      	b.n	10006606 <tu_edpt_stream_read_xfer+0x5e>
10006672:	4602      	mov	r2, r0
10006674:	e7e1      	b.n	1000663a <tu_edpt_stream_read_xfer+0x92>
10006676:	bf00      	nop

10006678 <tu_fifo_config>:
10006678:	e92d 41f0 	stmdb	sp!, {r4, r5, r6, r7, r8, lr}
1000667c:	f5b2 4f00 	cmp.w	r2, #32768	@ 0x8000
10006680:	f89d 8018 	ldrb.w	r8, [sp, #24]
10006684:	d824      	bhi.n	100066d0 <tu_fifo_config+0x58>
10006686:	4604      	mov	r4, r0
10006688:	68c0      	ldr	r0, [r0, #12]
1000668a:	4617      	mov	r7, r2
1000668c:	460e      	mov	r6, r1
1000668e:	461d      	mov	r5, r3
10006690:	b118      	cbz	r0, 1000669a <tu_fifo_config+0x22>
10006692:	f04f 31ff 	mov.w	r1, #4294967295	@ 0xffffffff
10006696:	f004 fe0f 	bl	1000b2b8 <__mutex_enter_timeout_ms_veneer>
1000669a:	6920      	ldr	r0, [r4, #16]
1000669c:	b118      	cbz	r0, 100066a6 <tu_fifo_config+0x2e>
1000669e:	f04f 31ff 	mov.w	r1, #4294967295	@ 0xffffffff
100066a2:	f004 fe09 	bl	1000b2b8 <__mutex_enter_timeout_ms_veneer>
100066a6:	2200      	movs	r2, #0
100066a8:	f3c5 030e 	ubfx	r3, r5, #0, #15
100066ac:	68e0      	ldr	r0, [r4, #12]
100066ae:	ea43 33c8 	orr.w	r3, r3, r8, lsl #15
100066b2:	8162      	strh	r2, [r4, #10]
100066b4:	6026      	str	r6, [r4, #0]
100066b6:	80a7      	strh	r7, [r4, #4]
100066b8:	80e3      	strh	r3, [r4, #6]
100066ba:	8122      	strh	r2, [r4, #8]
100066bc:	b108      	cbz	r0, 100066c2 <tu_fifo_config+0x4a>
100066be:	f004 fe0f 	bl	1000b2e0 <__mutex_exit_veneer>
100066c2:	6920      	ldr	r0, [r4, #16]
100066c4:	b108      	cbz	r0, 100066ca <tu_fifo_config+0x52>
100066c6:	f004 fe0b 	bl	1000b2e0 <__mutex_exit_veneer>
100066ca:	2001      	movs	r0, #1
100066cc:	e8bd 81f0 	ldmia.w	sp!, {r4, r5, r6, r7, r8, pc}
100066d0:	2000      	movs	r0, #0
100066d2:	e8bd 81f0 	ldmia.w	sp!, {r4, r5, r6, r7, r8, pc}
100066d6:	bf00      	nop

100066d8 <tu_fifo_count>:
100066d8:	8903      	ldrh	r3, [r0, #8]
100066da:	8942      	ldrh	r2, [r0, #10]
100066dc:	b29b      	uxth	r3, r3
100066de:	b292      	uxth	r2, r2
100066e0:	8880      	ldrh	r0, [r0, #4]
100066e2:	4293      	cmp	r3, r2
100066e4:	bf36      	itet	cc
100066e6:	ebc2 0240 	rsbcc	r2, r2, r0, lsl #1
100066ea:	1a9b      	subcs	r3, r3, r2
100066ec:	189b      	addcc	r3, r3, r2
100066ee:	b29b      	uxth	r3, r3
100066f0:	4298      	cmp	r0, r3
100066f2:	bf28      	it	cs
100066f4:	4618      	movcs	r0, r3
100066f6:	4770      	bx	lr

100066f8 <tu_fifo_empty>:
100066f8:	8902      	ldrh	r2, [r0, #8]
100066fa:	8943      	ldrh	r3, [r0, #10]
100066fc:	b290      	uxth	r0, r2
100066fe:	b29b      	uxth	r3, r3
10006700:	1ac0      	subs	r0, r0, r3
10006702:	fab0 f080 	clz	r0, r0
10006706:	0940      	lsrs	r0, r0, #5
10006708:	4770      	bx	lr
1000670a:	bf00      	nop

1000670c <tu_fifo_remaining>:
1000670c:	8903      	ldrh	r3, [r0, #8]
1000670e:	8942      	ldrh	r2, [r0, #10]
10006710:	b29b      	uxth	r3, r3
10006712:	8880      	ldrh	r0, [r0, #4]
10006714:	b292      	uxth	r2, r2
10006716:	4293      	cmp	r3, r2
10006718:	bf36      	itet	cc
1000671a:	ebc2 0240 	rsbcc	r2, r2, r0, lsl #1
1000671e:	1a9b      	subcs	r3, r3, r2
10006720:	189b      	addcc	r3, r3, r2
10006722:	b29b      	uxth	r3, r3
10006724:	4298      	cmp	r0, r3
10006726:	bf86      	itte	hi
10006728:	1ac0      	subhi	r0, r0, r3
1000672a:	b280      	uxthhi	r0, r0
1000672c:	2000      	movls	r0, #0
1000672e:	4770      	bx	lr

10006730 <tu_fifo_read>:
10006730:	b538      	push	{r3, r4, r5, lr}
10006732:	4604      	mov	r4, r0
10006734:	6900      	ldr	r0, [r0, #16]
10006736:	460d      	mov	r5, r1
10006738:	b118      	cbz	r0, 10006742 <tu_fifo_read+0x12>
1000673a:	f04f 31ff 	mov.w	r1, #4294967295	@ 0xffffffff
1000673e:	f004 fdbb 	bl	1000b2b8 <__mutex_enter_timeout_ms_veneer>
10006742:	8921      	ldrh	r1, [r4, #8]
10006744:	8963      	ldrh	r3, [r4, #10]
10006746:	b289      	uxth	r1, r1
10006748:	b29b      	uxth	r3, r3
1000674a:	88a2      	ldrh	r2, [r4, #4]
1000674c:	4299      	cmp	r1, r3
1000674e:	bf36      	itet	cc
10006750:	ebc3 0042 	rsbcc	r0, r3, r2, lsl #1
10006754:	1ac8      	subcs	r0, r1, r3
10006756:	1840      	addcc	r0, r0, r1
10006758:	b280      	uxth	r0, r0
1000675a:	b350      	cbz	r0, 100067b2 <tu_fifo_read+0x82>
1000675c:	4282      	cmp	r2, r0
1000675e:	d209      	bcs.n	10006774 <tu_fifo_read+0x44>
10006760:	4291      	cmp	r1, r2
10006762:	bf2c      	ite	cs
10006764:	1a89      	subcs	r1, r1, r2
10006766:	1889      	addcc	r1, r1, r2
10006768:	b28b      	uxth	r3, r1
1000676a:	429a      	cmp	r2, r3
1000676c:	8163      	strh	r3, [r4, #10]
1000676e:	d803      	bhi.n	10006778 <tu_fifo_read+0x48>
10006770:	1a9b      	subs	r3, r3, r2
10006772:	b29b      	uxth	r3, r3
10006774:	429a      	cmp	r2, r3
10006776:	d9fb      	bls.n	10006770 <tu_fifo_read+0x40>
10006778:	88e2      	ldrh	r2, [r4, #6]
1000677a:	6821      	ldr	r1, [r4, #0]
1000677c:	f3c2 020e 	ubfx	r2, r2, #0, #15
10006780:	fb02 1103 	mla	r1, r2, r3, r1
10006784:	4628      	mov	r0, r5
10006786:	f004 fc9b 	bl	1000b0c0 <memcpy>
1000678a:	8961      	ldrh	r1, [r4, #10]
1000678c:	2501      	movs	r5, #1
1000678e:	b289      	uxth	r1, r1
10006790:	1c4b      	adds	r3, r1, #1
10006792:	b29b      	uxth	r3, r3
10006794:	4299      	cmp	r1, r3
10006796:	88a2      	ldrh	r2, [r4, #4]
10006798:	d90e      	bls.n	100067b8 <tu_fifo_read+0x88>
1000679a:	2300      	movs	r3, #0
1000679c:	fa02 f105 	lsl.w	r1, r2, r5
100067a0:	1a5b      	subs	r3, r3, r1
100067a2:	b29b      	uxth	r3, r3
100067a4:	6920      	ldr	r0, [r4, #16]
100067a6:	8163      	strh	r3, [r4, #10]
100067a8:	b108      	cbz	r0, 100067ae <tu_fifo_read+0x7e>
100067aa:	f004 fd99 	bl	1000b2e0 <__mutex_exit_veneer>
100067ae:	4628      	mov	r0, r5
100067b0:	bd38      	pop	{r3, r4, r5, pc}
100067b2:	4605      	mov	r5, r0
100067b4:	8963      	ldrh	r3, [r4, #10]
100067b6:	b29b      	uxth	r3, r3
100067b8:	ebb3 0f42 	cmp.w	r3, r2, lsl #1
100067bc:	ea4f 0142 	mov.w	r1, r2, lsl #1
100067c0:	dbf0      	blt.n	100067a4 <tu_fifo_read+0x74>
100067c2:	e7ed      	b.n	100067a0 <tu_fifo_read+0x70>

100067c4 <tu_fifo_read_n>:
100067c4:	e92d 47f0 	stmdb	sp!, {r4, r5, r6, r7, r8, r9, sl, lr}
100067c8:	4606      	mov	r6, r0
100067ca:	6900      	ldr	r0, [r0, #16]
100067cc:	4688      	mov	r8, r1
100067ce:	4691      	mov	r9, r2
100067d0:	b118      	cbz	r0, 100067da <tu_fifo_read_n+0x16>
100067d2:	f04f 31ff 	mov.w	r1, #4294967295	@ 0xffffffff
100067d6:	f004 fd6f 	bl	1000b2b8 <__mutex_enter_timeout_ms_veneer>
100067da:	8933      	ldrh	r3, [r6, #8]
100067dc:	8974      	ldrh	r4, [r6, #10]
100067de:	b29b      	uxth	r3, r3
100067e0:	b2a4      	uxth	r4, r4
100067e2:	88b5      	ldrh	r5, [r6, #4]
100067e4:	42a3      	cmp	r3, r4
100067e6:	bf36      	itet	cc
100067e8:	ebc4 0745 	rsbcc	r7, r4, r5, lsl #1
100067ec:	1b1f      	subcs	r7, r3, r4
100067ee:	18ff      	addcc	r7, r7, r3
100067f0:	b2bf      	uxth	r7, r7
100067f2:	2f00      	cmp	r7, #0
100067f4:	d04a      	beq.n	1000688c <tu_fifo_read_n+0xc8>
100067f6:	42bd      	cmp	r5, r7
100067f8:	d340      	bcc.n	1000687c <tu_fifo_read_n+0xb8>
100067fa:	45b9      	cmp	r9, r7
100067fc:	bf28      	it	cs
100067fe:	46b9      	movcs	r9, r7
10006800:	42a5      	cmp	r5, r4
10006802:	fa1f f789 	uxth.w	r7, r9
10006806:	d803      	bhi.n	10006810 <tu_fifo_read_n+0x4c>
10006808:	1b64      	subs	r4, r4, r5
1000680a:	b2a4      	uxth	r4, r4
1000680c:	42a5      	cmp	r5, r4
1000680e:	d9fb      	bls.n	10006808 <tu_fifo_read_n+0x44>
10006810:	f8b6 a006 	ldrh.w	sl, [r6, #6]
10006814:	1b2b      	subs	r3, r5, r4
10006816:	6831      	ldr	r1, [r6, #0]
10006818:	b29b      	uxth	r3, r3
1000681a:	f3ca 020e 	ubfx	r2, sl, #0, #15
1000681e:	429f      	cmp	r7, r3
10006820:	4692      	mov	sl, r2
10006822:	fb02 1104 	mla	r1, r2, r4, r1
10006826:	d923      	bls.n	10006870 <tu_fifo_read_n+0xac>
10006828:	fb13 f302 	smulbb	r3, r3, r2
1000682c:	fa1f f983 	uxth.w	r9, r3
10006830:	464a      	mov	r2, r9
10006832:	4640      	mov	r0, r8
10006834:	1b7d      	subs	r5, r7, r5
10006836:	f004 fc43 	bl	1000b0c0 <memcpy>
1000683a:	1962      	adds	r2, r4, r5
1000683c:	fb12 f20a 	smulbb	r2, r2, sl
10006840:	6831      	ldr	r1, [r6, #0]
10006842:	eb08 0009 	add.w	r0, r8, r9
10006846:	b292      	uxth	r2, r2
10006848:	f004 fc3a 	bl	1000b0c0 <memcpy>
1000684c:	8972      	ldrh	r2, [r6, #10]
1000684e:	88b5      	ldrh	r5, [r6, #4]
10006850:	b292      	uxth	r2, r2
10006852:	19d3      	adds	r3, r2, r7
10006854:	b29b      	uxth	r3, r3
10006856:	429a      	cmp	r2, r3
10006858:	d91a      	bls.n	10006890 <tu_fifo_read_n+0xcc>
1000685a:	006a      	lsls	r2, r5, #1
1000685c:	1a9b      	subs	r3, r3, r2
1000685e:	b29b      	uxth	r3, r3
10006860:	6930      	ldr	r0, [r6, #16]
10006862:	8173      	strh	r3, [r6, #10]
10006864:	b108      	cbz	r0, 1000686a <tu_fifo_read_n+0xa6>
10006866:	f004 fd3b 	bl	1000b2e0 <__mutex_exit_veneer>
1000686a:	4638      	mov	r0, r7
1000686c:	e8bd 87f0 	ldmia.w	sp!, {r4, r5, r6, r7, r8, r9, sl, pc}
10006870:	4640      	mov	r0, r8
10006872:	fb07 f202 	mul.w	r2, r7, r2
10006876:	f004 fc23 	bl	1000b0c0 <memcpy>
1000687a:	e7e7      	b.n	1000684c <tu_fifo_read_n+0x88>
1000687c:	42ab      	cmp	r3, r5
1000687e:	bf2c      	ite	cs
10006880:	1b5b      	subcs	r3, r3, r5
10006882:	195b      	addcc	r3, r3, r5
10006884:	b29c      	uxth	r4, r3
10006886:	462f      	mov	r7, r5
10006888:	8174      	strh	r4, [r6, #10]
1000688a:	e7b6      	b.n	100067fa <tu_fifo_read_n+0x36>
1000688c:	8973      	ldrh	r3, [r6, #10]
1000688e:	b29b      	uxth	r3, r3
10006890:	ebb3 0f45 	cmp.w	r3, r5, lsl #1
10006894:	ea4f 0245 	mov.w	r2, r5, lsl #1
10006898:	dbe2      	blt.n	10006860 <tu_fifo_read_n+0x9c>
1000689a:	e7df      	b.n	1000685c <tu_fifo_read_n+0x98>

1000689c <tu_fifo_write>:
1000689c:	b5f8      	push	{r3, r4, r5, r6, r7, lr}
1000689e:	4604      	mov	r4, r0
100068a0:	68c0      	ldr	r0, [r0, #12]
100068a2:	460e      	mov	r6, r1
100068a4:	b118      	cbz	r0, 100068ae <tu_fifo_write+0x12>
100068a6:	f04f 31ff 	mov.w	r1, #4294967295	@ 0xffffffff
100068aa:	f004 fd05 	bl	1000b2b8 <__mutex_enter_timeout_ms_veneer>
100068ae:	8925      	ldrh	r5, [r4, #8]
100068b0:	8923      	ldrh	r3, [r4, #8]
100068b2:	8961      	ldrh	r1, [r4, #10]
100068b4:	b29b      	uxth	r3, r3
100068b6:	b289      	uxth	r1, r1
100068b8:	88a2      	ldrh	r2, [r4, #4]
100068ba:	428b      	cmp	r3, r1
100068bc:	bf36      	itet	cc
100068be:	ebc1 0142 	rsbcc	r1, r1, r2, lsl #1
100068c2:	1a5b      	subcs	r3, r3, r1
100068c4:	185b      	addcc	r3, r3, r1
100068c6:	b29b      	uxth	r3, r3
100068c8:	429a      	cmp	r2, r3
100068ca:	b2ad      	uxth	r5, r5
100068cc:	d808      	bhi.n	100068e0 <tu_fifo_write+0x44>
100068ce:	79e7      	ldrb	r7, [r4, #7]
100068d0:	09ff      	lsrs	r7, r7, #7
100068d2:	d105      	bne.n	100068e0 <tu_fifo_write+0x44>
100068d4:	68e0      	ldr	r0, [r4, #12]
100068d6:	b108      	cbz	r0, 100068dc <tu_fifo_write+0x40>
100068d8:	f004 fd02 	bl	1000b2e0 <__mutex_exit_veneer>
100068dc:	4638      	mov	r0, r7
100068de:	bdf8      	pop	{r3, r4, r5, r6, r7, pc}
100068e0:	4295      	cmp	r5, r2
100068e2:	d319      	bcc.n	10006918 <tu_fifo_write+0x7c>
100068e4:	462b      	mov	r3, r5
100068e6:	1a9b      	subs	r3, r3, r2
100068e8:	b29b      	uxth	r3, r3
100068ea:	4293      	cmp	r3, r2
100068ec:	d2fb      	bcs.n	100068e6 <tu_fifo_write+0x4a>
100068ee:	88e2      	ldrh	r2, [r4, #6]
100068f0:	6820      	ldr	r0, [r4, #0]
100068f2:	f3c2 020e 	ubfx	r2, r2, #0, #15
100068f6:	fb02 0003 	mla	r0, r2, r3, r0
100068fa:	4631      	mov	r1, r6
100068fc:	f004 fbe0 	bl	1000b0c0 <memcpy>
10006900:	1c6b      	adds	r3, r5, #1
10006902:	b29b      	uxth	r3, r3
10006904:	429d      	cmp	r5, r3
10006906:	88a2      	ldrh	r2, [r4, #4]
10006908:	d912      	bls.n	10006930 <tu_fifo_write+0x94>
1000690a:	2300      	movs	r3, #0
1000690c:	0051      	lsls	r1, r2, #1
1000690e:	1a5b      	subs	r3, r3, r1
10006910:	b29b      	uxth	r3, r3
10006912:	2701      	movs	r7, #1
10006914:	8123      	strh	r3, [r4, #8]
10006916:	e7dd      	b.n	100068d4 <tu_fifo_write+0x38>
10006918:	88e2      	ldrh	r2, [r4, #6]
1000691a:	6820      	ldr	r0, [r4, #0]
1000691c:	f3c2 020e 	ubfx	r2, r2, #0, #15
10006920:	fb05 0002 	mla	r0, r5, r2, r0
10006924:	4631      	mov	r1, r6
10006926:	f004 fbcb 	bl	1000b0c0 <memcpy>
1000692a:	3501      	adds	r5, #1
1000692c:	88a2      	ldrh	r2, [r4, #4]
1000692e:	b2ab      	uxth	r3, r5
10006930:	ebb3 0f42 	cmp.w	r3, r2, lsl #1
10006934:	ea4f 0142 	mov.w	r1, r2, lsl #1
10006938:	dbeb      	blt.n	10006912 <tu_fifo_write+0x76>
1000693a:	e7e8      	b.n	1000690e <tu_fifo_write+0x72>

1000693c <tu_fifo_write_n>:
1000693c:	e92d 4ff0 	stmdb	sp!, {r4, r5, r6, r7, r8, r9, sl, fp, lr}
10006940:	4616      	mov	r6, r2
10006942:	b083      	sub	sp, #12
10006944:	2a00      	cmp	r2, #0
10006946:	d04c      	beq.n	100069e2 <tu_fifo_write_n+0xa6>
10006948:	4605      	mov	r5, r0
1000694a:	68c0      	ldr	r0, [r0, #12]
1000694c:	4688      	mov	r8, r1
1000694e:	b118      	cbz	r0, 10006958 <tu_fifo_write_n+0x1c>
10006950:	f04f 31ff 	mov.w	r1, #4294967295	@ 0xffffffff
10006954:	f004 fcb0 	bl	1000b2b8 <__mutex_enter_timeout_ms_veneer>
10006958:	79ea      	ldrb	r2, [r5, #7]
1000695a:	892f      	ldrh	r7, [r5, #8]
1000695c:	8969      	ldrh	r1, [r5, #10]
1000695e:	09d2      	lsrs	r2, r2, #7
10006960:	88ab      	ldrh	r3, [r5, #4]
10006962:	b2bf      	uxth	r7, r7
10006964:	b289      	uxth	r1, r1
10006966:	d140      	bne.n	100069ea <tu_fifo_write_n+0xae>
10006968:	428f      	cmp	r7, r1
1000696a:	bf36      	itet	cc
1000696c:	ebc1 0143 	rsbcc	r1, r1, r3, lsl #1
10006970:	1a79      	subcs	r1, r7, r1
10006972:	19c9      	addcc	r1, r1, r7
10006974:	b289      	uxth	r1, r1
10006976:	4299      	cmp	r1, r3
10006978:	d241      	bcs.n	100069fe <tu_fifo_write_n+0xc2>
1000697a:	1a59      	subs	r1, r3, r1
1000697c:	b289      	uxth	r1, r1
1000697e:	428e      	cmp	r6, r1
10006980:	bf28      	it	cs
10006982:	460e      	movcs	r6, r1
10006984:	f8b5 a006 	ldrh.w	sl, [r5, #6]
10006988:	eb07 0906 	add.w	r9, r7, r6
1000698c:	eba6 0b03 	sub.w	fp, r6, r3
10006990:	f3ca 0a0e 	ubfx	sl, sl, #0, #15
10006994:	fa1f f989 	uxth.w	r9, r9
10006998:	fa1f fb8b 	uxth.w	fp, fp
1000699c:	429f      	cmp	r7, r3
1000699e:	463c      	mov	r4, r7
100069a0:	d303      	bcc.n	100069aa <tu_fifo_write_n+0x6e>
100069a2:	1ae4      	subs	r4, r4, r3
100069a4:	b2a4      	uxth	r4, r4
100069a6:	429c      	cmp	r4, r3
100069a8:	d2fb      	bcs.n	100069a2 <tu_fifo_write_n+0x66>
100069aa:	1b1b      	subs	r3, r3, r4
100069ac:	6828      	ldr	r0, [r5, #0]
100069ae:	b29b      	uxth	r3, r3
100069b0:	42b3      	cmp	r3, r6
100069b2:	fb0a 0004 	mla	r0, sl, r4, r0
100069b6:	d34b      	bcc.n	10006a50 <tu_fifo_write_n+0x114>
100069b8:	4641      	mov	r1, r8
100069ba:	fb0a f206 	mul.w	r2, sl, r6
100069be:	f004 fb7f 	bl	1000b0c0 <memcpy>
100069c2:	88aa      	ldrh	r2, [r5, #4]
100069c4:	454f      	cmp	r7, r9
100069c6:	ea4f 0342 	mov.w	r3, r2, lsl #1
100069ca:	d802      	bhi.n	100069d2 <tu_fifo_write_n+0x96>
100069cc:	ebb9 0f42 	cmp.w	r9, r2, lsl #1
100069d0:	db03      	blt.n	100069da <tu_fifo_write_n+0x9e>
100069d2:	eba9 0303 	sub.w	r3, r9, r3
100069d6:	fa1f f983 	uxth.w	r9, r3
100069da:	68e8      	ldr	r0, [r5, #12]
100069dc:	f8a5 9008 	strh.w	r9, [r5, #8]
100069e0:	b988      	cbnz	r0, 10006a06 <tu_fifo_write_n+0xca>
100069e2:	4630      	mov	r0, r6
100069e4:	b003      	add	sp, #12
100069e6:	e8bd 8ff0 	ldmia.w	sp!, {r4, r5, r6, r7, r8, r9, sl, fp, pc}
100069ea:	f8b5 a006 	ldrh.w	sl, [r5, #6]
100069ee:	429e      	cmp	r6, r3
100069f0:	f3ca 0a0e 	ubfx	sl, sl, #0, #15
100069f4:	d30d      	bcc.n	10006a12 <tu_fifo_write_n+0xd6>
100069f6:	2b00      	cmp	r3, #0
100069f8:	d13f      	bne.n	10006a7a <tu_fifo_write_n+0x13e>
100069fa:	461e      	mov	r6, r3
100069fc:	e000      	b.n	10006a00 <tu_fifo_write_n+0xc4>
100069fe:	2600      	movs	r6, #0
10006a00:	68e8      	ldr	r0, [r5, #12]
10006a02:	2800      	cmp	r0, #0
10006a04:	d0ed      	beq.n	100069e2 <tu_fifo_write_n+0xa6>
10006a06:	f004 fc6b 	bl	1000b2e0 <__mutex_exit_veneer>
10006a0a:	4630      	mov	r0, r6
10006a0c:	b003      	add	sp, #12
10006a0e:	e8bd 8ff0 	ldmia.w	sp!, {r4, r5, r6, r7, r8, r9, sl, fp, pc}
10006a12:	428f      	cmp	r7, r1
10006a14:	bf36      	itet	cc
10006a16:	ebc1 0243 	rsbcc	r2, r1, r3, lsl #1
10006a1a:	1a7a      	subcs	r2, r7, r1
10006a1c:	19d2      	addcc	r2, r2, r7
10006a1e:	b292      	uxth	r2, r2
10006a20:	0058      	lsls	r0, r3, #1
10006a22:	4432      	add	r2, r6
10006a24:	eba6 0b03 	sub.w	fp, r6, r3
10006a28:	4282      	cmp	r2, r0
10006a2a:	fa1f fb8b 	uxth.w	fp, fp
10006a2e:	db0a      	blt.n	10006a46 <tu_fifo_write_n+0x10a>
10006a30:	eb01 0903 	add.w	r9, r1, r3
10006a34:	fa1f f989 	uxth.w	r9, r9
10006a38:	eba9 0706 	sub.w	r7, r9, r6
10006a3c:	b2bf      	uxth	r7, r7
10006a3e:	42b9      	cmp	r1, r7
10006a40:	d918      	bls.n	10006a74 <tu_fifo_write_n+0x138>
10006a42:	1a38      	subs	r0, r7, r0
10006a44:	b287      	uxth	r7, r0
10006a46:	eb06 0907 	add.w	r9, r6, r7
10006a4a:	fa1f f989 	uxth.w	r9, r9
10006a4e:	e7a5      	b.n	1000699c <tu_fifo_write_n+0x60>
10006a50:	fb13 f30a 	smulbb	r3, r3, sl
10006a54:	445c      	add	r4, fp
10006a56:	fb14 f40a 	smulbb	r4, r4, sl
10006a5a:	b29a      	uxth	r2, r3
10006a5c:	4641      	mov	r1, r8
10006a5e:	9201      	str	r2, [sp, #4]
10006a60:	f004 fb2e 	bl	1000b0c0 <memcpy>
10006a64:	9a01      	ldr	r2, [sp, #4]
10006a66:	6828      	ldr	r0, [r5, #0]
10006a68:	eb08 0102 	add.w	r1, r8, r2
10006a6c:	b2a2      	uxth	r2, r4
10006a6e:	f004 fb27 	bl	1000b0c0 <memcpy>
10006a72:	e7a6      	b.n	100069c2 <tu_fifo_write_n+0x86>
10006a74:	42b8      	cmp	r0, r7
10006a76:	dc91      	bgt.n	1000699c <tu_fifo_write_n+0x60>
10006a78:	e7e3      	b.n	10006a42 <tu_fifo_write_n+0x106>
10006a7a:	1af6      	subs	r6, r6, r3
10006a7c:	eb01 0903 	add.w	r9, r1, r3
10006a80:	fb0a 8806 	mla	r8, sl, r6, r8
10006a84:	460f      	mov	r7, r1
10006a86:	461e      	mov	r6, r3
10006a88:	f04f 0b00 	mov.w	fp, #0
10006a8c:	fa1f f989 	uxth.w	r9, r9
10006a90:	e784      	b.n	1000699c <tu_fifo_write_n+0x60>
10006a92:	bf00      	nop

10006a94 <tu_fifo_clear>:
10006a94:	b510      	push	{r4, lr}
10006a96:	4604      	mov	r4, r0
10006a98:	68c0      	ldr	r0, [r0, #12]
10006a9a:	b118      	cbz	r0, 10006aa4 <tu_fifo_clear+0x10>
10006a9c:	f04f 31ff 	mov.w	r1, #4294967295	@ 0xffffffff
10006aa0:	f004 fc0a 	bl	1000b2b8 <__mutex_enter_timeout_ms_veneer>
10006aa4:	6920      	ldr	r0, [r4, #16]
10006aa6:	b118      	cbz	r0, 10006ab0 <tu_fifo_clear+0x1c>
10006aa8:	f04f 31ff 	mov.w	r1, #4294967295	@ 0xffffffff
10006aac:	f004 fc04 	bl	1000b2b8 <__mutex_enter_timeout_ms_veneer>
10006ab0:	2300      	movs	r3, #0
10006ab2:	68e0      	ldr	r0, [r4, #12]
10006ab4:	8163      	strh	r3, [r4, #10]
10006ab6:	8123      	strh	r3, [r4, #8]
10006ab8:	b108      	cbz	r0, 10006abe <tu_fifo_clear+0x2a>
10006aba:	f004 fc11 	bl	1000b2e0 <__mutex_exit_veneer>
10006abe:	6920      	ldr	r0, [r4, #16]
10006ac0:	b108      	cbz	r0, 10006ac6 <tu_fifo_clear+0x32>
10006ac2:	f004 fc0d 	bl	1000b2e0 <__mutex_exit_veneer>
10006ac6:	2001      	movs	r0, #1
10006ac8:	bd10      	pop	{r4, pc}
10006aca:	bf00      	nop

10006acc <tu_fifo_set_overwritable>:
10006acc:	b538      	push	{r3, r4, r5, lr}
10006ace:	4604      	mov	r4, r0
10006ad0:	68c0      	ldr	r0, [r0, #12]
10006ad2:	460d      	mov	r5, r1
10006ad4:	b118      	cbz	r0, 10006ade <tu_fifo_set_overwritable+0x12>
10006ad6:	f04f 31ff 	mov.w	r1, #4294967295	@ 0xffffffff
10006ada:	f004 fbed 	bl	1000b2b8 <__mutex_enter_timeout_ms_veneer>
10006ade:	6920      	ldr	r0, [r4, #16]
10006ae0:	b118      	cbz	r0, 10006aea <tu_fifo_set_overwritable+0x1e>
10006ae2:	f04f 31ff 	mov.w	r1, #4294967295	@ 0xffffffff
10006ae6:	f004 fbe7 	bl	1000b2b8 <__mutex_enter_timeout_ms_veneer>
10006aea:	79e3      	ldrb	r3, [r4, #7]
10006aec:	68e0      	ldr	r0, [r4, #12]
10006aee:	f365 13c7 	bfi	r3, r5, #7, #1
10006af2:	71e3      	strb	r3, [r4, #7]
10006af4:	b108      	cbz	r0, 10006afa <tu_fifo_set_overwritable+0x2e>
10006af6:	f004 fbf3 	bl	1000b2e0 <__mutex_exit_veneer>
10006afa:	6920      	ldr	r0, [r4, #16]
10006afc:	b108      	cbz	r0, 10006b02 <tu_fifo_set_overwritable+0x36>
10006afe:	f004 fbef 	bl	1000b2e0 <__mutex_exit_veneer>
10006b02:	2001      	movs	r0, #1
10006b04:	bd38      	pop	{r3, r4, r5, pc}
10006b06:	bf00      	nop

10006b08 <adc_init>:
10006b08:	2301      	movs	r3, #1
10006b0a:	4807      	ldr	r0, [pc, #28]	@ (10006b28 <adc_init+0x20>)
10006b0c:	4907      	ldr	r1, [pc, #28]	@ (10006b2c <adc_init+0x24>)
10006b0e:	4a08      	ldr	r2, [pc, #32]	@ (10006b30 <adc_init+0x28>)
10006b10:	6003      	str	r3, [r0, #0]
10006b12:	600b      	str	r3, [r1, #0]
10006b14:	6893      	ldr	r3, [r2, #8]
10006b16:	07d9      	lsls	r1, r3, #31
10006b18:	d5fc      	bpl.n	10006b14 <adc_init+0xc>
10006b1a:	2301      	movs	r3, #1
10006b1c:	4a05      	ldr	r2, [pc, #20]	@ (10006b34 <adc_init+0x2c>)
10006b1e:	6013      	str	r3, [r2, #0]
10006b20:	6813      	ldr	r3, [r2, #0]
10006b22:	05db      	lsls	r3, r3, #23
10006b24:	d5fc      	bpl.n	10006b20 <adc_init+0x18>
10006b26:	4770      	bx	lr
10006b28:	40022000 	.word	0x40022000
10006b2c:	40023000 	.word	0x40023000
10006b30:	40020000 	.word	0x40020000
10006b34:	400a0000 	.word	0x400a0000

10006b38 <i2c_write_blocking_internal.constprop.0>:
10006b38:	e92d 41f0 	stmdb	sp!, {r4, r5, r6, r7, r8, lr}
10006b3c:	2400      	movs	r4, #0
10006b3e:	2701      	movs	r7, #1
10006b40:	4694      	mov	ip, r2
10006b42:	6802      	ldr	r2, [r0, #0]
10006b44:	f1b3 0e00 	subs.w	lr, r3, #0
10006b48:	66d4      	str	r4, [r2, #108]	@ 0x6c
10006b4a:	4605      	mov	r5, r0
10006b4c:	6051      	str	r1, [r2, #4]
10006b4e:	4620      	mov	r0, r4
10006b50:	f89d 6018 	ldrb.w	r6, [sp, #24]
10006b54:	66d7      	str	r7, [r2, #108]	@ 0x6c
10006b56:	dd1d      	ble.n	10006b94 <i2c_write_blocking_internal.constprop.0+0x5c>
10006b58:	7929      	ldrb	r1, [r5, #4]
10006b5a:	4077      	eors	r7, r6
10006b5c:	0289      	lsls	r1, r1, #10
10006b5e:	027f      	lsls	r7, r7, #9
10006b60:	f10e 34ff 	add.w	r4, lr, #4294967295	@ 0xffffffff
10006b64:	42a0      	cmp	r0, r4
10006b66:	bf0c      	ite	eq
10006b68:	46b8      	moveq	r8, r7
10006b6a:	f04f 0800 	movne.w	r8, #0
10006b6e:	f81c 3b01 	ldrb.w	r3, [ip], #1
10006b72:	430b      	orrs	r3, r1
10006b74:	ea43 0308 	orr.w	r3, r3, r8
10006b78:	6113      	str	r3, [r2, #16]
10006b7a:	6b53      	ldr	r3, [r2, #52]	@ 0x34
10006b7c:	06d9      	lsls	r1, r3, #27
10006b7e:	d5fc      	bpl.n	10006b7a <i2c_write_blocking_internal.constprop.0+0x42>
10006b80:	f8d2 1080 	ldr.w	r1, [r2, #128]	@ 0x80
10006b84:	b949      	cbnz	r1, 10006b9a <i2c_write_blocking_internal.constprop.0+0x62>
10006b86:	42a0      	cmp	r0, r4
10006b88:	d01c      	beq.n	10006bc4 <i2c_write_blocking_internal.constprop.0+0x8c>
10006b8a:	3001      	adds	r0, #1
10006b8c:	4586      	cmp	lr, r0
10006b8e:	f04f 0100 	mov.w	r1, #0
10006b92:	d1e7      	bne.n	10006b64 <i2c_write_blocking_internal.constprop.0+0x2c>
10006b94:	712e      	strb	r6, [r5, #4]
10006b96:	e8bd 81f0 	ldmia.w	sp!, {r4, r5, r6, r7, r8, pc}
10006b9a:	f04f 0801 	mov.w	r8, #1
10006b9e:	6d53      	ldr	r3, [r2, #84]	@ 0x54
10006ba0:	6b53      	ldr	r3, [r2, #52]	@ 0x34
10006ba2:	059b      	lsls	r3, r3, #22
10006ba4:	d5fc      	bpl.n	10006ba0 <i2c_write_blocking_internal.constprop.0+0x68>
10006ba6:	6e13      	ldr	r3, [r2, #96]	@ 0x60
10006ba8:	f1b8 0f00 	cmp.w	r8, #0
10006bac:	d0ed      	beq.n	10006b8a <i2c_write_blocking_internal.constprop.0+0x52>
10006bae:	b169      	cbz	r1, 10006bcc <i2c_write_blocking_internal.constprop.0+0x94>
10006bb0:	07cb      	lsls	r3, r1, #31
10006bb2:	d40b      	bmi.n	10006bcc <i2c_write_blocking_internal.constprop.0+0x94>
10006bb4:	f011 0f08 	tst.w	r1, #8
10006bb8:	bf08      	it	eq
10006bba:	f04f 30ff 	moveq.w	r0, #4294967295	@ 0xffffffff
10006bbe:	712e      	strb	r6, [r5, #4]
10006bc0:	e8bd 81f0 	ldmia.w	sp!, {r4, r5, r6, r7, r8, pc}
10006bc4:	2e00      	cmp	r6, #0
10006bc6:	d1e0      	bne.n	10006b8a <i2c_write_blocking_internal.constprop.0+0x52>
10006bc8:	46b0      	mov	r8, r6
10006bca:	e7e9      	b.n	10006ba0 <i2c_write_blocking_internal.constprop.0+0x68>
10006bcc:	f04f 30ff 	mov.w	r0, #4294967295	@ 0xffffffff
10006bd0:	e7e0      	b.n	10006b94 <i2c_write_blocking_internal.constprop.0+0x5c>
10006bd2:	bf00      	nop

10006bd4 <i2c_set_baudrate>:
10006bd4:	b5f8      	push	{r3, r4, r5, r6, r7, lr}
10006bd6:	4606      	mov	r6, r0
10006bd8:	2005      	movs	r0, #5
10006bda:	460c      	mov	r4, r1
10006bdc:	f7fb fb78 	bl	100022d0 <clock_get_hz>
10006be0:	eb00 0c54 	add.w	ip, r0, r4, lsr #1
10006be4:	fbbc fcf4 	udiv	ip, ip, r4
10006be8:	4b21      	ldr	r3, [pc, #132]	@ (10006c70 <i2c_set_baudrate+0x9c>)
10006bea:	eb0c 024c 	add.w	r2, ip, ip, lsl #1
10006bee:	fba3 5302 	umull	r5, r3, r3, r2
10006bf2:	4920      	ldr	r1, [pc, #128]	@ (10006c74 <i2c_set_baudrate+0xa0>)
10006bf4:	089f      	lsrs	r7, r3, #2
10006bf6:	428c      	cmp	r4, r1
10006bf8:	ebac 0593 	sub.w	r5, ip, r3, lsr #2
10006bfc:	d830      	bhi.n	10006c60 <i2c_set_baudrate+0x8c>
10006bfe:	f101 41d6 	add.w	r1, r1, #1795162112	@ 0x6b000000
10006c02:	f501 01a1 	add.w	r1, r1, #5275648	@ 0x508000
10006c06:	f601 012c 	addw	r1, r1, #2092	@ 0x82c
10006c0a:	eb00 0340 	add.w	r3, r0, r0, lsl #1
10006c0e:	fba1 1303 	umull	r1, r3, r1, r3
10006c12:	0d9b      	lsrs	r3, r3, #22
10006c14:	3301      	adds	r3, #1
10006c16:	2400      	movs	r4, #0
10006c18:	2a4f      	cmp	r2, #79	@ 0x4f
10006c1a:	bf98      	it	ls
10006c1c:	2201      	movls	r2, #1
10006c1e:	6831      	ldr	r1, [r6, #0]
10006c20:	fbb0 f0fc 	udiv	r0, r0, ip
10006c24:	66cc      	str	r4, [r1, #108]	@ 0x6c
10006c26:	680c      	ldr	r4, [r1, #0]
10006c28:	f501 5680 	add.w	r6, r1, #4096	@ 0x1000
10006c2c:	f084 0404 	eor.w	r4, r4, #4
10006c30:	f004 0406 	and.w	r4, r4, #6
10006c34:	6034      	str	r4, [r6, #0]
10006c36:	bf88      	it	hi
10006c38:	4c0d      	ldrhi	r4, [pc, #52]	@ (10006c70 <i2c_set_baudrate+0x9c>)
10006c3a:	61cd      	str	r5, [r1, #28]
10006c3c:	bf84      	itt	hi
10006c3e:	fba4 4202 	umullhi	r4, r2, r4, r2
10006c42:	0992      	lsrhi	r2, r2, #6
10006c44:	620f      	str	r7, [r1, #32]
10006c46:	f8c1 20a0 	str.w	r2, [r1, #160]	@ 0xa0
10006c4a:	460a      	mov	r2, r1
10006c4c:	2401      	movs	r4, #1
10006c4e:	f852 5f7c 	ldr.w	r5, [r2, #124]!
10006c52:	406b      	eors	r3, r5
10006c54:	b29b      	uxth	r3, r3
10006c56:	f502 5280 	add.w	r2, r2, #4096	@ 0x1000
10006c5a:	6013      	str	r3, [r2, #0]
10006c5c:	66cc      	str	r4, [r1, #108]	@ 0x6c
10006c5e:	bdf8      	pop	{r3, r4, r5, r6, r7, pc}
10006c60:	4905      	ldr	r1, [pc, #20]	@ (10006c78 <i2c_set_baudrate+0xa4>)
10006c62:	eb00 0340 	add.w	r3, r0, r0, lsl #1
10006c66:	fba1 1303 	umull	r1, r3, r1, r3
10006c6a:	0ddb      	lsrs	r3, r3, #23
10006c6c:	3301      	adds	r3, #1
10006c6e:	e7d2      	b.n	10006c16 <i2c_set_baudrate+0x42>
10006c70:	cccccccd 	.word	0xcccccccd
10006c74:	000f423f 	.word	0x000f423f
10006c78:	55e63b89 	.word	0x55e63b89

10006c7c <i2c_init>:
10006c7c:	4a0e      	ldr	r2, [pc, #56]	@ (10006cb8 <i2c_init+0x3c>)
10006c7e:	b430      	push	{r4, r5}
10006c80:	4290      	cmp	r0, r2
10006c82:	bf14      	ite	ne
10006c84:	2220      	movne	r2, #32
10006c86:	2210      	moveq	r2, #16
10006c88:	4d0c      	ldr	r5, [pc, #48]	@ (10006cbc <i2c_init+0x40>)
10006c8a:	4b0d      	ldr	r3, [pc, #52]	@ (10006cc0 <i2c_init+0x44>)
10006c8c:	4c0d      	ldr	r4, [pc, #52]	@ (10006cc4 <i2c_init+0x48>)
10006c8e:	602a      	str	r2, [r5, #0]
10006c90:	601a      	str	r2, [r3, #0]
10006c92:	68a3      	ldr	r3, [r4, #8]
10006c94:	ea32 0303 	bics.w	r3, r2, r3
10006c98:	d1fb      	bne.n	10006c92 <i2c_init+0x16>
10006c9a:	f240 1565 	movw	r5, #357	@ 0x165
10006c9e:	2403      	movs	r4, #3
10006ca0:	6802      	ldr	r2, [r0, #0]
10006ca2:	7103      	strb	r3, [r0, #4]
10006ca4:	66d3      	str	r3, [r2, #108]	@ 0x6c
10006ca6:	6015      	str	r5, [r2, #0]
10006ca8:	63d3      	str	r3, [r2, #60]	@ 0x3c
10006caa:	6393      	str	r3, [r2, #56]	@ 0x38
10006cac:	f8c2 4088 	str.w	r4, [r2, #136]	@ 0x88
10006cb0:	bc30      	pop	{r4, r5}
10006cb2:	f7ff bf8f 	b.w	10006bd4 <i2c_set_baudrate>
10006cb6:	bf00      	nop
10006cb8:	200015fc 	.word	0x200015fc
10006cbc:	40022000 	.word	0x40022000
10006cc0:	40023000 	.word	0x40023000
10006cc4:	40020000 	.word	0x40020000

10006cc8 <i2c_write_blocking>:
10006cc8:	b410      	push	{r4}
10006cca:	f89d 4004 	ldrb.w	r4, [sp, #4]
10006cce:	9401      	str	r4, [sp, #4]
10006cd0:	f85d 4b04 	ldr.w	r4, [sp], #4
10006cd4:	f7ff bf30 	b.w	10006b38 <i2c_write_blocking_internal.constprop.0>

10006cd8 <prvDoorbellInterruptHandler>:
10006cd8:	4b0a      	ldr	r3, [pc, #40]	@ (10006d04 <prvDoorbellInterruptHandler+0x2c>)
10006cda:	f993 2000 	ldrsb.w	r2, [r3]
10006cde:	2a00      	cmp	r2, #0
10006ce0:	db0f      	blt.n	10006d02 <prvDoorbellInterruptHandler+0x2a>
10006ce2:	f04f 4150 	mov.w	r1, #3489660928	@ 0xd0000000
10006ce6:	2301      	movs	r3, #1
10006ce8:	f8d1 0188 	ldr.w	r0, [r1, #392]	@ 0x188
10006cec:	4093      	lsls	r3, r2
10006cee:	4218      	tst	r0, r3
10006cf0:	d007      	beq.n	10006d02 <prvDoorbellInterruptHandler+0x2a>
10006cf2:	f04f 22e0 	mov.w	r2, #3758153728	@ 0xe000e000
10006cf6:	f04f 5080 	mov.w	r0, #268435456	@ 0x10000000
10006cfa:	f8c1 318c 	str.w	r3, [r1, #396]	@ 0x18c
10006cfe:	f8c2 0d04 	str.w	r0, [r2, #3332]	@ 0xd04
10006d02:	4770      	bx	lr
10006d04:	20001604 	.word	0x20001604

10006d08 <prvTaskExitError>:
10006d08:	2100      	movs	r1, #0
10006d0a:	f04f 4250 	mov.w	r2, #3489660928	@ 0xd0000000
10006d0e:	b500      	push	{lr}
10006d10:	b083      	sub	sp, #12
10006d12:	9101      	str	r1, [sp, #4]
10006d14:	4b08      	ldr	r3, [pc, #32]	@ (10006d38 <prvTaskExitError+0x30>)
10006d16:	6812      	ldr	r2, [r2, #0]
10006d18:	f853 3022 	ldr.w	r3, [r3, r2, lsl #2]
10006d1c:	3301      	adds	r3, #1
10006d1e:	d002      	beq.n	10006d26 <prvTaskExitError+0x1e>
10006d20:	f000 fafa 	bl	10007318 <ulSetInterruptMask>
10006d24:	e7fe      	b.n	10006d24 <prvTaskExitError+0x1c>
10006d26:	f000 faf7 	bl	10007318 <ulSetInterruptMask>
10006d2a:	9b01      	ldr	r3, [sp, #4]
10006d2c:	2b00      	cmp	r3, #0
10006d2e:	d0fc      	beq.n	10006d2a <prvTaskExitError+0x22>
10006d30:	b003      	add	sp, #12
10006d32:	f85d fb04 	ldr.w	pc, [sp], #4
10006d36:	bf00      	nop
10006d38:	2001245c 	.word	0x2001245c

10006d3c <SysTick_Handler>:
10006d3c:	b510      	push	{r4, lr}
10006d3e:	f002 feab 	bl	10009a98 <vTaskEnterCriticalFromISR>
10006d42:	4604      	mov	r4, r0
10006d44:	f001 fee8 	bl	10008b18 <xTaskIncrementTick>
10006d48:	b128      	cbz	r0, 10006d56 <SysTick_Handler+0x1a>
10006d4a:	f04f 23e0 	mov.w	r3, #3758153728	@ 0xe000e000
10006d4e:	f04f 5280 	mov.w	r2, #268435456	@ 0x10000000
10006d52:	f8c3 2d04 	str.w	r2, [r3, #3332]	@ 0xd04
10006d56:	4620      	mov	r0, r4
10006d58:	e8bd 4010 	ldmia.w	sp!, {r4, lr}
10006d5c:	f003 bc88 	b.w	1000a670 <vTaskExitCriticalFromISR>

10006d60 <vPortSetupTimerInterrupt>:
10006d60:	b510      	push	{r4, lr}
10006d62:	2204      	movs	r2, #4
10006d64:	f04f 24e0 	mov.w	r4, #3758153728	@ 0xe000e000
10006d68:	2300      	movs	r3, #0
10006d6a:	6122      	str	r2, [r4, #16]
10006d6c:	2005      	movs	r0, #5
10006d6e:	61a3      	str	r3, [r4, #24]
10006d70:	f7fb faae 	bl	100022d0 <clock_get_hz>
10006d74:	2107      	movs	r1, #7
10006d76:	4b04      	ldr	r3, [pc, #16]	@ (10006d88 <vPortSetupTimerInterrupt+0x28>)
10006d78:	fba3 2300 	umull	r2, r3, r3, r0
10006d7c:	099b      	lsrs	r3, r3, #6
10006d7e:	3b01      	subs	r3, #1
10006d80:	6163      	str	r3, [r4, #20]
10006d82:	6121      	str	r1, [r4, #16]
10006d84:	bd10      	pop	{r4, pc}
10006d86:	bf00      	nop
10006d88:	10624dd3 	.word	0x10624dd3

10006d8c <xPortStartSchedulerOnCore.isra.0>:
10006d8c:	f04f 23e0 	mov.w	r3, #3758153728	@ 0xe000e000
10006d90:	2000      	movs	r0, #0
10006d92:	f04f 417f 	mov.w	r1, #4278190080	@ 0xff000000
10006d96:	b570      	push	{r4, r5, r6, lr}
10006d98:	b084      	sub	sp, #16
10006d9a:	9002      	str	r0, [sp, #8]
10006d9c:	f8c3 1d1c 	str.w	r1, [r3, #3356]	@ 0xd1c
10006da0:	f8d3 3d1c 	ldr.w	r3, [r3, #3356]	@ 0xd1c
10006da4:	4a3f      	ldr	r2, [pc, #252]	@ (10006ea4 <xPortStartSchedulerOnCore.isra.0+0x118>)
10006da6:	0e1b      	lsrs	r3, r3, #24
10006da8:	f88d 3007 	strb.w	r3, [sp, #7]
10006dac:	f89d 3007 	ldrb.w	r3, [sp, #7]
10006db0:	f003 0310 	and.w	r3, r3, #16
10006db4:	7013      	strb	r3, [r2, #0]
10006db6:	2b00      	cmp	r3, #0
10006db8:	d058      	beq.n	10006e6c <xPortStartSchedulerOnCore.isra.0+0xe0>
10006dba:	f89d 3007 	ldrb.w	r3, [sp, #7]
10006dbe:	06da      	lsls	r2, r3, #27
10006dc0:	d40b      	bmi.n	10006dda <xPortStartSchedulerOnCore.isra.0+0x4e>
10006dc2:	f000 faa9 	bl	10007318 <ulSetInterruptMask>
10006dc6:	e7fe      	b.n	10006dc6 <xPortStartSchedulerOnCore.isra.0+0x3a>
10006dc8:	9b02      	ldr	r3, [sp, #8]
10006dca:	3301      	adds	r3, #1
10006dcc:	9302      	str	r3, [sp, #8]
10006dce:	f89d 3007 	ldrb.w	r3, [sp, #7]
10006dd2:	005b      	lsls	r3, r3, #1
10006dd4:	b2db      	uxtb	r3, r3
10006dd6:	f88d 3007 	strb.w	r3, [sp, #7]
10006dda:	f89d 3007 	ldrb.w	r3, [sp, #7]
10006dde:	061b      	lsls	r3, r3, #24
10006de0:	d4f2      	bmi.n	10006dc8 <xPortStartSchedulerOnCore.isra.0+0x3c>
10006de2:	9b02      	ldr	r3, [sp, #8]
10006de4:	2b08      	cmp	r3, #8
10006de6:	d044      	beq.n	10006e72 <xPortStartSchedulerOnCore.isra.0+0xe6>
10006de8:	9b02      	ldr	r3, [sp, #8]
10006dea:	f1c3 0307 	rsb	r3, r3, #7
10006dee:	021b      	lsls	r3, r3, #8
10006df0:	f403 63e0 	and.w	r3, r3, #1792	@ 0x700
10006df4:	f04f 4150 	mov.w	r1, #3489660928	@ 0xd0000000
10006df8:	482b      	ldr	r0, [pc, #172]	@ (10006ea8 <xPortStartSchedulerOnCore.isra.0+0x11c>)
10006dfa:	4a2c      	ldr	r2, [pc, #176]	@ (10006eac <xPortStartSchedulerOnCore.isra.0+0x120>)
10006dfc:	6003      	str	r3, [r0, #0]
10006dfe:	7812      	ldrb	r2, [r2, #0]
10006e00:	680b      	ldr	r3, [r1, #0]
10006e02:	429a      	cmp	r2, r3
10006e04:	d03e      	beq.n	10006e84 <xPortStartSchedulerOnCore.isra.0+0xf8>
10006e06:	f04f 23e0 	mov.w	r3, #3758153728	@ 0xe000e000
10006e0a:	2500      	movs	r5, #0
10006e0c:	f04f 4450 	mov.w	r4, #3489660928	@ 0xd0000000
10006e10:	f8d3 2d20 	ldr.w	r2, [r3, #3360]	@ 0xd20
10006e14:	4926      	ldr	r1, [pc, #152]	@ (10006eb0 <xPortStartSchedulerOnCore.isra.0+0x124>)
10006e16:	f442 027f 	orr.w	r2, r2, #16711680	@ 0xff0000
10006e1a:	f8c3 2d20 	str.w	r2, [r3, #3360]	@ 0xd20
10006e1e:	200e      	movs	r0, #14
10006e20:	f8c3 5d1c 	str.w	r5, [r3, #3356]	@ 0xd1c
10006e24:	f003 fe8a 	bl	1000ab3c <exception_set_exclusive_handler>
10006e28:	4922      	ldr	r1, [pc, #136]	@ (10006eb4 <xPortStartSchedulerOnCore.isra.0+0x128>)
10006e2a:	200b      	movs	r0, #11
10006e2c:	f003 fe86 	bl	1000ab3c <exception_set_exclusive_handler>
10006e30:	4e21      	ldr	r6, [pc, #132]	@ (10006eb8 <xPortStartSchedulerOnCore.isra.0+0x12c>)
10006e32:	6823      	ldr	r3, [r4, #0]
10006e34:	21ff      	movs	r1, #255	@ 0xff
10006e36:	201a      	movs	r0, #26
10006e38:	f846 5023 	str.w	r5, [r6, r3, lsl #2]
10006e3c:	f7fa fcbe 	bl	100017bc <irq_set_priority>
10006e40:	201a      	movs	r0, #26
10006e42:	491e      	ldr	r1, [pc, #120]	@ (10006ebc <xPortStartSchedulerOnCore.isra.0+0x130>)
10006e44:	f7fa fa98 	bl	10001378 <irq_set_exclusive_handler>
10006e48:	2101      	movs	r1, #1
10006e4a:	201a      	movs	r0, #26
10006e4c:	f7fa fa52 	bl	100012f4 <irq_set_enabled>
10006e50:	f000 fa5a 	bl	10007308 <vStartFirstTask>
10006e54:	6820      	ldr	r0, [r4, #0]
10006e56:	f001 fe6f 	bl	10008b38 <vTaskSwitchContext>
10006e5a:	9503      	str	r5, [sp, #12]
10006e5c:	6823      	ldr	r3, [r4, #0]
10006e5e:	f856 3023 	ldr.w	r3, [r6, r3, lsl #2]
10006e62:	3301      	adds	r3, #1
10006e64:	d007      	beq.n	10006e76 <xPortStartSchedulerOnCore.isra.0+0xea>
10006e66:	f000 fa57 	bl	10007318 <ulSetInterruptMask>
10006e6a:	e7fe      	b.n	10006e6a <xPortStartSchedulerOnCore.isra.0+0xde>
10006e6c:	f000 fa54 	bl	10007318 <ulSetInterruptMask>
10006e70:	e7fe      	b.n	10006e70 <xPortStartSchedulerOnCore.isra.0+0xe4>
10006e72:	2300      	movs	r3, #0
10006e74:	e7be      	b.n	10006df4 <xPortStartSchedulerOnCore.isra.0+0x68>
10006e76:	f000 fa4f 	bl	10007318 <ulSetInterruptMask>
10006e7a:	9b03      	ldr	r3, [sp, #12]
10006e7c:	2b00      	cmp	r3, #0
10006e7e:	d0fc      	beq.n	10006e7a <xPortStartSchedulerOnCore.isra.0+0xee>
10006e80:	b004      	add	sp, #16
10006e82:	bd70      	pop	{r4, r5, r6, pc}
10006e84:	f7ff ff6c 	bl	10006d60 <vPortSetupTimerInterrupt>
10006e88:	f04f 22e0 	mov.w	r2, #3758153728	@ 0xe000e000
10006e8c:	f8d2 3d20 	ldr.w	r3, [r2, #3360]	@ 0xd20
10006e90:	490b      	ldr	r1, [pc, #44]	@ (10006ec0 <xPortStartSchedulerOnCore.isra.0+0x134>)
10006e92:	f043 437f 	orr.w	r3, r3, #4278190080	@ 0xff000000
10006e96:	f8c2 3d20 	str.w	r3, [r2, #3360]	@ 0xd20
10006e9a:	200f      	movs	r0, #15
10006e9c:	f003 fe4e 	bl	1000ab3c <exception_set_exclusive_handler>
10006ea0:	e7b1      	b.n	10006e06 <xPortStartSchedulerOnCore.isra.0+0x7a>
10006ea2:	bf00      	nop
10006ea4:	2001257a 	.word	0x2001257a
10006ea8:	20012464 	.word	0x20012464
10006eac:	20001605 	.word	0x20001605
10006eb0:	10007341 	.word	0x10007341
10006eb4:	100073d9 	.word	0x100073d9
10006eb8:	2001245c 	.word	0x2001245c
10006ebc:	10006cd9 	.word	0x10006cd9
10006ec0:	10006d3d 	.word	0x10006d3d

10006ec4 <prvDisableInterruptsAndPortStartSchedulerOnCore>:
10006ec4:	b508      	push	{r3, lr}
10006ec6:	f000 fa27 	bl	10007318 <ulSetInterruptMask>
10006eca:	e8bd 4008 	ldmia.w	sp!, {r3, lr}
10006ece:	f7ff bf5d 	b.w	10006d8c <xPortStartSchedulerOnCore.isra.0>
10006ed2:	bf00      	nop

10006ed4 <vPortYield>:
10006ed4:	f04f 23e0 	mov.w	r3, #3758153728	@ 0xe000e000
10006ed8:	f04f 5280 	mov.w	r2, #268435456	@ 0x10000000
10006edc:	f8c3 2d04 	str.w	r2, [r3, #3332]	@ 0xd04
10006ee0:	f3bf 8f4f 	dsb	sy
10006ee4:	f3bf 8f6f 	isb	sy
10006ee8:	4770      	bx	lr
10006eea:	bf00      	nop

10006eec <vPortSVCHandler_C>:
10006eec:	b508      	push	{r3, lr}
10006eee:	6983      	ldr	r3, [r0, #24]
10006ef0:	f813 3c02 	ldrb.w	r3, [r3, #-2]
10006ef4:	2b66      	cmp	r3, #102	@ 0x66
10006ef6:	d002      	beq.n	10006efe <vPortSVCHandler_C+0x12>
10006ef8:	f000 fa0e 	bl	10007318 <ulSetInterruptMask>
10006efc:	e7fe      	b.n	10006efc <vPortSVCHandler_C+0x10>
10006efe:	f04f 23e0 	mov.w	r3, #3758153728	@ 0xe000e000
10006f02:	f8d3 2d88 	ldr.w	r2, [r3, #3464]	@ 0xd88
10006f06:	f442 0270 	orr.w	r2, r2, #15728640	@ 0xf00000
10006f0a:	f8c3 2d88 	str.w	r2, [r3, #3464]	@ 0xd88
10006f0e:	f8d3 2f34 	ldr.w	r2, [r3, #3892]	@ 0xf34
10006f12:	f042 4240 	orr.w	r2, r2, #3221225472	@ 0xc0000000
10006f16:	f8c3 2f34 	str.w	r2, [r3, #3892]	@ 0xf34
10006f1a:	e8bd 4008 	ldmia.w	sp!, {r3, lr}
10006f1e:	f000 b9d7 	b.w	100072d0 <vRestoreContextOfFirstTask>
10006f22:	bf00      	nop

10006f24 <pxPortInitialiseStack>:
10006f24:	e92d 4ff0 	stmdb	sp!, {r4, r5, r6, r7, r8, r9, sl, fp, lr}
10006f28:	f04f 3e11 	mov.w	lr, #286331153	@ 0x11111111
10006f2c:	f04f 7480 	mov.w	r4, #16777216	@ 0x1000000
10006f30:	e940 e309 	strd	lr, r3, [r0, #-36]	@ 0x24
10006f34:	f04f 3307 	mov.w	r3, #117901063	@ 0x7070707
10006f38:	f840 4c04 	str.w	r4, [r0, #-4]
10006f3c:	4c16      	ldr	r4, [pc, #88]	@ (10006f98 <pxPortInitialiseStack+0x74>)
10006f3e:	f840 3c34 	str.w	r3, [r0, #-52]
10006f42:	e940 4203 	strd	r4, r2, [r0, #-12]
10006f46:	f04f 3305 	mov.w	r3, #84215045	@ 0x5050505
10006f4a:	f04f 3206 	mov.w	r2, #101058054	@ 0x6060606
10006f4e:	f04f 3b12 	mov.w	fp, #303174162	@ 0x12121212
10006f52:	e940 320f 	strd	r3, r2, [r0, #-60]	@ 0x3c
10006f56:	f04f 3a03 	mov.w	sl, #50529027	@ 0x3030303
10006f5a:	f04f 3902 	mov.w	r9, #33686018	@ 0x2020202
10006f5e:	f04f 3801 	mov.w	r8, #16843009	@ 0x1010101
10006f62:	f04f 3710 	mov.w	r7, #269488144	@ 0x10101010
10006f66:	f04f 3609 	mov.w	r6, #151587081	@ 0x9090909
10006f6a:	f04f 3508 	mov.w	r5, #134744072	@ 0x8080808
10006f6e:	f04f 3404 	mov.w	r4, #67372036	@ 0x4040404
10006f72:	f06f 0302 	mvn.w	r3, #2
10006f76:	e940 ab05 	strd	sl, fp, [r0, #-20]
10006f7a:	e940 8907 	strd	r8, r9, [r0, #-28]
10006f7e:	e940 670b 	strd	r6, r7, [r0, #-44]	@ 0x2c
10006f82:	f840 5c30 	str.w	r5, [r0, #-48]
10006f86:	f840 4c40 	str.w	r4, [r0, #-64]
10006f8a:	f840 3c44 	str.w	r3, [r0, #-68]
10006f8e:	f840 1d48 	str.w	r1, [r0, #-72]!
10006f92:	e8bd 8ff0 	ldmia.w	sp!, {r4, r5, r6, r7, r8, r9, sl, fp, pc}
10006f96:	bf00      	nop
10006f98:	10006d09 	.word	0x10006d09

10006f9c <xPortStartScheduler>:
10006f9c:	b538      	push	{r3, r4, r5, lr}
10006f9e:	4c17      	ldr	r4, [pc, #92]	@ (10006ffc <xPortStartScheduler+0x60>)
10006fa0:	7823      	ldrb	r3, [r4, #0]
10006fa2:	2bff      	cmp	r3, #255	@ 0xff
10006fa4:	d002      	beq.n	10006fac <xPortStartScheduler+0x10>
10006fa6:	f000 f9b7 	bl	10007318 <ulSetInterruptMask>
10006faa:	e7fe      	b.n	10006faa <xPortStartScheduler+0xe>
10006fac:	2010      	movs	r0, #16
10006fae:	f7fa f953 	bl	10001258 <spin_lock_claim>
10006fb2:	2011      	movs	r0, #17
10006fb4:	f7fa f950 	bl	10001258 <spin_lock_claim>
10006fb8:	2101      	movs	r1, #1
10006fba:	2003      	movs	r0, #3
10006fbc:	f003 fe8a 	bl	1000acd4 <multicore_doorbell_claim_unused>
10006fc0:	2301      	movs	r3, #1
10006fc2:	f04f 4150 	mov.w	r1, #3489660928	@ 0xd0000000
10006fc6:	f04f 0c00 	mov.w	ip, #0
10006fca:	b242      	sxtb	r2, r0
10006fcc:	4d0c      	ldr	r5, [pc, #48]	@ (10007000 <xPortStartScheduler+0x64>)
10006fce:	4093      	lsls	r3, r2
10006fd0:	702a      	strb	r2, [r5, #0]
10006fd2:	f8c1 318c 	str.w	r3, [r1, #396]	@ 0x18c
10006fd6:	f8c1 3184 	str.w	r3, [r1, #388]	@ 0x184
10006fda:	f884 c000 	strb.w	ip, [r4]
10006fde:	680c      	ldr	r4, [r1, #0]
10006fe0:	b114      	cbz	r4, 10006fe8 <xPortStartScheduler+0x4c>
10006fe2:	f000 f999 	bl	10007318 <ulSetInterruptMask>
10006fe6:	e7fe      	b.n	10006fe6 <xPortStartScheduler+0x4a>
10006fe8:	f003 fdd8 	bl	1000ab9c <multicore_reset_core1>
10006fec:	4805      	ldr	r0, [pc, #20]	@ (10007004 <xPortStartScheduler+0x68>)
10006fee:	f003 fe4d 	bl	1000ac8c <multicore_launch_core1>
10006ff2:	f7ff fecb 	bl	10006d8c <xPortStartSchedulerOnCore.isra.0>
10006ff6:	4620      	mov	r0, r4
10006ff8:	bd38      	pop	{r3, r4, r5, pc}
10006ffa:	bf00      	nop
10006ffc:	20001605 	.word	0x20001605
10007000:	20001604 	.word	0x20001604
10007004:	10006ec5 	.word	0x10006ec5

10007008 <vPortValidateInterruptPriority>:
10007008:	b508      	push	{r3, lr}
1000700a:	f3ef 8305 	mrs	r3, IPSR
1000700e:	2b0f      	cmp	r3, #15
10007010:	d905      	bls.n	1000701e <vPortValidateInterruptPriority+0x16>
10007012:	490b      	ldr	r1, [pc, #44]	@ (10007040 <vPortValidateInterruptPriority+0x38>)
10007014:	4a0b      	ldr	r2, [pc, #44]	@ (10007044 <vPortValidateInterruptPriority+0x3c>)
10007016:	5c5b      	ldrb	r3, [r3, r1]
10007018:	7812      	ldrb	r2, [r2, #0]
1000701a:	429a      	cmp	r2, r3
1000701c:	d80d      	bhi.n	1000703a <vPortValidateInterruptPriority+0x32>
1000701e:	f04f 23e0 	mov.w	r3, #3758153728	@ 0xe000e000
10007022:	4a09      	ldr	r2, [pc, #36]	@ (10007048 <vPortValidateInterruptPriority+0x40>)
10007024:	f8d3 3d0c 	ldr.w	r3, [r3, #3340]	@ 0xd0c
10007028:	6812      	ldr	r2, [r2, #0]
1000702a:	f403 63e0 	and.w	r3, r3, #1792	@ 0x700
1000702e:	4293      	cmp	r3, r2
10007030:	d800      	bhi.n	10007034 <vPortValidateInterruptPriority+0x2c>
10007032:	bd08      	pop	{r3, pc}
10007034:	f000 f970 	bl	10007318 <ulSetInterruptMask>
10007038:	e7fe      	b.n	10007038 <vPortValidateInterruptPriority+0x30>
1000703a:	f000 f96d 	bl	10007318 <ulSetInterruptMask>
1000703e:	e7fe      	b.n	1000703e <vPortValidateInterruptPriority+0x36>
10007040:	e000e3f0 	.word	0xe000e3f0
10007044:	2001257a 	.word	0x2001257a
10007048:	20012464 	.word	0x20012464

1000704c <ulPortLockGetCurrentOwnerId>:
1000704c:	4b09      	ldr	r3, [pc, #36]	@ (10007074 <ulPortLockGetCurrentOwnerId+0x28>)
1000704e:	781b      	ldrb	r3, [r3, #0]
10007050:	2bff      	cmp	r3, #255	@ 0xff
10007052:	d00b      	beq.n	1000706c <ulPortLockGetCurrentOwnerId+0x20>
10007054:	f3ef 8305 	mrs	r3, IPSR
10007058:	b2db      	uxtb	r3, r3
1000705a:	b12b      	cbz	r3, 10007068 <ulPortLockGetCurrentOwnerId+0x1c>
1000705c:	f04f 4250 	mov.w	r2, #3489660928	@ 0xd0000000
10007060:	6810      	ldr	r0, [r2, #0]
10007062:	eb00 0043 	add.w	r0, r0, r3, lsl #1
10007066:	4770      	bx	lr
10007068:	f002 b9da 	b.w	10009420 <xTaskGetCurrentTaskHandle>
1000706c:	f04f 4350 	mov.w	r3, #3489660928	@ 0xd0000000
10007070:	6818      	ldr	r0, [r3, #0]
10007072:	4770      	bx	lr
10007074:	20001605 	.word	0x20001605

10007078 <vPortLockInternalSpinUnlockWithWait>:
10007078:	b510      	push	{r4, lr}
1000707a:	b082      	sub	sp, #8
1000707c:	f3ef 8305 	mrs	r3, IPSR
10007080:	f013 03ff 	ands.w	r3, r3, #255	@ 0xff
10007084:	d12a      	bne.n	100070dc <vPortLockInternalSpinUnlockWithWait+0x64>
10007086:	6802      	ldr	r2, [r0, #0]
10007088:	2a00      	cmp	r2, #0
1000708a:	d02a      	beq.n	100070e2 <vPortLockInternalSpinUnlockWithWait+0x6a>
1000708c:	4c16      	ldr	r4, [pc, #88]	@ (100070e8 <vPortLockInternalSpinUnlockWithWait+0x70>)
1000708e:	f894 c000 	ldrb.w	ip, [r4]
10007092:	f1bc 0fff 	cmp.w	ip, #255	@ 0xff
10007096:	d106      	bne.n	100070a6 <vPortLockInternalSpinUnlockWithWait+0x2e>
10007098:	e8c2 3f8f 	stlb	r3, [r2]
1000709c:	f381 8810 	msr	PRIMASK, r1
100070a0:	bf20      	wfe
100070a2:	b002      	add	sp, #8
100070a4:	bd10      	pop	{r4, pc}
100070a6:	e8c2 3f8f 	stlb	r3, [r2]
100070aa:	f381 8810 	msr	PRIMASK, r1
100070ae:	f04f 34ff 	mov.w	r4, #4294967295	@ 0xffffffff
100070b2:	2201      	movs	r2, #1
100070b4:	6800      	ldr	r0, [r0, #0]
100070b6:	490d      	ldr	r1, [pc, #52]	@ (100070ec <vPortLockInternalSpinUnlockWithWait+0x74>)
100070b8:	9400      	str	r4, [sp, #0]
100070ba:	1a40      	subs	r0, r0, r1
100070bc:	490c      	ldr	r1, [pc, #48]	@ (100070f0 <vPortLockInternalSpinUnlockWithWait+0x78>)
100070be:	fba1 c100 	umull	ip, r1, r1, r0
100070c2:	0909      	lsrs	r1, r1, #4
100070c4:	eb01 0141 	add.w	r1, r1, r1, lsl #1
100070c8:	eba0 01c1 	sub.w	r1, r0, r1, lsl #3
100070cc:	4809      	ldr	r0, [pc, #36]	@ (100070f4 <vPortLockInternalSpinUnlockWithWait+0x7c>)
100070ce:	fa02 f101 	lsl.w	r1, r2, r1
100070d2:	6800      	ldr	r0, [r0, #0]
100070d4:	f000 f9d6 	bl	10007484 <xEventGroupWaitBits>
100070d8:	b002      	add	sp, #8
100070da:	bd10      	pop	{r4, pc}
100070dc:	f000 f91c 	bl	10007318 <ulSetInterruptMask>
100070e0:	e7fe      	b.n	100070e0 <vPortLockInternalSpinUnlockWithWait+0x68>
100070e2:	f000 f919 	bl	10007318 <ulSetInterruptMask>
100070e6:	e7fe      	b.n	100070e6 <vPortLockInternalSpinUnlockWithWait+0x6e>
100070e8:	20001605 	.word	0x20001605
100070ec:	20001af4 	.word	0x20001af4
100070f0:	aaaaaaab 	.word	0xaaaaaaab
100070f4:	200124e4 	.word	0x200124e4

100070f8 <vPortLockInternalSpinUnlockWithNotify>:
100070f8:	b510      	push	{r4, lr}
100070fa:	4b20      	ldr	r3, [pc, #128]	@ (1000717c <vPortLockInternalSpinUnlockWithNotify+0x84>)
100070fc:	468e      	mov	lr, r1
100070fe:	781b      	ldrb	r3, [r3, #0]
10007100:	6802      	ldr	r2, [r0, #0]
10007102:	2bff      	cmp	r3, #255	@ 0xff
10007104:	b082      	sub	sp, #8
10007106:	d02f      	beq.n	10007168 <vPortLockInternalSpinUnlockWithNotify+0x70>
10007108:	f04f 0c01 	mov.w	ip, #1
1000710c:	4b1c      	ldr	r3, [pc, #112]	@ (10007180 <vPortLockInternalSpinUnlockWithNotify+0x88>)
1000710e:	1ad2      	subs	r2, r2, r3
10007110:	4b1c      	ldr	r3, [pc, #112]	@ (10007184 <vPortLockInternalSpinUnlockWithNotify+0x8c>)
10007112:	fba3 1302 	umull	r1, r3, r3, r2
10007116:	091b      	lsrs	r3, r3, #4
10007118:	eb03 0343 	add.w	r3, r3, r3, lsl #1
1000711c:	eba2 02c3 	sub.w	r2, r2, r3, lsl #3
10007120:	fa0c f102 	lsl.w	r1, ip, r2
10007124:	bf40      	sev
10007126:	2400      	movs	r4, #0
10007128:	6803      	ldr	r3, [r0, #0]
1000712a:	e8c3 4f8f 	stlb	r4, [r3]
1000712e:	f38e 8810 	msr	PRIMASK, lr
10007132:	f3ef 8305 	mrs	r3, IPSR
10007136:	b2db      	uxtb	r3, r3
10007138:	b933      	cbnz	r3, 10007148 <vPortLockInternalSpinUnlockWithNotify+0x50>
1000713a:	4b13      	ldr	r3, [pc, #76]	@ (10007188 <vPortLockInternalSpinUnlockWithNotify+0x90>)
1000713c:	6818      	ldr	r0, [r3, #0]
1000713e:	b002      	add	sp, #8
10007140:	e8bd 4010 	ldmia.w	sp!, {r4, lr}
10007144:	f000 ba1a 	b.w	1000757c <xEventGroupSetBits>
10007148:	4b0f      	ldr	r3, [pc, #60]	@ (10007188 <vPortLockInternalSpinUnlockWithNotify+0x90>)
1000714a:	aa01      	add	r2, sp, #4
1000714c:	6818      	ldr	r0, [r3, #0]
1000714e:	9401      	str	r4, [sp, #4]
10007150:	f000 fa52 	bl	100075f8 <xEventGroupSetBitsFromISR>
10007154:	9b01      	ldr	r3, [sp, #4]
10007156:	b12b      	cbz	r3, 10007164 <vPortLockInternalSpinUnlockWithNotify+0x6c>
10007158:	f04f 23e0 	mov.w	r3, #3758153728	@ 0xe000e000
1000715c:	f04f 5280 	mov.w	r2, #268435456	@ 0x10000000
10007160:	f8c3 2d04 	str.w	r2, [r3, #3332]	@ 0xd04
10007164:	b002      	add	sp, #8
10007166:	bd10      	pop	{r4, pc}
10007168:	bf40      	sev
1000716a:	2300      	movs	r3, #0
1000716c:	6802      	ldr	r2, [r0, #0]
1000716e:	e8c2 3f8f 	stlb	r3, [r2]
10007172:	f381 8810 	msr	PRIMASK, r1
10007176:	b002      	add	sp, #8
10007178:	bd10      	pop	{r4, pc}
1000717a:	bf00      	nop
1000717c:	20001605 	.word	0x20001605
10007180:	20001af4 	.word	0x20001af4
10007184:	aaaaaaab 	.word	0xaaaaaaab
10007188:	200124e4 	.word	0x200124e4

1000718c <xPortLockInternalSpinUnlockWithBestEffortWaitOrTimeout>:
1000718c:	e92d 41f0 	stmdb	sp!, {r4, r5, r6, r7, r8, lr}
10007190:	b082      	sub	sp, #8
10007192:	f3ef 8505 	mrs	r5, IPSR
10007196:	f015 05ff 	ands.w	r5, r5, #255	@ 0xff
1000719a:	d12a      	bne.n	100071f2 <xPortLockInternalSpinUnlockWithBestEffortWaitOrTimeout+0x66>
1000719c:	461f      	mov	r7, r3
1000719e:	6803      	ldr	r3, [r0, #0]
100071a0:	4606      	mov	r6, r0
100071a2:	2b00      	cmp	r3, #0
100071a4:	d064      	beq.n	10007270 <xPortLockInternalSpinUnlockWithBestEffortWaitOrTimeout+0xe4>
100071a6:	4614      	mov	r4, r2
100071a8:	4a33      	ldr	r2, [pc, #204]	@ (10007278 <xPortLockInternalSpinUnlockWithBestEffortWaitOrTimeout+0xec>)
100071aa:	4688      	mov	r8, r1
100071ac:	7812      	ldrb	r2, [r2, #0]
100071ae:	2aff      	cmp	r2, #255	@ 0xff
100071b0:	d032      	beq.n	10007218 <xPortLockInternalSpinUnlockWithBestEffortWaitOrTimeout+0x8c>
100071b2:	f7fb f809 	bl	100021c8 <time_us_64>
100071b6:	f240 32e7 	movw	r2, #999	@ 0x3e7
100071ba:	1a23      	subs	r3, r4, r0
100071bc:	eb67 0101 	sbc.w	r1, r7, r1
100071c0:	1898      	adds	r0, r3, r2
100071c2:	f141 0100 	adc.w	r1, r1, #0
100071c6:	f5b0 7f7a 	cmp.w	r0, #1000	@ 0x3e8
100071ca:	f171 0300 	sbcs.w	r3, r1, #0
100071ce:	da2e      	bge.n	1000722e <xPortLockInternalSpinUnlockWithBestEffortWaitOrTimeout+0xa2>
100071d0:	2300      	movs	r3, #0
100071d2:	6832      	ldr	r2, [r6, #0]
100071d4:	e8c2 3f8f 	stlb	r3, [r2]
100071d8:	f388 8810 	msr	PRIMASK, r8
100071dc:	4b27      	ldr	r3, [pc, #156]	@ (1000727c <xPortLockInternalSpinUnlockWithBestEffortWaitOrTimeout+0xf0>)
100071de:	6a5a      	ldr	r2, [r3, #36]	@ 0x24
100071e0:	4297      	cmp	r7, r2
100071e2:	d80b      	bhi.n	100071fc <xPortLockInternalSpinUnlockWithBestEffortWaitOrTimeout+0x70>
100071e4:	6a9b      	ldr	r3, [r3, #40]	@ 0x28
100071e6:	42a3      	cmp	r3, r4
100071e8:	d306      	bcc.n	100071f8 <xPortLockInternalSpinUnlockWithBestEffortWaitOrTimeout+0x6c>
100071ea:	2001      	movs	r0, #1
100071ec:	b002      	add	sp, #8
100071ee:	e8bd 81f0 	ldmia.w	sp!, {r4, r5, r6, r7, r8, pc}
100071f2:	f000 f891 	bl	10007318 <ulSetInterruptMask>
100071f6:	e7fe      	b.n	100071f6 <xPortLockInternalSpinUnlockWithBestEffortWaitOrTimeout+0x6a>
100071f8:	4297      	cmp	r7, r2
100071fa:	d1f6      	bne.n	100071ea <xPortLockInternalSpinUnlockWithBestEffortWaitOrTimeout+0x5e>
100071fc:	f04f 23e0 	mov.w	r3, #3758153728	@ 0xe000e000
10007200:	f04f 5280 	mov.w	r2, #268435456	@ 0x10000000
10007204:	f8c3 2d04 	str.w	r2, [r3, #3332]	@ 0xd04
10007208:	f3bf 8f4f 	dsb	sy
1000720c:	f3bf 8f6f 	isb	sy
10007210:	2000      	movs	r0, #0
10007212:	b002      	add	sp, #8
10007214:	e8bd 81f0 	ldmia.w	sp!, {r4, r5, r6, r7, r8, pc}
10007218:	e8c3 5f8f 	stlb	r5, [r3]
1000721c:	f381 8810 	msr	PRIMASK, r1
10007220:	4620      	mov	r0, r4
10007222:	4639      	mov	r1, r7
10007224:	b002      	add	sp, #8
10007226:	e8bd 41f0 	ldmia.w	sp!, {r4, r5, r6, r7, r8, lr}
1000722a:	f7fa bf55 	b.w	100020d8 <best_effort_wfe_or_timeout>
1000722e:	f44f 727a 	mov.w	r2, #1000	@ 0x3e8
10007232:	2300      	movs	r3, #0
10007234:	f004 f858 	bl	1000b2e8 <____aeabi_ldivmod_veneer>
10007238:	2800      	cmp	r0, #0
1000723a:	d0c9      	beq.n	100071d0 <xPortLockInternalSpinUnlockWithBestEffortWaitOrTimeout+0x44>
1000723c:	6833      	ldr	r3, [r6, #0]
1000723e:	e8c3 5f8f 	stlb	r5, [r3]
10007242:	f388 8810 	msr	PRIMASK, r8
10007246:	2201      	movs	r2, #1
10007248:	9000      	str	r0, [sp, #0]
1000724a:	6830      	ldr	r0, [r6, #0]
1000724c:	490c      	ldr	r1, [pc, #48]	@ (10007280 <xPortLockInternalSpinUnlockWithBestEffortWaitOrTimeout+0xf4>)
1000724e:	462b      	mov	r3, r5
10007250:	1a40      	subs	r0, r0, r1
10007252:	490c      	ldr	r1, [pc, #48]	@ (10007284 <xPortLockInternalSpinUnlockWithBestEffortWaitOrTimeout+0xf8>)
10007254:	fba1 5100 	umull	r5, r1, r1, r0
10007258:	0909      	lsrs	r1, r1, #4
1000725a:	eb01 0141 	add.w	r1, r1, r1, lsl #1
1000725e:	eba0 01c1 	sub.w	r1, r0, r1, lsl #3
10007262:	4809      	ldr	r0, [pc, #36]	@ (10007288 <xPortLockInternalSpinUnlockWithBestEffortWaitOrTimeout+0xfc>)
10007264:	fa02 f101 	lsl.w	r1, r2, r1
10007268:	6800      	ldr	r0, [r0, #0]
1000726a:	f000 f90b 	bl	10007484 <xEventGroupWaitBits>
1000726e:	e7b5      	b.n	100071dc <xPortLockInternalSpinUnlockWithBestEffortWaitOrTimeout+0x50>
10007270:	f000 f852 	bl	10007318 <ulSetInterruptMask>
10007274:	e7fe      	b.n	10007274 <xPortLockInternalSpinUnlockWithBestEffortWaitOrTimeout+0xe8>
10007276:	bf00      	nop
10007278:	20001605 	.word	0x20001605
1000727c:	400b0000 	.word	0x400b0000
10007280:	20001af4 	.word	0x20001af4
10007284:	aaaaaaab 	.word	0xaaaaaaab
10007288:	200124e4 	.word	0x200124e4

1000728c <prvRuntimeInitializer>:
1000728c:	b508      	push	{r3, lr}
1000728e:	f000 f8eb 	bl	10007468 <xEventGroupCreate>
10007292:	4b01      	ldr	r3, [pc, #4]	@ (10007298 <prvRuntimeInitializer+0xc>)
10007294:	6018      	str	r0, [r3, #0]
10007296:	bd08      	pop	{r3, pc}
10007298:	200124e4 	.word	0x200124e4

1000729c <vYieldCore>:
1000729c:	b508      	push	{r3, lr}
1000729e:	f04f 4350 	mov.w	r3, #3489660928	@ 0xd0000000
100072a2:	681a      	ldr	r2, [r3, #0]
100072a4:	4282      	cmp	r2, r0
100072a6:	d009      	beq.n	100072bc <vYieldCore+0x20>
100072a8:	4a07      	ldr	r2, [pc, #28]	@ (100072c8 <vYieldCore+0x2c>)
100072aa:	f992 1000 	ldrsb.w	r1, [r2]
100072ae:	2900      	cmp	r1, #0
100072b0:	db07      	blt.n	100072c2 <vYieldCore+0x26>
100072b2:	2201      	movs	r2, #1
100072b4:	408a      	lsls	r2, r1
100072b6:	f8c3 2180 	str.w	r2, [r3, #384]	@ 0x180
100072ba:	bd08      	pop	{r3, pc}
100072bc:	f000 f82c 	bl	10007318 <ulSetInterruptMask>
100072c0:	e7fe      	b.n	100072c0 <vYieldCore+0x24>
100072c2:	f000 f829 	bl	10007318 <ulSetInterruptMask>
100072c6:	e7fe      	b.n	100072c6 <vYieldCore+0x2a>
100072c8:	20001604 	.word	0x20001604
100072cc:	00000000 	.word	0x00000000

100072d0 <vRestoreContextOfFirstTask>:
100072d0:	a10b      	add	r1, pc, #44	@ (adr r1, 10007300 <ulAsmLocals>)
100072d2:	c90c      	ldmia	r1!, {r2, r3}
100072d4:	6812      	ldr	r2, [r2, #0]
100072d6:	f853 1022 	ldr.w	r1, [r3, r2, lsl #2]
100072da:	6808      	ldr	r0, [r1, #0]
100072dc:	c806      	ldmia	r0!, {r1, r2}
100072de:	f381 880b 	msr	PSPLIM, r1
100072e2:	2102      	movs	r1, #2
100072e4:	f381 8814 	msr	CONTROL, r1
100072e8:	3020      	adds	r0, #32
100072ea:	f380 8809 	msr	PSP, r0
100072ee:	f3bf 8f6f 	isb	sy
100072f2:	f04f 0000 	mov.w	r0, #0
100072f6:	f380 8811 	msr	BASEPRI, r0
100072fa:	4710      	bx	r2
100072fc:	f3af 8000 	nop.w

10007300 <ulAsmLocals>:
10007300:	d0000000 	.word	0xd0000000
10007304:	200023b8 	.word	0x200023b8

10007308 <vStartFirstTask>:
10007308:	b662      	cpsie	i
1000730a:	b661      	cpsie	f
1000730c:	f3bf 8f4f 	dsb	sy
10007310:	f3bf 8f6f 	isb	sy
10007314:	df66      	svc	102	@ 0x66
10007316:	bf00      	nop

10007318 <ulSetInterruptMask>:
10007318:	f3ef 8011 	mrs	r0, BASEPRI
1000731c:	f04f 0110 	mov.w	r1, #16
10007320:	f381 8811 	msr	BASEPRI, r1
10007324:	f3bf 8f4f 	dsb	sy
10007328:	f3bf 8f6f 	isb	sy
1000732c:	4770      	bx	lr
1000732e:	bf00      	nop

10007330 <vClearInterruptMask>:
10007330:	f380 8811 	msr	BASEPRI, r0
10007334:	f3bf 8f4f 	dsb	sy
10007338:	f3bf 8f6f 	isb	sy
1000733c:	4770      	bx	lr
1000733e:	bf00      	nop

10007340 <PendSV_Handler>:
10007340:	f3ef 8109 	mrs	r1, PSP
10007344:	f01e 0f10 	tst.w	lr, #16
10007348:	bf08      	it	eq
1000734a:	ed21 8a10 	vstmdbeq	r1!, {s16-s31}
1000734e:	f3ef 820b 	mrs	r2, PSPLIM
10007352:	4673      	mov	r3, lr
10007354:	e921 0ffc 	stmdb	r1!, {r2, r3, r4, r5, r6, r7, r8, r9, sl, fp}
10007358:	fc55 4408 	dcp_pxmd r4, r5
1000735c:	fc57 6409 	dcp_pymd r6, r7
10007360:	fc59 840a 	dcp_pefd r8, r9
10007364:	e901 03f0 	stmdb	r1, {r4, r5, r6, r7, r8, r9}
10007368:	a019      	add	r0, pc, #100	@ (adr r0, 100073d0 <ulAsmLocals2>)
1000736a:	c80c      	ldmia	r0!, {r2, r3}
1000736c:	6810      	ldr	r0, [r2, #0]
1000736e:	f853 3020 	ldr.w	r3, [r3, r0, lsl #2]
10007372:	6019      	str	r1, [r3, #0]
10007374:	f04f 0110 	mov.w	r1, #16
10007378:	f381 8811 	msr	BASEPRI, r1
1000737c:	f3bf 8f4f 	dsb	sy
10007380:	f3bf 8f6f 	isb	sy
10007384:	f001 fbd8 	bl	10008b38 <vTaskSwitchContext>
10007388:	f04f 0000 	mov.w	r0, #0
1000738c:	f380 8811 	msr	BASEPRI, r0
10007390:	a10f      	add	r1, pc, #60	@ (adr r1, 100073d0 <ulAsmLocals2>)
10007392:	c90c      	ldmia	r1!, {r2, r3}
10007394:	6812      	ldr	r2, [r2, #0]
10007396:	f853 1022 	ldr.w	r1, [r3, r2, lsl #2]
1000739a:	6808      	ldr	r0, [r1, #0]
1000739c:	3818      	subs	r0, #24
1000739e:	e8b0 03f0 	ldmia.w	r0!, {r4, r5, r6, r7, r8, r9}
100073a2:	ec45 4400 	dcp_wxmd r4, r5
100073a6:	ec47 6401 	dcp_wymd r6, r7
100073aa:	ec49 8402 	dcp_wefd r8, r9
100073ae:	e8b0 0ffc 	ldmia.w	r0!, {r2, r3, r4, r5, r6, r7, r8, r9, sl, fp}
100073b2:	f013 0f10 	tst.w	r3, #16
100073b6:	bf08      	it	eq
100073b8:	ecb0 8a10 	vldmiaeq	r0!, {s16-s31}
100073bc:	f382 880b 	msr	PSPLIM, r2
100073c0:	f380 8809 	msr	PSP, r0
100073c4:	4718      	bx	r3
100073c6:	bf00      	nop
100073c8:	f3af 8000 	nop.w
100073cc:	f3af 8000 	nop.w

100073d0 <ulAsmLocals2>:
100073d0:	d0000000 	.word	0xd0000000
100073d4:	200023b8 	.word	0x200023b8

100073d8 <SVC_Handler>:
100073d8:	f01e 0f04 	tst.w	lr, #4
100073dc:	bf0c      	ite	eq
100073de:	f3ef 8008 	mrseq	r0, MSP
100073e2:	f3ef 8009 	mrsne	r0, PSP
100073e6:	4901      	ldr	r1, [pc, #4]	@ (100073ec <SVC_Handler+0x14>)
100073e8:	4708      	bx	r1
100073ea:	0000      	.short	0x0000
100073ec:	10006eed 	.word	0x10006eed

100073f0 <vEventGroupSetBitsCallback>:
100073f0:	e92d 43f8 	stmdb	sp!, {r3, r4, r5, r6, r7, r8, r9, lr}
100073f4:	b3a8      	cbz	r0, 10007462 <vEventGroupSetBitsCallback+0x72>
100073f6:	f1b1 7f80 	cmp.w	r1, #16777216	@ 0x1000000
100073fa:	460d      	mov	r5, r1
100073fc:	d22e      	bcs.n	1000745c <vEventGroupSetBitsCallback+0x6c>
100073fe:	4606      	mov	r6, r0
10007400:	f100 090c 	add.w	r9, r0, #12
10007404:	f001 faca 	bl	1000899c <vTaskSuspendAll>
10007408:	6833      	ldr	r3, [r6, #0]
1000740a:	6934      	ldr	r4, [r6, #16]
1000740c:	432b      	orrs	r3, r5
1000740e:	45a1      	cmp	r9, r4
10007410:	6033      	str	r3, [r6, #0]
10007412:	d01e      	beq.n	10007452 <vEventGroupSetBitsCallback+0x62>
10007414:	f04f 0800 	mov.w	r8, #0
10007418:	e009      	b.n	1000742e <vEventGroupSetBitsCallback+0x3e>
1000741a:	b137      	cbz	r7, 1000742a <vEventGroupSetBitsCallback+0x3a>
1000741c:	01d3      	lsls	r3, r2, #7
1000741e:	bf48      	it	mi
10007420:	ea48 0805 	orrmi.w	r8, r8, r5
10007424:	f002 ff74 	bl	1000a310 <vTaskRemoveFromUnorderedEventList>
10007428:	6833      	ldr	r3, [r6, #0]
1000742a:	45a1      	cmp	r9, r4
1000742c:	d00f      	beq.n	1000744e <vEventGroupSetBitsCallback+0x5e>
1000742e:	4620      	mov	r0, r4
10007430:	6802      	ldr	r2, [r0, #0]
10007432:	6864      	ldr	r4, [r4, #4]
10007434:	f022 457f 	bic.w	r5, r2, #4278190080	@ 0xff000000
10007438:	f012 6f80 	tst.w	r2, #67108864	@ 0x4000000
1000743c:	f043 7100 	orr.w	r1, r3, #33554432	@ 0x2000000
10007440:	ea05 0703 	and.w	r7, r5, r3
10007444:	d0e9      	beq.n	1000741a <vEventGroupSetBitsCallback+0x2a>
10007446:	42bd      	cmp	r5, r7
10007448:	d0e8      	beq.n	1000741c <vEventGroupSetBitsCallback+0x2c>
1000744a:	45a1      	cmp	r9, r4
1000744c:	d1ef      	bne.n	1000742e <vEventGroupSetBitsCallback+0x3e>
1000744e:	ea23 0308 	bic.w	r3, r3, r8
10007452:	6033      	str	r3, [r6, #0]
10007454:	e8bd 43f8 	ldmia.w	sp!, {r3, r4, r5, r6, r7, r8, r9, lr}
10007458:	f002 bf0e 	b.w	1000a278 <xTaskResumeAll>
1000745c:	f7ff ff5c 	bl	10007318 <ulSetInterruptMask>
10007460:	e7fe      	b.n	10007460 <vEventGroupSetBitsCallback+0x70>
10007462:	f7ff ff59 	bl	10007318 <ulSetInterruptMask>
10007466:	e7fe      	b.n	10007466 <vEventGroupSetBitsCallback+0x76>

10007468 <xEventGroupCreate>:
10007468:	b510      	push	{r4, lr}
1000746a:	2018      	movs	r0, #24
1000746c:	f003 fcae 	bl	1000adcc <pvPortMalloc>
10007470:	4604      	mov	r4, r0
10007472:	b120      	cbz	r0, 1000747e <xEventGroupCreate+0x16>
10007474:	2300      	movs	r3, #0
10007476:	f840 3b04 	str.w	r3, [r0], #4
1000747a:	f000 f8cb 	bl	10007614 <vListInitialise>
1000747e:	4620      	mov	r0, r4
10007480:	bd10      	pop	{r4, pc}
10007482:	bf00      	nop

10007484 <xEventGroupWaitBits>:
10007484:	e92d 41f0 	stmdb	sp!, {r4, r5, r6, r7, r8, lr}
10007488:	2800      	cmp	r0, #0
1000748a:	d04f      	beq.n	1000752c <xEventGroupWaitBits+0xa8>
1000748c:	f1b1 7f80 	cmp.w	r1, #16777216	@ 0x1000000
10007490:	460c      	mov	r4, r1
10007492:	d219      	bcs.n	100074c8 <xEventGroupWaitBits+0x44>
10007494:	b911      	cbnz	r1, 1000749c <xEventGroupWaitBits+0x18>
10007496:	f7ff ff3f 	bl	10007318 <ulSetInterruptMask>
1000749a:	e7fe      	b.n	1000749a <xEventGroupWaitBits+0x16>
1000749c:	4607      	mov	r7, r0
1000749e:	4616      	mov	r6, r2
100074a0:	461d      	mov	r5, r3
100074a2:	f001 ffcd 	bl	10009440 <xTaskGetSchedulerState>
100074a6:	b990      	cbnz	r0, 100074ce <xEventGroupWaitBits+0x4a>
100074a8:	9b06      	ldr	r3, [sp, #24]
100074aa:	2b00      	cmp	r3, #0
100074ac:	d141      	bne.n	10007532 <xEventGroupWaitBits+0xae>
100074ae:	f001 fa75 	bl	1000899c <vTaskSuspendAll>
100074b2:	f8d7 8000 	ldr.w	r8, [r7]
100074b6:	bb75      	cbnz	r5, 10007516 <xEventGroupWaitBits+0x92>
100074b8:	ea14 0f08 	tst.w	r4, r8
100074bc:	d12e      	bne.n	1000751c <xEventGroupWaitBits+0x98>
100074be:	f002 fedb 	bl	1000a278 <xTaskResumeAll>
100074c2:	4640      	mov	r0, r8
100074c4:	e8bd 81f0 	ldmia.w	sp!, {r4, r5, r6, r7, r8, pc}
100074c8:	f7ff ff26 	bl	10007318 <ulSetInterruptMask>
100074cc:	e7fe      	b.n	100074cc <xEventGroupWaitBits+0x48>
100074ce:	f001 fa65 	bl	1000899c <vTaskSuspendAll>
100074d2:	f8d7 8000 	ldr.w	r8, [r7]
100074d6:	b37d      	cbz	r5, 10007538 <xEventGroupWaitBits+0xb4>
100074d8:	ea34 0308 	bics.w	r3, r4, r8
100074dc:	d01e      	beq.n	1000751c <xEventGroupWaitBits+0x98>
100074de:	9b06      	ldr	r3, [sp, #24]
100074e0:	2b00      	cmp	r3, #0
100074e2:	d0ec      	beq.n	100074be <xEventGroupWaitBits+0x3a>
100074e4:	1e31      	subs	r1, r6, #0
100074e6:	bf18      	it	ne
100074e8:	2101      	movne	r1, #1
100074ea:	461a      	mov	r2, r3
100074ec:	0609      	lsls	r1, r1, #24
100074ee:	f041 6180 	orr.w	r1, r1, #67108864	@ 0x4000000
100074f2:	4321      	orrs	r1, r4
100074f4:	1d38      	adds	r0, r7, #4
100074f6:	f001 fd37 	bl	10008f68 <vTaskPlaceOnUnorderedEventList>
100074fa:	f002 febd 	bl	1000a278 <xTaskResumeAll>
100074fe:	b3b0      	cbz	r0, 1000756e <xEventGroupWaitBits+0xea>
10007500:	f003 f8f6 	bl	1000a6f0 <uxTaskResetEventItemValue>
10007504:	f010 7f00 	tst.w	r0, #33554432	@ 0x2000000
10007508:	4680      	mov	r8, r0
1000750a:	d021      	beq.n	10007550 <xEventGroupWaitBits+0xcc>
1000750c:	f028 487f 	bic.w	r8, r8, #4278190080	@ 0xff000000
10007510:	4640      	mov	r0, r8
10007512:	e8bd 81f0 	ldmia.w	sp!, {r4, r5, r6, r7, r8, pc}
10007516:	ea34 0308 	bics.w	r3, r4, r8
1000751a:	d1d0      	bne.n	100074be <xEventGroupWaitBits+0x3a>
1000751c:	2e00      	cmp	r6, #0
1000751e:	d0ce      	beq.n	100074be <xEventGroupWaitBits+0x3a>
10007520:	ea28 0404 	bic.w	r4, r8, r4
10007524:	603c      	str	r4, [r7, #0]
10007526:	f002 fea7 	bl	1000a278 <xTaskResumeAll>
1000752a:	e7ca      	b.n	100074c2 <xEventGroupWaitBits+0x3e>
1000752c:	f7ff fef4 	bl	10007318 <ulSetInterruptMask>
10007530:	e7fe      	b.n	10007530 <xEventGroupWaitBits+0xac>
10007532:	f7ff fef1 	bl	10007318 <ulSetInterruptMask>
10007536:	e7fe      	b.n	10007536 <xEventGroupWaitBits+0xb2>
10007538:	ea14 0f08 	tst.w	r4, r8
1000753c:	d1ee      	bne.n	1000751c <xEventGroupWaitBits+0x98>
1000753e:	9b06      	ldr	r3, [sp, #24]
10007540:	2b00      	cmp	r3, #0
10007542:	d0bc      	beq.n	100074be <xEventGroupWaitBits+0x3a>
10007544:	1e31      	subs	r1, r6, #0
10007546:	bf18      	it	ne
10007548:	2101      	movne	r1, #1
1000754a:	461a      	mov	r2, r3
1000754c:	0609      	lsls	r1, r1, #24
1000754e:	e7d0      	b.n	100074f2 <xEventGroupWaitBits+0x6e>
10007550:	f002 fa0a 	bl	10009968 <vTaskEnterCritical>
10007554:	f8d7 8000 	ldr.w	r8, [r7]
10007558:	b965      	cbnz	r5, 10007574 <xEventGroupWaitBits+0xf0>
1000755a:	ea14 0f08 	tst.w	r4, r8
1000755e:	d003      	beq.n	10007568 <xEventGroupWaitBits+0xe4>
10007560:	b116      	cbz	r6, 10007568 <xEventGroupWaitBits+0xe4>
10007562:	ea28 0404 	bic.w	r4, r8, r4
10007566:	603c      	str	r4, [r7, #0]
10007568:	f002 faec 	bl	10009b44 <vTaskExitCritical>
1000756c:	e7ce      	b.n	1000750c <xEventGroupWaitBits+0x88>
1000756e:	f002 f9db 	bl	10009928 <vTaskYieldWithinAPI>
10007572:	e7c5      	b.n	10007500 <xEventGroupWaitBits+0x7c>
10007574:	ea34 0308 	bics.w	r3, r4, r8
10007578:	d1f6      	bne.n	10007568 <xEventGroupWaitBits+0xe4>
1000757a:	e7f1      	b.n	10007560 <xEventGroupWaitBits+0xdc>

1000757c <xEventGroupSetBits>:
1000757c:	e92d 43f8 	stmdb	sp!, {r3, r4, r5, r6, r7, r8, r9, lr}
10007580:	b3b0      	cbz	r0, 100075f0 <xEventGroupSetBits+0x74>
10007582:	f1b1 7f80 	cmp.w	r1, #16777216	@ 0x1000000
10007586:	460c      	mov	r4, r1
10007588:	d22f      	bcs.n	100075ea <xEventGroupSetBits+0x6e>
1000758a:	4606      	mov	r6, r0
1000758c:	f100 090c 	add.w	r9, r0, #12
10007590:	f001 fa04 	bl	1000899c <vTaskSuspendAll>
10007594:	6833      	ldr	r3, [r6, #0]
10007596:	6935      	ldr	r5, [r6, #16]
10007598:	431c      	orrs	r4, r3
1000759a:	45a9      	cmp	r9, r5
1000759c:	6034      	str	r4, [r6, #0]
1000759e:	d01e      	beq.n	100075de <xEventGroupSetBits+0x62>
100075a0:	f04f 0800 	mov.w	r8, #0
100075a4:	e009      	b.n	100075ba <xEventGroupSetBits+0x3e>
100075a6:	b137      	cbz	r7, 100075b6 <xEventGroupSetBits+0x3a>
100075a8:	01db      	lsls	r3, r3, #7
100075aa:	bf48      	it	mi
100075ac:	ea48 0802 	orrmi.w	r8, r8, r2
100075b0:	f002 feae 	bl	1000a310 <vTaskRemoveFromUnorderedEventList>
100075b4:	6834      	ldr	r4, [r6, #0]
100075b6:	45a9      	cmp	r9, r5
100075b8:	d00f      	beq.n	100075da <xEventGroupSetBits+0x5e>
100075ba:	4628      	mov	r0, r5
100075bc:	6803      	ldr	r3, [r0, #0]
100075be:	686d      	ldr	r5, [r5, #4]
100075c0:	f023 427f 	bic.w	r2, r3, #4278190080	@ 0xff000000
100075c4:	f013 6f80 	tst.w	r3, #67108864	@ 0x4000000
100075c8:	f044 7100 	orr.w	r1, r4, #33554432	@ 0x2000000
100075cc:	ea02 0704 	and.w	r7, r2, r4
100075d0:	d0e9      	beq.n	100075a6 <xEventGroupSetBits+0x2a>
100075d2:	42ba      	cmp	r2, r7
100075d4:	d0e8      	beq.n	100075a8 <xEventGroupSetBits+0x2c>
100075d6:	45a9      	cmp	r9, r5
100075d8:	d1ef      	bne.n	100075ba <xEventGroupSetBits+0x3e>
100075da:	ea24 0408 	bic.w	r4, r4, r8
100075de:	6034      	str	r4, [r6, #0]
100075e0:	f002 fe4a 	bl	1000a278 <xTaskResumeAll>
100075e4:	4620      	mov	r0, r4
100075e6:	e8bd 83f8 	ldmia.w	sp!, {r3, r4, r5, r6, r7, r8, r9, pc}
100075ea:	f7ff fe95 	bl	10007318 <ulSetInterruptMask>
100075ee:	e7fe      	b.n	100075ee <xEventGroupSetBits+0x72>
100075f0:	f7ff fe92 	bl	10007318 <ulSetInterruptMask>
100075f4:	e7fe      	b.n	100075f4 <xEventGroupSetBits+0x78>
100075f6:	bf00      	nop

100075f8 <xEventGroupSetBitsFromISR>:
100075f8:	468c      	mov	ip, r1
100075fa:	b500      	push	{lr}
100075fc:	4686      	mov	lr, r0
100075fe:	4613      	mov	r3, r2
10007600:	4671      	mov	r1, lr
10007602:	4662      	mov	r2, ip
10007604:	4802      	ldr	r0, [pc, #8]	@ (10007610 <xEventGroupSetBitsFromISR+0x18>)
10007606:	f85d eb04 	ldr.w	lr, [sp], #4
1000760a:	f003 ba7f 	b.w	1000ab0c <xTimerPendFunctionCallFromISR>
1000760e:	bf00      	nop
10007610:	100073f1 	.word	0x100073f1

10007614 <vListInitialise>:
10007614:	f04f 31ff 	mov.w	r1, #4294967295	@ 0xffffffff
10007618:	2200      	movs	r2, #0
1000761a:	f100 0308 	add.w	r3, r0, #8
1000761e:	e9c0 3101 	strd	r3, r1, [r0, #4]
10007622:	e9c0 3303 	strd	r3, r3, [r0, #12]
10007626:	6002      	str	r2, [r0, #0]
10007628:	4770      	bx	lr
1000762a:	bf00      	nop

1000762c <vListInitialiseItem>:
1000762c:	2300      	movs	r3, #0
1000762e:	6103      	str	r3, [r0, #16]
10007630:	4770      	bx	lr
10007632:	bf00      	nop

10007634 <vListInsertEnd>:
10007634:	e9d0 3200 	ldrd	r3, r2, [r0]
10007638:	b410      	push	{r4}
1000763a:	6894      	ldr	r4, [r2, #8]
1000763c:	3301      	adds	r3, #1
1000763e:	e9c1 2401 	strd	r2, r4, [r1, #4]
10007642:	6061      	str	r1, [r4, #4]
10007644:	6091      	str	r1, [r2, #8]
10007646:	f85d 4b04 	ldr.w	r4, [sp], #4
1000764a:	6108      	str	r0, [r1, #16]
1000764c:	6003      	str	r3, [r0, #0]
1000764e:	4770      	bx	lr

10007650 <vListInsert>:
10007650:	b430      	push	{r4, r5}
10007652:	680d      	ldr	r5, [r1, #0]
10007654:	1c6b      	adds	r3, r5, #1
10007656:	d010      	beq.n	1000767a <vListInsert+0x2a>
10007658:	f100 0308 	add.w	r3, r0, #8
1000765c:	461c      	mov	r4, r3
1000765e:	685b      	ldr	r3, [r3, #4]
10007660:	681a      	ldr	r2, [r3, #0]
10007662:	42aa      	cmp	r2, r5
10007664:	d9fa      	bls.n	1000765c <vListInsert+0xc>
10007666:	6802      	ldr	r2, [r0, #0]
10007668:	604b      	str	r3, [r1, #4]
1000766a:	3201      	adds	r2, #1
1000766c:	6099      	str	r1, [r3, #8]
1000766e:	608c      	str	r4, [r1, #8]
10007670:	6061      	str	r1, [r4, #4]
10007672:	6108      	str	r0, [r1, #16]
10007674:	bc30      	pop	{r4, r5}
10007676:	6002      	str	r2, [r0, #0]
10007678:	4770      	bx	lr
1000767a:	6904      	ldr	r4, [r0, #16]
1000767c:	6863      	ldr	r3, [r4, #4]
1000767e:	e7f2      	b.n	10007666 <vListInsert+0x16>

10007680 <uxListRemove>:
10007680:	4603      	mov	r3, r0
10007682:	6902      	ldr	r2, [r0, #16]
10007684:	b410      	push	{r4}
10007686:	6854      	ldr	r4, [r2, #4]
10007688:	6840      	ldr	r0, [r0, #4]
1000768a:	6899      	ldr	r1, [r3, #8]
1000768c:	429c      	cmp	r4, r3
1000768e:	6081      	str	r1, [r0, #8]
10007690:	6048      	str	r0, [r1, #4]
10007692:	bf08      	it	eq
10007694:	6051      	streq	r1, [r2, #4]
10007696:	2100      	movs	r1, #0
10007698:	6810      	ldr	r0, [r2, #0]
1000769a:	f85d 4b04 	ldr.w	r4, [sp], #4
1000769e:	3801      	subs	r0, #1
100076a0:	6119      	str	r1, [r3, #16]
100076a2:	6010      	str	r0, [r2, #0]
100076a4:	4770      	bx	lr
100076a6:	bf00      	nop

100076a8 <prvCopyDataToQueue>:
100076a8:	b570      	push	{r4, r5, r6, lr}
100076aa:	4616      	mov	r6, r2
100076ac:	6c02      	ldr	r2, [r0, #64]	@ 0x40
100076ae:	4604      	mov	r4, r0
100076b0:	6b85      	ldr	r5, [r0, #56]	@ 0x38
100076b2:	b92a      	cbnz	r2, 100076c0 <prvCopyDataToQueue+0x18>
100076b4:	6806      	ldr	r6, [r0, #0]
100076b6:	3501      	adds	r5, #1
100076b8:	b34e      	cbz	r6, 1000770e <prvCopyDataToQueue+0x66>
100076ba:	4610      	mov	r0, r2
100076bc:	63a5      	str	r5, [r4, #56]	@ 0x38
100076be:	bd70      	pop	{r4, r5, r6, pc}
100076c0:	b98e      	cbnz	r6, 100076e6 <prvCopyDataToQueue+0x3e>
100076c2:	6840      	ldr	r0, [r0, #4]
100076c4:	f003 fcfc 	bl	1000b0c0 <memcpy>
100076c8:	6863      	ldr	r3, [r4, #4]
100076ca:	6c21      	ldr	r1, [r4, #64]	@ 0x40
100076cc:	68a2      	ldr	r2, [r4, #8]
100076ce:	440b      	add	r3, r1
100076d0:	4293      	cmp	r3, r2
100076d2:	6063      	str	r3, [r4, #4]
100076d4:	bf28      	it	cs
100076d6:	6823      	ldrcs	r3, [r4, #0]
100076d8:	f105 0501 	add.w	r5, r5, #1
100076dc:	bf28      	it	cs
100076de:	6063      	strcs	r3, [r4, #4]
100076e0:	2000      	movs	r0, #0
100076e2:	63a5      	str	r5, [r4, #56]	@ 0x38
100076e4:	bd70      	pop	{r4, r5, r6, pc}
100076e6:	68c0      	ldr	r0, [r0, #12]
100076e8:	f003 fcea 	bl	1000b0c0 <memcpy>
100076ec:	6c22      	ldr	r2, [r4, #64]	@ 0x40
100076ee:	68e3      	ldr	r3, [r4, #12]
100076f0:	4251      	negs	r1, r2
100076f2:	1a9b      	subs	r3, r3, r2
100076f4:	6822      	ldr	r2, [r4, #0]
100076f6:	60e3      	str	r3, [r4, #12]
100076f8:	4293      	cmp	r3, r2
100076fa:	d202      	bcs.n	10007702 <prvCopyDataToQueue+0x5a>
100076fc:	68a3      	ldr	r3, [r4, #8]
100076fe:	440b      	add	r3, r1
10007700:	60e3      	str	r3, [r4, #12]
10007702:	2e02      	cmp	r6, #2
10007704:	d008      	beq.n	10007718 <prvCopyDataToQueue+0x70>
10007706:	3501      	adds	r5, #1
10007708:	2000      	movs	r0, #0
1000770a:	63a5      	str	r5, [r4, #56]	@ 0x38
1000770c:	bd70      	pop	{r4, r5, r6, pc}
1000770e:	6880      	ldr	r0, [r0, #8]
10007710:	f002 f81c 	bl	1000974c <xTaskPriorityDisinherit>
10007714:	60a6      	str	r6, [r4, #8]
10007716:	e7d1      	b.n	100076bc <prvCopyDataToQueue+0x14>
10007718:	2d01      	cmp	r5, #1
1000771a:	bf38      	it	cc
1000771c:	2501      	movcc	r5, #1
1000771e:	e7df      	b.n	100076e0 <prvCopyDataToQueue+0x38>

10007720 <xQueueGenericCreate>:
10007720:	b530      	push	{r4, r5, lr}
10007722:	b083      	sub	sp, #12
10007724:	b140      	cbz	r0, 10007738 <xQueueGenericCreate+0x18>
10007726:	fba1 2300 	umull	r2, r3, r1, r0
1000772a:	4604      	mov	r4, r0
1000772c:	b923      	cbnz	r3, 10007738 <xQueueGenericCreate+0x18>
1000772e:	fb01 f000 	mul.w	r0, r1, r0
10007732:	f110 0f49 	cmn.w	r0, #73	@ 0x49
10007736:	d902      	bls.n	1000773e <xQueueGenericCreate+0x1e>
10007738:	f7ff fdee 	bl	10007318 <ulSetInterruptMask>
1000773c:	e7fe      	b.n	1000773c <xQueueGenericCreate+0x1c>
1000773e:	3048      	adds	r0, #72	@ 0x48
10007740:	9101      	str	r1, [sp, #4]
10007742:	f003 fb43 	bl	1000adcc <pvPortMalloc>
10007746:	4605      	mov	r5, r0
10007748:	b320      	cbz	r0, 10007794 <xQueueGenericCreate+0x74>
1000774a:	9901      	ldr	r1, [sp, #4]
1000774c:	b329      	cbz	r1, 1000779a <xQueueGenericCreate+0x7a>
1000774e:	f100 0348 	add.w	r3, r0, #72	@ 0x48
10007752:	e9c5 410f 	strd	r4, r1, [r5, #60]	@ 0x3c
10007756:	602b      	str	r3, [r5, #0]
10007758:	f002 f906 	bl	10009968 <vTaskEnterCritical>
1000775c:	2300      	movs	r3, #0
1000775e:	20ff      	movs	r0, #255	@ 0xff
10007760:	63ab      	str	r3, [r5, #56]	@ 0x38
10007762:	6c29      	ldr	r1, [r5, #64]	@ 0x40
10007764:	6beb      	ldr	r3, [r5, #60]	@ 0x3c
10007766:	682a      	ldr	r2, [r5, #0]
10007768:	fb01 f303 	mul.w	r3, r1, r3
1000776c:	1a59      	subs	r1, r3, r1
1000776e:	606a      	str	r2, [r5, #4]
10007770:	4413      	add	r3, r2
10007772:	440a      	add	r2, r1
10007774:	f885 0044 	strb.w	r0, [r5, #68]	@ 0x44
10007778:	e9c5 3202 	strd	r3, r2, [r5, #8]
1000777c:	f885 0045 	strb.w	r0, [r5, #69]	@ 0x45
10007780:	f105 0010 	add.w	r0, r5, #16
10007784:	f7ff ff46 	bl	10007614 <vListInitialise>
10007788:	f105 0024 	add.w	r0, r5, #36	@ 0x24
1000778c:	f7ff ff42 	bl	10007614 <vListInitialise>
10007790:	f002 f9d8 	bl	10009b44 <vTaskExitCritical>
10007794:	4628      	mov	r0, r5
10007796:	b003      	add	sp, #12
10007798:	bd30      	pop	{r4, r5, pc}
1000779a:	4603      	mov	r3, r0
1000779c:	e7d9      	b.n	10007752 <xQueueGenericCreate+0x32>
1000779e:	bf00      	nop

100077a0 <xQueueGenericSend>:
100077a0:	e92d 43f0 	stmdb	sp!, {r4, r5, r6, r7, r8, r9, lr}
100077a4:	b085      	sub	sp, #20
100077a6:	9201      	str	r2, [sp, #4]
100077a8:	2800      	cmp	r0, #0
100077aa:	f000 810d 	beq.w	100079c8 <xQueueGenericSend+0x228>
100077ae:	4604      	mov	r4, r0
100077b0:	4688      	mov	r8, r1
100077b2:	461f      	mov	r7, r3
100077b4:	2900      	cmp	r1, #0
100077b6:	f000 80f3 	beq.w	100079a0 <xQueueGenericSend+0x200>
100077ba:	2f02      	cmp	r7, #2
100077bc:	d103      	bne.n	100077c6 <xQueueGenericSend+0x26>
100077be:	6be3      	ldr	r3, [r4, #60]	@ 0x3c
100077c0:	2b01      	cmp	r3, #1
100077c2:	f040 80f4 	bne.w	100079ae <xQueueGenericSend+0x20e>
100077c6:	f001 fe3b 	bl	10009440 <xTaskGetSchedulerState>
100077ca:	2800      	cmp	r0, #0
100077cc:	f000 8090 	beq.w	100078f0 <xQueueGenericSend+0x150>
100077d0:	f002 f8ca 	bl	10009968 <vTaskEnterCritical>
100077d4:	6ba2      	ldr	r2, [r4, #56]	@ 0x38
100077d6:	6be3      	ldr	r3, [r4, #60]	@ 0x3c
100077d8:	429a      	cmp	r2, r3
100077da:	d379      	bcc.n	100078d0 <xQueueGenericSend+0x130>
100077dc:	2f02      	cmp	r7, #2
100077de:	d077      	beq.n	100078d0 <xQueueGenericSend+0x130>
100077e0:	2300      	movs	r3, #0
100077e2:	f104 0624 	add.w	r6, r4, #36	@ 0x24
100077e6:	9a01      	ldr	r2, [sp, #4]
100077e8:	2a00      	cmp	r2, #0
100077ea:	f000 80f0 	beq.w	100079ce <xQueueGenericSend+0x22e>
100077ee:	2b00      	cmp	r3, #0
100077f0:	f000 80d2 	beq.w	10007998 <xQueueGenericSend+0x1f8>
100077f4:	f002 f9a6 	bl	10009b44 <vTaskExitCritical>
100077f8:	f001 f8d0 	bl	1000899c <vTaskSuspendAll>
100077fc:	f002 f8b4 	bl	10009968 <vTaskEnterCritical>
10007800:	f894 3044 	ldrb.w	r3, [r4, #68]	@ 0x44
10007804:	2bff      	cmp	r3, #255	@ 0xff
10007806:	bf04      	itt	eq
10007808:	2300      	moveq	r3, #0
1000780a:	f884 3044 	strbeq.w	r3, [r4, #68]	@ 0x44
1000780e:	f894 3045 	ldrb.w	r3, [r4, #69]	@ 0x45
10007812:	2bff      	cmp	r3, #255	@ 0xff
10007814:	bf04      	itt	eq
10007816:	2300      	moveq	r3, #0
10007818:	f884 3045 	strbeq.w	r3, [r4, #69]	@ 0x45
1000781c:	f002 f992 	bl	10009b44 <vTaskExitCritical>
10007820:	a802      	add	r0, sp, #8
10007822:	a901      	add	r1, sp, #4
10007824:	f001 fcc0 	bl	100091a8 <xTaskCheckForTimeOut>
10007828:	2800      	cmp	r0, #0
1000782a:	f040 80d6 	bne.w	100079da <xQueueGenericSend+0x23a>
1000782e:	f002 f89b 	bl	10009968 <vTaskEnterCritical>
10007832:	6ba2      	ldr	r2, [r4, #56]	@ 0x38
10007834:	6be3      	ldr	r3, [r4, #60]	@ 0x3c
10007836:	429a      	cmp	r2, r3
10007838:	d061      	beq.n	100078fe <xQueueGenericSend+0x15e>
1000783a:	f002 f983 	bl	10009b44 <vTaskExitCritical>
1000783e:	f002 f893 	bl	10009968 <vTaskEnterCritical>
10007842:	f894 2045 	ldrb.w	r2, [r4, #69]	@ 0x45
10007846:	b255      	sxtb	r5, r2
10007848:	2d00      	cmp	r5, #0
1000784a:	dc04      	bgt.n	10007856 <xQueueGenericSend+0xb6>
1000784c:	e011      	b.n	10007872 <xQueueGenericSend+0xd2>
1000784e:	1e6a      	subs	r2, r5, #1
10007850:	b2d3      	uxtb	r3, r2
10007852:	b255      	sxtb	r5, r2
10007854:	b16b      	cbz	r3, 10007872 <xQueueGenericSend+0xd2>
10007856:	6a63      	ldr	r3, [r4, #36]	@ 0x24
10007858:	b15b      	cbz	r3, 10007872 <xQueueGenericSend+0xd2>
1000785a:	4630      	mov	r0, r6
1000785c:	f001 fc34 	bl	100090c8 <xTaskRemoveFromEventList>
10007860:	2800      	cmp	r0, #0
10007862:	d0f4      	beq.n	1000784e <xQueueGenericSend+0xae>
10007864:	f001 fdd2 	bl	1000940c <vTaskMissedYield>
10007868:	1e6a      	subs	r2, r5, #1
1000786a:	b2d3      	uxtb	r3, r2
1000786c:	b255      	sxtb	r5, r2
1000786e:	2b00      	cmp	r3, #0
10007870:	d1f1      	bne.n	10007856 <xQueueGenericSend+0xb6>
10007872:	23ff      	movs	r3, #255	@ 0xff
10007874:	f884 3045 	strb.w	r3, [r4, #69]	@ 0x45
10007878:	f002 f964 	bl	10009b44 <vTaskExitCritical>
1000787c:	f002 f874 	bl	10009968 <vTaskEnterCritical>
10007880:	f894 2044 	ldrb.w	r2, [r4, #68]	@ 0x44
10007884:	b255      	sxtb	r5, r2
10007886:	2d00      	cmp	r5, #0
10007888:	dd14      	ble.n	100078b4 <xQueueGenericSend+0x114>
1000788a:	f104 0910 	add.w	r9, r4, #16
1000788e:	e003      	b.n	10007898 <xQueueGenericSend+0xf8>
10007890:	1e6a      	subs	r2, r5, #1
10007892:	b2d3      	uxtb	r3, r2
10007894:	b255      	sxtb	r5, r2
10007896:	b16b      	cbz	r3, 100078b4 <xQueueGenericSend+0x114>
10007898:	6923      	ldr	r3, [r4, #16]
1000789a:	b15b      	cbz	r3, 100078b4 <xQueueGenericSend+0x114>
1000789c:	4648      	mov	r0, r9
1000789e:	f001 fc13 	bl	100090c8 <xTaskRemoveFromEventList>
100078a2:	2800      	cmp	r0, #0
100078a4:	d0f4      	beq.n	10007890 <xQueueGenericSend+0xf0>
100078a6:	f001 fdb1 	bl	1000940c <vTaskMissedYield>
100078aa:	1e6a      	subs	r2, r5, #1
100078ac:	b2d3      	uxtb	r3, r2
100078ae:	b255      	sxtb	r5, r2
100078b0:	2b00      	cmp	r3, #0
100078b2:	d1f1      	bne.n	10007898 <xQueueGenericSend+0xf8>
100078b4:	23ff      	movs	r3, #255	@ 0xff
100078b6:	f884 3044 	strb.w	r3, [r4, #68]	@ 0x44
100078ba:	f002 f943 	bl	10009b44 <vTaskExitCritical>
100078be:	f002 fcdb 	bl	1000a278 <xTaskResumeAll>
100078c2:	f002 f851 	bl	10009968 <vTaskEnterCritical>
100078c6:	6ba1      	ldr	r1, [r4, #56]	@ 0x38
100078c8:	6be2      	ldr	r2, [r4, #60]	@ 0x3c
100078ca:	2301      	movs	r3, #1
100078cc:	4291      	cmp	r1, r2
100078ce:	d28a      	bcs.n	100077e6 <xQueueGenericSend+0x46>
100078d0:	463a      	mov	r2, r7
100078d2:	4641      	mov	r1, r8
100078d4:	4620      	mov	r0, r4
100078d6:	f7ff fee7 	bl	100076a8 <prvCopyDataToQueue>
100078da:	6a63      	ldr	r3, [r4, #36]	@ 0x24
100078dc:	2b00      	cmp	r3, #0
100078de:	d16c      	bne.n	100079ba <xQueueGenericSend+0x21a>
100078e0:	2800      	cmp	r0, #0
100078e2:	d167      	bne.n	100079b4 <xQueueGenericSend+0x214>
100078e4:	f002 f92e 	bl	10009b44 <vTaskExitCritical>
100078e8:	2001      	movs	r0, #1
100078ea:	b005      	add	sp, #20
100078ec:	e8bd 83f0 	ldmia.w	sp!, {r4, r5, r6, r7, r8, r9, pc}
100078f0:	9b01      	ldr	r3, [sp, #4]
100078f2:	2b00      	cmp	r3, #0
100078f4:	f43f af6c 	beq.w	100077d0 <xQueueGenericSend+0x30>
100078f8:	f7ff fd0e 	bl	10007318 <ulSetInterruptMask>
100078fc:	e7fe      	b.n	100078fc <xQueueGenericSend+0x15c>
100078fe:	f104 0910 	add.w	r9, r4, #16
10007902:	f002 f91f 	bl	10009b44 <vTaskExitCritical>
10007906:	4648      	mov	r0, r9
10007908:	9901      	ldr	r1, [sp, #4]
1000790a:	f001 fb0f 	bl	10008f2c <vTaskPlaceOnEventList>
1000790e:	f002 f82b 	bl	10009968 <vTaskEnterCritical>
10007912:	f894 3045 	ldrb.w	r3, [r4, #69]	@ 0x45
10007916:	b25d      	sxtb	r5, r3
10007918:	2d00      	cmp	r5, #0
1000791a:	dc04      	bgt.n	10007926 <xQueueGenericSend+0x186>
1000791c:	e011      	b.n	10007942 <xQueueGenericSend+0x1a2>
1000791e:	1e6b      	subs	r3, r5, #1
10007920:	b2da      	uxtb	r2, r3
10007922:	b25d      	sxtb	r5, r3
10007924:	b16a      	cbz	r2, 10007942 <xQueueGenericSend+0x1a2>
10007926:	6a63      	ldr	r3, [r4, #36]	@ 0x24
10007928:	b15b      	cbz	r3, 10007942 <xQueueGenericSend+0x1a2>
1000792a:	4630      	mov	r0, r6
1000792c:	f001 fbcc 	bl	100090c8 <xTaskRemoveFromEventList>
10007930:	2800      	cmp	r0, #0
10007932:	d0f4      	beq.n	1000791e <xQueueGenericSend+0x17e>
10007934:	f001 fd6a 	bl	1000940c <vTaskMissedYield>
10007938:	1e6b      	subs	r3, r5, #1
1000793a:	b2da      	uxtb	r2, r3
1000793c:	b25d      	sxtb	r5, r3
1000793e:	2a00      	cmp	r2, #0
10007940:	d1f1      	bne.n	10007926 <xQueueGenericSend+0x186>
10007942:	23ff      	movs	r3, #255	@ 0xff
10007944:	f884 3045 	strb.w	r3, [r4, #69]	@ 0x45
10007948:	f002 f8fc 	bl	10009b44 <vTaskExitCritical>
1000794c:	f002 f80c 	bl	10009968 <vTaskEnterCritical>
10007950:	f894 3044 	ldrb.w	r3, [r4, #68]	@ 0x44
10007954:	b25d      	sxtb	r5, r3
10007956:	2d00      	cmp	r5, #0
10007958:	dc04      	bgt.n	10007964 <xQueueGenericSend+0x1c4>
1000795a:	e011      	b.n	10007980 <xQueueGenericSend+0x1e0>
1000795c:	1e6b      	subs	r3, r5, #1
1000795e:	b2da      	uxtb	r2, r3
10007960:	b25d      	sxtb	r5, r3
10007962:	b16a      	cbz	r2, 10007980 <xQueueGenericSend+0x1e0>
10007964:	6923      	ldr	r3, [r4, #16]
10007966:	b15b      	cbz	r3, 10007980 <xQueueGenericSend+0x1e0>
10007968:	4648      	mov	r0, r9
1000796a:	f001 fbad 	bl	100090c8 <xTaskRemoveFromEventList>
1000796e:	2800      	cmp	r0, #0
10007970:	d0f4      	beq.n	1000795c <xQueueGenericSend+0x1bc>
10007972:	f001 fd4b 	bl	1000940c <vTaskMissedYield>
10007976:	1e6b      	subs	r3, r5, #1
10007978:	b2da      	uxtb	r2, r3
1000797a:	b25d      	sxtb	r5, r3
1000797c:	2a00      	cmp	r2, #0
1000797e:	d1f1      	bne.n	10007964 <xQueueGenericSend+0x1c4>
10007980:	23ff      	movs	r3, #255	@ 0xff
10007982:	f884 3044 	strb.w	r3, [r4, #68]	@ 0x44
10007986:	f002 f8dd 	bl	10009b44 <vTaskExitCritical>
1000798a:	f002 fc75 	bl	1000a278 <xTaskResumeAll>
1000798e:	2800      	cmp	r0, #0
10007990:	d197      	bne.n	100078c2 <xQueueGenericSend+0x122>
10007992:	f001 ffc9 	bl	10009928 <vTaskYieldWithinAPI>
10007996:	e794      	b.n	100078c2 <xQueueGenericSend+0x122>
10007998:	a802      	add	r0, sp, #8
1000799a:	f001 fbf9 	bl	10009190 <vTaskInternalSetTimeOutState>
1000799e:	e729      	b.n	100077f4 <xQueueGenericSend+0x54>
100079a0:	6c03      	ldr	r3, [r0, #64]	@ 0x40
100079a2:	2b00      	cmp	r3, #0
100079a4:	f43f af09 	beq.w	100077ba <xQueueGenericSend+0x1a>
100079a8:	f7ff fcb6 	bl	10007318 <ulSetInterruptMask>
100079ac:	e7fe      	b.n	100079ac <xQueueGenericSend+0x20c>
100079ae:	f7ff fcb3 	bl	10007318 <ulSetInterruptMask>
100079b2:	e7fe      	b.n	100079b2 <xQueueGenericSend+0x212>
100079b4:	f001 ffb8 	bl	10009928 <vTaskYieldWithinAPI>
100079b8:	e794      	b.n	100078e4 <xQueueGenericSend+0x144>
100079ba:	f104 0024 	add.w	r0, r4, #36	@ 0x24
100079be:	f001 fb83 	bl	100090c8 <xTaskRemoveFromEventList>
100079c2:	2800      	cmp	r0, #0
100079c4:	d08e      	beq.n	100078e4 <xQueueGenericSend+0x144>
100079c6:	e7f5      	b.n	100079b4 <xQueueGenericSend+0x214>
100079c8:	f7ff fca6 	bl	10007318 <ulSetInterruptMask>
100079cc:	e7fe      	b.n	100079cc <xQueueGenericSend+0x22c>
100079ce:	f002 f8b9 	bl	10009b44 <vTaskExitCritical>
100079d2:	2000      	movs	r0, #0
100079d4:	b005      	add	sp, #20
100079d6:	e8bd 83f0 	ldmia.w	sp!, {r4, r5, r6, r7, r8, r9, pc}
100079da:	f001 ffc5 	bl	10009968 <vTaskEnterCritical>
100079de:	f894 3045 	ldrb.w	r3, [r4, #69]	@ 0x45
100079e2:	b25d      	sxtb	r5, r3
100079e4:	2d00      	cmp	r5, #0
100079e6:	dd10      	ble.n	10007a0a <xQueueGenericSend+0x26a>
100079e8:	f104 0624 	add.w	r6, r4, #36	@ 0x24
100079ec:	e003      	b.n	100079f6 <xQueueGenericSend+0x256>
100079ee:	1e6b      	subs	r3, r5, #1
100079f0:	b2da      	uxtb	r2, r3
100079f2:	b25d      	sxtb	r5, r3
100079f4:	b14a      	cbz	r2, 10007a0a <xQueueGenericSend+0x26a>
100079f6:	6a63      	ldr	r3, [r4, #36]	@ 0x24
100079f8:	b13b      	cbz	r3, 10007a0a <xQueueGenericSend+0x26a>
100079fa:	4630      	mov	r0, r6
100079fc:	f001 fb64 	bl	100090c8 <xTaskRemoveFromEventList>
10007a00:	2800      	cmp	r0, #0
10007a02:	d0f4      	beq.n	100079ee <xQueueGenericSend+0x24e>
10007a04:	f001 fd02 	bl	1000940c <vTaskMissedYield>
10007a08:	e7f1      	b.n	100079ee <xQueueGenericSend+0x24e>
10007a0a:	23ff      	movs	r3, #255	@ 0xff
10007a0c:	f884 3045 	strb.w	r3, [r4, #69]	@ 0x45
10007a10:	f002 f898 	bl	10009b44 <vTaskExitCritical>
10007a14:	f001 ffa8 	bl	10009968 <vTaskEnterCritical>
10007a18:	f894 3044 	ldrb.w	r3, [r4, #68]	@ 0x44
10007a1c:	b25d      	sxtb	r5, r3
10007a1e:	2d00      	cmp	r5, #0
10007a20:	dd10      	ble.n	10007a44 <xQueueGenericSend+0x2a4>
10007a22:	f104 0610 	add.w	r6, r4, #16
10007a26:	e003      	b.n	10007a30 <xQueueGenericSend+0x290>
10007a28:	1e6b      	subs	r3, r5, #1
10007a2a:	b2da      	uxtb	r2, r3
10007a2c:	b25d      	sxtb	r5, r3
10007a2e:	b14a      	cbz	r2, 10007a44 <xQueueGenericSend+0x2a4>
10007a30:	6923      	ldr	r3, [r4, #16]
10007a32:	b13b      	cbz	r3, 10007a44 <xQueueGenericSend+0x2a4>
10007a34:	4630      	mov	r0, r6
10007a36:	f001 fb47 	bl	100090c8 <xTaskRemoveFromEventList>
10007a3a:	2800      	cmp	r0, #0
10007a3c:	d0f4      	beq.n	10007a28 <xQueueGenericSend+0x288>
10007a3e:	f001 fce5 	bl	1000940c <vTaskMissedYield>
10007a42:	e7f1      	b.n	10007a28 <xQueueGenericSend+0x288>
10007a44:	23ff      	movs	r3, #255	@ 0xff
10007a46:	f884 3044 	strb.w	r3, [r4, #68]	@ 0x44
10007a4a:	f002 f87b 	bl	10009b44 <vTaskExitCritical>
10007a4e:	f002 fc13 	bl	1000a278 <xTaskResumeAll>
10007a52:	e7be      	b.n	100079d2 <xQueueGenericSend+0x232>

10007a54 <xQueueCreateMutex>:
10007a54:	b538      	push	{r3, r4, r5, lr}
10007a56:	2048      	movs	r0, #72	@ 0x48
10007a58:	f003 f9b8 	bl	1000adcc <pvPortMalloc>
10007a5c:	4604      	mov	r4, r0
10007a5e:	b350      	cbz	r0, 10007ab6 <xQueueCreateMutex+0x62>
10007a60:	2500      	movs	r5, #0
10007a62:	2301      	movs	r3, #1
10007a64:	6020      	str	r0, [r4, #0]
10007a66:	e9c0 350f 	strd	r3, r5, [r0, #60]	@ 0x3c
10007a6a:	f001 ff7d 	bl	10009968 <vTaskEnterCritical>
10007a6e:	e9d4 310f 	ldrd	r3, r1, [r4, #60]	@ 0x3c
10007a72:	20ff      	movs	r0, #255	@ 0xff
10007a74:	fb01 f303 	mul.w	r3, r1, r3
10007a78:	6822      	ldr	r2, [r4, #0]
10007a7a:	1a59      	subs	r1, r3, r1
10007a7c:	6062      	str	r2, [r4, #4]
10007a7e:	4413      	add	r3, r2
10007a80:	440a      	add	r2, r1
10007a82:	e9c4 3202 	strd	r3, r2, [r4, #8]
10007a86:	63a5      	str	r5, [r4, #56]	@ 0x38
10007a88:	f884 0044 	strb.w	r0, [r4, #68]	@ 0x44
10007a8c:	f884 0045 	strb.w	r0, [r4, #69]	@ 0x45
10007a90:	f104 0010 	add.w	r0, r4, #16
10007a94:	f7ff fdbe 	bl	10007614 <vListInitialise>
10007a98:	f104 0024 	add.w	r0, r4, #36	@ 0x24
10007a9c:	f7ff fdba 	bl	10007614 <vListInitialise>
10007aa0:	f002 f850 	bl	10009b44 <vTaskExitCritical>
10007aa4:	462b      	mov	r3, r5
10007aa6:	462a      	mov	r2, r5
10007aa8:	4629      	mov	r1, r5
10007aaa:	4620      	mov	r0, r4
10007aac:	60a5      	str	r5, [r4, #8]
10007aae:	6025      	str	r5, [r4, #0]
10007ab0:	60e5      	str	r5, [r4, #12]
10007ab2:	f7ff fe75 	bl	100077a0 <xQueueGenericSend>
10007ab6:	4620      	mov	r0, r4
10007ab8:	bd38      	pop	{r3, r4, r5, pc}
10007aba:	bf00      	nop

10007abc <xQueueGenericSendFromISR>:
10007abc:	e92d 41f0 	stmdb	sp!, {r4, r5, r6, r7, r8, lr}
10007ac0:	b388      	cbz	r0, 10007b26 <xQueueGenericSendFromISR+0x6a>
10007ac2:	4604      	mov	r4, r0
10007ac4:	460d      	mov	r5, r1
10007ac6:	4617      	mov	r7, r2
10007ac8:	461e      	mov	r6, r3
10007aca:	b349      	cbz	r1, 10007b20 <xQueueGenericSendFromISR+0x64>
10007acc:	2e02      	cmp	r6, #2
10007ace:	d117      	bne.n	10007b00 <xQueueGenericSendFromISR+0x44>
10007ad0:	6be3      	ldr	r3, [r4, #60]	@ 0x3c
10007ad2:	2b01      	cmp	r3, #1
10007ad4:	d12a      	bne.n	10007b2c <xQueueGenericSendFromISR+0x70>
10007ad6:	f7ff fa97 	bl	10007008 <vPortValidateInterruptPriority>
10007ada:	f001 ffdd 	bl	10009a98 <vTaskEnterCriticalFromISR>
10007ade:	4680      	mov	r8, r0
10007ae0:	6ba3      	ldr	r3, [r4, #56]	@ 0x38
10007ae2:	4629      	mov	r1, r5
10007ae4:	f894 5045 	ldrb.w	r5, [r4, #69]	@ 0x45
10007ae8:	4632      	mov	r2, r6
10007aea:	4620      	mov	r0, r4
10007aec:	b26d      	sxtb	r5, r5
10007aee:	6ba3      	ldr	r3, [r4, #56]	@ 0x38
10007af0:	f7ff fdda 	bl	100076a8 <prvCopyDataToQueue>
10007af4:	1c6b      	adds	r3, r5, #1
10007af6:	d11c      	bne.n	10007b32 <xQueueGenericSendFromISR+0x76>
10007af8:	6a63      	ldr	r3, [r4, #36]	@ 0x24
10007afa:	bb2b      	cbnz	r3, 10007b48 <xQueueGenericSendFromISR+0x8c>
10007afc:	2401      	movs	r4, #1
10007afe:	e009      	b.n	10007b14 <xQueueGenericSendFromISR+0x58>
10007b00:	f7ff fa82 	bl	10007008 <vPortValidateInterruptPriority>
10007b04:	f001 ffc8 	bl	10009a98 <vTaskEnterCriticalFromISR>
10007b08:	6ba2      	ldr	r2, [r4, #56]	@ 0x38
10007b0a:	6be3      	ldr	r3, [r4, #60]	@ 0x3c
10007b0c:	4680      	mov	r8, r0
10007b0e:	429a      	cmp	r2, r3
10007b10:	d3e7      	bcc.n	10007ae2 <xQueueGenericSendFromISR+0x26>
10007b12:	2400      	movs	r4, #0
10007b14:	4640      	mov	r0, r8
10007b16:	f002 fdab 	bl	1000a670 <vTaskExitCriticalFromISR>
10007b1a:	4620      	mov	r0, r4
10007b1c:	e8bd 81f0 	ldmia.w	sp!, {r4, r5, r6, r7, r8, pc}
10007b20:	6c03      	ldr	r3, [r0, #64]	@ 0x40
10007b22:	2b00      	cmp	r3, #0
10007b24:	d0d2      	beq.n	10007acc <xQueueGenericSendFromISR+0x10>
10007b26:	f7ff fbf7 	bl	10007318 <ulSetInterruptMask>
10007b2a:	e7fe      	b.n	10007b2a <xQueueGenericSendFromISR+0x6e>
10007b2c:	f7ff fbf4 	bl	10007318 <ulSetInterruptMask>
10007b30:	e7fe      	b.n	10007b30 <xQueueGenericSendFromISR+0x74>
10007b32:	f000 ffeb 	bl	10008b0c <uxTaskGetNumberOfTasks>
10007b36:	4285      	cmp	r5, r0
10007b38:	d2e0      	bcs.n	10007afc <xQueueGenericSendFromISR+0x40>
10007b3a:	2d7f      	cmp	r5, #127	@ 0x7f
10007b3c:	d00f      	beq.n	10007b5e <xQueueGenericSendFromISR+0xa2>
10007b3e:	1c6b      	adds	r3, r5, #1
10007b40:	b25b      	sxtb	r3, r3
10007b42:	f884 3045 	strb.w	r3, [r4, #69]	@ 0x45
10007b46:	e7d9      	b.n	10007afc <xQueueGenericSendFromISR+0x40>
10007b48:	f104 0024 	add.w	r0, r4, #36	@ 0x24
10007b4c:	f001 fabc 	bl	100090c8 <xTaskRemoveFromEventList>
10007b50:	2800      	cmp	r0, #0
10007b52:	d0d3      	beq.n	10007afc <xQueueGenericSendFromISR+0x40>
10007b54:	2f00      	cmp	r7, #0
10007b56:	d0d1      	beq.n	10007afc <xQueueGenericSendFromISR+0x40>
10007b58:	2301      	movs	r3, #1
10007b5a:	603b      	str	r3, [r7, #0]
10007b5c:	e7ce      	b.n	10007afc <xQueueGenericSendFromISR+0x40>
10007b5e:	f7ff fbdb 	bl	10007318 <ulSetInterruptMask>
10007b62:	e7fe      	b.n	10007b62 <xQueueGenericSendFromISR+0xa6>

10007b64 <xQueueGiveFromISR>:
10007b64:	b5f8      	push	{r3, r4, r5, r6, r7, lr}
10007b66:	b1e8      	cbz	r0, 10007ba4 <xQueueGiveFromISR+0x40>
10007b68:	6c03      	ldr	r3, [r0, #64]	@ 0x40
10007b6a:	4604      	mov	r4, r0
10007b6c:	b9d3      	cbnz	r3, 10007ba4 <xQueueGiveFromISR+0x40>
10007b6e:	6803      	ldr	r3, [r0, #0]
10007b70:	460d      	mov	r5, r1
10007b72:	b32b      	cbz	r3, 10007bc0 <xQueueGiveFromISR+0x5c>
10007b74:	f7ff fa48 	bl	10007008 <vPortValidateInterruptPriority>
10007b78:	f001 ff8e 	bl	10009a98 <vTaskEnterCriticalFromISR>
10007b7c:	6ba3      	ldr	r3, [r4, #56]	@ 0x38
10007b7e:	6be2      	ldr	r2, [r4, #60]	@ 0x3c
10007b80:	4606      	mov	r6, r0
10007b82:	429a      	cmp	r2, r3
10007b84:	d922      	bls.n	10007bcc <xQueueGiveFromISR+0x68>
10007b86:	f894 2045 	ldrb.w	r2, [r4, #69]	@ 0x45
10007b8a:	3301      	adds	r3, #1
10007b8c:	2aff      	cmp	r2, #255	@ 0xff
10007b8e:	63a3      	str	r3, [r4, #56]	@ 0x38
10007b90:	b257      	sxtb	r7, r2
10007b92:	d10a      	bne.n	10007baa <xQueueGiveFromISR+0x46>
10007b94:	6a63      	ldr	r3, [r4, #36]	@ 0x24
10007b96:	bb13      	cbnz	r3, 10007bde <xQueueGiveFromISR+0x7a>
10007b98:	2401      	movs	r4, #1
10007b9a:	4630      	mov	r0, r6
10007b9c:	f002 fd68 	bl	1000a670 <vTaskExitCriticalFromISR>
10007ba0:	4620      	mov	r0, r4
10007ba2:	bdf8      	pop	{r3, r4, r5, r6, r7, pc}
10007ba4:	f7ff fbb8 	bl	10007318 <ulSetInterruptMask>
10007ba8:	e7fe      	b.n	10007ba8 <xQueueGiveFromISR+0x44>
10007baa:	f000 ffaf 	bl	10008b0c <uxTaskGetNumberOfTasks>
10007bae:	4287      	cmp	r7, r0
10007bb0:	d2f2      	bcs.n	10007b98 <xQueueGiveFromISR+0x34>
10007bb2:	2f7f      	cmp	r7, #127	@ 0x7f
10007bb4:	d010      	beq.n	10007bd8 <xQueueGiveFromISR+0x74>
10007bb6:	1c7b      	adds	r3, r7, #1
10007bb8:	b25b      	sxtb	r3, r3
10007bba:	f884 3045 	strb.w	r3, [r4, #69]	@ 0x45
10007bbe:	e7eb      	b.n	10007b98 <xQueueGiveFromISR+0x34>
10007bc0:	6883      	ldr	r3, [r0, #8]
10007bc2:	2b00      	cmp	r3, #0
10007bc4:	d0d6      	beq.n	10007b74 <xQueueGiveFromISR+0x10>
10007bc6:	f7ff fba7 	bl	10007318 <ulSetInterruptMask>
10007bca:	e7fe      	b.n	10007bca <xQueueGiveFromISR+0x66>
10007bcc:	2400      	movs	r4, #0
10007bce:	4630      	mov	r0, r6
10007bd0:	f002 fd4e 	bl	1000a670 <vTaskExitCriticalFromISR>
10007bd4:	4620      	mov	r0, r4
10007bd6:	bdf8      	pop	{r3, r4, r5, r6, r7, pc}
10007bd8:	f7ff fb9e 	bl	10007318 <ulSetInterruptMask>
10007bdc:	e7fe      	b.n	10007bdc <xQueueGiveFromISR+0x78>
10007bde:	f104 0024 	add.w	r0, r4, #36	@ 0x24
10007be2:	f001 fa71 	bl	100090c8 <xTaskRemoveFromEventList>
10007be6:	2800      	cmp	r0, #0
10007be8:	d0d6      	beq.n	10007b98 <xQueueGiveFromISR+0x34>
10007bea:	2d00      	cmp	r5, #0
10007bec:	d0d4      	beq.n	10007b98 <xQueueGiveFromISR+0x34>
10007bee:	2301      	movs	r3, #1
10007bf0:	602b      	str	r3, [r5, #0]
10007bf2:	e7d1      	b.n	10007b98 <xQueueGiveFromISR+0x34>

10007bf4 <xQueueReceive>:
10007bf4:	e92d 43f0 	stmdb	sp!, {r4, r5, r6, r7, r8, r9, lr}
10007bf8:	b085      	sub	sp, #20
10007bfa:	9201      	str	r2, [sp, #4]
10007bfc:	2800      	cmp	r0, #0
10007bfe:	f000 8135 	beq.w	10007e6c <xQueueReceive+0x278>
10007c02:	4604      	mov	r4, r0
10007c04:	460f      	mov	r7, r1
10007c06:	2900      	cmp	r1, #0
10007c08:	f000 8122 	beq.w	10007e50 <xQueueReceive+0x25c>
10007c0c:	f001 fc18 	bl	10009440 <xTaskGetSchedulerState>
10007c10:	2800      	cmp	r0, #0
10007c12:	f000 8124 	beq.w	10007e5e <xQueueReceive+0x26a>
10007c16:	f001 fea7 	bl	10009968 <vTaskEnterCritical>
10007c1a:	6ba5      	ldr	r5, [r4, #56]	@ 0x38
10007c1c:	2d00      	cmp	r5, #0
10007c1e:	f040 8128 	bne.w	10007e72 <xQueueReceive+0x27e>
10007c22:	9b01      	ldr	r3, [sp, #4]
10007c24:	2b00      	cmp	r3, #0
10007c26:	f000 80be 	beq.w	10007da6 <xQueueReceive+0x1b2>
10007c2a:	a802      	add	r0, sp, #8
10007c2c:	f001 fab0 	bl	10009190 <vTaskInternalSetTimeOutState>
10007c30:	46a8      	mov	r8, r5
10007c32:	f104 0624 	add.w	r6, r4, #36	@ 0x24
10007c36:	f001 ff85 	bl	10009b44 <vTaskExitCritical>
10007c3a:	f000 feaf 	bl	1000899c <vTaskSuspendAll>
10007c3e:	f001 fe93 	bl	10009968 <vTaskEnterCritical>
10007c42:	f894 3044 	ldrb.w	r3, [r4, #68]	@ 0x44
10007c46:	2bff      	cmp	r3, #255	@ 0xff
10007c48:	bf08      	it	eq
10007c4a:	f884 8044 	strbeq.w	r8, [r4, #68]	@ 0x44
10007c4e:	f894 3045 	ldrb.w	r3, [r4, #69]	@ 0x45
10007c52:	2bff      	cmp	r3, #255	@ 0xff
10007c54:	bf08      	it	eq
10007c56:	f884 8045 	strbeq.w	r8, [r4, #69]	@ 0x45
10007c5a:	f001 ff73 	bl	10009b44 <vTaskExitCritical>
10007c5e:	a901      	add	r1, sp, #4
10007c60:	a802      	add	r0, sp, #8
10007c62:	f001 faa1 	bl	100091a8 <xTaskCheckForTimeOut>
10007c66:	2800      	cmp	r0, #0
10007c68:	d14c      	bne.n	10007d04 <xQueueReceive+0x110>
10007c6a:	f001 fe7d 	bl	10009968 <vTaskEnterCritical>
10007c6e:	6ba3      	ldr	r3, [r4, #56]	@ 0x38
10007c70:	2b00      	cmp	r3, #0
10007c72:	f000 809e 	beq.w	10007db2 <xQueueReceive+0x1be>
10007c76:	f001 ff65 	bl	10009b44 <vTaskExitCritical>
10007c7a:	f001 fe75 	bl	10009968 <vTaskEnterCritical>
10007c7e:	f894 3045 	ldrb.w	r3, [r4, #69]	@ 0x45
10007c82:	b25d      	sxtb	r5, r3
10007c84:	2d00      	cmp	r5, #0
10007c86:	dd14      	ble.n	10007cb2 <xQueueReceive+0xbe>
10007c88:	f104 0924 	add.w	r9, r4, #36	@ 0x24
10007c8c:	e003      	b.n	10007c96 <xQueueReceive+0xa2>
10007c8e:	1e6b      	subs	r3, r5, #1
10007c90:	b2da      	uxtb	r2, r3
10007c92:	b25d      	sxtb	r5, r3
10007c94:	b16a      	cbz	r2, 10007cb2 <xQueueReceive+0xbe>
10007c96:	6a63      	ldr	r3, [r4, #36]	@ 0x24
10007c98:	b15b      	cbz	r3, 10007cb2 <xQueueReceive+0xbe>
10007c9a:	4648      	mov	r0, r9
10007c9c:	f001 fa14 	bl	100090c8 <xTaskRemoveFromEventList>
10007ca0:	2800      	cmp	r0, #0
10007ca2:	d0f4      	beq.n	10007c8e <xQueueReceive+0x9a>
10007ca4:	f001 fbb2 	bl	1000940c <vTaskMissedYield>
10007ca8:	1e6b      	subs	r3, r5, #1
10007caa:	b2da      	uxtb	r2, r3
10007cac:	b25d      	sxtb	r5, r3
10007cae:	2a00      	cmp	r2, #0
10007cb0:	d1f1      	bne.n	10007c96 <xQueueReceive+0xa2>
10007cb2:	23ff      	movs	r3, #255	@ 0xff
10007cb4:	f884 3045 	strb.w	r3, [r4, #69]	@ 0x45
10007cb8:	f001 ff44 	bl	10009b44 <vTaskExitCritical>
10007cbc:	f001 fe54 	bl	10009968 <vTaskEnterCritical>
10007cc0:	f894 3044 	ldrb.w	r3, [r4, #68]	@ 0x44
10007cc4:	b25d      	sxtb	r5, r3
10007cc6:	2d00      	cmp	r5, #0
10007cc8:	dd14      	ble.n	10007cf4 <xQueueReceive+0x100>
10007cca:	f104 0910 	add.w	r9, r4, #16
10007cce:	e003      	b.n	10007cd8 <xQueueReceive+0xe4>
10007cd0:	1e6b      	subs	r3, r5, #1
10007cd2:	b2da      	uxtb	r2, r3
10007cd4:	b25d      	sxtb	r5, r3
10007cd6:	b16a      	cbz	r2, 10007cf4 <xQueueReceive+0x100>
10007cd8:	6923      	ldr	r3, [r4, #16]
10007cda:	b15b      	cbz	r3, 10007cf4 <xQueueReceive+0x100>
10007cdc:	4648      	mov	r0, r9
10007cde:	f001 f9f3 	bl	100090c8 <xTaskRemoveFromEventList>
10007ce2:	2800      	cmp	r0, #0
10007ce4:	d0f4      	beq.n	10007cd0 <xQueueReceive+0xdc>
10007ce6:	f001 fb91 	bl	1000940c <vTaskMissedYield>
10007cea:	1e6b      	subs	r3, r5, #1
10007cec:	b2da      	uxtb	r2, r3
10007cee:	b25d      	sxtb	r5, r3
10007cf0:	2a00      	cmp	r2, #0
10007cf2:	d1f1      	bne.n	10007cd8 <xQueueReceive+0xe4>
10007cf4:	23ff      	movs	r3, #255	@ 0xff
10007cf6:	f884 3044 	strb.w	r3, [r4, #68]	@ 0x44
10007cfa:	f001 ff23 	bl	10009b44 <vTaskExitCritical>
10007cfe:	f002 fabb 	bl	1000a278 <xTaskResumeAll>
10007d02:	e047      	b.n	10007d94 <xQueueReceive+0x1a0>
10007d04:	f001 fe30 	bl	10009968 <vTaskEnterCritical>
10007d08:	f894 3045 	ldrb.w	r3, [r4, #69]	@ 0x45
10007d0c:	b25d      	sxtb	r5, r3
10007d0e:	2d00      	cmp	r5, #0
10007d10:	dc04      	bgt.n	10007d1c <xQueueReceive+0x128>
10007d12:	e011      	b.n	10007d38 <xQueueReceive+0x144>
10007d14:	1e6b      	subs	r3, r5, #1
10007d16:	b2da      	uxtb	r2, r3
10007d18:	b25d      	sxtb	r5, r3
10007d1a:	b16a      	cbz	r2, 10007d38 <xQueueReceive+0x144>
10007d1c:	6a63      	ldr	r3, [r4, #36]	@ 0x24
10007d1e:	b15b      	cbz	r3, 10007d38 <xQueueReceive+0x144>
10007d20:	4630      	mov	r0, r6
10007d22:	f001 f9d1 	bl	100090c8 <xTaskRemoveFromEventList>
10007d26:	2800      	cmp	r0, #0
10007d28:	d0f4      	beq.n	10007d14 <xQueueReceive+0x120>
10007d2a:	f001 fb6f 	bl	1000940c <vTaskMissedYield>
10007d2e:	1e6b      	subs	r3, r5, #1
10007d30:	b2da      	uxtb	r2, r3
10007d32:	b25d      	sxtb	r5, r3
10007d34:	2a00      	cmp	r2, #0
10007d36:	d1f1      	bne.n	10007d1c <xQueueReceive+0x128>
10007d38:	23ff      	movs	r3, #255	@ 0xff
10007d3a:	f884 3045 	strb.w	r3, [r4, #69]	@ 0x45
10007d3e:	f001 ff01 	bl	10009b44 <vTaskExitCritical>
10007d42:	f001 fe11 	bl	10009968 <vTaskEnterCritical>
10007d46:	f894 3044 	ldrb.w	r3, [r4, #68]	@ 0x44
10007d4a:	b25d      	sxtb	r5, r3
10007d4c:	2d00      	cmp	r5, #0
10007d4e:	dd14      	ble.n	10007d7a <xQueueReceive+0x186>
10007d50:	f104 0910 	add.w	r9, r4, #16
10007d54:	e003      	b.n	10007d5e <xQueueReceive+0x16a>
10007d56:	1e6b      	subs	r3, r5, #1
10007d58:	b2da      	uxtb	r2, r3
10007d5a:	b25d      	sxtb	r5, r3
10007d5c:	b16a      	cbz	r2, 10007d7a <xQueueReceive+0x186>
10007d5e:	6923      	ldr	r3, [r4, #16]
10007d60:	b15b      	cbz	r3, 10007d7a <xQueueReceive+0x186>
10007d62:	4648      	mov	r0, r9
10007d64:	f001 f9b0 	bl	100090c8 <xTaskRemoveFromEventList>
10007d68:	2800      	cmp	r0, #0
10007d6a:	d0f4      	beq.n	10007d56 <xQueueReceive+0x162>
10007d6c:	f001 fb4e 	bl	1000940c <vTaskMissedYield>
10007d70:	1e6b      	subs	r3, r5, #1
10007d72:	b2da      	uxtb	r2, r3
10007d74:	b25d      	sxtb	r5, r3
10007d76:	2a00      	cmp	r2, #0
10007d78:	d1f1      	bne.n	10007d5e <xQueueReceive+0x16a>
10007d7a:	23ff      	movs	r3, #255	@ 0xff
10007d7c:	f884 3044 	strb.w	r3, [r4, #68]	@ 0x44
10007d80:	f001 fee0 	bl	10009b44 <vTaskExitCritical>
10007d84:	f002 fa78 	bl	1000a278 <xTaskResumeAll>
10007d88:	f001 fdee 	bl	10009968 <vTaskEnterCritical>
10007d8c:	6ba3      	ldr	r3, [r4, #56]	@ 0x38
10007d8e:	b153      	cbz	r3, 10007da6 <xQueueReceive+0x1b2>
10007d90:	f001 fed8 	bl	10009b44 <vTaskExitCritical>
10007d94:	f001 fde8 	bl	10009968 <vTaskEnterCritical>
10007d98:	6ba5      	ldr	r5, [r4, #56]	@ 0x38
10007d9a:	2d00      	cmp	r5, #0
10007d9c:	d169      	bne.n	10007e72 <xQueueReceive+0x27e>
10007d9e:	9b01      	ldr	r3, [sp, #4]
10007da0:	2b00      	cmp	r3, #0
10007da2:	f47f af48 	bne.w	10007c36 <xQueueReceive+0x42>
10007da6:	f001 fecd 	bl	10009b44 <vTaskExitCritical>
10007daa:	2000      	movs	r0, #0
10007dac:	b005      	add	sp, #20
10007dae:	e8bd 83f0 	ldmia.w	sp!, {r4, r5, r6, r7, r8, r9, pc}
10007db2:	f104 0924 	add.w	r9, r4, #36	@ 0x24
10007db6:	f001 fec5 	bl	10009b44 <vTaskExitCritical>
10007dba:	4648      	mov	r0, r9
10007dbc:	9901      	ldr	r1, [sp, #4]
10007dbe:	f001 f8b5 	bl	10008f2c <vTaskPlaceOnEventList>
10007dc2:	f001 fdd1 	bl	10009968 <vTaskEnterCritical>
10007dc6:	f894 3045 	ldrb.w	r3, [r4, #69]	@ 0x45
10007dca:	b25d      	sxtb	r5, r3
10007dcc:	2d00      	cmp	r5, #0
10007dce:	dc04      	bgt.n	10007dda <xQueueReceive+0x1e6>
10007dd0:	e011      	b.n	10007df6 <xQueueReceive+0x202>
10007dd2:	1e6b      	subs	r3, r5, #1
10007dd4:	b2da      	uxtb	r2, r3
10007dd6:	b25d      	sxtb	r5, r3
10007dd8:	b16a      	cbz	r2, 10007df6 <xQueueReceive+0x202>
10007dda:	6a63      	ldr	r3, [r4, #36]	@ 0x24
10007ddc:	b15b      	cbz	r3, 10007df6 <xQueueReceive+0x202>
10007dde:	4648      	mov	r0, r9
10007de0:	f001 f972 	bl	100090c8 <xTaskRemoveFromEventList>
10007de4:	2800      	cmp	r0, #0
10007de6:	d0f4      	beq.n	10007dd2 <xQueueReceive+0x1de>
10007de8:	f001 fb10 	bl	1000940c <vTaskMissedYield>
10007dec:	1e6b      	subs	r3, r5, #1
10007dee:	b2da      	uxtb	r2, r3
10007df0:	b25d      	sxtb	r5, r3
10007df2:	2a00      	cmp	r2, #0
10007df4:	d1f1      	bne.n	10007dda <xQueueReceive+0x1e6>
10007df6:	23ff      	movs	r3, #255	@ 0xff
10007df8:	f884 3045 	strb.w	r3, [r4, #69]	@ 0x45
10007dfc:	f001 fea2 	bl	10009b44 <vTaskExitCritical>
10007e00:	f001 fdb2 	bl	10009968 <vTaskEnterCritical>
10007e04:	f894 3044 	ldrb.w	r3, [r4, #68]	@ 0x44
10007e08:	b25d      	sxtb	r5, r3
10007e0a:	2d00      	cmp	r5, #0
10007e0c:	dd14      	ble.n	10007e38 <xQueueReceive+0x244>
10007e0e:	f104 0910 	add.w	r9, r4, #16
10007e12:	e003      	b.n	10007e1c <xQueueReceive+0x228>
10007e14:	1e6b      	subs	r3, r5, #1
10007e16:	b2da      	uxtb	r2, r3
10007e18:	b25d      	sxtb	r5, r3
10007e1a:	b16a      	cbz	r2, 10007e38 <xQueueReceive+0x244>
10007e1c:	6923      	ldr	r3, [r4, #16]
10007e1e:	b15b      	cbz	r3, 10007e38 <xQueueReceive+0x244>
10007e20:	4648      	mov	r0, r9
10007e22:	f001 f951 	bl	100090c8 <xTaskRemoveFromEventList>
10007e26:	2800      	cmp	r0, #0
10007e28:	d0f4      	beq.n	10007e14 <xQueueReceive+0x220>
10007e2a:	f001 faef 	bl	1000940c <vTaskMissedYield>
10007e2e:	1e6b      	subs	r3, r5, #1
10007e30:	b2da      	uxtb	r2, r3
10007e32:	b25d      	sxtb	r5, r3
10007e34:	2a00      	cmp	r2, #0
10007e36:	d1f1      	bne.n	10007e1c <xQueueReceive+0x228>
10007e38:	23ff      	movs	r3, #255	@ 0xff
10007e3a:	f884 3044 	strb.w	r3, [r4, #68]	@ 0x44
10007e3e:	f001 fe81 	bl	10009b44 <vTaskExitCritical>
10007e42:	f002 fa19 	bl	1000a278 <xTaskResumeAll>
10007e46:	2800      	cmp	r0, #0
10007e48:	d1a4      	bne.n	10007d94 <xQueueReceive+0x1a0>
10007e4a:	f001 fd6d 	bl	10009928 <vTaskYieldWithinAPI>
10007e4e:	e7a1      	b.n	10007d94 <xQueueReceive+0x1a0>
10007e50:	6c03      	ldr	r3, [r0, #64]	@ 0x40
10007e52:	2b00      	cmp	r3, #0
10007e54:	f43f aeda 	beq.w	10007c0c <xQueueReceive+0x18>
10007e58:	f7ff fa5e 	bl	10007318 <ulSetInterruptMask>
10007e5c:	e7fe      	b.n	10007e5c <xQueueReceive+0x268>
10007e5e:	9b01      	ldr	r3, [sp, #4]
10007e60:	2b00      	cmp	r3, #0
10007e62:	f43f aed8 	beq.w	10007c16 <xQueueReceive+0x22>
10007e66:	f7ff fa57 	bl	10007318 <ulSetInterruptMask>
10007e6a:	e7fe      	b.n	10007e6a <xQueueReceive+0x276>
10007e6c:	f7ff fa54 	bl	10007318 <ulSetInterruptMask>
10007e70:	e7fe      	b.n	10007e70 <xQueueReceive+0x27c>
10007e72:	6c22      	ldr	r2, [r4, #64]	@ 0x40
10007e74:	b15a      	cbz	r2, 10007e8e <xQueueReceive+0x29a>
10007e76:	68e1      	ldr	r1, [r4, #12]
10007e78:	68a3      	ldr	r3, [r4, #8]
10007e7a:	4411      	add	r1, r2
10007e7c:	4299      	cmp	r1, r3
10007e7e:	60e1      	str	r1, [r4, #12]
10007e80:	bf28      	it	cs
10007e82:	6821      	ldrcs	r1, [r4, #0]
10007e84:	4638      	mov	r0, r7
10007e86:	bf28      	it	cs
10007e88:	60e1      	strcs	r1, [r4, #12]
10007e8a:	f003 f919 	bl	1000b0c0 <memcpy>
10007e8e:	6923      	ldr	r3, [r4, #16]
10007e90:	3d01      	subs	r5, #1
10007e92:	63a5      	str	r5, [r4, #56]	@ 0x38
10007e94:	b91b      	cbnz	r3, 10007e9e <xQueueReceive+0x2aa>
10007e96:	f001 fe55 	bl	10009b44 <vTaskExitCritical>
10007e9a:	2001      	movs	r0, #1
10007e9c:	e786      	b.n	10007dac <xQueueReceive+0x1b8>
10007e9e:	f104 0010 	add.w	r0, r4, #16
10007ea2:	f001 f911 	bl	100090c8 <xTaskRemoveFromEventList>
10007ea6:	2800      	cmp	r0, #0
10007ea8:	d0f5      	beq.n	10007e96 <xQueueReceive+0x2a2>
10007eaa:	f001 fd3d 	bl	10009928 <vTaskYieldWithinAPI>
10007eae:	e7f2      	b.n	10007e96 <xQueueReceive+0x2a2>

10007eb0 <xQueueSemaphoreTake>:
10007eb0:	e92d 41f0 	stmdb	sp!, {r4, r5, r6, r7, r8, lr}
10007eb4:	b084      	sub	sp, #16
10007eb6:	9101      	str	r1, [sp, #4]
10007eb8:	2800      	cmp	r0, #0
10007eba:	f000 8140 	beq.w	1000813e <xQueueSemaphoreTake+0x28e>
10007ebe:	6c07      	ldr	r7, [r0, #64]	@ 0x40
10007ec0:	4604      	mov	r4, r0
10007ec2:	b94f      	cbnz	r7, 10007ed8 <xQueueSemaphoreTake+0x28>
10007ec4:	f001 fabc 	bl	10009440 <xTaskGetSchedulerState>
10007ec8:	4605      	mov	r5, r0
10007eca:	b940      	cbnz	r0, 10007ede <xQueueSemaphoreTake+0x2e>
10007ecc:	9b01      	ldr	r3, [sp, #4]
10007ece:	2b00      	cmp	r3, #0
10007ed0:	f040 8132 	bne.w	10008138 <xQueueSemaphoreTake+0x288>
10007ed4:	4607      	mov	r7, r0
10007ed6:	e003      	b.n	10007ee0 <xQueueSemaphoreTake+0x30>
10007ed8:	f7ff fa1e 	bl	10007318 <ulSetInterruptMask>
10007edc:	e7fe      	b.n	10007edc <xQueueSemaphoreTake+0x2c>
10007ede:	463d      	mov	r5, r7
10007ee0:	f104 0624 	add.w	r6, r4, #36	@ 0x24
10007ee4:	f001 fd40 	bl	10009968 <vTaskEnterCritical>
10007ee8:	6ba3      	ldr	r3, [r4, #56]	@ 0x38
10007eea:	2b00      	cmp	r3, #0
10007eec:	f040 8138 	bne.w	10008160 <xQueueSemaphoreTake+0x2b0>
10007ef0:	9b01      	ldr	r3, [sp, #4]
10007ef2:	2b00      	cmp	r3, #0
10007ef4:	f000 811d 	beq.w	10008132 <xQueueSemaphoreTake+0x282>
10007ef8:	2d00      	cmp	r5, #0
10007efa:	f000 80b9 	beq.w	10008070 <xQueueSemaphoreTake+0x1c0>
10007efe:	f001 fe21 	bl	10009b44 <vTaskExitCritical>
10007f02:	f000 fd4b 	bl	1000899c <vTaskSuspendAll>
10007f06:	f001 fd2f 	bl	10009968 <vTaskEnterCritical>
10007f0a:	f894 3044 	ldrb.w	r3, [r4, #68]	@ 0x44
10007f0e:	2bff      	cmp	r3, #255	@ 0xff
10007f10:	bf04      	itt	eq
10007f12:	2300      	moveq	r3, #0
10007f14:	f884 3044 	strbeq.w	r3, [r4, #68]	@ 0x44
10007f18:	f894 3045 	ldrb.w	r3, [r4, #69]	@ 0x45
10007f1c:	2bff      	cmp	r3, #255	@ 0xff
10007f1e:	bf04      	itt	eq
10007f20:	2300      	moveq	r3, #0
10007f22:	f884 3045 	strbeq.w	r3, [r4, #69]	@ 0x45
10007f26:	f001 fe0d 	bl	10009b44 <vTaskExitCritical>
10007f2a:	a802      	add	r0, sp, #8
10007f2c:	a901      	add	r1, sp, #4
10007f2e:	f001 f93b 	bl	100091a8 <xTaskCheckForTimeOut>
10007f32:	2800      	cmp	r0, #0
10007f34:	d14d      	bne.n	10007fd2 <xQueueSemaphoreTake+0x122>
10007f36:	f001 fd17 	bl	10009968 <vTaskEnterCritical>
10007f3a:	6ba3      	ldr	r3, [r4, #56]	@ 0x38
10007f3c:	2b00      	cmp	r3, #0
10007f3e:	f000 809b 	beq.w	10008078 <xQueueSemaphoreTake+0x1c8>
10007f42:	f001 fdff 	bl	10009b44 <vTaskExitCritical>
10007f46:	f001 fd0f 	bl	10009968 <vTaskEnterCritical>
10007f4a:	f894 3045 	ldrb.w	r3, [r4, #69]	@ 0x45
10007f4e:	b25d      	sxtb	r5, r3
10007f50:	2d00      	cmp	r5, #0
10007f52:	dd14      	ble.n	10007f7e <xQueueSemaphoreTake+0xce>
10007f54:	f104 0824 	add.w	r8, r4, #36	@ 0x24
10007f58:	e003      	b.n	10007f62 <xQueueSemaphoreTake+0xb2>
10007f5a:	1e6b      	subs	r3, r5, #1
10007f5c:	b2da      	uxtb	r2, r3
10007f5e:	b25d      	sxtb	r5, r3
10007f60:	b16a      	cbz	r2, 10007f7e <xQueueSemaphoreTake+0xce>
10007f62:	6a63      	ldr	r3, [r4, #36]	@ 0x24
10007f64:	b15b      	cbz	r3, 10007f7e <xQueueSemaphoreTake+0xce>
10007f66:	4640      	mov	r0, r8
10007f68:	f001 f8ae 	bl	100090c8 <xTaskRemoveFromEventList>
10007f6c:	2800      	cmp	r0, #0
10007f6e:	d0f4      	beq.n	10007f5a <xQueueSemaphoreTake+0xaa>
10007f70:	f001 fa4c 	bl	1000940c <vTaskMissedYield>
10007f74:	1e6b      	subs	r3, r5, #1
10007f76:	b2da      	uxtb	r2, r3
10007f78:	b25d      	sxtb	r5, r3
10007f7a:	2a00      	cmp	r2, #0
10007f7c:	d1f1      	bne.n	10007f62 <xQueueSemaphoreTake+0xb2>
10007f7e:	23ff      	movs	r3, #255	@ 0xff
10007f80:	f884 3045 	strb.w	r3, [r4, #69]	@ 0x45
10007f84:	f001 fdde 	bl	10009b44 <vTaskExitCritical>
10007f88:	f001 fcee 	bl	10009968 <vTaskEnterCritical>
10007f8c:	f894 3044 	ldrb.w	r3, [r4, #68]	@ 0x44
10007f90:	b25d      	sxtb	r5, r3
10007f92:	2d00      	cmp	r5, #0
10007f94:	dd14      	ble.n	10007fc0 <xQueueSemaphoreTake+0x110>
10007f96:	f104 0810 	add.w	r8, r4, #16
10007f9a:	e003      	b.n	10007fa4 <xQueueSemaphoreTake+0xf4>
10007f9c:	1e6b      	subs	r3, r5, #1
10007f9e:	b2da      	uxtb	r2, r3
10007fa0:	b25d      	sxtb	r5, r3
10007fa2:	b16a      	cbz	r2, 10007fc0 <xQueueSemaphoreTake+0x110>
10007fa4:	6923      	ldr	r3, [r4, #16]
10007fa6:	b15b      	cbz	r3, 10007fc0 <xQueueSemaphoreTake+0x110>
10007fa8:	4640      	mov	r0, r8
10007faa:	f001 f88d 	bl	100090c8 <xTaskRemoveFromEventList>
10007fae:	2800      	cmp	r0, #0
10007fb0:	d0f4      	beq.n	10007f9c <xQueueSemaphoreTake+0xec>
10007fb2:	f001 fa2b 	bl	1000940c <vTaskMissedYield>
10007fb6:	1e6b      	subs	r3, r5, #1
10007fb8:	b2da      	uxtb	r2, r3
10007fba:	b25d      	sxtb	r5, r3
10007fbc:	2a00      	cmp	r2, #0
10007fbe:	d1f1      	bne.n	10007fa4 <xQueueSemaphoreTake+0xf4>
10007fc0:	23ff      	movs	r3, #255	@ 0xff
10007fc2:	f884 3044 	strb.w	r3, [r4, #68]	@ 0x44
10007fc6:	f001 fdbd 	bl	10009b44 <vTaskExitCritical>
10007fca:	f002 f955 	bl	1000a278 <xTaskResumeAll>
10007fce:	2501      	movs	r5, #1
10007fd0:	e788      	b.n	10007ee4 <xQueueSemaphoreTake+0x34>
10007fd2:	f001 fcc9 	bl	10009968 <vTaskEnterCritical>
10007fd6:	f894 3045 	ldrb.w	r3, [r4, #69]	@ 0x45
10007fda:	b25d      	sxtb	r5, r3
10007fdc:	2d00      	cmp	r5, #0
10007fde:	dc04      	bgt.n	10007fea <xQueueSemaphoreTake+0x13a>
10007fe0:	e011      	b.n	10008006 <xQueueSemaphoreTake+0x156>
10007fe2:	1e6b      	subs	r3, r5, #1
10007fe4:	b2da      	uxtb	r2, r3
10007fe6:	b25d      	sxtb	r5, r3
10007fe8:	b16a      	cbz	r2, 10008006 <xQueueSemaphoreTake+0x156>
10007fea:	6a63      	ldr	r3, [r4, #36]	@ 0x24
10007fec:	b15b      	cbz	r3, 10008006 <xQueueSemaphoreTake+0x156>
10007fee:	4630      	mov	r0, r6
10007ff0:	f001 f86a 	bl	100090c8 <xTaskRemoveFromEventList>
10007ff4:	2800      	cmp	r0, #0
10007ff6:	d0f4      	beq.n	10007fe2 <xQueueSemaphoreTake+0x132>
10007ff8:	f001 fa08 	bl	1000940c <vTaskMissedYield>
10007ffc:	1e6b      	subs	r3, r5, #1
10007ffe:	b2da      	uxtb	r2, r3
10008000:	b25d      	sxtb	r5, r3
10008002:	2a00      	cmp	r2, #0
10008004:	d1f1      	bne.n	10007fea <xQueueSemaphoreTake+0x13a>
10008006:	23ff      	movs	r3, #255	@ 0xff
10008008:	f884 3045 	strb.w	r3, [r4, #69]	@ 0x45
1000800c:	f001 fd9a 	bl	10009b44 <vTaskExitCritical>
10008010:	f001 fcaa 	bl	10009968 <vTaskEnterCritical>
10008014:	f894 3044 	ldrb.w	r3, [r4, #68]	@ 0x44
10008018:	b25d      	sxtb	r5, r3
1000801a:	2d00      	cmp	r5, #0
1000801c:	dd14      	ble.n	10008048 <xQueueSemaphoreTake+0x198>
1000801e:	f104 0810 	add.w	r8, r4, #16
10008022:	e003      	b.n	1000802c <xQueueSemaphoreTake+0x17c>
10008024:	1e6b      	subs	r3, r5, #1
10008026:	b2da      	uxtb	r2, r3
10008028:	b25d      	sxtb	r5, r3
1000802a:	b16a      	cbz	r2, 10008048 <xQueueSemaphoreTake+0x198>
1000802c:	6923      	ldr	r3, [r4, #16]
1000802e:	b15b      	cbz	r3, 10008048 <xQueueSemaphoreTake+0x198>
10008030:	4640      	mov	r0, r8
10008032:	f001 f849 	bl	100090c8 <xTaskRemoveFromEventList>
10008036:	2800      	cmp	r0, #0
10008038:	d0f4      	beq.n	10008024 <xQueueSemaphoreTake+0x174>
1000803a:	f001 f9e7 	bl	1000940c <vTaskMissedYield>
1000803e:	1e6b      	subs	r3, r5, #1
10008040:	b2da      	uxtb	r2, r3
10008042:	b25d      	sxtb	r5, r3
10008044:	2a00      	cmp	r2, #0
10008046:	d1f1      	bne.n	1000802c <xQueueSemaphoreTake+0x17c>
10008048:	23ff      	movs	r3, #255	@ 0xff
1000804a:	f884 3044 	strb.w	r3, [r4, #68]	@ 0x44
1000804e:	f001 fd79 	bl	10009b44 <vTaskExitCritical>
10008052:	f002 f911 	bl	1000a278 <xTaskResumeAll>
10008056:	f001 fc87 	bl	10009968 <vTaskEnterCritical>
1000805a:	6ba3      	ldr	r3, [r4, #56]	@ 0x38
1000805c:	2b00      	cmp	r3, #0
1000805e:	d15e      	bne.n	1000811e <xQueueSemaphoreTake+0x26e>
10008060:	f001 fd70 	bl	10009b44 <vTaskExitCritical>
10008064:	2f00      	cmp	r7, #0
10008066:	d15d      	bne.n	10008124 <xQueueSemaphoreTake+0x274>
10008068:	2000      	movs	r0, #0
1000806a:	b004      	add	sp, #16
1000806c:	e8bd 81f0 	ldmia.w	sp!, {r4, r5, r6, r7, r8, pc}
10008070:	a802      	add	r0, sp, #8
10008072:	f001 f88d 	bl	10009190 <vTaskInternalSetTimeOutState>
10008076:	e742      	b.n	10007efe <xQueueSemaphoreTake+0x4e>
10008078:	f001 fd64 	bl	10009b44 <vTaskExitCritical>
1000807c:	6823      	ldr	r3, [r4, #0]
1000807e:	2b00      	cmp	r3, #0
10008080:	d065      	beq.n	1000814e <xQueueSemaphoreTake+0x29e>
10008082:	f104 0824 	add.w	r8, r4, #36	@ 0x24
10008086:	4640      	mov	r0, r8
10008088:	9901      	ldr	r1, [sp, #4]
1000808a:	f000 ff4f 	bl	10008f2c <vTaskPlaceOnEventList>
1000808e:	f001 fc6b 	bl	10009968 <vTaskEnterCritical>
10008092:	f894 3045 	ldrb.w	r3, [r4, #69]	@ 0x45
10008096:	b25d      	sxtb	r5, r3
10008098:	2d00      	cmp	r5, #0
1000809a:	dc04      	bgt.n	100080a6 <xQueueSemaphoreTake+0x1f6>
1000809c:	e011      	b.n	100080c2 <xQueueSemaphoreTake+0x212>
1000809e:	1e6b      	subs	r3, r5, #1
100080a0:	b2da      	uxtb	r2, r3
100080a2:	b25d      	sxtb	r5, r3
100080a4:	b16a      	cbz	r2, 100080c2 <xQueueSemaphoreTake+0x212>
100080a6:	6a63      	ldr	r3, [r4, #36]	@ 0x24
100080a8:	b15b      	cbz	r3, 100080c2 <xQueueSemaphoreTake+0x212>
100080aa:	4640      	mov	r0, r8
100080ac:	f001 f80c 	bl	100090c8 <xTaskRemoveFromEventList>
100080b0:	2800      	cmp	r0, #0
100080b2:	d0f4      	beq.n	1000809e <xQueueSemaphoreTake+0x1ee>
100080b4:	f001 f9aa 	bl	1000940c <vTaskMissedYield>
100080b8:	1e6b      	subs	r3, r5, #1
100080ba:	b2da      	uxtb	r2, r3
100080bc:	b25d      	sxtb	r5, r3
100080be:	2a00      	cmp	r2, #0
100080c0:	d1f1      	bne.n	100080a6 <xQueueSemaphoreTake+0x1f6>
100080c2:	23ff      	movs	r3, #255	@ 0xff
100080c4:	f884 3045 	strb.w	r3, [r4, #69]	@ 0x45
100080c8:	f001 fd3c 	bl	10009b44 <vTaskExitCritical>
100080cc:	f001 fc4c 	bl	10009968 <vTaskEnterCritical>
100080d0:	f894 3044 	ldrb.w	r3, [r4, #68]	@ 0x44
100080d4:	b25d      	sxtb	r5, r3
100080d6:	2d00      	cmp	r5, #0
100080d8:	dd14      	ble.n	10008104 <xQueueSemaphoreTake+0x254>
100080da:	f104 0810 	add.w	r8, r4, #16
100080de:	e003      	b.n	100080e8 <xQueueSemaphoreTake+0x238>
100080e0:	1e6b      	subs	r3, r5, #1
100080e2:	b2da      	uxtb	r2, r3
100080e4:	b25d      	sxtb	r5, r3
100080e6:	b16a      	cbz	r2, 10008104 <xQueueSemaphoreTake+0x254>
100080e8:	6923      	ldr	r3, [r4, #16]
100080ea:	b15b      	cbz	r3, 10008104 <xQueueSemaphoreTake+0x254>
100080ec:	4640      	mov	r0, r8
100080ee:	f000 ffeb 	bl	100090c8 <xTaskRemoveFromEventList>
100080f2:	2800      	cmp	r0, #0
100080f4:	d0f4      	beq.n	100080e0 <xQueueSemaphoreTake+0x230>
100080f6:	f001 f989 	bl	1000940c <vTaskMissedYield>
100080fa:	1e6b      	subs	r3, r5, #1
100080fc:	b2da      	uxtb	r2, r3
100080fe:	b25d      	sxtb	r5, r3
10008100:	2a00      	cmp	r2, #0
10008102:	d1f1      	bne.n	100080e8 <xQueueSemaphoreTake+0x238>
10008104:	23ff      	movs	r3, #255	@ 0xff
10008106:	f884 3044 	strb.w	r3, [r4, #68]	@ 0x44
1000810a:	f001 fd1b 	bl	10009b44 <vTaskExitCritical>
1000810e:	f002 f8b3 	bl	1000a278 <xTaskResumeAll>
10008112:	2800      	cmp	r0, #0
10008114:	f47f af5b 	bne.w	10007fce <xQueueSemaphoreTake+0x11e>
10008118:	f001 fc06 	bl	10009928 <vTaskYieldWithinAPI>
1000811c:	e757      	b.n	10007fce <xQueueSemaphoreTake+0x11e>
1000811e:	f001 fd11 	bl	10009b44 <vTaskExitCritical>
10008122:	e754      	b.n	10007fce <xQueueSemaphoreTake+0x11e>
10008124:	f001 fc20 	bl	10009968 <vTaskEnterCritical>
10008128:	6a61      	ldr	r1, [r4, #36]	@ 0x24
1000812a:	b959      	cbnz	r1, 10008144 <xQueueSemaphoreTake+0x294>
1000812c:	68a0      	ldr	r0, [r4, #8]
1000812e:	f001 fb7d 	bl	1000982c <vTaskPriorityDisinheritAfterTimeout>
10008132:	f001 fd07 	bl	10009b44 <vTaskExitCritical>
10008136:	e797      	b.n	10008068 <xQueueSemaphoreTake+0x1b8>
10008138:	f7ff f8ee 	bl	10007318 <ulSetInterruptMask>
1000813c:	e7fe      	b.n	1000813c <xQueueSemaphoreTake+0x28c>
1000813e:	f7ff f8eb 	bl	10007318 <ulSetInterruptMask>
10008142:	e7fe      	b.n	10008142 <xQueueSemaphoreTake+0x292>
10008144:	6b23      	ldr	r3, [r4, #48]	@ 0x30
10008146:	6819      	ldr	r1, [r3, #0]
10008148:	f1c1 0105 	rsb	r1, r1, #5
1000814c:	e7ee      	b.n	1000812c <xQueueSemaphoreTake+0x27c>
1000814e:	f001 fc0b 	bl	10009968 <vTaskEnterCritical>
10008152:	68a0      	ldr	r0, [r4, #8]
10008154:	f001 fa7e 	bl	10009654 <xTaskPriorityInherit>
10008158:	4607      	mov	r7, r0
1000815a:	f001 fcf3 	bl	10009b44 <vTaskExitCritical>
1000815e:	e790      	b.n	10008082 <xQueueSemaphoreTake+0x1d2>
10008160:	6822      	ldr	r2, [r4, #0]
10008162:	3b01      	subs	r3, #1
10008164:	63a3      	str	r3, [r4, #56]	@ 0x38
10008166:	b172      	cbz	r2, 10008186 <xQueueSemaphoreTake+0x2d6>
10008168:	6923      	ldr	r3, [r4, #16]
1000816a:	b91b      	cbnz	r3, 10008174 <xQueueSemaphoreTake+0x2c4>
1000816c:	f001 fcea 	bl	10009b44 <vTaskExitCritical>
10008170:	2001      	movs	r0, #1
10008172:	e77a      	b.n	1000806a <xQueueSemaphoreTake+0x1ba>
10008174:	f104 0010 	add.w	r0, r4, #16
10008178:	f000 ffa6 	bl	100090c8 <xTaskRemoveFromEventList>
1000817c:	2800      	cmp	r0, #0
1000817e:	d0f5      	beq.n	1000816c <xQueueSemaphoreTake+0x2bc>
10008180:	f001 fbd2 	bl	10009928 <vTaskYieldWithinAPI>
10008184:	e7f2      	b.n	1000816c <xQueueSemaphoreTake+0x2bc>
10008186:	f002 fad5 	bl	1000a734 <pvTaskIncrementMutexHeldCount>
1000818a:	60a0      	str	r0, [r4, #8]
1000818c:	e7ec      	b.n	10008168 <xQueueSemaphoreTake+0x2b8>
1000818e:	bf00      	nop

10008190 <vQueueWaitForMessageRestricted>:
10008190:	b570      	push	{r4, r5, r6, lr}
10008192:	4605      	mov	r5, r0
10008194:	460e      	mov	r6, r1
10008196:	4614      	mov	r4, r2
10008198:	f001 fbe6 	bl	10009968 <vTaskEnterCritical>
1000819c:	f895 3044 	ldrb.w	r3, [r5, #68]	@ 0x44
100081a0:	2bff      	cmp	r3, #255	@ 0xff
100081a2:	bf04      	itt	eq
100081a4:	2300      	moveq	r3, #0
100081a6:	f885 3044 	strbeq.w	r3, [r5, #68]	@ 0x44
100081aa:	f895 3045 	ldrb.w	r3, [r5, #69]	@ 0x45
100081ae:	2bff      	cmp	r3, #255	@ 0xff
100081b0:	bf04      	itt	eq
100081b2:	2300      	moveq	r3, #0
100081b4:	f885 3045 	strbeq.w	r3, [r5, #69]	@ 0x45
100081b8:	f001 fcc4 	bl	10009b44 <vTaskExitCritical>
100081bc:	6bab      	ldr	r3, [r5, #56]	@ 0x38
100081be:	2b00      	cmp	r3, #0
100081c0:	d043      	beq.n	1000824a <vQueueWaitForMessageRestricted+0xba>
100081c2:	f001 fbd1 	bl	10009968 <vTaskEnterCritical>
100081c6:	f895 3045 	ldrb.w	r3, [r5, #69]	@ 0x45
100081ca:	b25c      	sxtb	r4, r3
100081cc:	2c00      	cmp	r4, #0
100081ce:	dd14      	ble.n	100081fa <vQueueWaitForMessageRestricted+0x6a>
100081d0:	f105 0624 	add.w	r6, r5, #36	@ 0x24
100081d4:	e003      	b.n	100081de <vQueueWaitForMessageRestricted+0x4e>
100081d6:	1e63      	subs	r3, r4, #1
100081d8:	b2da      	uxtb	r2, r3
100081da:	b25c      	sxtb	r4, r3
100081dc:	b16a      	cbz	r2, 100081fa <vQueueWaitForMessageRestricted+0x6a>
100081de:	6a6b      	ldr	r3, [r5, #36]	@ 0x24
100081e0:	b15b      	cbz	r3, 100081fa <vQueueWaitForMessageRestricted+0x6a>
100081e2:	4630      	mov	r0, r6
100081e4:	f000 ff70 	bl	100090c8 <xTaskRemoveFromEventList>
100081e8:	2800      	cmp	r0, #0
100081ea:	d0f4      	beq.n	100081d6 <vQueueWaitForMessageRestricted+0x46>
100081ec:	f001 f90e 	bl	1000940c <vTaskMissedYield>
100081f0:	1e63      	subs	r3, r4, #1
100081f2:	b2da      	uxtb	r2, r3
100081f4:	b25c      	sxtb	r4, r3
100081f6:	2a00      	cmp	r2, #0
100081f8:	d1f1      	bne.n	100081de <vQueueWaitForMessageRestricted+0x4e>
100081fa:	23ff      	movs	r3, #255	@ 0xff
100081fc:	f885 3045 	strb.w	r3, [r5, #69]	@ 0x45
10008200:	f001 fca0 	bl	10009b44 <vTaskExitCritical>
10008204:	f001 fbb0 	bl	10009968 <vTaskEnterCritical>
10008208:	f895 3044 	ldrb.w	r3, [r5, #68]	@ 0x44
1000820c:	b25c      	sxtb	r4, r3
1000820e:	2c00      	cmp	r4, #0
10008210:	dd14      	ble.n	1000823c <vQueueWaitForMessageRestricted+0xac>
10008212:	f105 0610 	add.w	r6, r5, #16
10008216:	e003      	b.n	10008220 <vQueueWaitForMessageRestricted+0x90>
10008218:	1e63      	subs	r3, r4, #1
1000821a:	b2da      	uxtb	r2, r3
1000821c:	b25c      	sxtb	r4, r3
1000821e:	b16a      	cbz	r2, 1000823c <vQueueWaitForMessageRestricted+0xac>
10008220:	692b      	ldr	r3, [r5, #16]
10008222:	b15b      	cbz	r3, 1000823c <vQueueWaitForMessageRestricted+0xac>
10008224:	4630      	mov	r0, r6
10008226:	f000 ff4f 	bl	100090c8 <xTaskRemoveFromEventList>
1000822a:	2800      	cmp	r0, #0
1000822c:	d0f4      	beq.n	10008218 <vQueueWaitForMessageRestricted+0x88>
1000822e:	f001 f8ed 	bl	1000940c <vTaskMissedYield>
10008232:	1e63      	subs	r3, r4, #1
10008234:	b2da      	uxtb	r2, r3
10008236:	b25c      	sxtb	r4, r3
10008238:	2a00      	cmp	r2, #0
1000823a:	d1f1      	bne.n	10008220 <vQueueWaitForMessageRestricted+0x90>
1000823c:	23ff      	movs	r3, #255	@ 0xff
1000823e:	f885 3044 	strb.w	r3, [r5, #68]	@ 0x44
10008242:	e8bd 4070 	ldmia.w	sp!, {r4, r5, r6, lr}
10008246:	f001 bc7d 	b.w	10009b44 <vTaskExitCritical>
1000824a:	4622      	mov	r2, r4
1000824c:	4631      	mov	r1, r6
1000824e:	f105 0024 	add.w	r0, r5, #36	@ 0x24
10008252:	f000 fee5 	bl	10009020 <vTaskPlaceOnEventListRestricted>
10008256:	e7b4      	b.n	100081c2 <vQueueWaitForMessageRestricted+0x32>

10008258 <prvPassiveIdleTask>:
10008258:	4c06      	ldr	r4, [pc, #24]	@ (10008274 <prvPassiveIdleTask+0x1c>)
1000825a:	b508      	push	{r3, lr}
1000825c:	f7fe fe3a 	bl	10006ed4 <vPortYield>
10008260:	6823      	ldr	r3, [r4, #0]
10008262:	2b02      	cmp	r3, #2
10008264:	d800      	bhi.n	10008268 <prvPassiveIdleTask+0x10>
10008266:	e7fe      	b.n	10008266 <prvPassiveIdleTask+0xe>
10008268:	f7fe fe34 	bl	10006ed4 <vPortYield>
1000826c:	6823      	ldr	r3, [r4, #0]
1000826e:	2b02      	cmp	r3, #2
10008270:	d8fa      	bhi.n	10008268 <prvPassiveIdleTask+0x10>
10008272:	e7f8      	b.n	10008266 <prvPassiveIdleTask+0xe>
10008274:	200023d4 	.word	0x200023d4

10008278 <prvYieldForTask>:
10008278:	f04f 4250 	mov.w	r2, #3489660928	@ 0xd0000000
1000827c:	4b32      	ldr	r3, [pc, #200]	@ (10008348 <prvYieldForTask+0xd0>)
1000827e:	6812      	ldr	r2, [r2, #0]
10008280:	b570      	push	{r4, r5, r6, lr}
10008282:	f853 3022 	ldr.w	r3, [r3, r2, lsl #2]
10008286:	2b00      	cmp	r3, #0
10008288:	d03b      	beq.n	10008302 <prvYieldForTask+0x8a>
1000828a:	6b83      	ldr	r3, [r0, #56]	@ 0x38
1000828c:	2b00      	cmp	r3, #0
1000828e:	db02      	blt.n	10008296 <prvYieldForTask+0x1e>
10008290:	6b83      	ldr	r3, [r0, #56]	@ 0x38
10008292:	2b01      	cmp	r3, #1
10008294:	dd34      	ble.n	10008300 <prvYieldForTask+0x88>
10008296:	4c2d      	ldr	r4, [pc, #180]	@ (1000834c <prvYieldForTask+0xd4>)
10008298:	6b03      	ldr	r3, [r0, #48]	@ 0x30
1000829a:	6821      	ldr	r1, [r4, #0]
1000829c:	6825      	ldr	r5, [r4, #0]
1000829e:	6b09      	ldr	r1, [r1, #48]	@ 0x30
100082a0:	6bed      	ldr	r5, [r5, #60]	@ 0x3c
100082a2:	3b01      	subs	r3, #1
100082a4:	07ed      	lsls	r5, r5, #31
100082a6:	6825      	ldr	r5, [r4, #0]
100082a8:	bf48      	it	mi
100082aa:	f101 31ff 	addmi.w	r1, r1, #4294967295	@ 0xffffffff
100082ae:	6bad      	ldr	r5, [r5, #56]	@ 0x38
100082b0:	2d00      	cmp	r5, #0
100082b2:	db03      	blt.n	100082bc <prvYieldForTask+0x44>
100082b4:	6825      	ldr	r5, [r4, #0]
100082b6:	6bad      	ldr	r5, [r5, #56]	@ 0x38
100082b8:	2d01      	cmp	r5, #1
100082ba:	dd30      	ble.n	1000831e <prvYieldForTask+0xa6>
100082bc:	f04f 35ff 	mov.w	r5, #4294967295	@ 0xffffffff
100082c0:	6861      	ldr	r1, [r4, #4]
100082c2:	6866      	ldr	r6, [r4, #4]
100082c4:	6b09      	ldr	r1, [r1, #48]	@ 0x30
100082c6:	6bf6      	ldr	r6, [r6, #60]	@ 0x3c
100082c8:	07f6      	lsls	r6, r6, #31
100082ca:	6866      	ldr	r6, [r4, #4]
100082cc:	bf48      	it	mi
100082ce:	f101 31ff 	addmi.w	r1, r1, #4294967295	@ 0xffffffff
100082d2:	6bb6      	ldr	r6, [r6, #56]	@ 0x38
100082d4:	2e00      	cmp	r6, #0
100082d6:	db03      	blt.n	100082e0 <prvYieldForTask+0x68>
100082d8:	6866      	ldr	r6, [r4, #4]
100082da:	6bb6      	ldr	r6, [r6, #56]	@ 0x38
100082dc:	2e01      	cmp	r6, #1
100082de:	dd13      	ble.n	10008308 <prvYieldForTask+0x90>
100082e0:	b975      	cbnz	r5, 10008300 <prvYieldForTask+0x88>
100082e2:	4295      	cmp	r5, r2
100082e4:	d02a      	beq.n	1000833c <prvYieldForTask+0xc4>
100082e6:	f854 3025 	ldr.w	r3, [r4, r5, lsl #2]
100082ea:	6b9b      	ldr	r3, [r3, #56]	@ 0x38
100082ec:	3302      	adds	r3, #2
100082ee:	d007      	beq.n	10008300 <prvYieldForTask+0x88>
100082f0:	4628      	mov	r0, r5
100082f2:	f7fe ffd3 	bl	1000729c <vYieldCore>
100082f6:	f06f 0201 	mvn.w	r2, #1
100082fa:	f854 3025 	ldr.w	r3, [r4, r5, lsl #2]
100082fe:	639a      	str	r2, [r3, #56]	@ 0x38
10008300:	bd70      	pop	{r4, r5, r6, pc}
10008302:	f7ff f809 	bl	10007318 <ulSetInterruptMask>
10008306:	e7fe      	b.n	10008306 <prvYieldForTask+0x8e>
10008308:	4e11      	ldr	r6, [pc, #68]	@ (10008350 <prvYieldForTask+0xd8>)
1000830a:	6876      	ldr	r6, [r6, #4]
1000830c:	2e00      	cmp	r6, #0
1000830e:	d1e7      	bne.n	100082e0 <prvYieldForTask+0x68>
10008310:	4299      	cmp	r1, r3
10008312:	dce5      	bgt.n	100082e0 <prvYieldForTask+0x68>
10008314:	6843      	ldr	r3, [r0, #4]
10008316:	079b      	lsls	r3, r3, #30
10008318:	d5e2      	bpl.n	100082e0 <prvYieldForTask+0x68>
1000831a:	2501      	movs	r5, #1
1000831c:	e7e1      	b.n	100082e2 <prvYieldForTask+0x6a>
1000831e:	4d0c      	ldr	r5, [pc, #48]	@ (10008350 <prvYieldForTask+0xd8>)
10008320:	682d      	ldr	r5, [r5, #0]
10008322:	2d00      	cmp	r5, #0
10008324:	d1ca      	bne.n	100082bc <prvYieldForTask+0x44>
10008326:	428b      	cmp	r3, r1
10008328:	dbc8      	blt.n	100082bc <prvYieldForTask+0x44>
1000832a:	6846      	ldr	r6, [r0, #4]
1000832c:	f006 0601 	and.w	r6, r6, #1
10008330:	2e00      	cmp	r6, #0
10008332:	bf14      	ite	ne
10008334:	460b      	movne	r3, r1
10008336:	f04f 35ff 	moveq.w	r5, #4294967295	@ 0xffffffff
1000833a:	e7c1      	b.n	100082c0 <prvYieldForTask+0x48>
1000833c:	2201      	movs	r2, #1
1000833e:	4b04      	ldr	r3, [pc, #16]	@ (10008350 <prvYieldForTask+0xd8>)
10008340:	f843 2025 	str.w	r2, [r3, r5, lsl #2]
10008344:	bd70      	pop	{r4, r5, r6, pc}
10008346:	bf00      	nop
10008348:	2001245c 	.word	0x2001245c
1000834c:	200023b8 	.word	0x200023b8
10008350:	20012568 	.word	0x20012568

10008354 <xTaskIncrementTick.part.0>:
10008354:	4b74      	ldr	r3, [pc, #464]	@ (10008528 <xTaskIncrementTick.part.0+0x1d4>)
10008356:	e92d 47f0 	stmdb	sp!, {r4, r5, r6, r7, r8, r9, sl, lr}
1000835a:	681d      	ldr	r5, [r3, #0]
1000835c:	3501      	adds	r5, #1
1000835e:	601d      	str	r5, [r3, #0]
10008360:	2d00      	cmp	r5, #0
10008362:	d065      	beq.n	10008430 <xTaskIncrementTick.part.0+0xdc>
10008364:	f8df 81e0 	ldr.w	r8, [pc, #480]	@ 10008548 <xTaskIncrementTick.part.0+0x1f4>
10008368:	f8d8 3000 	ldr.w	r3, [r8]
1000836c:	429d      	cmp	r5, r3
1000836e:	d37b      	bcc.n	10008468 <xTaskIncrementTick.part.0+0x114>
10008370:	f8df 91c0 	ldr.w	r9, [pc, #448]	@ 10008534 <xTaskIncrementTick.part.0+0x1e0>
10008374:	f8d9 3000 	ldr.w	r3, [r9]
10008378:	681b      	ldr	r3, [r3, #0]
1000837a:	2b00      	cmp	r3, #0
1000837c:	f000 80b3 	beq.w	100084e6 <xTaskIncrementTick.part.0+0x192>
10008380:	2600      	movs	r6, #0
10008382:	4c6a      	ldr	r4, [pc, #424]	@ (1000852c <xTaskIncrementTick.part.0+0x1d8>)
10008384:	4f6a      	ldr	r7, [pc, #424]	@ (10008530 <xTaskIncrementTick.part.0+0x1dc>)
10008386:	e045      	b.n	10008414 <xTaskIncrementTick.part.0+0xc0>
10008388:	6999      	ldr	r1, [r3, #24]
1000838a:	68da      	ldr	r2, [r3, #12]
1000838c:	f8d3 a010 	ldr.w	sl, [r3, #16]
10008390:	4618      	mov	r0, r3
10008392:	f8c2 a008 	str.w	sl, [r2, #8]
10008396:	f8ca 2004 	str.w	r2, [sl, #4]
1000839a:	684a      	ldr	r2, [r1, #4]
1000839c:	4562      	cmp	r2, ip
1000839e:	680a      	ldr	r2, [r1, #0]
100083a0:	bf08      	it	eq
100083a2:	f8c1 a004 	streq.w	sl, [r1, #4]
100083a6:	3a01      	subs	r2, #1
100083a8:	619e      	str	r6, [r3, #24]
100083aa:	600a      	str	r2, [r1, #0]
100083ac:	6ad9      	ldr	r1, [r3, #44]	@ 0x2c
100083ae:	b171      	cbz	r1, 100083ce <xTaskIncrementTick.part.0+0x7a>
100083b0:	e9d3 2a08 	ldrd	r2, sl, [r3, #32]
100083b4:	f8c2 a008 	str.w	sl, [r2, #8]
100083b8:	f8ca 2004 	str.w	r2, [sl, #4]
100083bc:	684a      	ldr	r2, [r1, #4]
100083be:	4572      	cmp	r2, lr
100083c0:	680a      	ldr	r2, [r1, #0]
100083c2:	bf08      	it	eq
100083c4:	f8c1 a004 	streq.w	sl, [r1, #4]
100083c8:	3a01      	subs	r2, #1
100083ca:	62de      	str	r6, [r3, #44]	@ 0x2c
100083cc:	600a      	str	r2, [r1, #0]
100083ce:	6b1a      	ldr	r2, [r3, #48]	@ 0x30
100083d0:	f8d7 e000 	ldr.w	lr, [r7]
100083d4:	eb02 0182 	add.w	r1, r2, r2, lsl #2
100083d8:	4572      	cmp	r2, lr
100083da:	eb04 0e81 	add.w	lr, r4, r1, lsl #2
100083de:	bf88      	it	hi
100083e0:	603a      	strhi	r2, [r7, #0]
100083e2:	f8de 2004 	ldr.w	r2, [lr, #4]
100083e6:	f8d2 a008 	ldr.w	sl, [r2, #8]
100083ea:	60da      	str	r2, [r3, #12]
100083ec:	f8c3 a010 	str.w	sl, [r3, #16]
100083f0:	f8ca c004 	str.w	ip, [sl, #4]
100083f4:	f8c2 c008 	str.w	ip, [r2, #8]
100083f8:	f854 2021 	ldr.w	r2, [r4, r1, lsl #2]
100083fc:	f8c3 e018 	str.w	lr, [r3, #24]
10008400:	3201      	adds	r2, #1
10008402:	f844 2021 	str.w	r2, [r4, r1, lsl #2]
10008406:	f7ff ff37 	bl	10008278 <prvYieldForTask>
1000840a:	f8d9 3000 	ldr.w	r3, [r9]
1000840e:	681b      	ldr	r3, [r3, #0]
10008410:	2b00      	cmp	r3, #0
10008412:	d069      	beq.n	100084e8 <xTaskIncrementTick.part.0+0x194>
10008414:	f8d9 3000 	ldr.w	r3, [r9]
10008418:	68db      	ldr	r3, [r3, #12]
1000841a:	68db      	ldr	r3, [r3, #12]
1000841c:	689a      	ldr	r2, [r3, #8]
1000841e:	f103 0c08 	add.w	ip, r3, #8
10008422:	4295      	cmp	r5, r2
10008424:	f103 0e1c 	add.w	lr, r3, #28
10008428:	d2ae      	bcs.n	10008388 <xTaskIncrementTick.part.0+0x34>
1000842a:	f8c8 2000 	str.w	r2, [r8]
1000842e:	e01c      	b.n	1000846a <xTaskIncrementTick.part.0+0x116>
10008430:	4b40      	ldr	r3, [pc, #256]	@ (10008534 <xTaskIncrementTick.part.0+0x1e0>)
10008432:	681a      	ldr	r2, [r3, #0]
10008434:	6812      	ldr	r2, [r2, #0]
10008436:	2a00      	cmp	r2, #0
10008438:	d163      	bne.n	10008502 <xTaskIncrementTick.part.0+0x1ae>
1000843a:	4a3f      	ldr	r2, [pc, #252]	@ (10008538 <xTaskIncrementTick.part.0+0x1e4>)
1000843c:	6818      	ldr	r0, [r3, #0]
1000843e:	6811      	ldr	r1, [r2, #0]
10008440:	6019      	str	r1, [r3, #0]
10008442:	493e      	ldr	r1, [pc, #248]	@ (1000853c <xTaskIncrementTick.part.0+0x1e8>)
10008444:	6010      	str	r0, [r2, #0]
10008446:	680a      	ldr	r2, [r1, #0]
10008448:	3201      	adds	r2, #1
1000844a:	600a      	str	r2, [r1, #0]
1000844c:	681a      	ldr	r2, [r3, #0]
1000844e:	6812      	ldr	r2, [r2, #0]
10008450:	2a00      	cmp	r2, #0
10008452:	d14e      	bne.n	100084f2 <xTaskIncrementTick.part.0+0x19e>
10008454:	f04f 33ff 	mov.w	r3, #4294967295	@ 0xffffffff
10008458:	f8df 80ec 	ldr.w	r8, [pc, #236]	@ 10008548 <xTaskIncrementTick.part.0+0x1f4>
1000845c:	f8c8 3000 	str.w	r3, [r8]
10008460:	f8d8 3000 	ldr.w	r3, [r8]
10008464:	429d      	cmp	r5, r3
10008466:	d283      	bcs.n	10008370 <xTaskIncrementTick.part.0+0x1c>
10008468:	4c30      	ldr	r4, [pc, #192]	@ (1000852c <xTaskIncrementTick.part.0+0x1d8>)
1000846a:	4e35      	ldr	r6, [pc, #212]	@ (10008540 <xTaskIncrementTick.part.0+0x1ec>)
1000846c:	f04f 4250 	mov.w	r2, #3489660928	@ 0xd0000000
10008470:	6833      	ldr	r3, [r6, #0]
10008472:	6b1b      	ldr	r3, [r3, #48]	@ 0x30
10008474:	eb03 0383 	add.w	r3, r3, r3, lsl #2
10008478:	f854 3023 	ldr.w	r3, [r4, r3, lsl #2]
1000847c:	2b01      	cmp	r3, #1
1000847e:	bf85      	ittet	hi
10008480:	2301      	movhi	r3, #1
10008482:	4d30      	ldrhi	r5, [pc, #192]	@ (10008544 <xTaskIncrementTick.part.0+0x1f0>)
10008484:	4d2f      	ldrls	r5, [pc, #188]	@ (10008544 <xTaskIncrementTick.part.0+0x1f0>)
10008486:	602b      	strhi	r3, [r5, #0]
10008488:	6873      	ldr	r3, [r6, #4]
1000848a:	6b1b      	ldr	r3, [r3, #48]	@ 0x30
1000848c:	eb03 0383 	add.w	r3, r3, r3, lsl #2
10008490:	f854 3023 	ldr.w	r3, [r4, r3, lsl #2]
10008494:	2b01      	cmp	r3, #1
10008496:	bf84      	itt	hi
10008498:	2301      	movhi	r3, #1
1000849a:	606b      	strhi	r3, [r5, #4]
1000849c:	682b      	ldr	r3, [r5, #0]
1000849e:	6814      	ldr	r4, [r2, #0]
100084a0:	b12b      	cbz	r3, 100084ae <xTaskIncrementTick.part.0+0x15a>
100084a2:	2c00      	cmp	r4, #0
100084a4:	d03a      	beq.n	1000851c <xTaskIncrementTick.part.0+0x1c8>
100084a6:	6833      	ldr	r3, [r6, #0]
100084a8:	6b9b      	ldr	r3, [r3, #56]	@ 0x38
100084aa:	3302      	adds	r3, #2
100084ac:	d12e      	bne.n	1000850c <xTaskIncrementTick.part.0+0x1b8>
100084ae:	686b      	ldr	r3, [r5, #4]
100084b0:	b91b      	cbnz	r3, 100084ba <xTaskIncrementTick.part.0+0x166>
100084b2:	2400      	movs	r4, #0
100084b4:	4620      	mov	r0, r4
100084b6:	e8bd 87f0 	ldmia.w	sp!, {r4, r5, r6, r7, r8, r9, sl, pc}
100084ba:	2c01      	cmp	r4, #1
100084bc:	d0fa      	beq.n	100084b4 <xTaskIncrementTick.part.0+0x160>
100084be:	f04f 4350 	mov.w	r3, #3489660928	@ 0xd0000000
100084c2:	681b      	ldr	r3, [r3, #0]
100084c4:	2b01      	cmp	r3, #1
100084c6:	d01f      	beq.n	10008508 <xTaskIncrementTick.part.0+0x1b4>
100084c8:	2400      	movs	r4, #0
100084ca:	6873      	ldr	r3, [r6, #4]
100084cc:	6b9b      	ldr	r3, [r3, #56]	@ 0x38
100084ce:	3302      	adds	r3, #2
100084d0:	d0f0      	beq.n	100084b4 <xTaskIncrementTick.part.0+0x160>
100084d2:	2001      	movs	r0, #1
100084d4:	f7fe fee2 	bl	1000729c <vYieldCore>
100084d8:	f06f 0201 	mvn.w	r2, #1
100084dc:	6873      	ldr	r3, [r6, #4]
100084de:	4620      	mov	r0, r4
100084e0:	639a      	str	r2, [r3, #56]	@ 0x38
100084e2:	e8bd 87f0 	ldmia.w	sp!, {r4, r5, r6, r7, r8, r9, sl, pc}
100084e6:	4c11      	ldr	r4, [pc, #68]	@ (1000852c <xTaskIncrementTick.part.0+0x1d8>)
100084e8:	f04f 33ff 	mov.w	r3, #4294967295	@ 0xffffffff
100084ec:	f8c8 3000 	str.w	r3, [r8]
100084f0:	e7bb      	b.n	1000846a <xTaskIncrementTick.part.0+0x116>
100084f2:	681b      	ldr	r3, [r3, #0]
100084f4:	f8df 8050 	ldr.w	r8, [pc, #80]	@ 10008548 <xTaskIncrementTick.part.0+0x1f4>
100084f8:	68db      	ldr	r3, [r3, #12]
100084fa:	681b      	ldr	r3, [r3, #0]
100084fc:	f8c8 3000 	str.w	r3, [r8]
10008500:	e732      	b.n	10008368 <xTaskIncrementTick.part.0+0x14>
10008502:	f7fe ff09 	bl	10007318 <ulSetInterruptMask>
10008506:	e7fe      	b.n	10008506 <xTaskIncrementTick.part.0+0x1b2>
10008508:	606b      	str	r3, [r5, #4]
1000850a:	e7d2      	b.n	100084b2 <xTaskIncrementTick.part.0+0x15e>
1000850c:	2000      	movs	r0, #0
1000850e:	f7fe fec5 	bl	1000729c <vYieldCore>
10008512:	f06f 0201 	mvn.w	r2, #1
10008516:	6833      	ldr	r3, [r6, #0]
10008518:	639a      	str	r2, [r3, #56]	@ 0x38
1000851a:	e7c8      	b.n	100084ae <xTaskIncrementTick.part.0+0x15a>
1000851c:	686b      	ldr	r3, [r5, #4]
1000851e:	2401      	movs	r4, #1
10008520:	2b00      	cmp	r3, #0
10008522:	d1d2      	bne.n	100084ca <xTaskIncrementTick.part.0+0x176>
10008524:	e7c6      	b.n	100084b4 <xTaskIncrementTick.part.0+0x160>
10008526:	bf00      	nop
10008528:	2001255c 	.word	0x2001255c
1000852c:	200023d4 	.word	0x200023d4
10008530:	2001248c 	.word	0x2001248c
10008534:	200023c4 	.word	0x200023c4
10008538:	200023cc 	.word	0x200023cc
1000853c:	20012504 	.word	0x20012504
10008540:	200023b8 	.word	0x200023b8
10008544:	20012568 	.word	0x20012568
10008548:	20012500 	.word	0x20012500

1000854c <prvCheckForRunStateChange>:
1000854c:	f04f 4350 	mov.w	r3, #3489660928	@ 0xd0000000
10008550:	4a6c      	ldr	r2, [pc, #432]	@ (10008704 <prvCheckForRunStateChange+0x1b8>)
10008552:	681b      	ldr	r3, [r3, #0]
10008554:	e92d 47f0 	stmdb	sp!, {r4, r5, r6, r7, r8, r9, sl, lr}
10008558:	f852 8023 	ldr.w	r8, [r2, r3, lsl #2]
1000855c:	f8d8 2038 	ldr.w	r2, [r8, #56]	@ 0x38
10008560:	3202      	adds	r2, #2
10008562:	f040 8099 	bne.w	10008698 <prvCheckForRunStateChange+0x14c>
10008566:	4e68      	ldr	r6, [pc, #416]	@ (10008708 <prvCheckForRunStateChange+0x1bc>)
10008568:	4f68      	ldr	r7, [pc, #416]	@ (1000870c <prvCheckForRunStateChange+0x1c0>)
1000856a:	4d69      	ldr	r5, [pc, #420]	@ (10008710 <prvCheckForRunStateChange+0x1c4>)
1000856c:	4c69      	ldr	r4, [pc, #420]	@ (10008714 <prvCheckForRunStateChange+0x1c8>)
1000856e:	005a      	lsls	r2, r3, #1
10008570:	f106 0a01 	add.w	sl, r6, #1
10008574:	f857 9023 	ldr.w	r9, [r7, r3, lsl #2]
10008578:	f1b9 0f00 	cmp.w	r9, #0
1000857c:	d143      	bne.n	10008606 <prvCheckForRunStateChange+0xba>
1000857e:	442a      	add	r2, r5
10008580:	7853      	ldrb	r3, [r2, #1]
10008582:	2b00      	cmp	r3, #0
10008584:	d053      	beq.n	1000862e <prvCheckForRunStateChange+0xe2>
10008586:	7863      	ldrb	r3, [r4, #1]
10008588:	2b00      	cmp	r3, #0
1000858a:	d057      	beq.n	1000863c <prvCheckForRunStateChange+0xf0>
1000858c:	7863      	ldrb	r3, [r4, #1]
1000858e:	3b01      	subs	r3, #1
10008590:	b2db      	uxtb	r3, r3
10008592:	7063      	strb	r3, [r4, #1]
10008594:	2b00      	cmp	r3, #0
10008596:	d04d      	beq.n	10008634 <prvCheckForRunStateChange+0xe8>
10008598:	f8d8 3038 	ldr.w	r3, [r8, #56]	@ 0x38
1000859c:	3302      	adds	r3, #2
1000859e:	f040 80ab 	bne.w	100086f8 <prvCheckForRunStateChange+0x1ac>
100085a2:	2000      	movs	r0, #0
100085a4:	f7fe fec4 	bl	10007330 <vClearInterruptMask>
100085a8:	f7fe feb6 	bl	10007318 <ulSetInterruptMask>
100085ac:	f04f 4350 	mov.w	r3, #3489660928	@ 0xd0000000
100085b0:	681b      	ldr	r3, [r3, #0]
100085b2:	e8da 2fcf 	ldaexb	r2, [sl]
100085b6:	2101      	movs	r1, #1
100085b8:	2a00      	cmp	r2, #0
100085ba:	d101      	bne.n	100085c0 <prvCheckForRunStateChange+0x74>
100085bc:	e8ca 1f42 	strexb	r2, r1, [sl]
100085c0:	f3bf 8f5f 	dmb	sy
100085c4:	2a00      	cmp	r2, #0
100085c6:	d13c      	bne.n	10008642 <prvCheckForRunStateChange+0xf6>
100085c8:	005a      	lsls	r2, r3, #1
100085ca:	7861      	ldrb	r1, [r4, #1]
100085cc:	2900      	cmp	r1, #0
100085ce:	d174      	bne.n	100086ba <prvCheckForRunStateChange+0x16e>
100085d0:	2001      	movs	r0, #1
100085d2:	18a9      	adds	r1, r5, r2
100085d4:	7060      	strb	r0, [r4, #1]
100085d6:	7048      	strb	r0, [r1, #1]
100085d8:	e8d6 1fcf 	ldaexb	r1, [r6]
100085dc:	2001      	movs	r0, #1
100085de:	2900      	cmp	r1, #0
100085e0:	d101      	bne.n	100085e6 <prvCheckForRunStateChange+0x9a>
100085e2:	e8c6 0f41 	strexb	r1, r0, [r6]
100085e6:	f3bf 8f5f 	dmb	sy
100085ea:	2900      	cmp	r1, #0
100085ec:	d044      	beq.n	10008678 <prvCheckForRunStateChange+0x12c>
100085ee:	f815 1013 	ldrb.w	r1, [r5, r3, lsl #1]
100085f2:	2900      	cmp	r1, #0
100085f4:	d035      	beq.n	10008662 <prvCheckForRunStateChange+0x116>
100085f6:	7821      	ldrb	r1, [r4, #0]
100085f8:	29ff      	cmp	r1, #255	@ 0xff
100085fa:	d074      	beq.n	100086e6 <prvCheckForRunStateChange+0x19a>
100085fc:	7821      	ldrb	r1, [r4, #0]
100085fe:	3101      	adds	r1, #1
10008600:	b2c9      	uxtb	r1, r1
10008602:	7021      	strb	r1, [r4, #0]
10008604:	e03e      	b.n	10008684 <prvCheckForRunStateChange+0x138>
10008606:	2100      	movs	r1, #0
10008608:	f847 1023 	str.w	r1, [r7, r3, lsl #2]
1000860c:	f815 1013 	ldrb.w	r1, [r5, r3, lsl #1]
10008610:	2900      	cmp	r1, #0
10008612:	d043      	beq.n	1000869c <prvCheckForRunStateChange+0x150>
10008614:	7821      	ldrb	r1, [r4, #0]
10008616:	b309      	cbz	r1, 1000865c <prvCheckForRunStateChange+0x110>
10008618:	7821      	ldrb	r1, [r4, #0]
1000861a:	3901      	subs	r1, #1
1000861c:	b2c9      	uxtb	r1, r1
1000861e:	7021      	strb	r1, [r4, #0]
10008620:	2900      	cmp	r1, #0
10008622:	d1ac      	bne.n	1000857e <prvCheckForRunStateChange+0x32>
10008624:	f805 1013 	strb.w	r1, [r5, r3, lsl #1]
10008628:	e8c6 1f8f 	stlb	r1, [r6]
1000862c:	e7a7      	b.n	1000857e <prvCheckForRunStateChange+0x32>
1000862e:	f7fe fe73 	bl	10007318 <ulSetInterruptMask>
10008632:	e7fe      	b.n	10008632 <prvCheckForRunStateChange+0xe6>
10008634:	7053      	strb	r3, [r2, #1]
10008636:	e8ca 3f8f 	stlb	r3, [sl]
1000863a:	e7ad      	b.n	10008598 <prvCheckForRunStateChange+0x4c>
1000863c:	f7fe fe6c 	bl	10007318 <ulSetInterruptMask>
10008640:	e7fe      	b.n	10008640 <prvCheckForRunStateChange+0xf4>
10008642:	eb05 0243 	add.w	r2, r5, r3, lsl #1
10008646:	7851      	ldrb	r1, [r2, #1]
10008648:	005a      	lsls	r2, r3, #1
1000864a:	b351      	cbz	r1, 100086a2 <prvCheckForRunStateChange+0x156>
1000864c:	7861      	ldrb	r1, [r4, #1]
1000864e:	29ff      	cmp	r1, #255	@ 0xff
10008650:	d04f      	beq.n	100086f2 <prvCheckForRunStateChange+0x1a6>
10008652:	7861      	ldrb	r1, [r4, #1]
10008654:	3101      	adds	r1, #1
10008656:	b2c9      	uxtb	r1, r1
10008658:	7061      	strb	r1, [r4, #1]
1000865a:	e7bd      	b.n	100085d8 <prvCheckForRunStateChange+0x8c>
1000865c:	f7fe fe5c 	bl	10007318 <ulSetInterruptMask>
10008660:	e7fe      	b.n	10008660 <prvCheckForRunStateChange+0x114>
10008662:	e8d6 0fcf 	ldaexb	r0, [r6]
10008666:	2101      	movs	r1, #1
10008668:	2800      	cmp	r0, #0
1000866a:	d1fa      	bne.n	10008662 <prvCheckForRunStateChange+0x116>
1000866c:	e8c6 1f40 	strexb	r0, r1, [r6]
10008670:	2800      	cmp	r0, #0
10008672:	d1f6      	bne.n	10008662 <prvCheckForRunStateChange+0x116>
10008674:	f3bf 8f5f 	dmb	sy
10008678:	7821      	ldrb	r1, [r4, #0]
1000867a:	bb09      	cbnz	r1, 100086c0 <prvCheckForRunStateChange+0x174>
1000867c:	2101      	movs	r1, #1
1000867e:	7021      	strb	r1, [r4, #0]
10008680:	f805 1013 	strb.w	r1, [r5, r3, lsl #1]
10008684:	f847 9023 	str.w	r9, [r7, r3, lsl #2]
10008688:	f1b9 0f00 	cmp.w	r9, #0
1000868c:	d01b      	beq.n	100086c6 <prvCheckForRunStateChange+0x17a>
1000868e:	f8d8 1038 	ldr.w	r1, [r8, #56]	@ 0x38
10008692:	3102      	adds	r1, #2
10008694:	f43f af6e 	beq.w	10008574 <prvCheckForRunStateChange+0x28>
10008698:	e8bd 87f0 	ldmia.w	sp!, {r4, r5, r6, r7, r8, r9, sl, pc}
1000869c:	f7fe fe3c 	bl	10007318 <ulSetInterruptMask>
100086a0:	e7fe      	b.n	100086a0 <prvCheckForRunStateChange+0x154>
100086a2:	e8da 0fcf 	ldaexb	r0, [sl]
100086a6:	2101      	movs	r1, #1
100086a8:	2800      	cmp	r0, #0
100086aa:	d1fa      	bne.n	100086a2 <prvCheckForRunStateChange+0x156>
100086ac:	e8ca 1f40 	strexb	r0, r1, [sl]
100086b0:	2800      	cmp	r0, #0
100086b2:	d1f6      	bne.n	100086a2 <prvCheckForRunStateChange+0x156>
100086b4:	f3bf 8f5f 	dmb	sy
100086b8:	e787      	b.n	100085ca <prvCheckForRunStateChange+0x7e>
100086ba:	f7fe fe2d 	bl	10007318 <ulSetInterruptMask>
100086be:	e7fe      	b.n	100086be <prvCheckForRunStateChange+0x172>
100086c0:	f7fe fe2a 	bl	10007318 <ulSetInterruptMask>
100086c4:	e7fe      	b.n	100086c4 <prvCheckForRunStateChange+0x178>
100086c6:	f815 1013 	ldrb.w	r1, [r5, r3, lsl #1]
100086ca:	b179      	cbz	r1, 100086ec <prvCheckForRunStateChange+0x1a0>
100086cc:	7821      	ldrb	r1, [r4, #0]
100086ce:	b1b1      	cbz	r1, 100086fe <prvCheckForRunStateChange+0x1b2>
100086d0:	7821      	ldrb	r1, [r4, #0]
100086d2:	3901      	subs	r1, #1
100086d4:	b2c9      	uxtb	r1, r1
100086d6:	7021      	strb	r1, [r4, #0]
100086d8:	2900      	cmp	r1, #0
100086da:	d1d8      	bne.n	1000868e <prvCheckForRunStateChange+0x142>
100086dc:	f805 9013 	strb.w	r9, [r5, r3, lsl #1]
100086e0:	e8c6 9f8f 	stlb	r9, [r6]
100086e4:	e7d3      	b.n	1000868e <prvCheckForRunStateChange+0x142>
100086e6:	f7fe fe17 	bl	10007318 <ulSetInterruptMask>
100086ea:	e7fe      	b.n	100086ea <prvCheckForRunStateChange+0x19e>
100086ec:	f7fe fe14 	bl	10007318 <ulSetInterruptMask>
100086f0:	e7fe      	b.n	100086f0 <prvCheckForRunStateChange+0x1a4>
100086f2:	f7fe fe11 	bl	10007318 <ulSetInterruptMask>
100086f6:	e7fe      	b.n	100086f6 <prvCheckForRunStateChange+0x1aa>
100086f8:	f7fe fe0e 	bl	10007318 <ulSetInterruptMask>
100086fc:	e7fe      	b.n	100086fc <prvCheckForRunStateChange+0x1b0>
100086fe:	f7fe fe0b 	bl	10007318 <ulSetInterruptMask>
10008702:	e7fe      	b.n	10008702 <prvCheckForRunStateChange+0x1b6>
10008704:	200023b8 	.word	0x200023b8
10008708:	20001b04 	.word	0x20001b04
1000870c:	2001245c 	.word	0x2001245c
10008710:	20012454 	.word	0x20012454
10008714:	20012458 	.word	0x20012458

10008718 <vTaskSuspendAll.part.0>:
10008718:	b570      	push	{r4, r5, r6, lr}
1000871a:	b082      	sub	sp, #8
1000871c:	f7fe fdfc 	bl	10007318 <ulSetInterruptMask>
10008720:	f04f 4350 	mov.w	r3, #3489660928	@ 0xd0000000
10008724:	4a4d      	ldr	r2, [pc, #308]	@ (1000885c <vTaskSuspendAll.part.0+0x144>)
10008726:	681b      	ldr	r3, [r3, #0]
10008728:	f852 2023 	ldr.w	r2, [r2, r3, lsl #2]
1000872c:	b112      	cbz	r2, 10008734 <vTaskSuspendAll.part.0+0x1c>
1000872e:	f7fe fdf3 	bl	10007318 <ulSetInterruptMask>
10008732:	e7fe      	b.n	10008732 <vTaskSuspendAll.part.0+0x1a>
10008734:	4a4a      	ldr	r2, [pc, #296]	@ (10008860 <vTaskSuspendAll.part.0+0x148>)
10008736:	e8d2 1fcf 	ldaexb	r1, [r2]
1000873a:	2401      	movs	r4, #1
1000873c:	2900      	cmp	r1, #0
1000873e:	d101      	bne.n	10008744 <vTaskSuspendAll.part.0+0x2c>
10008740:	e8c2 4f41 	strexb	r1, r4, [r2]
10008744:	f3bf 8f5f 	dmb	sy
10008748:	4d46      	ldr	r5, [pc, #280]	@ (10008864 <vTaskSuspendAll.part.0+0x14c>)
1000874a:	bb31      	cbnz	r1, 1000879a <vTaskSuspendAll.part.0+0x82>
1000874c:	4c46      	ldr	r4, [pc, #280]	@ (10008868 <vTaskSuspendAll.part.0+0x150>)
1000874e:	0059      	lsls	r1, r3, #1
10008750:	7863      	ldrb	r3, [r4, #1]
10008752:	2b00      	cmp	r3, #0
10008754:	d16b      	bne.n	1000882e <vTaskSuspendAll.part.0+0x116>
10008756:	2301      	movs	r3, #1
10008758:	4429      	add	r1, r5
1000875a:	7063      	strb	r3, [r4, #1]
1000875c:	704b      	strb	r3, [r1, #1]
1000875e:	4e43      	ldr	r6, [pc, #268]	@ (1000886c <vTaskSuspendAll.part.0+0x154>)
10008760:	6833      	ldr	r3, [r6, #0]
10008762:	2b00      	cmp	r3, #0
10008764:	d069      	beq.n	1000883a <vTaskSuspendAll.part.0+0x122>
10008766:	f04f 4250 	mov.w	r2, #3489660928	@ 0xd0000000
1000876a:	4b41      	ldr	r3, [pc, #260]	@ (10008870 <vTaskSuspendAll.part.0+0x158>)
1000876c:	6812      	ldr	r2, [r2, #0]
1000876e:	e8d3 1fcf 	ldaexb	r1, [r3]
10008772:	f05f 0c01 	movs.w	ip, #1
10008776:	2900      	cmp	r1, #0
10008778:	d101      	bne.n	1000877e <vTaskSuspendAll.part.0+0x66>
1000877a:	e8c3 cf41 	strexb	r1, ip, [r3]
1000877e:	f3bf 8f5f 	dmb	sy
10008782:	b331      	cbz	r1, 100087d2 <vTaskSuspendAll.part.0+0xba>
10008784:	f815 1012 	ldrb.w	r1, [r5, r2, lsl #1]
10008788:	b1b1      	cbz	r1, 100087b8 <vTaskSuspendAll.part.0+0xa0>
1000878a:	7821      	ldrb	r1, [r4, #0]
1000878c:	29ff      	cmp	r1, #255	@ 0xff
1000878e:	d062      	beq.n	10008856 <vTaskSuspendAll.part.0+0x13e>
10008790:	7821      	ldrb	r1, [r4, #0]
10008792:	3101      	adds	r1, #1
10008794:	b2c9      	uxtb	r1, r1
10008796:	7021      	strb	r1, [r4, #0]
10008798:	e022      	b.n	100087e0 <vTaskSuspendAll.part.0+0xc8>
1000879a:	0059      	lsls	r1, r3, #1
1000879c:	eb05 0343 	add.w	r3, r5, r3, lsl #1
100087a0:	785b      	ldrb	r3, [r3, #1]
100087a2:	2b00      	cmp	r3, #0
100087a4:	d034      	beq.n	10008810 <vTaskSuspendAll.part.0+0xf8>
100087a6:	4c30      	ldr	r4, [pc, #192]	@ (10008868 <vTaskSuspendAll.part.0+0x150>)
100087a8:	7863      	ldrb	r3, [r4, #1]
100087aa:	2bff      	cmp	r3, #255	@ 0xff
100087ac:	d050      	beq.n	10008850 <vTaskSuspendAll.part.0+0x138>
100087ae:	7863      	ldrb	r3, [r4, #1]
100087b0:	3301      	adds	r3, #1
100087b2:	b2db      	uxtb	r3, r3
100087b4:	7063      	strb	r3, [r4, #1]
100087b6:	e7d2      	b.n	1000875e <vTaskSuspendAll.part.0+0x46>
100087b8:	e8d3 cfcf 	ldaexb	ip, [r3]
100087bc:	2101      	movs	r1, #1
100087be:	f1bc 0f00 	cmp.w	ip, #0
100087c2:	d1f9      	bne.n	100087b8 <vTaskSuspendAll.part.0+0xa0>
100087c4:	e8c3 1f4c 	strexb	ip, r1, [r3]
100087c8:	f1bc 0f00 	cmp.w	ip, #0
100087cc:	d1f4      	bne.n	100087b8 <vTaskSuspendAll.part.0+0xa0>
100087ce:	f3bf 8f5f 	dmb	sy
100087d2:	7821      	ldrb	r1, [r4, #0]
100087d4:	2900      	cmp	r1, #0
100087d6:	d12d      	bne.n	10008834 <vTaskSuspendAll.part.0+0x11c>
100087d8:	2101      	movs	r1, #1
100087da:	7021      	strb	r1, [r4, #0]
100087dc:	f805 1012 	strb.w	r1, [r5, r2, lsl #1]
100087e0:	6831      	ldr	r1, [r6, #0]
100087e2:	3101      	adds	r1, #1
100087e4:	6031      	str	r1, [r6, #0]
100087e6:	f815 1012 	ldrb.w	r1, [r5, r2, lsl #1]
100087ea:	2900      	cmp	r1, #0
100087ec:	d02a      	beq.n	10008844 <vTaskSuspendAll.part.0+0x12c>
100087ee:	7821      	ldrb	r1, [r4, #0]
100087f0:	2900      	cmp	r1, #0
100087f2:	d02a      	beq.n	1000884a <vTaskSuspendAll.part.0+0x132>
100087f4:	7821      	ldrb	r1, [r4, #0]
100087f6:	3901      	subs	r1, #1
100087f8:	b2c9      	uxtb	r1, r1
100087fa:	7021      	strb	r1, [r4, #0]
100087fc:	b919      	cbnz	r1, 10008806 <vTaskSuspendAll.part.0+0xee>
100087fe:	f805 1012 	strb.w	r1, [r5, r2, lsl #1]
10008802:	e8c3 1f8f 	stlb	r1, [r3]
10008806:	b002      	add	sp, #8
10008808:	e8bd 4070 	ldmia.w	sp!, {r4, r5, r6, lr}
1000880c:	f7fe bd90 	b.w	10007330 <vClearInterruptMask>
10008810:	e8d2 4fcf 	ldaexb	r4, [r2]
10008814:	2301      	movs	r3, #1
10008816:	2c00      	cmp	r4, #0
10008818:	d1fa      	bne.n	10008810 <vTaskSuspendAll.part.0+0xf8>
1000881a:	e8c2 3f44 	strexb	r4, r3, [r2]
1000881e:	2c00      	cmp	r4, #0
10008820:	d1f6      	bne.n	10008810 <vTaskSuspendAll.part.0+0xf8>
10008822:	f3bf 8f5f 	dmb	sy
10008826:	4c10      	ldr	r4, [pc, #64]	@ (10008868 <vTaskSuspendAll.part.0+0x150>)
10008828:	7863      	ldrb	r3, [r4, #1]
1000882a:	2b00      	cmp	r3, #0
1000882c:	d093      	beq.n	10008756 <vTaskSuspendAll.part.0+0x3e>
1000882e:	f7fe fd73 	bl	10007318 <ulSetInterruptMask>
10008832:	e7fe      	b.n	10008832 <vTaskSuspendAll.part.0+0x11a>
10008834:	f7fe fd70 	bl	10007318 <ulSetInterruptMask>
10008838:	e7fe      	b.n	10008838 <vTaskSuspendAll.part.0+0x120>
1000883a:	9001      	str	r0, [sp, #4]
1000883c:	f7ff fe86 	bl	1000854c <prvCheckForRunStateChange>
10008840:	9801      	ldr	r0, [sp, #4]
10008842:	e790      	b.n	10008766 <vTaskSuspendAll.part.0+0x4e>
10008844:	f7fe fd68 	bl	10007318 <ulSetInterruptMask>
10008848:	e7fe      	b.n	10008848 <vTaskSuspendAll.part.0+0x130>
1000884a:	f7fe fd65 	bl	10007318 <ulSetInterruptMask>
1000884e:	e7fe      	b.n	1000884e <vTaskSuspendAll.part.0+0x136>
10008850:	f7fe fd62 	bl	10007318 <ulSetInterruptMask>
10008854:	e7fe      	b.n	10008854 <vTaskSuspendAll.part.0+0x13c>
10008856:	f7fe fd5f 	bl	10007318 <ulSetInterruptMask>
1000885a:	e7fe      	b.n	1000885a <vTaskSuspendAll.part.0+0x142>
1000885c:	2001245c 	.word	0x2001245c
10008860:	20001b05 	.word	0x20001b05
10008864:	20012454 	.word	0x20012454
10008868:	20012458 	.word	0x20012458
1000886c:	20012484 	.word	0x20012484
10008870:	20001b04 	.word	0x20001b04

10008874 <prvAddCurrentTaskToDelayedList>:
10008874:	e92d 4ff8 	stmdb	sp!, {r3, r4, r5, r6, r7, r8, r9, sl, fp, lr}
10008878:	f04f 4a50 	mov.w	sl, #3489660928	@ 0xd0000000
1000887c:	4c41      	ldr	r4, [pc, #260]	@ (10008984 <prvAddCurrentTaskToDelayedList+0x110>)
1000887e:	4a42      	ldr	r2, [pc, #264]	@ (10008988 <prvAddCurrentTaskToDelayedList+0x114>)
10008880:	6827      	ldr	r7, [r4, #0]
10008882:	4604      	mov	r4, r0
10008884:	4b41      	ldr	r3, [pc, #260]	@ (1000898c <prvAddCurrentTaskToDelayedList+0x118>)
10008886:	f8d2 8000 	ldr.w	r8, [r2]
1000888a:	460e      	mov	r6, r1
1000888c:	f8d3 9000 	ldr.w	r9, [r3]
10008890:	4d3f      	ldr	r5, [pc, #252]	@ (10008990 <prvAddCurrentTaskToDelayedList+0x11c>)
10008892:	f7fe fd41 	bl	10007318 <ulSetInterruptMask>
10008896:	f8da 3000 	ldr.w	r3, [sl]
1000889a:	f855 b023 	ldr.w	fp, [r5, r3, lsl #2]
1000889e:	f7fe fd47 	bl	10007330 <vClearInterruptMask>
100088a2:	f10b 0008 	add.w	r0, fp, #8
100088a6:	f7fe feeb 	bl	10007680 <uxListRemove>
100088aa:	1c63      	adds	r3, r4, #1
100088ac:	d100      	bne.n	100088b0 <prvAddCurrentTaskToDelayedList+0x3c>
100088ae:	bb86      	cbnz	r6, 10008912 <prvAddCurrentTaskToDelayedList+0x9e>
100088b0:	f04f 4650 	mov.w	r6, #3489660928	@ 0xd0000000
100088b4:	193c      	adds	r4, r7, r4
100088b6:	bf2c      	ite	cs
100088b8:	2701      	movcs	r7, #1
100088ba:	2700      	movcc	r7, #0
100088bc:	f7fe fd2c 	bl	10007318 <ulSetInterruptMask>
100088c0:	6833      	ldr	r3, [r6, #0]
100088c2:	f855 a023 	ldr.w	sl, [r5, r3, lsl #2]
100088c6:	f7fe fd33 	bl	10007330 <vClearInterruptMask>
100088ca:	f8ca 4008 	str.w	r4, [sl, #8]
100088ce:	b997      	cbnz	r7, 100088f6 <prvAddCurrentTaskToDelayedList+0x82>
100088d0:	f7fe fd22 	bl	10007318 <ulSetInterruptMask>
100088d4:	6833      	ldr	r3, [r6, #0]
100088d6:	f855 5023 	ldr.w	r5, [r5, r3, lsl #2]
100088da:	f7fe fd29 	bl	10007330 <vClearInterruptMask>
100088de:	4640      	mov	r0, r8
100088e0:	f105 0108 	add.w	r1, r5, #8
100088e4:	f7fe feb4 	bl	10007650 <vListInsert>
100088e8:	4b2a      	ldr	r3, [pc, #168]	@ (10008994 <prvAddCurrentTaskToDelayedList+0x120>)
100088ea:	681a      	ldr	r2, [r3, #0]
100088ec:	42a2      	cmp	r2, r4
100088ee:	bf88      	it	hi
100088f0:	601c      	strhi	r4, [r3, #0]
100088f2:	e8bd 8ff8 	ldmia.w	sp!, {r3, r4, r5, r6, r7, r8, r9, sl, fp, pc}
100088f6:	f7fe fd0f 	bl	10007318 <ulSetInterruptMask>
100088fa:	6833      	ldr	r3, [r6, #0]
100088fc:	f855 4023 	ldr.w	r4, [r5, r3, lsl #2]
10008900:	f7fe fd16 	bl	10007330 <vClearInterruptMask>
10008904:	4648      	mov	r0, r9
10008906:	f104 0108 	add.w	r1, r4, #8
1000890a:	e8bd 4ff8 	ldmia.w	sp!, {r3, r4, r5, r6, r7, r8, r9, sl, fp, lr}
1000890e:	f7fe be9f 	b.w	10007650 <vListInsert>
10008912:	4c21      	ldr	r4, [pc, #132]	@ (10008998 <prvAddCurrentTaskToDelayedList+0x124>)
10008914:	6866      	ldr	r6, [r4, #4]
10008916:	f7fe fcff 	bl	10007318 <ulSetInterruptMask>
1000891a:	f8da 3000 	ldr.w	r3, [sl]
1000891e:	f855 7023 	ldr.w	r7, [r5, r3, lsl #2]
10008922:	f7fe fd05 	bl	10007330 <vClearInterruptMask>
10008926:	60fe      	str	r6, [r7, #12]
10008928:	f7fe fcf6 	bl	10007318 <ulSetInterruptMask>
1000892c:	f8da 3000 	ldr.w	r3, [sl]
10008930:	f855 7023 	ldr.w	r7, [r5, r3, lsl #2]
10008934:	f7fe fcfc 	bl	10007330 <vClearInterruptMask>
10008938:	68b3      	ldr	r3, [r6, #8]
1000893a:	613b      	str	r3, [r7, #16]
1000893c:	f7fe fcec 	bl	10007318 <ulSetInterruptMask>
10008940:	f8da 3000 	ldr.w	r3, [sl]
10008944:	f855 7023 	ldr.w	r7, [r5, r3, lsl #2]
10008948:	f7fe fcf2 	bl	10007330 <vClearInterruptMask>
1000894c:	68b3      	ldr	r3, [r6, #8]
1000894e:	3708      	adds	r7, #8
10008950:	605f      	str	r7, [r3, #4]
10008952:	f7fe fce1 	bl	10007318 <ulSetInterruptMask>
10008956:	f8da 3000 	ldr.w	r3, [sl]
1000895a:	f855 7023 	ldr.w	r7, [r5, r3, lsl #2]
1000895e:	f7fe fce7 	bl	10007330 <vClearInterruptMask>
10008962:	3708      	adds	r7, #8
10008964:	60b7      	str	r7, [r6, #8]
10008966:	f7fe fcd7 	bl	10007318 <ulSetInterruptMask>
1000896a:	f8da 3000 	ldr.w	r3, [sl]
1000896e:	f855 5023 	ldr.w	r5, [r5, r3, lsl #2]
10008972:	f7fe fcdd 	bl	10007330 <vClearInterruptMask>
10008976:	6823      	ldr	r3, [r4, #0]
10008978:	61ac      	str	r4, [r5, #24]
1000897a:	3301      	adds	r3, #1
1000897c:	6023      	str	r3, [r4, #0]
1000897e:	e8bd 8ff8 	ldmia.w	sp!, {r3, r4, r5, r6, r7, r8, r9, sl, fp, pc}
10008982:	bf00      	nop
10008984:	2001255c 	.word	0x2001255c
10008988:	200023c4 	.word	0x200023c4
1000898c:	200023cc 	.word	0x200023cc
10008990:	200023b8 	.word	0x200023b8
10008994:	20012500 	.word	0x20012500
10008998:	20012534 	.word	0x20012534

1000899c <vTaskSuspendAll>:
1000899c:	4b51      	ldr	r3, [pc, #324]	@ (10008ae4 <vTaskSuspendAll+0x148>)
1000899e:	681b      	ldr	r3, [r3, #0]
100089a0:	b903      	cbnz	r3, 100089a4 <vTaskSuspendAll+0x8>
100089a2:	4770      	bx	lr
100089a4:	b570      	push	{r4, r5, r6, lr}
100089a6:	b082      	sub	sp, #8
100089a8:	f7fe fcb6 	bl	10007318 <ulSetInterruptMask>
100089ac:	f04f 4350 	mov.w	r3, #3489660928	@ 0xd0000000
100089b0:	4a4d      	ldr	r2, [pc, #308]	@ (10008ae8 <vTaskSuspendAll+0x14c>)
100089b2:	681b      	ldr	r3, [r3, #0]
100089b4:	f852 2023 	ldr.w	r2, [r2, r3, lsl #2]
100089b8:	2a00      	cmp	r2, #0
100089ba:	d133      	bne.n	10008a24 <vTaskSuspendAll+0x88>
100089bc:	4a4b      	ldr	r2, [pc, #300]	@ (10008aec <vTaskSuspendAll+0x150>)
100089be:	e8d2 1fcf 	ldaexb	r1, [r2]
100089c2:	2401      	movs	r4, #1
100089c4:	2900      	cmp	r1, #0
100089c6:	d101      	bne.n	100089cc <vTaskSuspendAll+0x30>
100089c8:	e8c2 4f41 	strexb	r1, r4, [r2]
100089cc:	f3bf 8f5f 	dmb	sy
100089d0:	4d47      	ldr	r5, [pc, #284]	@ (10008af0 <vTaskSuspendAll+0x154>)
100089d2:	2900      	cmp	r1, #0
100089d4:	d155      	bne.n	10008a82 <vTaskSuspendAll+0xe6>
100089d6:	0059      	lsls	r1, r3, #1
100089d8:	4c46      	ldr	r4, [pc, #280]	@ (10008af4 <vTaskSuspendAll+0x158>)
100089da:	7863      	ldrb	r3, [r4, #1]
100089dc:	2b00      	cmp	r3, #0
100089de:	d16d      	bne.n	10008abc <vTaskSuspendAll+0x120>
100089e0:	2301      	movs	r3, #1
100089e2:	4429      	add	r1, r5
100089e4:	7063      	strb	r3, [r4, #1]
100089e6:	704b      	strb	r3, [r1, #1]
100089e8:	4e43      	ldr	r6, [pc, #268]	@ (10008af8 <vTaskSuspendAll+0x15c>)
100089ea:	6833      	ldr	r3, [r6, #0]
100089ec:	2b00      	cmp	r3, #0
100089ee:	d068      	beq.n	10008ac2 <vTaskSuspendAll+0x126>
100089f0:	f04f 4250 	mov.w	r2, #3489660928	@ 0xd0000000
100089f4:	4b41      	ldr	r3, [pc, #260]	@ (10008afc <vTaskSuspendAll+0x160>)
100089f6:	6812      	ldr	r2, [r2, #0]
100089f8:	e8d3 1fcf 	ldaexb	r1, [r3]
100089fc:	f05f 0c01 	movs.w	ip, #1
10008a00:	2900      	cmp	r1, #0
10008a02:	d101      	bne.n	10008a08 <vTaskSuspendAll+0x6c>
10008a04:	e8c3 cf41 	strexb	r1, ip, [r3]
10008a08:	f3bf 8f5f 	dmb	sy
10008a0c:	b1d1      	cbz	r1, 10008a44 <vTaskSuspendAll+0xa8>
10008a0e:	f815 1012 	ldrb.w	r1, [r5, r2, lsl #1]
10008a12:	b151      	cbz	r1, 10008a2a <vTaskSuspendAll+0x8e>
10008a14:	7821      	ldrb	r1, [r4, #0]
10008a16:	29ff      	cmp	r1, #255	@ 0xff
10008a18:	d061      	beq.n	10008ade <vTaskSuspendAll+0x142>
10008a1a:	7821      	ldrb	r1, [r4, #0]
10008a1c:	3101      	adds	r1, #1
10008a1e:	b2c9      	uxtb	r1, r1
10008a20:	7021      	strb	r1, [r4, #0]
10008a22:	e016      	b.n	10008a52 <vTaskSuspendAll+0xb6>
10008a24:	f7fe fc78 	bl	10007318 <ulSetInterruptMask>
10008a28:	e7fe      	b.n	10008a28 <vTaskSuspendAll+0x8c>
10008a2a:	e8d3 cfcf 	ldaexb	ip, [r3]
10008a2e:	2101      	movs	r1, #1
10008a30:	f1bc 0f00 	cmp.w	ip, #0
10008a34:	d1f9      	bne.n	10008a2a <vTaskSuspendAll+0x8e>
10008a36:	e8c3 1f4c 	strexb	ip, r1, [r3]
10008a3a:	f1bc 0f00 	cmp.w	ip, #0
10008a3e:	d1f4      	bne.n	10008a2a <vTaskSuspendAll+0x8e>
10008a40:	f3bf 8f5f 	dmb	sy
10008a44:	7821      	ldrb	r1, [r4, #0]
10008a46:	2900      	cmp	r1, #0
10008a48:	d140      	bne.n	10008acc <vTaskSuspendAll+0x130>
10008a4a:	2101      	movs	r1, #1
10008a4c:	7021      	strb	r1, [r4, #0]
10008a4e:	f805 1012 	strb.w	r1, [r5, r2, lsl #1]
10008a52:	6831      	ldr	r1, [r6, #0]
10008a54:	3101      	adds	r1, #1
10008a56:	6031      	str	r1, [r6, #0]
10008a58:	f815 1012 	ldrb.w	r1, [r5, r2, lsl #1]
10008a5c:	2900      	cmp	r1, #0
10008a5e:	d02a      	beq.n	10008ab6 <vTaskSuspendAll+0x11a>
10008a60:	7821      	ldrb	r1, [r4, #0]
10008a62:	2900      	cmp	r1, #0
10008a64:	d035      	beq.n	10008ad2 <vTaskSuspendAll+0x136>
10008a66:	7821      	ldrb	r1, [r4, #0]
10008a68:	3901      	subs	r1, #1
10008a6a:	b2c9      	uxtb	r1, r1
10008a6c:	7021      	strb	r1, [r4, #0]
10008a6e:	b919      	cbnz	r1, 10008a78 <vTaskSuspendAll+0xdc>
10008a70:	f805 1012 	strb.w	r1, [r5, r2, lsl #1]
10008a74:	e8c3 1f8f 	stlb	r1, [r3]
10008a78:	b002      	add	sp, #8
10008a7a:	e8bd 4070 	ldmia.w	sp!, {r4, r5, r6, lr}
10008a7e:	f7fe bc57 	b.w	10007330 <vClearInterruptMask>
10008a82:	0059      	lsls	r1, r3, #1
10008a84:	eb05 0343 	add.w	r3, r5, r3, lsl #1
10008a88:	785b      	ldrb	r3, [r3, #1]
10008a8a:	b143      	cbz	r3, 10008a9e <vTaskSuspendAll+0x102>
10008a8c:	4c19      	ldr	r4, [pc, #100]	@ (10008af4 <vTaskSuspendAll+0x158>)
10008a8e:	7863      	ldrb	r3, [r4, #1]
10008a90:	2bff      	cmp	r3, #255	@ 0xff
10008a92:	d021      	beq.n	10008ad8 <vTaskSuspendAll+0x13c>
10008a94:	7863      	ldrb	r3, [r4, #1]
10008a96:	3301      	adds	r3, #1
10008a98:	b2db      	uxtb	r3, r3
10008a9a:	7063      	strb	r3, [r4, #1]
10008a9c:	e7a4      	b.n	100089e8 <vTaskSuspendAll+0x4c>
10008a9e:	e8d2 4fcf 	ldaexb	r4, [r2]
10008aa2:	2301      	movs	r3, #1
10008aa4:	2c00      	cmp	r4, #0
10008aa6:	d1fa      	bne.n	10008a9e <vTaskSuspendAll+0x102>
10008aa8:	e8c2 3f44 	strexb	r4, r3, [r2]
10008aac:	2c00      	cmp	r4, #0
10008aae:	d1f6      	bne.n	10008a9e <vTaskSuspendAll+0x102>
10008ab0:	f3bf 8f5f 	dmb	sy
10008ab4:	e790      	b.n	100089d8 <vTaskSuspendAll+0x3c>
10008ab6:	f7fe fc2f 	bl	10007318 <ulSetInterruptMask>
10008aba:	e7fe      	b.n	10008aba <vTaskSuspendAll+0x11e>
10008abc:	f7fe fc2c 	bl	10007318 <ulSetInterruptMask>
10008ac0:	e7fe      	b.n	10008ac0 <vTaskSuspendAll+0x124>
10008ac2:	9001      	str	r0, [sp, #4]
10008ac4:	f7ff fd42 	bl	1000854c <prvCheckForRunStateChange>
10008ac8:	9801      	ldr	r0, [sp, #4]
10008aca:	e791      	b.n	100089f0 <vTaskSuspendAll+0x54>
10008acc:	f7fe fc24 	bl	10007318 <ulSetInterruptMask>
10008ad0:	e7fe      	b.n	10008ad0 <vTaskSuspendAll+0x134>
10008ad2:	f7fe fc21 	bl	10007318 <ulSetInterruptMask>
10008ad6:	e7fe      	b.n	10008ad6 <vTaskSuspendAll+0x13a>
10008ad8:	f7fe fc1e 	bl	10007318 <ulSetInterruptMask>
10008adc:	e7fe      	b.n	10008adc <vTaskSuspendAll+0x140>
10008ade:	f7fe fc1b 	bl	10007318 <ulSetInterruptMask>
10008ae2:	e7fe      	b.n	10008ae2 <vTaskSuspendAll+0x146>
10008ae4:	20012528 	.word	0x20012528
10008ae8:	2001245c 	.word	0x2001245c
10008aec:	20001b05 	.word	0x20001b05
10008af0:	20012454 	.word	0x20012454
10008af4:	20012458 	.word	0x20012458
10008af8:	20012484 	.word	0x20012484
10008afc:	20001b04 	.word	0x20001b04

10008b00 <xTaskGetTickCount>:
10008b00:	4b01      	ldr	r3, [pc, #4]	@ (10008b08 <xTaskGetTickCount+0x8>)
10008b02:	6818      	ldr	r0, [r3, #0]
10008b04:	4770      	bx	lr
10008b06:	bf00      	nop
10008b08:	2001255c 	.word	0x2001255c

10008b0c <uxTaskGetNumberOfTasks>:
10008b0c:	4b01      	ldr	r3, [pc, #4]	@ (10008b14 <uxTaskGetNumberOfTasks+0x8>)
10008b0e:	6818      	ldr	r0, [r3, #0]
10008b10:	4770      	bx	lr
10008b12:	bf00      	nop
10008b14:	2001247c 	.word	0x2001247c

10008b18 <xTaskIncrementTick>:
10008b18:	4b05      	ldr	r3, [pc, #20]	@ (10008b30 <xTaskIncrementTick+0x18>)
10008b1a:	681b      	ldr	r3, [r3, #0]
10008b1c:	b90b      	cbnz	r3, 10008b22 <xTaskIncrementTick+0xa>
10008b1e:	f7ff bc19 	b.w	10008354 <xTaskIncrementTick.part.0>
10008b22:	4a04      	ldr	r2, [pc, #16]	@ (10008b34 <xTaskIncrementTick+0x1c>)
10008b24:	2000      	movs	r0, #0
10008b26:	6813      	ldr	r3, [r2, #0]
10008b28:	3301      	adds	r3, #1
10008b2a:	6013      	str	r3, [r2, #0]
10008b2c:	4770      	bx	lr
10008b2e:	bf00      	nop
10008b30:	20012484 	.word	0x20012484
10008b34:	20012510 	.word	0x20012510

10008b38 <vTaskSwitchContext>:
10008b38:	e92d 4ff0 	stmdb	sp!, {r4, r5, r6, r7, r8, r9, sl, fp, lr}
10008b3c:	4604      	mov	r4, r0
10008b3e:	4e95      	ldr	r6, [pc, #596]	@ (10008d94 <vTaskSwitchContext+0x25c>)
10008b40:	b083      	sub	sp, #12
10008b42:	e8d6 3fcf 	ldaexb	r3, [r6]
10008b46:	2201      	movs	r2, #1
10008b48:	2b00      	cmp	r3, #0
10008b4a:	d101      	bne.n	10008b50 <vTaskSwitchContext+0x18>
10008b4c:	e8c6 2f43 	strexb	r3, r2, [r6]
10008b50:	f3bf 8f5f 	dmb	sy
10008b54:	4f90      	ldr	r7, [pc, #576]	@ (10008d98 <vTaskSwitchContext+0x260>)
10008b56:	ea4f 0940 	mov.w	r9, r0, lsl #1
10008b5a:	b1bb      	cbz	r3, 10008b8c <vTaskSwitchContext+0x54>
10008b5c:	eb07 0340 	add.w	r3, r7, r0, lsl #1
10008b60:	785b      	ldrb	r3, [r3, #1]
10008b62:	b143      	cbz	r3, 10008b76 <vTaskSwitchContext+0x3e>
10008b64:	4d8d      	ldr	r5, [pc, #564]	@ (10008d9c <vTaskSwitchContext+0x264>)
10008b66:	786b      	ldrb	r3, [r5, #1]
10008b68:	2bff      	cmp	r3, #255	@ 0xff
10008b6a:	d07e      	beq.n	10008c6a <vTaskSwitchContext+0x132>
10008b6c:	786b      	ldrb	r3, [r5, #1]
10008b6e:	3301      	adds	r3, #1
10008b70:	b2db      	uxtb	r3, r3
10008b72:	706b      	strb	r3, [r5, #1]
10008b74:	e013      	b.n	10008b9e <vTaskSwitchContext+0x66>
10008b76:	e8d6 2fcf 	ldaexb	r2, [r6]
10008b7a:	2301      	movs	r3, #1
10008b7c:	2a00      	cmp	r2, #0
10008b7e:	d1fa      	bne.n	10008b76 <vTaskSwitchContext+0x3e>
10008b80:	e8c6 3f42 	strexb	r2, r3, [r6]
10008b84:	2a00      	cmp	r2, #0
10008b86:	d1f6      	bne.n	10008b76 <vTaskSwitchContext+0x3e>
10008b88:	f3bf 8f5f 	dmb	sy
10008b8c:	4d83      	ldr	r5, [pc, #524]	@ (10008d9c <vTaskSwitchContext+0x264>)
10008b8e:	786b      	ldrb	r3, [r5, #1]
10008b90:	2b00      	cmp	r3, #0
10008b92:	d164      	bne.n	10008c5e <vTaskSwitchContext+0x126>
10008b94:	2201      	movs	r2, #1
10008b96:	eb07 0309 	add.w	r3, r7, r9
10008b9a:	706a      	strb	r2, [r5, #1]
10008b9c:	705a      	strb	r2, [r3, #1]
10008b9e:	4a80      	ldr	r2, [pc, #512]	@ (10008da0 <vTaskSwitchContext+0x268>)
10008ba0:	e8d2 3fcf 	ldaexb	r3, [r2]
10008ba4:	2101      	movs	r1, #1
10008ba6:	2b00      	cmp	r3, #0
10008ba8:	d101      	bne.n	10008bae <vTaskSwitchContext+0x76>
10008baa:	e8c2 1f43 	strexb	r3, r1, [r2]
10008bae:	f3bf 8f5f 	dmb	sy
10008bb2:	b1e3      	cbz	r3, 10008bee <vTaskSwitchContext+0xb6>
10008bb4:	f817 3014 	ldrb.w	r3, [r7, r4, lsl #1]
10008bb8:	b173      	cbz	r3, 10008bd8 <vTaskSwitchContext+0xa0>
10008bba:	782b      	ldrb	r3, [r5, #0]
10008bbc:	2bff      	cmp	r3, #255	@ 0xff
10008bbe:	f000 80ca 	beq.w	10008d56 <vTaskSwitchContext+0x21e>
10008bc2:	782b      	ldrb	r3, [r5, #0]
10008bc4:	3301      	adds	r3, #1
10008bc6:	b2db      	uxtb	r3, r3
10008bc8:	702b      	strb	r3, [r5, #0]
10008bca:	4b76      	ldr	r3, [pc, #472]	@ (10008da4 <vTaskSwitchContext+0x26c>)
10008bcc:	f853 3024 	ldr.w	r3, [r3, r4, lsl #2]
10008bd0:	b1cb      	cbz	r3, 10008c06 <vTaskSwitchContext+0xce>
10008bd2:	f7fe fba1 	bl	10007318 <ulSetInterruptMask>
10008bd6:	e7fe      	b.n	10008bd6 <vTaskSwitchContext+0x9e>
10008bd8:	e8d2 1fcf 	ldaexb	r1, [r2]
10008bdc:	2301      	movs	r3, #1
10008bde:	2900      	cmp	r1, #0
10008be0:	d1fa      	bne.n	10008bd8 <vTaskSwitchContext+0xa0>
10008be2:	e8c2 3f41 	strexb	r1, r3, [r2]
10008be6:	2900      	cmp	r1, #0
10008be8:	d1f6      	bne.n	10008bd8 <vTaskSwitchContext+0xa0>
10008bea:	f3bf 8f5f 	dmb	sy
10008bee:	782b      	ldrb	r3, [r5, #0]
10008bf0:	2b00      	cmp	r3, #0
10008bf2:	d137      	bne.n	10008c64 <vTaskSwitchContext+0x12c>
10008bf4:	2301      	movs	r3, #1
10008bf6:	702b      	strb	r3, [r5, #0]
10008bf8:	f807 3014 	strb.w	r3, [r7, r4, lsl #1]
10008bfc:	4b69      	ldr	r3, [pc, #420]	@ (10008da4 <vTaskSwitchContext+0x26c>)
10008bfe:	f853 3024 	ldr.w	r3, [r3, r4, lsl #2]
10008c02:	2b00      	cmp	r3, #0
10008c04:	d1e5      	bne.n	10008bd2 <vTaskSwitchContext+0x9a>
10008c06:	4b68      	ldr	r3, [pc, #416]	@ (10008da8 <vTaskSwitchContext+0x270>)
10008c08:	681b      	ldr	r3, [r3, #0]
10008c0a:	2b00      	cmp	r3, #0
10008c0c:	d033      	beq.n	10008c76 <vTaskSwitchContext+0x13e>
10008c0e:	2101      	movs	r1, #1
10008c10:	4b66      	ldr	r3, [pc, #408]	@ (10008dac <vTaskSwitchContext+0x274>)
10008c12:	f843 1024 	str.w	r1, [r3, r4, lsl #2]
10008c16:	f817 3014 	ldrb.w	r3, [r7, r4, lsl #1]
10008c1a:	b34b      	cbz	r3, 10008c70 <vTaskSwitchContext+0x138>
10008c1c:	782b      	ldrb	r3, [r5, #0]
10008c1e:	2b00      	cmp	r3, #0
10008c20:	f000 809c 	beq.w	10008d5c <vTaskSwitchContext+0x224>
10008c24:	782b      	ldrb	r3, [r5, #0]
10008c26:	3b01      	subs	r3, #1
10008c28:	b2db      	uxtb	r3, r3
10008c2a:	702b      	strb	r3, [r5, #0]
10008c2c:	b91b      	cbnz	r3, 10008c36 <vTaskSwitchContext+0xfe>
10008c2e:	f807 3014 	strb.w	r3, [r7, r4, lsl #1]
10008c32:	e8c2 3f8f 	stlb	r3, [r2]
10008c36:	444f      	add	r7, r9
10008c38:	787b      	ldrb	r3, [r7, #1]
10008c3a:	2b00      	cmp	r3, #0
10008c3c:	f000 80d7 	beq.w	10008dee <vTaskSwitchContext+0x2b6>
10008c40:	786b      	ldrb	r3, [r5, #1]
10008c42:	2b00      	cmp	r3, #0
10008c44:	f000 808d 	beq.w	10008d62 <vTaskSwitchContext+0x22a>
10008c48:	786b      	ldrb	r3, [r5, #1]
10008c4a:	3b01      	subs	r3, #1
10008c4c:	b2db      	uxtb	r3, r3
10008c4e:	706b      	strb	r3, [r5, #1]
10008c50:	b913      	cbnz	r3, 10008c58 <vTaskSwitchContext+0x120>
10008c52:	707b      	strb	r3, [r7, #1]
10008c54:	e8c6 3f8f 	stlb	r3, [r6]
10008c58:	b003      	add	sp, #12
10008c5a:	e8bd 8ff0 	ldmia.w	sp!, {r4, r5, r6, r7, r8, r9, sl, fp, pc}
10008c5e:	f7fe fb5b 	bl	10007318 <ulSetInterruptMask>
10008c62:	e7fe      	b.n	10008c62 <vTaskSwitchContext+0x12a>
10008c64:	f7fe fb58 	bl	10007318 <ulSetInterruptMask>
10008c68:	e7fe      	b.n	10008c68 <vTaskSwitchContext+0x130>
10008c6a:	f7fe fb55 	bl	10007318 <ulSetInterruptMask>
10008c6e:	e7fe      	b.n	10008c6e <vTaskSwitchContext+0x136>
10008c70:	f7fe fb52 	bl	10007318 <ulSetInterruptMask>
10008c74:	e7fe      	b.n	10008c74 <vTaskSwitchContext+0x13c>
10008c76:	494d      	ldr	r1, [pc, #308]	@ (10008dac <vTaskSwitchContext+0x274>)
10008c78:	f841 3024 	str.w	r3, [r1, r4, lsl #2]
10008c7c:	4b4c      	ldr	r3, [pc, #304]	@ (10008db0 <vTaskSwitchContext+0x278>)
10008c7e:	494d      	ldr	r1, [pc, #308]	@ (10008db4 <vTaskSwitchContext+0x27c>)
10008c80:	f8d1 a000 	ldr.w	sl, [r1]
10008c84:	681b      	ldr	r3, [r3, #0]
10008c86:	2b01      	cmp	r3, #1
10008c88:	f040 80ae 	bne.w	10008de8 <vTaskSwitchContext+0x2b0>
10008c8c:	f8df 812c 	ldr.w	r8, [pc, #300]	@ 10008dbc <vTaskSwitchContext+0x284>
10008c90:	4849      	ldr	r0, [pc, #292]	@ (10008db8 <vTaskSwitchContext+0x280>)
10008c92:	f858 1024 	ldr.w	r1, [r8, r4, lsl #2]
10008c96:	f8d1 c018 	ldr.w	ip, [r1, #24]
10008c9a:	f858 1024 	ldr.w	r1, [r8, r4, lsl #2]
10008c9e:	6b09      	ldr	r1, [r1, #48]	@ 0x30
10008ca0:	eb01 0181 	add.w	r1, r1, r1, lsl #2
10008ca4:	eb00 0181 	add.w	r1, r0, r1, lsl #2
10008ca8:	458c      	cmp	ip, r1
10008caa:	d05d      	beq.n	10008d68 <vTaskSwitchContext+0x230>
10008cac:	f04f 0c01 	mov.w	ip, #1
10008cb0:	9301      	str	r3, [sp, #4]
10008cb2:	462b      	mov	r3, r5
10008cb4:	4940      	ldr	r1, [pc, #256]	@ (10008db8 <vTaskSwitchContext+0x280>)
10008cb6:	eb0a 008a 	add.w	r0, sl, sl, lsl #2
10008cba:	eb01 0080 	add.w	r0, r1, r0, lsl #2
10008cbe:	4655      	mov	r5, sl
10008cc0:	4661      	mov	r1, ip
10008cc2:	46be      	mov	lr, r7
10008cc4:	469a      	mov	sl, r3
10008cc6:	3008      	adds	r0, #8
10008cc8:	fa0c fc04 	lsl.w	ip, ip, r4
10008ccc:	e009      	b.n	10008ce2 <vTaskSwitchContext+0x1aa>
10008cce:	b119      	cbz	r1, 10008cd8 <vTaskSwitchContext+0x1a0>
10008cd0:	4f38      	ldr	r7, [pc, #224]	@ (10008db4 <vTaskSwitchContext+0x27c>)
10008cd2:	683b      	ldr	r3, [r7, #0]
10008cd4:	3b01      	subs	r3, #1
10008cd6:	603b      	str	r3, [r7, #0]
10008cd8:	3814      	subs	r0, #20
10008cda:	2d00      	cmp	r5, #0
10008cdc:	f000 808a 	beq.w	10008df4 <vTaskSwitchContext+0x2bc>
10008ce0:	3d01      	subs	r5, #1
10008ce2:	f850 3c08 	ldr.w	r3, [r0, #-8]
10008ce6:	2b00      	cmp	r3, #0
10008ce8:	d0f1      	beq.n	10008cce <vTaskSwitchContext+0x196>
10008cea:	6843      	ldr	r3, [r0, #4]
10008cec:	4283      	cmp	r3, r0
10008cee:	f000 8087 	beq.w	10008e00 <vTaskSwitchContext+0x2c8>
10008cf2:	46ab      	mov	fp, r5
10008cf4:	e006      	b.n	10008d04 <vTaskSwitchContext+0x1cc>
10008cf6:	f858 1024 	ldr.w	r1, [r8, r4, lsl #2]
10008cfa:	428f      	cmp	r7, r1
10008cfc:	d060      	beq.n	10008dc0 <vTaskSwitchContext+0x288>
10008cfe:	685b      	ldr	r3, [r3, #4]
10008d00:	4283      	cmp	r3, r0
10008d02:	d06e      	beq.n	10008de2 <vTaskSwitchContext+0x2aa>
10008d04:	68df      	ldr	r7, [r3, #12]
10008d06:	6bb9      	ldr	r1, [r7, #56]	@ 0x38
10008d08:	1c4d      	adds	r5, r1, #1
10008d0a:	d1f4      	bne.n	10008cf6 <vTaskSwitchContext+0x1be>
10008d0c:	687d      	ldr	r5, [r7, #4]
10008d0e:	ea1c 0f05 	tst.w	ip, r5
10008d12:	d0f4      	beq.n	10008cfe <vTaskSwitchContext+0x1c6>
10008d14:	468b      	mov	fp, r1
10008d16:	4671      	mov	r1, lr
10008d18:	46be      	mov	lr, r7
10008d1a:	460f      	mov	r7, r1
10008d1c:	f858 1024 	ldr.w	r1, [r8, r4, lsl #2]
10008d20:	4655      	mov	r5, sl
10008d22:	f8c1 b038 	str.w	fp, [r1, #56]	@ 0x38
10008d26:	f858 1024 	ldr.w	r1, [r8, r4, lsl #2]
10008d2a:	9b01      	ldr	r3, [sp, #4]
10008d2c:	f8ce 4038 	str.w	r4, [lr, #56]	@ 0x38
10008d30:	f848 e024 	str.w	lr, [r8, r4, lsl #2]
10008d34:	b149      	cbz	r1, 10008d4a <vTaskSwitchContext+0x212>
10008d36:	f8d1 c030 	ldr.w	ip, [r1, #48]	@ 0x30
10008d3a:	481f      	ldr	r0, [pc, #124]	@ (10008db8 <vTaskSwitchContext+0x280>)
10008d3c:	eb0c 0e8c 	add.w	lr, ip, ip, lsl #2
10008d40:	eb00 0e8e 	add.w	lr, r0, lr, lsl #2
10008d44:	6988      	ldr	r0, [r1, #24]
10008d46:	4570      	cmp	r0, lr
10008d48:	d05c      	beq.n	10008e04 <vTaskSwitchContext+0x2cc>
10008d4a:	f04f 4350 	mov.w	r3, #3489660928	@ 0xd0000000
10008d4e:	681b      	ldr	r3, [r3, #0]
10008d50:	f858 3023 	ldr.w	r3, [r8, r3, lsl #2]
10008d54:	e75f      	b.n	10008c16 <vTaskSwitchContext+0xde>
10008d56:	f7fe fadf 	bl	10007318 <ulSetInterruptMask>
10008d5a:	e7fe      	b.n	10008d5a <vTaskSwitchContext+0x222>
10008d5c:	f7fe fadc 	bl	10007318 <ulSetInterruptMask>
10008d60:	e7fe      	b.n	10008d60 <vTaskSwitchContext+0x228>
10008d62:	f7fe fad9 	bl	10007318 <ulSetInterruptMask>
10008d66:	e7fe      	b.n	10008d66 <vTaskSwitchContext+0x22e>
10008d68:	f858 0024 	ldr.w	r0, [r8, r4, lsl #2]
10008d6c:	9301      	str	r3, [sp, #4]
10008d6e:	3008      	adds	r0, #8
10008d70:	f7fe fc86 	bl	10007680 <uxListRemove>
10008d74:	f858 1024 	ldr.w	r1, [r8, r4, lsl #2]
10008d78:	4b0f      	ldr	r3, [pc, #60]	@ (10008db8 <vTaskSwitchContext+0x280>)
10008d7a:	6b08      	ldr	r0, [r1, #48]	@ 0x30
10008d7c:	f858 1024 	ldr.w	r1, [r8, r4, lsl #2]
10008d80:	eb00 0080 	add.w	r0, r0, r0, lsl #2
10008d84:	eb03 0080 	add.w	r0, r3, r0, lsl #2
10008d88:	3108      	adds	r1, #8
10008d8a:	f7fe fc53 	bl	10007634 <vListInsertEnd>
10008d8e:	4a04      	ldr	r2, [pc, #16]	@ (10008da0 <vTaskSwitchContext+0x268>)
10008d90:	9b01      	ldr	r3, [sp, #4]
10008d92:	e78b      	b.n	10008cac <vTaskSwitchContext+0x174>
10008d94:	20001b05 	.word	0x20001b05
10008d98:	20012454 	.word	0x20012454
10008d9c:	20012458 	.word	0x20012458
10008da0:	20001b04 	.word	0x20001b04
10008da4:	2001245c 	.word	0x2001245c
10008da8:	20012484 	.word	0x20012484
10008dac:	20012568 	.word	0x20012568
10008db0:	20012528 	.word	0x20012528
10008db4:	2001248c 	.word	0x2001248c
10008db8:	200023d4 	.word	0x200023d4
10008dbc:	200023b8 	.word	0x200023b8
10008dc0:	6bb9      	ldr	r1, [r7, #56]	@ 0x38
10008dc2:	428c      	cmp	r4, r1
10008dc4:	d002      	beq.n	10008dcc <vTaskSwitchContext+0x294>
10008dc6:	6bb9      	ldr	r1, [r7, #56]	@ 0x38
10008dc8:	3102      	adds	r1, #2
10008dca:	d116      	bne.n	10008dfa <vTaskSwitchContext+0x2c2>
10008dcc:	6879      	ldr	r1, [r7, #4]
10008dce:	ea1c 0f01 	tst.w	ip, r1
10008dd2:	d094      	beq.n	10008cfe <vTaskSwitchContext+0x1c6>
10008dd4:	4673      	mov	r3, lr
10008dd6:	46be      	mov	lr, r7
10008dd8:	4655      	mov	r5, sl
10008dda:	461f      	mov	r7, r3
10008ddc:	f8ce 4038 	str.w	r4, [lr, #56]	@ 0x38
10008de0:	e7b3      	b.n	10008d4a <vTaskSwitchContext+0x212>
10008de2:	465d      	mov	r5, fp
10008de4:	2100      	movs	r1, #0
10008de6:	e777      	b.n	10008cd8 <vTaskSwitchContext+0x1a0>
10008de8:	f7fe fa96 	bl	10007318 <ulSetInterruptMask>
10008dec:	e7fe      	b.n	10008dec <vTaskSwitchContext+0x2b4>
10008dee:	f7fe fa93 	bl	10007318 <ulSetInterruptMask>
10008df2:	e7fe      	b.n	10008df2 <vTaskSwitchContext+0x2ba>
10008df4:	4655      	mov	r5, sl
10008df6:	4677      	mov	r7, lr
10008df8:	e7a7      	b.n	10008d4a <vTaskSwitchContext+0x212>
10008dfa:	f7fe fa8d 	bl	10007318 <ulSetInterruptMask>
10008dfe:	e7fe      	b.n	10008dfe <vTaskSwitchContext+0x2c6>
10008e00:	2100      	movs	r1, #0
10008e02:	e769      	b.n	10008cd8 <vTaskSwitchContext+0x1a0>
10008e04:	f8d1 e03c 	ldr.w	lr, [r1, #60]	@ 0x3c
10008e08:	6849      	ldr	r1, [r1, #4]
10008e0a:	f01e 0f01 	tst.w	lr, #1
10008e0e:	4660      	mov	r0, ip
10008e10:	bf18      	it	ne
10008e12:	f10c 30ff 	addne.w	r0, ip, #4294967295	@ 0xffffffff
10008e16:	fa21 fc04 	lsr.w	ip, r1, r4
10008e1a:	f01c 0f01 	tst.w	ip, #1
10008e1e:	d005      	beq.n	10008e2c <vTaskSwitchContext+0x2f4>
10008e20:	f858 c024 	ldr.w	ip, [r8, r4, lsl #2]
10008e24:	f8dc c004 	ldr.w	ip, [ip, #4]
10008e28:	ea21 010c 	bic.w	r1, r1, ip
10008e2c:	f011 0f02 	tst.w	r1, #2
10008e30:	f001 0c03 	and.w	ip, r1, #3
10008e34:	d023      	beq.n	10008e7e <vTaskSwitchContext+0x346>
10008e36:	f8d8 c004 	ldr.w	ip, [r8, #4]
10008e3a:	f8d8 e004 	ldr.w	lr, [r8, #4]
10008e3e:	f8dc c030 	ldr.w	ip, [ip, #48]	@ 0x30
10008e42:	f8de e03c 	ldr.w	lr, [lr, #60]	@ 0x3c
10008e46:	f01e 0f01 	tst.w	lr, #1
10008e4a:	d001      	beq.n	10008e50 <vTaskSwitchContext+0x318>
10008e4c:	f10c 3cff 	add.w	ip, ip, #4294967295	@ 0xffffffff
10008e50:	4584      	cmp	ip, r0
10008e52:	f001 0a01 	and.w	sl, r1, #1
10008e56:	da0d      	bge.n	10008e74 <vTaskSwitchContext+0x33c>
10008e58:	f8d8 e004 	ldr.w	lr, [r8, #4]
10008e5c:	f8de e038 	ldr.w	lr, [lr, #56]	@ 0x38
10008e60:	f1be 0f00 	cmp.w	lr, #0
10008e64:	db06      	blt.n	10008e74 <vTaskSwitchContext+0x33c>
10008e66:	f8d8 e004 	ldr.w	lr, [r8, #4]
10008e6a:	f8de e038 	ldr.w	lr, [lr, #56]	@ 0x38
10008e6e:	f1be 0f01 	cmp.w	lr, #1
10008e72:	dd49      	ble.n	10008f08 <vTaskSwitchContext+0x3d0>
10008e74:	f1ba 0f00 	cmp.w	sl, #0
10008e78:	f43f af67 	beq.w	10008d4a <vTaskSwitchContext+0x212>
10008e7c:	e003      	b.n	10008e86 <vTaskSwitchContext+0x34e>
10008e7e:	f1bc 0f00 	cmp.w	ip, #0
10008e82:	f43f af62 	beq.w	10008d4a <vTaskSwitchContext+0x212>
10008e86:	f8d8 1000 	ldr.w	r1, [r8]
10008e8a:	f8d8 c000 	ldr.w	ip, [r8]
10008e8e:	6b09      	ldr	r1, [r1, #48]	@ 0x30
10008e90:	f8dc c03c 	ldr.w	ip, [ip, #60]	@ 0x3c
10008e94:	f01c 0f01 	tst.w	ip, #1
10008e98:	bf18      	it	ne
10008e9a:	f101 31ff 	addne.w	r1, r1, #4294967295	@ 0xffffffff
10008e9e:	4288      	cmp	r0, r1
10008ea0:	dd09      	ble.n	10008eb6 <vTaskSwitchContext+0x37e>
10008ea2:	f8d8 1000 	ldr.w	r1, [r8]
10008ea6:	6b89      	ldr	r1, [r1, #56]	@ 0x38
10008ea8:	2900      	cmp	r1, #0
10008eaa:	db04      	blt.n	10008eb6 <vTaskSwitchContext+0x37e>
10008eac:	f8d8 1000 	ldr.w	r1, [r8]
10008eb0:	6b89      	ldr	r1, [r1, #56]	@ 0x38
10008eb2:	2901      	cmp	r1, #1
10008eb4:	dd1a      	ble.n	10008eec <vTaskSwitchContext+0x3b4>
10008eb6:	f04f 4150 	mov.w	r1, #3489660928	@ 0xd0000000
10008eba:	f1bb 3fff 	cmp.w	fp, #4294967295	@ 0xffffffff
10008ebe:	6809      	ldr	r1, [r1, #0]
10008ec0:	f43f af43 	beq.w	10008d4a <vTaskSwitchContext+0x212>
10008ec4:	4299      	cmp	r1, r3
10008ec6:	d01a      	beq.n	10008efe <vTaskSwitchContext+0x3c6>
10008ec8:	f858 1023 	ldr.w	r1, [r8, r3, lsl #2]
10008ecc:	6b89      	ldr	r1, [r1, #56]	@ 0x38
10008ece:	3102      	adds	r1, #2
10008ed0:	f43f af3b 	beq.w	10008d4a <vTaskSwitchContext+0x212>
10008ed4:	4618      	mov	r0, r3
10008ed6:	9301      	str	r3, [sp, #4]
10008ed8:	f7fe f9e0 	bl	1000729c <vYieldCore>
10008edc:	f06f 0101 	mvn.w	r1, #1
10008ee0:	9b01      	ldr	r3, [sp, #4]
10008ee2:	4a10      	ldr	r2, [pc, #64]	@ (10008f24 <vTaskSwitchContext+0x3ec>)
10008ee4:	f858 3023 	ldr.w	r3, [r8, r3, lsl #2]
10008ee8:	6399      	str	r1, [r3, #56]	@ 0x38
10008eea:	e72e      	b.n	10008d4a <vTaskSwitchContext+0x212>
10008eec:	490e      	ldr	r1, [pc, #56]	@ (10008f28 <vTaskSwitchContext+0x3f0>)
10008eee:	6809      	ldr	r1, [r1, #0]
10008ef0:	2900      	cmp	r1, #0
10008ef2:	d1e0      	bne.n	10008eb6 <vTaskSwitchContext+0x37e>
10008ef4:	460b      	mov	r3, r1
10008ef6:	f04f 4150 	mov.w	r1, #3489660928	@ 0xd0000000
10008efa:	6809      	ldr	r1, [r1, #0]
10008efc:	e7e2      	b.n	10008ec4 <vTaskSwitchContext+0x38c>
10008efe:	2301      	movs	r3, #1
10008f00:	4809      	ldr	r0, [pc, #36]	@ (10008f28 <vTaskSwitchContext+0x3f0>)
10008f02:	f840 3021 	str.w	r3, [r0, r1, lsl #2]
10008f06:	e720      	b.n	10008d4a <vTaskSwitchContext+0x212>
10008f08:	4907      	ldr	r1, [pc, #28]	@ (10008f28 <vTaskSwitchContext+0x3f0>)
10008f0a:	f8d1 e004 	ldr.w	lr, [r1, #4]
10008f0e:	f1be 0f00 	cmp.w	lr, #0
10008f12:	d1af      	bne.n	10008e74 <vTaskSwitchContext+0x33c>
10008f14:	f1ba 0f00 	cmp.w	sl, #0
10008f18:	d0ed      	beq.n	10008ef6 <vTaskSwitchContext+0x3be>
10008f1a:	4660      	mov	r0, ip
10008f1c:	f04f 0b01 	mov.w	fp, #1
10008f20:	e7b1      	b.n	10008e86 <vTaskSwitchContext+0x34e>
10008f22:	bf00      	nop
10008f24:	20001b04 	.word	0x20001b04
10008f28:	20012568 	.word	0x20012568

10008f2c <vTaskPlaceOnEventList>:
10008f2c:	b570      	push	{r4, r5, r6, lr}
10008f2e:	b1b0      	cbz	r0, 10008f5e <vTaskPlaceOnEventList+0x32>
10008f30:	460d      	mov	r5, r1
10008f32:	4604      	mov	r4, r0
10008f34:	f7fe f9f0 	bl	10007318 <ulSetInterruptMask>
10008f38:	f04f 4250 	mov.w	r2, #3489660928	@ 0xd0000000
10008f3c:	4b09      	ldr	r3, [pc, #36]	@ (10008f64 <vTaskPlaceOnEventList+0x38>)
10008f3e:	6812      	ldr	r2, [r2, #0]
10008f40:	f853 6022 	ldr.w	r6, [r3, r2, lsl #2]
10008f44:	f7fe f9f4 	bl	10007330 <vClearInterruptMask>
10008f48:	4620      	mov	r0, r4
10008f4a:	f106 011c 	add.w	r1, r6, #28
10008f4e:	f7fe fb7f 	bl	10007650 <vListInsert>
10008f52:	4628      	mov	r0, r5
10008f54:	e8bd 4070 	ldmia.w	sp!, {r4, r5, r6, lr}
10008f58:	2101      	movs	r1, #1
10008f5a:	f7ff bc8b 	b.w	10008874 <prvAddCurrentTaskToDelayedList>
10008f5e:	f7fe f9db 	bl	10007318 <ulSetInterruptMask>
10008f62:	e7fe      	b.n	10008f62 <vTaskPlaceOnEventList+0x36>
10008f64:	200023b8 	.word	0x200023b8

10008f68 <vTaskPlaceOnUnorderedEventList>:
10008f68:	e92d 43f8 	stmdb	sp!, {r3, r4, r5, r6, r7, r8, r9, lr}
10008f6c:	2800      	cmp	r0, #0
10008f6e:	d050      	beq.n	10009012 <vTaskPlaceOnUnorderedEventList+0xaa>
10008f70:	4b29      	ldr	r3, [pc, #164]	@ (10009018 <vTaskPlaceOnUnorderedEventList+0xb0>)
10008f72:	681b      	ldr	r3, [r3, #0]
10008f74:	b913      	cbnz	r3, 10008f7c <vTaskPlaceOnUnorderedEventList+0x14>
10008f76:	f7fe f9cf 	bl	10007318 <ulSetInterruptMask>
10008f7a:	e7fe      	b.n	10008f7a <vTaskPlaceOnUnorderedEventList+0x12>
10008f7c:	f04f 4750 	mov.w	r7, #3489660928	@ 0xd0000000
10008f80:	460d      	mov	r5, r1
10008f82:	4604      	mov	r4, r0
10008f84:	4690      	mov	r8, r2
10008f86:	4e25      	ldr	r6, [pc, #148]	@ (1000901c <vTaskPlaceOnUnorderedEventList+0xb4>)
10008f88:	f7fe f9c6 	bl	10007318 <ulSetInterruptMask>
10008f8c:	683b      	ldr	r3, [r7, #0]
10008f8e:	f045 4500 	orr.w	r5, r5, #2147483648	@ 0x80000000
10008f92:	f856 9023 	ldr.w	r9, [r6, r3, lsl #2]
10008f96:	f7fe f9cb 	bl	10007330 <vClearInterruptMask>
10008f9a:	f8c9 501c 	str.w	r5, [r9, #28]
10008f9e:	6865      	ldr	r5, [r4, #4]
10008fa0:	f7fe f9ba 	bl	10007318 <ulSetInterruptMask>
10008fa4:	683b      	ldr	r3, [r7, #0]
10008fa6:	f856 9023 	ldr.w	r9, [r6, r3, lsl #2]
10008faa:	f7fe f9c1 	bl	10007330 <vClearInterruptMask>
10008fae:	f8c9 5020 	str.w	r5, [r9, #32]
10008fb2:	f7fe f9b1 	bl	10007318 <ulSetInterruptMask>
10008fb6:	683b      	ldr	r3, [r7, #0]
10008fb8:	f856 9023 	ldr.w	r9, [r6, r3, lsl #2]
10008fbc:	f7fe f9b8 	bl	10007330 <vClearInterruptMask>
10008fc0:	68ab      	ldr	r3, [r5, #8]
10008fc2:	f8c9 3024 	str.w	r3, [r9, #36]	@ 0x24
10008fc6:	f7fe f9a7 	bl	10007318 <ulSetInterruptMask>
10008fca:	683b      	ldr	r3, [r7, #0]
10008fcc:	f856 9023 	ldr.w	r9, [r6, r3, lsl #2]
10008fd0:	f7fe f9ae 	bl	10007330 <vClearInterruptMask>
10008fd4:	68aa      	ldr	r2, [r5, #8]
10008fd6:	f109 031c 	add.w	r3, r9, #28
10008fda:	6053      	str	r3, [r2, #4]
10008fdc:	f7fe f99c 	bl	10007318 <ulSetInterruptMask>
10008fe0:	683b      	ldr	r3, [r7, #0]
10008fe2:	f856 9023 	ldr.w	r9, [r6, r3, lsl #2]
10008fe6:	f7fe f9a3 	bl	10007330 <vClearInterruptMask>
10008fea:	f109 031c 	add.w	r3, r9, #28
10008fee:	60ab      	str	r3, [r5, #8]
10008ff0:	f7fe f992 	bl	10007318 <ulSetInterruptMask>
10008ff4:	683b      	ldr	r3, [r7, #0]
10008ff6:	f856 5023 	ldr.w	r5, [r6, r3, lsl #2]
10008ffa:	f7fe f999 	bl	10007330 <vClearInterruptMask>
10008ffe:	2101      	movs	r1, #1
10009000:	6823      	ldr	r3, [r4, #0]
10009002:	4640      	mov	r0, r8
10009004:	440b      	add	r3, r1
10009006:	62ec      	str	r4, [r5, #44]	@ 0x2c
10009008:	6023      	str	r3, [r4, #0]
1000900a:	e8bd 43f8 	ldmia.w	sp!, {r3, r4, r5, r6, r7, r8, r9, lr}
1000900e:	f7ff bc31 	b.w	10008874 <prvAddCurrentTaskToDelayedList>
10009012:	f7fe f981 	bl	10007318 <ulSetInterruptMask>
10009016:	e7fe      	b.n	10009016 <vTaskPlaceOnUnorderedEventList+0xae>
10009018:	20012484 	.word	0x20012484
1000901c:	200023b8 	.word	0x200023b8

10009020 <vTaskPlaceOnEventListRestricted>:
10009020:	e92d 47f0 	stmdb	sp!, {r4, r5, r6, r7, r8, r9, sl, lr}
10009024:	2800      	cmp	r0, #0
10009026:	d049      	beq.n	100090bc <vTaskPlaceOnEventListRestricted+0x9c>
10009028:	f04f 4750 	mov.w	r7, #3489660928	@ 0xd0000000
1000902c:	4604      	mov	r4, r0
1000902e:	4615      	mov	r5, r2
10009030:	4688      	mov	r8, r1
10009032:	f8d0 9004 	ldr.w	r9, [r0, #4]
10009036:	4e23      	ldr	r6, [pc, #140]	@ (100090c4 <vTaskPlaceOnEventListRestricted+0xa4>)
10009038:	f7fe f96e 	bl	10007318 <ulSetInterruptMask>
1000903c:	683b      	ldr	r3, [r7, #0]
1000903e:	f856 a023 	ldr.w	sl, [r6, r3, lsl #2]
10009042:	f7fe f975 	bl	10007330 <vClearInterruptMask>
10009046:	f8ca 9020 	str.w	r9, [sl, #32]
1000904a:	f7fe f965 	bl	10007318 <ulSetInterruptMask>
1000904e:	683b      	ldr	r3, [r7, #0]
10009050:	f856 a023 	ldr.w	sl, [r6, r3, lsl #2]
10009054:	f7fe f96c 	bl	10007330 <vClearInterruptMask>
10009058:	f8d9 3008 	ldr.w	r3, [r9, #8]
1000905c:	f8ca 3024 	str.w	r3, [sl, #36]	@ 0x24
10009060:	f7fe f95a 	bl	10007318 <ulSetInterruptMask>
10009064:	683b      	ldr	r3, [r7, #0]
10009066:	f856 a023 	ldr.w	sl, [r6, r3, lsl #2]
1000906a:	f7fe f961 	bl	10007330 <vClearInterruptMask>
1000906e:	f8d9 2008 	ldr.w	r2, [r9, #8]
10009072:	f10a 031c 	add.w	r3, sl, #28
10009076:	6053      	str	r3, [r2, #4]
10009078:	f7fe f94e 	bl	10007318 <ulSetInterruptMask>
1000907c:	683b      	ldr	r3, [r7, #0]
1000907e:	f856 a023 	ldr.w	sl, [r6, r3, lsl #2]
10009082:	f7fe f955 	bl	10007330 <vClearInterruptMask>
10009086:	f10a 031c 	add.w	r3, sl, #28
1000908a:	f8c9 3008 	str.w	r3, [r9, #8]
1000908e:	f7fe f943 	bl	10007318 <ulSetInterruptMask>
10009092:	683b      	ldr	r3, [r7, #0]
10009094:	f856 6023 	ldr.w	r6, [r6, r3, lsl #2]
10009098:	f7fe f94a 	bl	10007330 <vClearInterruptMask>
1000909c:	6823      	ldr	r3, [r4, #0]
1000909e:	2d00      	cmp	r5, #0
100090a0:	f103 0301 	add.w	r3, r3, #1
100090a4:	62f4      	str	r4, [r6, #44]	@ 0x2c
100090a6:	4629      	mov	r1, r5
100090a8:	bf08      	it	eq
100090aa:	4640      	moveq	r0, r8
100090ac:	6023      	str	r3, [r4, #0]
100090ae:	bf18      	it	ne
100090b0:	f04f 30ff 	movne.w	r0, #4294967295	@ 0xffffffff
100090b4:	e8bd 47f0 	ldmia.w	sp!, {r4, r5, r6, r7, r8, r9, sl, lr}
100090b8:	f7ff bbdc 	b.w	10008874 <prvAddCurrentTaskToDelayedList>
100090bc:	f7fe f92c 	bl	10007318 <ulSetInterruptMask>
100090c0:	e7fe      	b.n	100090c0 <vTaskPlaceOnEventListRestricted+0xa0>
100090c2:	bf00      	nop
100090c4:	200023b8 	.word	0x200023b8

100090c8 <xTaskRemoveFromEventList>:
100090c8:	68c3      	ldr	r3, [r0, #12]
100090ca:	b570      	push	{r4, r5, r6, lr}
100090cc:	68d8      	ldr	r0, [r3, #12]
100090ce:	2800      	cmp	r0, #0
100090d0:	d051      	beq.n	10009176 <xTaskRemoveFromEventList+0xae>
100090d2:	e9d0 4208 	ldrd	r4, r2, [r0, #32]
100090d6:	2500      	movs	r5, #0
100090d8:	6ac3      	ldr	r3, [r0, #44]	@ 0x2c
100090da:	60a2      	str	r2, [r4, #8]
100090dc:	6054      	str	r4, [r2, #4]
100090de:	685c      	ldr	r4, [r3, #4]
100090e0:	f100 011c 	add.w	r1, r0, #28
100090e4:	428c      	cmp	r4, r1
100090e6:	4c25      	ldr	r4, [pc, #148]	@ (1000917c <xTaskRemoveFromEventList+0xb4>)
100090e8:	bf08      	it	eq
100090ea:	605a      	streq	r2, [r3, #4]
100090ec:	681a      	ldr	r2, [r3, #0]
100090ee:	6824      	ldr	r4, [r4, #0]
100090f0:	3a01      	subs	r2, #1
100090f2:	62c5      	str	r5, [r0, #44]	@ 0x2c
100090f4:	601a      	str	r2, [r3, #0]
100090f6:	b1b4      	cbz	r4, 10009126 <xTaskRemoveFromEventList+0x5e>
100090f8:	4b21      	ldr	r3, [pc, #132]	@ (10009180 <xTaskRemoveFromEventList+0xb8>)
100090fa:	685c      	ldr	r4, [r3, #4]
100090fc:	68a2      	ldr	r2, [r4, #8]
100090fe:	e9c0 4208 	strd	r4, r2, [r0, #32]
10009102:	6051      	str	r1, [r2, #4]
10009104:	681a      	ldr	r2, [r3, #0]
10009106:	60a1      	str	r1, [r4, #8]
10009108:	3201      	adds	r2, #1
1000910a:	62c3      	str	r3, [r0, #44]	@ 0x2c
1000910c:	601a      	str	r2, [r3, #0]
1000910e:	f7ff f8b3 	bl	10008278 <prvYieldForTask>
10009112:	f04f 4250 	mov.w	r2, #3489660928	@ 0xd0000000
10009116:	4b1b      	ldr	r3, [pc, #108]	@ (10009184 <xTaskRemoveFromEventList+0xbc>)
10009118:	6812      	ldr	r2, [r2, #0]
1000911a:	f853 0022 	ldr.w	r0, [r3, r2, lsl #2]
1000911e:	3800      	subs	r0, #0
10009120:	bf18      	it	ne
10009122:	2001      	movne	r0, #1
10009124:	bd70      	pop	{r4, r5, r6, pc}
10009126:	6983      	ldr	r3, [r0, #24]
10009128:	e9d0 1203 	ldrd	r1, r2, [r0, #12]
1000912c:	608a      	str	r2, [r1, #8]
1000912e:	6051      	str	r1, [r2, #4]
10009130:	6859      	ldr	r1, [r3, #4]
10009132:	f100 0508 	add.w	r5, r0, #8
10009136:	42a9      	cmp	r1, r5
10009138:	bf08      	it	eq
1000913a:	605a      	streq	r2, [r3, #4]
1000913c:	681a      	ldr	r2, [r3, #0]
1000913e:	4912      	ldr	r1, [pc, #72]	@ (10009188 <xTaskRemoveFromEventList+0xc0>)
10009140:	3a01      	subs	r2, #1
10009142:	601a      	str	r2, [r3, #0]
10009144:	6b03      	ldr	r3, [r0, #48]	@ 0x30
10009146:	680a      	ldr	r2, [r1, #0]
10009148:	4293      	cmp	r3, r2
1000914a:	4a10      	ldr	r2, [pc, #64]	@ (1000918c <xTaskRemoveFromEventList+0xc4>)
1000914c:	bf88      	it	hi
1000914e:	600b      	strhi	r3, [r1, #0]
10009150:	eb03 0383 	add.w	r3, r3, r3, lsl #2
10009154:	ea4f 0c83 	mov.w	ip, r3, lsl #2
10009158:	eb02 0383 	add.w	r3, r2, r3, lsl #2
1000915c:	685c      	ldr	r4, [r3, #4]
1000915e:	f852 100c 	ldr.w	r1, [r2, ip]
10009162:	68a6      	ldr	r6, [r4, #8]
10009164:	3101      	adds	r1, #1
10009166:	60c4      	str	r4, [r0, #12]
10009168:	6106      	str	r6, [r0, #16]
1000916a:	6075      	str	r5, [r6, #4]
1000916c:	60a5      	str	r5, [r4, #8]
1000916e:	6183      	str	r3, [r0, #24]
10009170:	f842 100c 	str.w	r1, [r2, ip]
10009174:	e7cb      	b.n	1000910e <xTaskRemoveFromEventList+0x46>
10009176:	f7fe f8cf 	bl	10007318 <ulSetInterruptMask>
1000917a:	e7fe      	b.n	1000917a <xTaskRemoveFromEventList+0xb2>
1000917c:	20012484 	.word	0x20012484
10009180:	20012514 	.word	0x20012514
10009184:	20012568 	.word	0x20012568
10009188:	2001248c 	.word	0x2001248c
1000918c:	200023d4 	.word	0x200023d4

10009190 <vTaskInternalSetTimeOutState>:
10009190:	4a03      	ldr	r2, [pc, #12]	@ (100091a0 <vTaskInternalSetTimeOutState+0x10>)
10009192:	4b04      	ldr	r3, [pc, #16]	@ (100091a4 <vTaskInternalSetTimeOutState+0x14>)
10009194:	6812      	ldr	r2, [r2, #0]
10009196:	681b      	ldr	r3, [r3, #0]
10009198:	e9c0 2300 	strd	r2, r3, [r0]
1000919c:	4770      	bx	lr
1000919e:	bf00      	nop
100091a0:	20012504 	.word	0x20012504
100091a4:	2001255c 	.word	0x2001255c

100091a8 <xTaskCheckForTimeOut>:
100091a8:	b5f8      	push	{r3, r4, r5, r6, r7, lr}
100091aa:	2800      	cmp	r0, #0
100091ac:	f000 8098 	beq.w	100092e0 <xTaskCheckForTimeOut+0x138>
100091b0:	460d      	mov	r5, r1
100091b2:	2900      	cmp	r1, #0
100091b4:	d04e      	beq.n	10009254 <xTaskCheckForTimeOut+0xac>
100091b6:	4604      	mov	r4, r0
100091b8:	f7fe f8ae 	bl	10007318 <ulSetInterruptMask>
100091bc:	f04f 4350 	mov.w	r3, #3489660928	@ 0xd0000000
100091c0:	4e88      	ldr	r6, [pc, #544]	@ (100093e4 <xTaskCheckForTimeOut+0x23c>)
100091c2:	681b      	ldr	r3, [r3, #0]
100091c4:	6832      	ldr	r2, [r6, #0]
100091c6:	b16a      	cbz	r2, 100091e4 <xTaskCheckForTimeOut+0x3c>
100091c8:	4a87      	ldr	r2, [pc, #540]	@ (100093e8 <xTaskCheckForTimeOut+0x240>)
100091ca:	f852 1023 	ldr.w	r1, [r2, r3, lsl #2]
100091ce:	2900      	cmp	r1, #0
100091d0:	d043      	beq.n	1000925a <xTaskCheckForTimeOut+0xb2>
100091d2:	f852 1023 	ldr.w	r1, [r2, r3, lsl #2]
100091d6:	3101      	adds	r1, #1
100091d8:	f842 1023 	str.w	r1, [r2, r3, lsl #2]
100091dc:	f852 3023 	ldr.w	r3, [r2, r3, lsl #2]
100091e0:	2b01      	cmp	r3, #1
100091e2:	d076      	beq.n	100092d2 <xTaskCheckForTimeOut+0x12a>
100091e4:	682b      	ldr	r3, [r5, #0]
100091e6:	4a81      	ldr	r2, [pc, #516]	@ (100093ec <xTaskCheckForTimeOut+0x244>)
100091e8:	1c58      	adds	r0, r3, #1
100091ea:	6811      	ldr	r1, [r2, #0]
100091ec:	d030      	beq.n	10009250 <xTaskCheckForTimeOut+0xa8>
100091ee:	e9d4 7000 	ldrd	r7, r0, [r4]
100091f2:	f8df e214 	ldr.w	lr, [pc, #532]	@ 10009408 <xTaskCheckForTimeOut+0x260>
100091f6:	f8de c000 	ldr.w	ip, [lr]
100091fa:	4567      	cmp	r7, ip
100091fc:	d01c      	beq.n	10009238 <xTaskCheckForTimeOut+0x90>
100091fe:	4288      	cmp	r0, r1
10009200:	d81a      	bhi.n	10009238 <xTaskCheckForTimeOut+0x90>
10009202:	2300      	movs	r3, #0
10009204:	2401      	movs	r4, #1
10009206:	602b      	str	r3, [r5, #0]
10009208:	f04f 4350 	mov.w	r3, #3489660928	@ 0xd0000000
1000920c:	6832      	ldr	r2, [r6, #0]
1000920e:	681b      	ldr	r3, [r3, #0]
10009210:	b182      	cbz	r2, 10009234 <xTaskCheckForTimeOut+0x8c>
10009212:	4a75      	ldr	r2, [pc, #468]	@ (100093e8 <xTaskCheckForTimeOut+0x240>)
10009214:	f852 1023 	ldr.w	r1, [r2, r3, lsl #2]
10009218:	2900      	cmp	r1, #0
1000921a:	d057      	beq.n	100092cc <xTaskCheckForTimeOut+0x124>
1000921c:	f852 1023 	ldr.w	r1, [r2, r3, lsl #2]
10009220:	b141      	cbz	r1, 10009234 <xTaskCheckForTimeOut+0x8c>
10009222:	f852 1023 	ldr.w	r1, [r2, r3, lsl #2]
10009226:	3901      	subs	r1, #1
10009228:	f842 1023 	str.w	r1, [r2, r3, lsl #2]
1000922c:	f852 2023 	ldr.w	r2, [r2, r3, lsl #2]
10009230:	2a00      	cmp	r2, #0
10009232:	d06a      	beq.n	1000930a <xTaskCheckForTimeOut+0x162>
10009234:	4620      	mov	r0, r4
10009236:	bdf8      	pop	{r3, r4, r5, r6, r7, pc}
10009238:	eba1 0c00 	sub.w	ip, r1, r0
1000923c:	4563      	cmp	r3, ip
1000923e:	d9e0      	bls.n	10009202 <xTaskCheckForTimeOut+0x5a>
10009240:	1a5b      	subs	r3, r3, r1
10009242:	4403      	add	r3, r0
10009244:	f8de 1000 	ldr.w	r1, [lr]
10009248:	602b      	str	r3, [r5, #0]
1000924a:	6813      	ldr	r3, [r2, #0]
1000924c:	e9c4 1300 	strd	r1, r3, [r4]
10009250:	2400      	movs	r4, #0
10009252:	e7d9      	b.n	10009208 <xTaskCheckForTimeOut+0x60>
10009254:	f7fe f860 	bl	10007318 <ulSetInterruptMask>
10009258:	e7fe      	b.n	10009258 <xTaskCheckForTimeOut+0xb0>
1000925a:	4965      	ldr	r1, [pc, #404]	@ (100093f0 <xTaskCheckForTimeOut+0x248>)
1000925c:	e8d1 0fcf 	ldaexb	r0, [r1]
10009260:	2701      	movs	r7, #1
10009262:	2800      	cmp	r0, #0
10009264:	d101      	bne.n	1000926a <xTaskCheckForTimeOut+0xc2>
10009266:	e8c1 7f40 	strexb	r0, r7, [r1]
1000926a:	f3bf 8f5f 	dmb	sy
1000926e:	2800      	cmp	r0, #0
10009270:	d139      	bne.n	100092e6 <xTaskCheckForTimeOut+0x13e>
10009272:	4860      	ldr	r0, [pc, #384]	@ (100093f4 <xTaskCheckForTimeOut+0x24c>)
10009274:	005f      	lsls	r7, r3, #1
10009276:	4960      	ldr	r1, [pc, #384]	@ (100093f8 <xTaskCheckForTimeOut+0x250>)
10009278:	f891 c001 	ldrb.w	ip, [r1, #1]
1000927c:	f1bc 0f00 	cmp.w	ip, #0
10009280:	f040 8097 	bne.w	100093b2 <xTaskCheckForTimeOut+0x20a>
10009284:	f04f 0c01 	mov.w	ip, #1
10009288:	4407      	add	r7, r0
1000928a:	f881 c001 	strb.w	ip, [r1, #1]
1000928e:	f887 c001 	strb.w	ip, [r7, #1]
10009292:	4f5a      	ldr	r7, [pc, #360]	@ (100093fc <xTaskCheckForTimeOut+0x254>)
10009294:	e8d7 cfcf 	ldaexb	ip, [r7]
10009298:	f05f 0e01 	movs.w	lr, #1
1000929c:	f1bc 0f00 	cmp.w	ip, #0
100092a0:	d101      	bne.n	100092a6 <xTaskCheckForTimeOut+0xfe>
100092a2:	e8c7 ef4c 	strexb	ip, lr, [r7]
100092a6:	f3bf 8f5f 	dmb	sy
100092aa:	f1bc 0f00 	cmp.w	ip, #0
100092ae:	d06a      	beq.n	10009386 <xTaskCheckForTimeOut+0x1de>
100092b0:	f810 c013 	ldrb.w	ip, [r0, r3, lsl #1]
100092b4:	f1bc 0f00 	cmp.w	ip, #0
100092b8:	d057      	beq.n	1000936a <xTaskCheckForTimeOut+0x1c2>
100092ba:	7808      	ldrb	r0, [r1, #0]
100092bc:	28ff      	cmp	r0, #255	@ 0xff
100092be:	f000 808a 	beq.w	100093d6 <xTaskCheckForTimeOut+0x22e>
100092c2:	7808      	ldrb	r0, [r1, #0]
100092c4:	3001      	adds	r0, #1
100092c6:	b2c0      	uxtb	r0, r0
100092c8:	7008      	strb	r0, [r1, #0]
100092ca:	e782      	b.n	100091d2 <xTaskCheckForTimeOut+0x2a>
100092cc:	f7fe f824 	bl	10007318 <ulSetInterruptMask>
100092d0:	e7fe      	b.n	100092d0 <xTaskCheckForTimeOut+0x128>
100092d2:	4b4b      	ldr	r3, [pc, #300]	@ (10009400 <xTaskCheckForTimeOut+0x258>)
100092d4:	681b      	ldr	r3, [r3, #0]
100092d6:	2b00      	cmp	r3, #0
100092d8:	d184      	bne.n	100091e4 <xTaskCheckForTimeOut+0x3c>
100092da:	f7ff f937 	bl	1000854c <prvCheckForRunStateChange>
100092de:	e781      	b.n	100091e4 <xTaskCheckForTimeOut+0x3c>
100092e0:	f7fe f81a 	bl	10007318 <ulSetInterruptMask>
100092e4:	e7fe      	b.n	100092e4 <xTaskCheckForTimeOut+0x13c>
100092e6:	4843      	ldr	r0, [pc, #268]	@ (100093f4 <xTaskCheckForTimeOut+0x24c>)
100092e8:	005f      	lsls	r7, r3, #1
100092ea:	eb00 0c43 	add.w	ip, r0, r3, lsl #1
100092ee:	f89c c001 	ldrb.w	ip, [ip, #1]
100092f2:	f1bc 0f00 	cmp.w	ip, #0
100092f6:	d04d      	beq.n	10009394 <xTaskCheckForTimeOut+0x1ec>
100092f8:	493f      	ldr	r1, [pc, #252]	@ (100093f8 <xTaskCheckForTimeOut+0x250>)
100092fa:	784f      	ldrb	r7, [r1, #1]
100092fc:	2fff      	cmp	r7, #255	@ 0xff
100092fe:	d061      	beq.n	100093c4 <xTaskCheckForTimeOut+0x21c>
10009300:	784f      	ldrb	r7, [r1, #1]
10009302:	3701      	adds	r7, #1
10009304:	b2ff      	uxtb	r7, r7
10009306:	704f      	strb	r7, [r1, #1]
10009308:	e7c3      	b.n	10009292 <xTaskCheckForTimeOut+0xea>
1000930a:	4a3e      	ldr	r2, [pc, #248]	@ (10009404 <xTaskCheckForTimeOut+0x25c>)
1000930c:	4839      	ldr	r0, [pc, #228]	@ (100093f4 <xTaskCheckForTimeOut+0x24c>)
1000930e:	f852 5023 	ldr.w	r5, [r2, r3, lsl #2]
10009312:	f810 2013 	ldrb.w	r2, [r0, r3, lsl #1]
10009316:	2a00      	cmp	r2, #0
10009318:	d051      	beq.n	100093be <xTaskCheckForTimeOut+0x216>
1000931a:	4937      	ldr	r1, [pc, #220]	@ (100093f8 <xTaskCheckForTimeOut+0x250>)
1000931c:	780a      	ldrb	r2, [r1, #0]
1000931e:	2a00      	cmp	r2, #0
10009320:	d053      	beq.n	100093ca <xTaskCheckForTimeOut+0x222>
10009322:	780a      	ldrb	r2, [r1, #0]
10009324:	3a01      	subs	r2, #1
10009326:	b2d2      	uxtb	r2, r2
10009328:	700a      	strb	r2, [r1, #0]
1000932a:	b922      	cbnz	r2, 10009336 <xTaskCheckForTimeOut+0x18e>
1000932c:	f800 2013 	strb.w	r2, [r0, r3, lsl #1]
10009330:	4e32      	ldr	r6, [pc, #200]	@ (100093fc <xTaskCheckForTimeOut+0x254>)
10009332:	e8c6 2f8f 	stlb	r2, [r6]
10009336:	eb00 0043 	add.w	r0, r0, r3, lsl #1
1000933a:	7843      	ldrb	r3, [r0, #1]
1000933c:	2b00      	cmp	r3, #0
1000933e:	d047      	beq.n	100093d0 <xTaskCheckForTimeOut+0x228>
10009340:	784b      	ldrb	r3, [r1, #1]
10009342:	2b00      	cmp	r3, #0
10009344:	d04a      	beq.n	100093dc <xTaskCheckForTimeOut+0x234>
10009346:	784b      	ldrb	r3, [r1, #1]
10009348:	3b01      	subs	r3, #1
1000934a:	b2db      	uxtb	r3, r3
1000934c:	704b      	strb	r3, [r1, #1]
1000934e:	b91b      	cbnz	r3, 10009358 <xTaskCheckForTimeOut+0x1b0>
10009350:	7043      	strb	r3, [r0, #1]
10009352:	4a27      	ldr	r2, [pc, #156]	@ (100093f0 <xTaskCheckForTimeOut+0x248>)
10009354:	e8c2 3f8f 	stlb	r3, [r2]
10009358:	2000      	movs	r0, #0
1000935a:	f7fd ffe9 	bl	10007330 <vClearInterruptMask>
1000935e:	2d00      	cmp	r5, #0
10009360:	f43f af68 	beq.w	10009234 <xTaskCheckForTimeOut+0x8c>
10009364:	f7fd fdb6 	bl	10006ed4 <vPortYield>
10009368:	e764      	b.n	10009234 <xTaskCheckForTimeOut+0x8c>
1000936a:	e8d7 efcf 	ldaexb	lr, [r7]
1000936e:	f05f 0c01 	movs.w	ip, #1
10009372:	f1be 0f00 	cmp.w	lr, #0
10009376:	d1f8      	bne.n	1000936a <xTaskCheckForTimeOut+0x1c2>
10009378:	e8c7 cf4e 	strexb	lr, ip, [r7]
1000937c:	f1be 0f00 	cmp.w	lr, #0
10009380:	d1f3      	bne.n	1000936a <xTaskCheckForTimeOut+0x1c2>
10009382:	f3bf 8f5f 	dmb	sy
10009386:	780f      	ldrb	r7, [r1, #0]
10009388:	b9b7      	cbnz	r7, 100093b8 <xTaskCheckForTimeOut+0x210>
1000938a:	2701      	movs	r7, #1
1000938c:	700f      	strb	r7, [r1, #0]
1000938e:	f800 7013 	strb.w	r7, [r0, r3, lsl #1]
10009392:	e71e      	b.n	100091d2 <xTaskCheckForTimeOut+0x2a>
10009394:	e8d1 efcf 	ldaexb	lr, [r1]
10009398:	f05f 0c01 	movs.w	ip, #1
1000939c:	f1be 0f00 	cmp.w	lr, #0
100093a0:	d1f8      	bne.n	10009394 <xTaskCheckForTimeOut+0x1ec>
100093a2:	e8c1 cf4e 	strexb	lr, ip, [r1]
100093a6:	f1be 0f00 	cmp.w	lr, #0
100093aa:	d1f3      	bne.n	10009394 <xTaskCheckForTimeOut+0x1ec>
100093ac:	f3bf 8f5f 	dmb	sy
100093b0:	e761      	b.n	10009276 <xTaskCheckForTimeOut+0xce>
100093b2:	f7fd ffb1 	bl	10007318 <ulSetInterruptMask>
100093b6:	e7fe      	b.n	100093b6 <xTaskCheckForTimeOut+0x20e>
100093b8:	f7fd ffae 	bl	10007318 <ulSetInterruptMask>
100093bc:	e7fe      	b.n	100093bc <xTaskCheckForTimeOut+0x214>
100093be:	f7fd ffab 	bl	10007318 <ulSetInterruptMask>
100093c2:	e7fe      	b.n	100093c2 <xTaskCheckForTimeOut+0x21a>
100093c4:	f7fd ffa8 	bl	10007318 <ulSetInterruptMask>
100093c8:	e7fe      	b.n	100093c8 <xTaskCheckForTimeOut+0x220>
100093ca:	f7fd ffa5 	bl	10007318 <ulSetInterruptMask>
100093ce:	e7fe      	b.n	100093ce <xTaskCheckForTimeOut+0x226>
100093d0:	f7fd ffa2 	bl	10007318 <ulSetInterruptMask>
100093d4:	e7fe      	b.n	100093d4 <xTaskCheckForTimeOut+0x22c>
100093d6:	f7fd ff9f 	bl	10007318 <ulSetInterruptMask>
100093da:	e7fe      	b.n	100093da <xTaskCheckForTimeOut+0x232>
100093dc:	f7fd ff9c 	bl	10007318 <ulSetInterruptMask>
100093e0:	e7fe      	b.n	100093e0 <xTaskCheckForTimeOut+0x238>
100093e2:	bf00      	nop
100093e4:	20012528 	.word	0x20012528
100093e8:	2001245c 	.word	0x2001245c
100093ec:	2001255c 	.word	0x2001255c
100093f0:	20001b05 	.word	0x20001b05
100093f4:	20012454 	.word	0x20012454
100093f8:	20012458 	.word	0x20012458
100093fc:	20001b04 	.word	0x20001b04
10009400:	20012484 	.word	0x20012484
10009404:	20012568 	.word	0x20012568
10009408:	20012504 	.word	0x20012504

1000940c <vTaskMissedYield>:
1000940c:	f04f 4250 	mov.w	r2, #3489660928	@ 0xd0000000
10009410:	2101      	movs	r1, #1
10009412:	4b02      	ldr	r3, [pc, #8]	@ (1000941c <vTaskMissedYield+0x10>)
10009414:	6812      	ldr	r2, [r2, #0]
10009416:	f843 1022 	str.w	r1, [r3, r2, lsl #2]
1000941a:	4770      	bx	lr
1000941c:	20012568 	.word	0x20012568

10009420 <xTaskGetCurrentTaskHandle>:
10009420:	b510      	push	{r4, lr}
10009422:	f7fd ff79 	bl	10007318 <ulSetInterruptMask>
10009426:	f04f 4250 	mov.w	r2, #3489660928	@ 0xd0000000
1000942a:	4b04      	ldr	r3, [pc, #16]	@ (1000943c <xTaskGetCurrentTaskHandle+0x1c>)
1000942c:	6812      	ldr	r2, [r2, #0]
1000942e:	f853 4022 	ldr.w	r4, [r3, r2, lsl #2]
10009432:	f7fd ff7d 	bl	10007330 <vClearInterruptMask>
10009436:	4620      	mov	r0, r4
10009438:	bd10      	pop	{r4, pc}
1000943a:	bf00      	nop
1000943c:	200023b8 	.word	0x200023b8

10009440 <xTaskGetSchedulerState>:
10009440:	b570      	push	{r4, r5, r6, lr}
10009442:	4c7c      	ldr	r4, [pc, #496]	@ (10009634 <xTaskGetSchedulerState+0x1f4>)
10009444:	6823      	ldr	r3, [r4, #0]
10009446:	b90b      	cbnz	r3, 1000944c <xTaskGetSchedulerState+0xc>
10009448:	2001      	movs	r0, #1
1000944a:	bd70      	pop	{r4, r5, r6, pc}
1000944c:	f7fd ff64 	bl	10007318 <ulSetInterruptMask>
10009450:	f04f 4350 	mov.w	r3, #3489660928	@ 0xd0000000
10009454:	6822      	ldr	r2, [r4, #0]
10009456:	681b      	ldr	r3, [r3, #0]
10009458:	2a00      	cmp	r2, #0
1000945a:	d05b      	beq.n	10009514 <xTaskGetSchedulerState+0xd4>
1000945c:	4a76      	ldr	r2, [pc, #472]	@ (10009638 <xTaskGetSchedulerState+0x1f8>)
1000945e:	f852 1023 	ldr.w	r1, [r2, r3, lsl #2]
10009462:	2900      	cmp	r1, #0
10009464:	d060      	beq.n	10009528 <xTaskGetSchedulerState+0xe8>
10009466:	f852 1023 	ldr.w	r1, [r2, r3, lsl #2]
1000946a:	4d74      	ldr	r5, [pc, #464]	@ (1000963c <xTaskGetSchedulerState+0x1fc>)
1000946c:	3101      	adds	r1, #1
1000946e:	f842 1023 	str.w	r1, [r2, r3, lsl #2]
10009472:	f852 3023 	ldr.w	r3, [r2, r3, lsl #2]
10009476:	2b01      	cmp	r3, #1
10009478:	f000 8099 	beq.w	100095ae <xTaskGetSchedulerState+0x16e>
1000947c:	f04f 4350 	mov.w	r3, #3489660928	@ 0xd0000000
10009480:	682d      	ldr	r5, [r5, #0]
10009482:	6822      	ldr	r2, [r4, #0]
10009484:	681b      	ldr	r3, [r3, #0]
10009486:	2a00      	cmp	r2, #0
10009488:	d049      	beq.n	1000951e <xTaskGetSchedulerState+0xde>
1000948a:	4a6b      	ldr	r2, [pc, #428]	@ (10009638 <xTaskGetSchedulerState+0x1f8>)
1000948c:	f852 1023 	ldr.w	r1, [r2, r3, lsl #2]
10009490:	2900      	cmp	r1, #0
10009492:	f000 8089 	beq.w	100095a8 <xTaskGetSchedulerState+0x168>
10009496:	f852 1023 	ldr.w	r1, [r2, r3, lsl #2]
1000949a:	2900      	cmp	r1, #0
1000949c:	d03f      	beq.n	1000951e <xTaskGetSchedulerState+0xde>
1000949e:	f852 1023 	ldr.w	r1, [r2, r3, lsl #2]
100094a2:	3901      	subs	r1, #1
100094a4:	f842 1023 	str.w	r1, [r2, r3, lsl #2]
100094a8:	f852 2023 	ldr.w	r2, [r2, r3, lsl #2]
100094ac:	2a00      	cmp	r2, #0
100094ae:	d136      	bne.n	1000951e <xTaskGetSchedulerState+0xde>
100094b0:	4a63      	ldr	r2, [pc, #396]	@ (10009640 <xTaskGetSchedulerState+0x200>)
100094b2:	4864      	ldr	r0, [pc, #400]	@ (10009644 <xTaskGetSchedulerState+0x204>)
100094b4:	f852 4023 	ldr.w	r4, [r2, r3, lsl #2]
100094b8:	f810 2013 	ldrb.w	r2, [r0, r3, lsl #1]
100094bc:	2a00      	cmp	r2, #0
100094be:	f000 80a7 	beq.w	10009610 <xTaskGetSchedulerState+0x1d0>
100094c2:	4961      	ldr	r1, [pc, #388]	@ (10009648 <xTaskGetSchedulerState+0x208>)
100094c4:	780a      	ldrb	r2, [r1, #0]
100094c6:	2a00      	cmp	r2, #0
100094c8:	f000 80a8 	beq.w	1000961c <xTaskGetSchedulerState+0x1dc>
100094cc:	780a      	ldrb	r2, [r1, #0]
100094ce:	3a01      	subs	r2, #1
100094d0:	b2d2      	uxtb	r2, r2
100094d2:	700a      	strb	r2, [r1, #0]
100094d4:	b922      	cbnz	r2, 100094e0 <xTaskGetSchedulerState+0xa0>
100094d6:	f800 2013 	strb.w	r2, [r0, r3, lsl #1]
100094da:	4e5c      	ldr	r6, [pc, #368]	@ (1000964c <xTaskGetSchedulerState+0x20c>)
100094dc:	e8c6 2f8f 	stlb	r2, [r6]
100094e0:	eb00 0043 	add.w	r0, r0, r3, lsl #1
100094e4:	7843      	ldrb	r3, [r0, #1]
100094e6:	2b00      	cmp	r3, #0
100094e8:	f000 809e 	beq.w	10009628 <xTaskGetSchedulerState+0x1e8>
100094ec:	784b      	ldrb	r3, [r1, #1]
100094ee:	2b00      	cmp	r3, #0
100094f0:	f000 809d 	beq.w	1000962e <xTaskGetSchedulerState+0x1ee>
100094f4:	784b      	ldrb	r3, [r1, #1]
100094f6:	3b01      	subs	r3, #1
100094f8:	b2db      	uxtb	r3, r3
100094fa:	704b      	strb	r3, [r1, #1]
100094fc:	b91b      	cbnz	r3, 10009506 <xTaskGetSchedulerState+0xc6>
100094fe:	7043      	strb	r3, [r0, #1]
10009500:	4a53      	ldr	r2, [pc, #332]	@ (10009650 <xTaskGetSchedulerState+0x210>)
10009502:	e8c2 3f8f 	stlb	r3, [r2]
10009506:	2000      	movs	r0, #0
10009508:	f7fd ff12 	bl	10007330 <vClearInterruptMask>
1000950c:	b13c      	cbz	r4, 1000951e <xTaskGetSchedulerState+0xde>
1000950e:	f7fd fce1 	bl	10006ed4 <vPortYield>
10009512:	e004      	b.n	1000951e <xTaskGetSchedulerState+0xde>
10009514:	4d49      	ldr	r5, [pc, #292]	@ (1000963c <xTaskGetSchedulerState+0x1fc>)
10009516:	682d      	ldr	r5, [r5, #0]
10009518:	6822      	ldr	r2, [r4, #0]
1000951a:	2a00      	cmp	r2, #0
1000951c:	d1b5      	bne.n	1000948a <xTaskGetSchedulerState+0x4a>
1000951e:	fab5 f085 	clz	r0, r5
10009522:	0940      	lsrs	r0, r0, #5
10009524:	0040      	lsls	r0, r0, #1
10009526:	bd70      	pop	{r4, r5, r6, pc}
10009528:	4949      	ldr	r1, [pc, #292]	@ (10009650 <xTaskGetSchedulerState+0x210>)
1000952a:	e8d1 0fcf 	ldaexb	r0, [r1]
1000952e:	2501      	movs	r5, #1
10009530:	2800      	cmp	r0, #0
10009532:	d101      	bne.n	10009538 <xTaskGetSchedulerState+0xf8>
10009534:	e8c1 5f40 	strexb	r0, r5, [r1]
10009538:	f3bf 8f5f 	dmb	sy
1000953c:	bb20      	cbnz	r0, 10009588 <xTaskGetSchedulerState+0x148>
1000953e:	4841      	ldr	r0, [pc, #260]	@ (10009644 <xTaskGetSchedulerState+0x204>)
10009540:	005d      	lsls	r5, r3, #1
10009542:	4941      	ldr	r1, [pc, #260]	@ (10009648 <xTaskGetSchedulerState+0x208>)
10009544:	784e      	ldrb	r6, [r1, #1]
10009546:	2e00      	cmp	r6, #0
10009548:	d14d      	bne.n	100095e6 <xTaskGetSchedulerState+0x1a6>
1000954a:	f04f 0c01 	mov.w	ip, #1
1000954e:	4405      	add	r5, r0
10009550:	f881 c001 	strb.w	ip, [r1, #1]
10009554:	f885 c001 	strb.w	ip, [r5, #1]
10009558:	4d3c      	ldr	r5, [pc, #240]	@ (1000964c <xTaskGetSchedulerState+0x20c>)
1000955a:	e8d5 6fcf 	ldaexb	r6, [r5]
1000955e:	f05f 0e01 	movs.w	lr, #1
10009562:	2e00      	cmp	r6, #0
10009564:	d101      	bne.n	1000956a <xTaskGetSchedulerState+0x12a>
10009566:	e8c5 ef46 	strexb	r6, lr, [r5]
1000956a:	f3bf 8f5f 	dmb	sy
1000956e:	2e00      	cmp	r6, #0
10009570:	d032      	beq.n	100095d8 <xTaskGetSchedulerState+0x198>
10009572:	f810 6013 	ldrb.w	r6, [r0, r3, lsl #1]
10009576:	b30e      	cbz	r6, 100095bc <xTaskGetSchedulerState+0x17c>
10009578:	7808      	ldrb	r0, [r1, #0]
1000957a:	28ff      	cmp	r0, #255	@ 0xff
1000957c:	d051      	beq.n	10009622 <xTaskGetSchedulerState+0x1e2>
1000957e:	7808      	ldrb	r0, [r1, #0]
10009580:	3001      	adds	r0, #1
10009582:	b2c0      	uxtb	r0, r0
10009584:	7008      	strb	r0, [r1, #0]
10009586:	e76e      	b.n	10009466 <xTaskGetSchedulerState+0x26>
10009588:	482e      	ldr	r0, [pc, #184]	@ (10009644 <xTaskGetSchedulerState+0x204>)
1000958a:	005d      	lsls	r5, r3, #1
1000958c:	eb00 0c43 	add.w	ip, r0, r3, lsl #1
10009590:	f89c 6001 	ldrb.w	r6, [ip, #1]
10009594:	b356      	cbz	r6, 100095ec <xTaskGetSchedulerState+0x1ac>
10009596:	492c      	ldr	r1, [pc, #176]	@ (10009648 <xTaskGetSchedulerState+0x208>)
10009598:	784d      	ldrb	r5, [r1, #1]
1000959a:	2dff      	cmp	r5, #255	@ 0xff
1000959c:	d03b      	beq.n	10009616 <xTaskGetSchedulerState+0x1d6>
1000959e:	784d      	ldrb	r5, [r1, #1]
100095a0:	3501      	adds	r5, #1
100095a2:	b2ed      	uxtb	r5, r5
100095a4:	704d      	strb	r5, [r1, #1]
100095a6:	e7d7      	b.n	10009558 <xTaskGetSchedulerState+0x118>
100095a8:	f7fd feb6 	bl	10007318 <ulSetInterruptMask>
100095ac:	e7fe      	b.n	100095ac <xTaskGetSchedulerState+0x16c>
100095ae:	682b      	ldr	r3, [r5, #0]
100095b0:	2b00      	cmp	r3, #0
100095b2:	f47f af63 	bne.w	1000947c <xTaskGetSchedulerState+0x3c>
100095b6:	f7fe ffc9 	bl	1000854c <prvCheckForRunStateChange>
100095ba:	e75f      	b.n	1000947c <xTaskGetSchedulerState+0x3c>
100095bc:	e8d5 efcf 	ldaexb	lr, [r5]
100095c0:	f05f 0c01 	movs.w	ip, #1
100095c4:	f1be 0f00 	cmp.w	lr, #0
100095c8:	d1f8      	bne.n	100095bc <xTaskGetSchedulerState+0x17c>
100095ca:	e8c5 cf4e 	strexb	lr, ip, [r5]
100095ce:	f1be 0f00 	cmp.w	lr, #0
100095d2:	d1f3      	bne.n	100095bc <xTaskGetSchedulerState+0x17c>
100095d4:	f3bf 8f5f 	dmb	sy
100095d8:	780d      	ldrb	r5, [r1, #0]
100095da:	b9b5      	cbnz	r5, 1000960a <xTaskGetSchedulerState+0x1ca>
100095dc:	2501      	movs	r5, #1
100095de:	700d      	strb	r5, [r1, #0]
100095e0:	f800 5013 	strb.w	r5, [r0, r3, lsl #1]
100095e4:	e73f      	b.n	10009466 <xTaskGetSchedulerState+0x26>
100095e6:	f7fd fe97 	bl	10007318 <ulSetInterruptMask>
100095ea:	e7fe      	b.n	100095ea <xTaskGetSchedulerState+0x1aa>
100095ec:	e8d1 efcf 	ldaexb	lr, [r1]
100095f0:	f05f 0c01 	movs.w	ip, #1
100095f4:	f1be 0f00 	cmp.w	lr, #0
100095f8:	d1f8      	bne.n	100095ec <xTaskGetSchedulerState+0x1ac>
100095fa:	e8c1 cf4e 	strexb	lr, ip, [r1]
100095fe:	f1be 0f00 	cmp.w	lr, #0
10009602:	d1f3      	bne.n	100095ec <xTaskGetSchedulerState+0x1ac>
10009604:	f3bf 8f5f 	dmb	sy
10009608:	e79b      	b.n	10009542 <xTaskGetSchedulerState+0x102>
1000960a:	f7fd fe85 	bl	10007318 <ulSetInterruptMask>
1000960e:	e7fe      	b.n	1000960e <xTaskGetSchedulerState+0x1ce>
10009610:	f7fd fe82 	bl	10007318 <ulSetInterruptMask>
10009614:	e7fe      	b.n	10009614 <xTaskGetSchedulerState+0x1d4>
10009616:	f7fd fe7f 	bl	10007318 <ulSetInterruptMask>
1000961a:	e7fe      	b.n	1000961a <xTaskGetSchedulerState+0x1da>
1000961c:	f7fd fe7c 	bl	10007318 <ulSetInterruptMask>
10009620:	e7fe      	b.n	10009620 <xTaskGetSchedulerState+0x1e0>
10009622:	f7fd fe79 	bl	10007318 <ulSetInterruptMask>
10009626:	e7fe      	b.n	10009626 <xTaskGetSchedulerState+0x1e6>
10009628:	f7fd fe76 	bl	10007318 <ulSetInterruptMask>
1000962c:	e7fe      	b.n	1000962c <xTaskGetSchedulerState+0x1ec>
1000962e:	f7fd fe73 	bl	10007318 <ulSetInterruptMask>
10009632:	e7fe      	b.n	10009632 <xTaskGetSchedulerState+0x1f2>
10009634:	20012528 	.word	0x20012528
10009638:	2001245c 	.word	0x2001245c
1000963c:	20012484 	.word	0x20012484
10009640:	20012568 	.word	0x20012568
10009644:	20012454 	.word	0x20012454
10009648:	20012458 	.word	0x20012458
1000964c:	20001b04 	.word	0x20001b04
10009650:	20001b05 	.word	0x20001b05

10009654 <xTaskPriorityInherit>:
10009654:	e92d 41f0 	stmdb	sp!, {r4, r5, r6, r7, r8, lr}
10009658:	4604      	mov	r4, r0
1000965a:	b388      	cbz	r0, 100096c0 <xTaskPriorityInherit+0x6c>
1000965c:	f04f 4650 	mov.w	r6, #3489660928	@ 0xd0000000
10009660:	6b07      	ldr	r7, [r0, #48]	@ 0x30
10009662:	4d37      	ldr	r5, [pc, #220]	@ (10009740 <xTaskPriorityInherit+0xec>)
10009664:	f7fd fe58 	bl	10007318 <ulSetInterruptMask>
10009668:	6833      	ldr	r3, [r6, #0]
1000966a:	f855 8023 	ldr.w	r8, [r5, r3, lsl #2]
1000966e:	f7fd fe5f 	bl	10007330 <vClearInterruptMask>
10009672:	f8d8 3030 	ldr.w	r3, [r8, #48]	@ 0x30
10009676:	429f      	cmp	r7, r3
10009678:	d224      	bcs.n	100096c4 <xTaskPriorityInherit+0x70>
1000967a:	69e3      	ldr	r3, [r4, #28]
1000967c:	2b00      	cmp	r3, #0
1000967e:	db0a      	blt.n	10009696 <xTaskPriorityInherit+0x42>
10009680:	f7fd fe4a 	bl	10007318 <ulSetInterruptMask>
10009684:	6833      	ldr	r3, [r6, #0]
10009686:	f855 6023 	ldr.w	r6, [r5, r3, lsl #2]
1000968a:	f7fd fe51 	bl	10007330 <vClearInterruptMask>
1000968e:	6b33      	ldr	r3, [r6, #48]	@ 0x30
10009690:	f1c3 0305 	rsb	r3, r3, #5
10009694:	61e3      	str	r3, [r4, #28]
10009696:	6b23      	ldr	r3, [r4, #48]	@ 0x30
10009698:	4e2a      	ldr	r6, [pc, #168]	@ (10009744 <xTaskPriorityInherit+0xf0>)
1000969a:	69a2      	ldr	r2, [r4, #24]
1000969c:	eb03 0383 	add.w	r3, r3, r3, lsl #2
100096a0:	eb06 0383 	add.w	r3, r6, r3, lsl #2
100096a4:	429a      	cmp	r2, r3
100096a6:	d01c      	beq.n	100096e2 <xTaskPriorityInherit+0x8e>
100096a8:	f7fd fe36 	bl	10007318 <ulSetInterruptMask>
100096ac:	f04f 4350 	mov.w	r3, #3489660928	@ 0xd0000000
100096b0:	681b      	ldr	r3, [r3, #0]
100096b2:	f855 5023 	ldr.w	r5, [r5, r3, lsl #2]
100096b6:	f7fd fe3b 	bl	10007330 <vClearInterruptMask>
100096ba:	6b2b      	ldr	r3, [r5, #48]	@ 0x30
100096bc:	6323      	str	r3, [r4, #48]	@ 0x30
100096be:	2001      	movs	r0, #1
100096c0:	e8bd 81f0 	ldmia.w	sp!, {r4, r5, r6, r7, r8, pc}
100096c4:	6d24      	ldr	r4, [r4, #80]	@ 0x50
100096c6:	f7fd fe27 	bl	10007318 <ulSetInterruptMask>
100096ca:	6833      	ldr	r3, [r6, #0]
100096cc:	f855 5023 	ldr.w	r5, [r5, r3, lsl #2]
100096d0:	f7fd fe2e 	bl	10007330 <vClearInterruptMask>
100096d4:	6b28      	ldr	r0, [r5, #48]	@ 0x30
100096d6:	4284      	cmp	r4, r0
100096d8:	bf2c      	ite	cs
100096da:	2000      	movcs	r0, #0
100096dc:	2001      	movcc	r0, #1
100096de:	e8bd 81f0 	ldmia.w	sp!, {r4, r5, r6, r7, r8, pc}
100096e2:	f104 0708 	add.w	r7, r4, #8
100096e6:	4638      	mov	r0, r7
100096e8:	f7fd ffca 	bl	10007680 <uxListRemove>
100096ec:	f7fd fe14 	bl	10007318 <ulSetInterruptMask>
100096f0:	f04f 4350 	mov.w	r3, #3489660928	@ 0xd0000000
100096f4:	681b      	ldr	r3, [r3, #0]
100096f6:	f855 5023 	ldr.w	r5, [r5, r3, lsl #2]
100096fa:	f7fd fe19 	bl	10007330 <vClearInterruptMask>
100096fe:	4a12      	ldr	r2, [pc, #72]	@ (10009748 <xTaskPriorityInherit+0xf4>)
10009700:	6b2b      	ldr	r3, [r5, #48]	@ 0x30
10009702:	6811      	ldr	r1, [r2, #0]
10009704:	6323      	str	r3, [r4, #48]	@ 0x30
10009706:	428b      	cmp	r3, r1
10009708:	bf88      	it	hi
1000970a:	6013      	strhi	r3, [r2, #0]
1000970c:	eb03 0383 	add.w	r3, r3, r3, lsl #2
10009710:	0098      	lsls	r0, r3, #2
10009712:	eb06 0383 	add.w	r3, r6, r3, lsl #2
10009716:	6859      	ldr	r1, [r3, #4]
10009718:	5832      	ldr	r2, [r6, r0]
1000971a:	688d      	ldr	r5, [r1, #8]
1000971c:	60e1      	str	r1, [r4, #12]
1000971e:	6125      	str	r5, [r4, #16]
10009720:	606f      	str	r7, [r5, #4]
10009722:	608f      	str	r7, [r1, #8]
10009724:	61a3      	str	r3, [r4, #24]
10009726:	6ba3      	ldr	r3, [r4, #56]	@ 0x38
10009728:	3201      	adds	r2, #1
1000972a:	2b00      	cmp	r3, #0
1000972c:	5032      	str	r2, [r6, r0]
1000972e:	db02      	blt.n	10009736 <xTaskPriorityInherit+0xe2>
10009730:	6ba3      	ldr	r3, [r4, #56]	@ 0x38
10009732:	2b01      	cmp	r3, #1
10009734:	ddc3      	ble.n	100096be <xTaskPriorityInherit+0x6a>
10009736:	4620      	mov	r0, r4
10009738:	f7fe fd9e 	bl	10008278 <prvYieldForTask>
1000973c:	e7bf      	b.n	100096be <xTaskPriorityInherit+0x6a>
1000973e:	bf00      	nop
10009740:	200023b8 	.word	0x200023b8
10009744:	200023d4 	.word	0x200023d4
10009748:	2001248c 	.word	0x2001248c

1000974c <xTaskPriorityDisinherit>:
1000974c:	b1d8      	cbz	r0, 10009786 <xTaskPriorityDisinherit+0x3a>
1000974e:	b5f8      	push	{r3, r4, r5, r6, r7, lr}
10009750:	4604      	mov	r4, r0
10009752:	f7fd fde1 	bl	10007318 <ulSetInterruptMask>
10009756:	f04f 4350 	mov.w	r3, #3489660928	@ 0xd0000000
1000975a:	4d30      	ldr	r5, [pc, #192]	@ (1000981c <xTaskPriorityDisinherit+0xd0>)
1000975c:	681b      	ldr	r3, [r3, #0]
1000975e:	f855 6023 	ldr.w	r6, [r5, r3, lsl #2]
10009762:	f7fd fde5 	bl	10007330 <vClearInterruptMask>
10009766:	42b4      	cmp	r4, r6
10009768:	d002      	beq.n	10009770 <xTaskPriorityDisinherit+0x24>
1000976a:	f7fd fdd5 	bl	10007318 <ulSetInterruptMask>
1000976e:	e7fe      	b.n	1000976e <xTaskPriorityDisinherit+0x22>
10009770:	6d63      	ldr	r3, [r4, #84]	@ 0x54
10009772:	b153      	cbz	r3, 1000978a <xTaskPriorityDisinherit+0x3e>
10009774:	6b21      	ldr	r1, [r4, #48]	@ 0x30
10009776:	6d22      	ldr	r2, [r4, #80]	@ 0x50
10009778:	3b01      	subs	r3, #1
1000977a:	4291      	cmp	r1, r2
1000977c:	6563      	str	r3, [r4, #84]	@ 0x54
1000977e:	d000      	beq.n	10009782 <xTaskPriorityDisinherit+0x36>
10009780:	b133      	cbz	r3, 10009790 <xTaskPriorityDisinherit+0x44>
10009782:	2000      	movs	r0, #0
10009784:	bdf8      	pop	{r3, r4, r5, r6, r7, pc}
10009786:	2000      	movs	r0, #0
10009788:	4770      	bx	lr
1000978a:	f7fd fdc5 	bl	10007318 <ulSetInterruptMask>
1000978e:	e7fe      	b.n	1000978e <xTaskPriorityDisinherit+0x42>
10009790:	f104 0608 	add.w	r6, r4, #8
10009794:	4630      	mov	r0, r6
10009796:	f7fd ff73 	bl	10007680 <uxListRemove>
1000979a:	4a21      	ldr	r2, [pc, #132]	@ (10009820 <xTaskPriorityDisinherit+0xd4>)
1000979c:	6d23      	ldr	r3, [r4, #80]	@ 0x50
1000979e:	6811      	ldr	r1, [r2, #0]
100097a0:	6323      	str	r3, [r4, #48]	@ 0x30
100097a2:	428b      	cmp	r3, r1
100097a4:	bf88      	it	hi
100097a6:	6013      	strhi	r3, [r2, #0]
100097a8:	4a1e      	ldr	r2, [pc, #120]	@ (10009824 <xTaskPriorityDisinherit+0xd8>)
100097aa:	f1c3 0005 	rsb	r0, r3, #5
100097ae:	eb03 0383 	add.w	r3, r3, r3, lsl #2
100097b2:	eb02 0783 	add.w	r7, r2, r3, lsl #2
100097b6:	61e0      	str	r0, [r4, #28]
100097b8:	009b      	lsls	r3, r3, #2
100097ba:	6878      	ldr	r0, [r7, #4]
100097bc:	58d1      	ldr	r1, [r2, r3]
100097be:	f8d0 e008 	ldr.w	lr, [r0, #8]
100097c2:	3101      	adds	r1, #1
100097c4:	60e0      	str	r0, [r4, #12]
100097c6:	f8c4 e010 	str.w	lr, [r4, #16]
100097ca:	f8ce 6004 	str.w	r6, [lr, #4]
100097ce:	6086      	str	r6, [r0, #8]
100097d0:	61a7      	str	r7, [r4, #24]
100097d2:	50d1      	str	r1, [r2, r3]
100097d4:	6ba3      	ldr	r3, [r4, #56]	@ 0x38
100097d6:	2b00      	cmp	r3, #0
100097d8:	db02      	blt.n	100097e0 <xTaskPriorityDisinherit+0x94>
100097da:	6ba3      	ldr	r3, [r4, #56]	@ 0x38
100097dc:	2b01      	cmp	r3, #1
100097de:	dd01      	ble.n	100097e4 <xTaskPriorityDisinherit+0x98>
100097e0:	2001      	movs	r0, #1
100097e2:	bdf8      	pop	{r3, r4, r5, r6, r7, pc}
100097e4:	f04f 4350 	mov.w	r3, #3489660928	@ 0xd0000000
100097e8:	6ba2      	ldr	r2, [r4, #56]	@ 0x38
100097ea:	681b      	ldr	r3, [r3, #0]
100097ec:	429a      	cmp	r2, r3
100097ee:	d00f      	beq.n	10009810 <xTaskPriorityDisinherit+0xc4>
100097f0:	6ba3      	ldr	r3, [r4, #56]	@ 0x38
100097f2:	f855 3023 	ldr.w	r3, [r5, r3, lsl #2]
100097f6:	6b9b      	ldr	r3, [r3, #56]	@ 0x38
100097f8:	3302      	adds	r3, #2
100097fa:	d0f1      	beq.n	100097e0 <xTaskPriorityDisinherit+0x94>
100097fc:	6ba0      	ldr	r0, [r4, #56]	@ 0x38
100097fe:	f7fd fd4d 	bl	1000729c <vYieldCore>
10009802:	f06f 0201 	mvn.w	r2, #1
10009806:	6ba3      	ldr	r3, [r4, #56]	@ 0x38
10009808:	f855 3023 	ldr.w	r3, [r5, r3, lsl #2]
1000980c:	639a      	str	r2, [r3, #56]	@ 0x38
1000980e:	e7e7      	b.n	100097e0 <xTaskPriorityDisinherit+0x94>
10009810:	2101      	movs	r1, #1
10009812:	6ba2      	ldr	r2, [r4, #56]	@ 0x38
10009814:	4b04      	ldr	r3, [pc, #16]	@ (10009828 <xTaskPriorityDisinherit+0xdc>)
10009816:	f843 1022 	str.w	r1, [r3, r2, lsl #2]
1000981a:	e7e1      	b.n	100097e0 <xTaskPriorityDisinherit+0x94>
1000981c:	200023b8 	.word	0x200023b8
10009820:	2001248c 	.word	0x2001248c
10009824:	200023d4 	.word	0x200023d4
10009828:	20012568 	.word	0x20012568

1000982c <vTaskPriorityDisinheritAfterTimeout>:
1000982c:	b190      	cbz	r0, 10009854 <vTaskPriorityDisinheritAfterTimeout+0x28>
1000982e:	b5f0      	push	{r4, r5, r6, r7, lr}
10009830:	6d43      	ldr	r3, [r0, #84]	@ 0x54
10009832:	4604      	mov	r4, r0
10009834:	b083      	sub	sp, #12
10009836:	b153      	cbz	r3, 1000984e <vTaskPriorityDisinheritAfterTimeout+0x22>
10009838:	6d00      	ldr	r0, [r0, #80]	@ 0x50
1000983a:	6b22      	ldr	r2, [r4, #48]	@ 0x30
1000983c:	4281      	cmp	r1, r0
1000983e:	bf38      	it	cc
10009840:	4601      	movcc	r1, r0
10009842:	428a      	cmp	r2, r1
10009844:	d001      	beq.n	1000984a <vTaskPriorityDisinheritAfterTimeout+0x1e>
10009846:	2b01      	cmp	r3, #1
10009848:	d005      	beq.n	10009856 <vTaskPriorityDisinheritAfterTimeout+0x2a>
1000984a:	b003      	add	sp, #12
1000984c:	bdf0      	pop	{r4, r5, r6, r7, pc}
1000984e:	f7fd fd63 	bl	10007318 <ulSetInterruptMask>
10009852:	e7fe      	b.n	10009852 <vTaskPriorityDisinheritAfterTimeout+0x26>
10009854:	4770      	bx	lr
10009856:	9101      	str	r1, [sp, #4]
10009858:	f7fd fd5e 	bl	10007318 <ulSetInterruptMask>
1000985c:	f04f 4350 	mov.w	r3, #3489660928	@ 0xd0000000
10009860:	4d2d      	ldr	r5, [pc, #180]	@ (10009918 <vTaskPriorityDisinheritAfterTimeout+0xec>)
10009862:	681b      	ldr	r3, [r3, #0]
10009864:	f855 6023 	ldr.w	r6, [r5, r3, lsl #2]
10009868:	f7fd fd62 	bl	10007330 <vClearInterruptMask>
1000986c:	42b4      	cmp	r4, r6
1000986e:	9901      	ldr	r1, [sp, #4]
10009870:	d048      	beq.n	10009904 <vTaskPriorityDisinheritAfterTimeout+0xd8>
10009872:	69e2      	ldr	r2, [r4, #28]
10009874:	6b23      	ldr	r3, [r4, #48]	@ 0x30
10009876:	4e29      	ldr	r6, [pc, #164]	@ (1000991c <vTaskPriorityDisinheritAfterTimeout+0xf0>)
10009878:	2a00      	cmp	r2, #0
1000987a:	eb03 0383 	add.w	r3, r3, r3, lsl #2
1000987e:	69a2      	ldr	r2, [r4, #24]
10009880:	6321      	str	r1, [r4, #48]	@ 0x30
10009882:	eb06 0383 	add.w	r3, r6, r3, lsl #2
10009886:	bfa4      	itt	ge
10009888:	f1c1 0105 	rsbge	r1, r1, #5
1000988c:	61e1      	strge	r1, [r4, #28]
1000988e:	429a      	cmp	r2, r3
10009890:	d1db      	bne.n	1000984a <vTaskPriorityDisinheritAfterTimeout+0x1e>
10009892:	f104 0708 	add.w	r7, r4, #8
10009896:	4638      	mov	r0, r7
10009898:	f7fd fef2 	bl	10007680 <uxListRemove>
1000989c:	4a20      	ldr	r2, [pc, #128]	@ (10009920 <vTaskPriorityDisinheritAfterTimeout+0xf4>)
1000989e:	6b23      	ldr	r3, [r4, #48]	@ 0x30
100098a0:	6811      	ldr	r1, [r2, #0]
100098a2:	428b      	cmp	r3, r1
100098a4:	bf88      	it	hi
100098a6:	6013      	strhi	r3, [r2, #0]
100098a8:	eb03 0383 	add.w	r3, r3, r3, lsl #2
100098ac:	eb06 0083 	add.w	r0, r6, r3, lsl #2
100098b0:	6841      	ldr	r1, [r0, #4]
100098b2:	009b      	lsls	r3, r3, #2
100098b4:	58f2      	ldr	r2, [r6, r3]
100098b6:	f8d1 c008 	ldr.w	ip, [r1, #8]
100098ba:	3201      	adds	r2, #1
100098bc:	60e1      	str	r1, [r4, #12]
100098be:	f8c4 c010 	str.w	ip, [r4, #16]
100098c2:	f8cc 7004 	str.w	r7, [ip, #4]
100098c6:	608f      	str	r7, [r1, #8]
100098c8:	61a0      	str	r0, [r4, #24]
100098ca:	50f2      	str	r2, [r6, r3]
100098cc:	6ba3      	ldr	r3, [r4, #56]	@ 0x38
100098ce:	2b00      	cmp	r3, #0
100098d0:	dbbb      	blt.n	1000984a <vTaskPriorityDisinheritAfterTimeout+0x1e>
100098d2:	6ba3      	ldr	r3, [r4, #56]	@ 0x38
100098d4:	2b01      	cmp	r3, #1
100098d6:	dcb8      	bgt.n	1000984a <vTaskPriorityDisinheritAfterTimeout+0x1e>
100098d8:	f04f 4350 	mov.w	r3, #3489660928	@ 0xd0000000
100098dc:	6ba2      	ldr	r2, [r4, #56]	@ 0x38
100098de:	681b      	ldr	r3, [r3, #0]
100098e0:	429a      	cmp	r2, r3
100098e2:	d012      	beq.n	1000990a <vTaskPriorityDisinheritAfterTimeout+0xde>
100098e4:	6ba3      	ldr	r3, [r4, #56]	@ 0x38
100098e6:	f855 3023 	ldr.w	r3, [r5, r3, lsl #2]
100098ea:	6b9b      	ldr	r3, [r3, #56]	@ 0x38
100098ec:	3302      	adds	r3, #2
100098ee:	d0ac      	beq.n	1000984a <vTaskPriorityDisinheritAfterTimeout+0x1e>
100098f0:	6ba0      	ldr	r0, [r4, #56]	@ 0x38
100098f2:	f7fd fcd3 	bl	1000729c <vYieldCore>
100098f6:	f06f 0201 	mvn.w	r2, #1
100098fa:	6ba3      	ldr	r3, [r4, #56]	@ 0x38
100098fc:	f855 3023 	ldr.w	r3, [r5, r3, lsl #2]
10009900:	639a      	str	r2, [r3, #56]	@ 0x38
10009902:	e7a2      	b.n	1000984a <vTaskPriorityDisinheritAfterTimeout+0x1e>
10009904:	f7fd fd08 	bl	10007318 <ulSetInterruptMask>
10009908:	e7fe      	b.n	10009908 <vTaskPriorityDisinheritAfterTimeout+0xdc>
1000990a:	2101      	movs	r1, #1
1000990c:	6ba2      	ldr	r2, [r4, #56]	@ 0x38
1000990e:	4b05      	ldr	r3, [pc, #20]	@ (10009924 <vTaskPriorityDisinheritAfterTimeout+0xf8>)
10009910:	f843 1022 	str.w	r1, [r3, r2, lsl #2]
10009914:	e799      	b.n	1000984a <vTaskPriorityDisinheritAfterTimeout+0x1e>
10009916:	bf00      	nop
10009918:	200023b8 	.word	0x200023b8
1000991c:	200023d4 	.word	0x200023d4
10009920:	2001248c 	.word	0x2001248c
10009924:	20012568 	.word	0x20012568

10009928 <vTaskYieldWithinAPI>:
10009928:	b510      	push	{r4, lr}
1000992a:	f7fd fcf5 	bl	10007318 <ulSetInterruptMask>
1000992e:	f04f 4350 	mov.w	r3, #3489660928	@ 0xd0000000
10009932:	4a0b      	ldr	r2, [pc, #44]	@ (10009960 <vTaskYieldWithinAPI+0x38>)
10009934:	681b      	ldr	r3, [r3, #0]
10009936:	4604      	mov	r4, r0
10009938:	f852 2023 	ldr.w	r2, [r2, r3, lsl #2]
1000993c:	b142      	cbz	r2, 10009950 <vTaskYieldWithinAPI+0x28>
1000993e:	2101      	movs	r1, #1
10009940:	4a08      	ldr	r2, [pc, #32]	@ (10009964 <vTaskYieldWithinAPI+0x3c>)
10009942:	4620      	mov	r0, r4
10009944:	e8bd 4010 	ldmia.w	sp!, {r4, lr}
10009948:	f842 1023 	str.w	r1, [r2, r3, lsl #2]
1000994c:	f7fd bcf0 	b.w	10007330 <vClearInterruptMask>
10009950:	f7fd fac0 	bl	10006ed4 <vPortYield>
10009954:	4620      	mov	r0, r4
10009956:	e8bd 4010 	ldmia.w	sp!, {r4, lr}
1000995a:	f7fd bce9 	b.w	10007330 <vClearInterruptMask>
1000995e:	bf00      	nop
10009960:	2001245c 	.word	0x2001245c
10009964:	20012568 	.word	0x20012568

10009968 <vTaskEnterCritical>:
10009968:	b538      	push	{r3, r4, r5, lr}
1000996a:	f7fd fcd5 	bl	10007318 <ulSetInterruptMask>
1000996e:	f04f 4350 	mov.w	r3, #3489660928	@ 0xd0000000
10009972:	4a42      	ldr	r2, [pc, #264]	@ (10009a7c <vTaskEnterCritical+0x114>)
10009974:	681b      	ldr	r3, [r3, #0]
10009976:	6812      	ldr	r2, [r2, #0]
10009978:	b162      	cbz	r2, 10009994 <vTaskEnterCritical+0x2c>
1000997a:	4a41      	ldr	r2, [pc, #260]	@ (10009a80 <vTaskEnterCritical+0x118>)
1000997c:	f852 1023 	ldr.w	r1, [r2, r3, lsl #2]
10009980:	b149      	cbz	r1, 10009996 <vTaskEnterCritical+0x2e>
10009982:	f852 1023 	ldr.w	r1, [r2, r3, lsl #2]
10009986:	3101      	adds	r1, #1
10009988:	f842 1023 	str.w	r1, [r2, r3, lsl #2]
1000998c:	f852 3023 	ldr.w	r3, [r2, r3, lsl #2]
10009990:	2b01      	cmp	r3, #1
10009992:	d02f      	beq.n	100099f4 <vTaskEnterCritical+0x8c>
10009994:	bd38      	pop	{r3, r4, r5, pc}
10009996:	493b      	ldr	r1, [pc, #236]	@ (10009a84 <vTaskEnterCritical+0x11c>)
10009998:	e8d1 0fcf 	ldaexb	r0, [r1]
1000999c:	2401      	movs	r4, #1
1000999e:	2800      	cmp	r0, #0
100099a0:	d101      	bne.n	100099a6 <vTaskEnterCritical+0x3e>
100099a2:	e8c1 4f40 	strexb	r0, r4, [r1]
100099a6:	f3bf 8f5f 	dmb	sy
100099aa:	2800      	cmp	r0, #0
100099ac:	d13e      	bne.n	10009a2c <vTaskEnterCritical+0xc4>
100099ae:	4836      	ldr	r0, [pc, #216]	@ (10009a88 <vTaskEnterCritical+0x120>)
100099b0:	ea4f 0c43 	mov.w	ip, r3, lsl #1
100099b4:	4935      	ldr	r1, [pc, #212]	@ (10009a8c <vTaskEnterCritical+0x124>)
100099b6:	784c      	ldrb	r4, [r1, #1]
100099b8:	2c00      	cmp	r4, #0
100099ba:	d153      	bne.n	10009a64 <vTaskEnterCritical+0xfc>
100099bc:	2401      	movs	r4, #1
100099be:	4484      	add	ip, r0
100099c0:	704c      	strb	r4, [r1, #1]
100099c2:	f88c 4001 	strb.w	r4, [ip, #1]
100099c6:	4c32      	ldr	r4, [pc, #200]	@ (10009a90 <vTaskEnterCritical+0x128>)
100099c8:	e8d4 5fcf 	ldaexb	r5, [r4]
100099cc:	f05f 0c01 	movs.w	ip, #1
100099d0:	2d00      	cmp	r5, #0
100099d2:	d101      	bne.n	100099d8 <vTaskEnterCritical+0x70>
100099d4:	e8c4 cf45 	strexb	r5, ip, [r4]
100099d8:	f3bf 8f5f 	dmb	sy
100099dc:	b1fd      	cbz	r5, 10009a1e <vTaskEnterCritical+0xb6>
100099de:	f810 5013 	ldrb.w	r5, [r0, r3, lsl #1]
100099e2:	b17d      	cbz	r5, 10009a04 <vTaskEnterCritical+0x9c>
100099e4:	7808      	ldrb	r0, [r1, #0]
100099e6:	28ff      	cmp	r0, #255	@ 0xff
100099e8:	d045      	beq.n	10009a76 <vTaskEnterCritical+0x10e>
100099ea:	7808      	ldrb	r0, [r1, #0]
100099ec:	3001      	adds	r0, #1
100099ee:	b2c0      	uxtb	r0, r0
100099f0:	7008      	strb	r0, [r1, #0]
100099f2:	e7c6      	b.n	10009982 <vTaskEnterCritical+0x1a>
100099f4:	4b27      	ldr	r3, [pc, #156]	@ (10009a94 <vTaskEnterCritical+0x12c>)
100099f6:	681b      	ldr	r3, [r3, #0]
100099f8:	2b00      	cmp	r3, #0
100099fa:	d1cb      	bne.n	10009994 <vTaskEnterCritical+0x2c>
100099fc:	e8bd 4038 	ldmia.w	sp!, {r3, r4, r5, lr}
10009a00:	f7fe bda4 	b.w	1000854c <prvCheckForRunStateChange>
10009a04:	e8d4 cfcf 	ldaexb	ip, [r4]
10009a08:	2501      	movs	r5, #1
10009a0a:	f1bc 0f00 	cmp.w	ip, #0
10009a0e:	d1f9      	bne.n	10009a04 <vTaskEnterCritical+0x9c>
10009a10:	e8c4 5f4c 	strexb	ip, r5, [r4]
10009a14:	f1bc 0f00 	cmp.w	ip, #0
10009a18:	d1f4      	bne.n	10009a04 <vTaskEnterCritical+0x9c>
10009a1a:	f3bf 8f5f 	dmb	sy
10009a1e:	780c      	ldrb	r4, [r1, #0]
10009a20:	bb1c      	cbnz	r4, 10009a6a <vTaskEnterCritical+0x102>
10009a22:	2401      	movs	r4, #1
10009a24:	700c      	strb	r4, [r1, #0]
10009a26:	f800 4013 	strb.w	r4, [r0, r3, lsl #1]
10009a2a:	e7aa      	b.n	10009982 <vTaskEnterCritical+0x1a>
10009a2c:	4816      	ldr	r0, [pc, #88]	@ (10009a88 <vTaskEnterCritical+0x120>)
10009a2e:	ea4f 0c43 	mov.w	ip, r3, lsl #1
10009a32:	eb00 0443 	add.w	r4, r0, r3, lsl #1
10009a36:	7864      	ldrb	r4, [r4, #1]
10009a38:	b144      	cbz	r4, 10009a4c <vTaskEnterCritical+0xe4>
10009a3a:	4914      	ldr	r1, [pc, #80]	@ (10009a8c <vTaskEnterCritical+0x124>)
10009a3c:	784c      	ldrb	r4, [r1, #1]
10009a3e:	2cff      	cmp	r4, #255	@ 0xff
10009a40:	d016      	beq.n	10009a70 <vTaskEnterCritical+0x108>
10009a42:	784c      	ldrb	r4, [r1, #1]
10009a44:	3401      	adds	r4, #1
10009a46:	b2e4      	uxtb	r4, r4
10009a48:	704c      	strb	r4, [r1, #1]
10009a4a:	e7bc      	b.n	100099c6 <vTaskEnterCritical+0x5e>
10009a4c:	e8d1 5fcf 	ldaexb	r5, [r1]
10009a50:	2401      	movs	r4, #1
10009a52:	2d00      	cmp	r5, #0
10009a54:	d1fa      	bne.n	10009a4c <vTaskEnterCritical+0xe4>
10009a56:	e8c1 4f45 	strexb	r5, r4, [r1]
10009a5a:	2d00      	cmp	r5, #0
10009a5c:	d1f6      	bne.n	10009a4c <vTaskEnterCritical+0xe4>
10009a5e:	f3bf 8f5f 	dmb	sy
10009a62:	e7a7      	b.n	100099b4 <vTaskEnterCritical+0x4c>
10009a64:	f7fd fc58 	bl	10007318 <ulSetInterruptMask>
10009a68:	e7fe      	b.n	10009a68 <vTaskEnterCritical+0x100>
10009a6a:	f7fd fc55 	bl	10007318 <ulSetInterruptMask>
10009a6e:	e7fe      	b.n	10009a6e <vTaskEnterCritical+0x106>
10009a70:	f7fd fc52 	bl	10007318 <ulSetInterruptMask>
10009a74:	e7fe      	b.n	10009a74 <vTaskEnterCritical+0x10c>
10009a76:	f7fd fc4f 	bl	10007318 <ulSetInterruptMask>
10009a7a:	e7fe      	b.n	10009a7a <vTaskEnterCritical+0x112>
10009a7c:	20012528 	.word	0x20012528
10009a80:	2001245c 	.word	0x2001245c
10009a84:	20001b05 	.word	0x20001b05
10009a88:	20012454 	.word	0x20012454
10009a8c:	20012458 	.word	0x20012458
10009a90:	20001b04 	.word	0x20001b04
10009a94:	20012484 	.word	0x20012484

10009a98 <vTaskEnterCriticalFromISR>:
10009a98:	b538      	push	{r3, r4, r5, lr}
10009a9a:	f04f 4350 	mov.w	r3, #3489660928	@ 0xd0000000
10009a9e:	4a24      	ldr	r2, [pc, #144]	@ (10009b30 <vTaskEnterCriticalFromISR+0x98>)
10009aa0:	681c      	ldr	r4, [r3, #0]
10009aa2:	6810      	ldr	r0, [r2, #0]
10009aa4:	b900      	cbnz	r0, 10009aa8 <vTaskEnterCriticalFromISR+0x10>
10009aa6:	bd38      	pop	{r3, r4, r5, pc}
10009aa8:	f7fd fc36 	bl	10007318 <ulSetInterruptMask>
10009aac:	4a21      	ldr	r2, [pc, #132]	@ (10009b34 <vTaskEnterCriticalFromISR+0x9c>)
10009aae:	f852 3024 	ldr.w	r3, [r2, r4, lsl #2]
10009ab2:	b12b      	cbz	r3, 10009ac0 <vTaskEnterCriticalFromISR+0x28>
10009ab4:	f852 3024 	ldr.w	r3, [r2, r4, lsl #2]
10009ab8:	3301      	adds	r3, #1
10009aba:	f842 3024 	str.w	r3, [r2, r4, lsl #2]
10009abe:	bd38      	pop	{r3, r4, r5, pc}
10009ac0:	4b1d      	ldr	r3, [pc, #116]	@ (10009b38 <vTaskEnterCriticalFromISR+0xa0>)
10009ac2:	e8d3 1fcf 	ldaexb	r1, [r3]
10009ac6:	2501      	movs	r5, #1
10009ac8:	2900      	cmp	r1, #0
10009aca:	d101      	bne.n	10009ad0 <vTaskEnterCriticalFromISR+0x38>
10009acc:	e8c3 5f41 	strexb	r1, r5, [r3]
10009ad0:	f3bf 8f5f 	dmb	sy
10009ad4:	b951      	cbnz	r1, 10009aec <vTaskEnterCriticalFromISR+0x54>
10009ad6:	4919      	ldr	r1, [pc, #100]	@ (10009b3c <vTaskEnterCriticalFromISR+0xa4>)
10009ad8:	4b19      	ldr	r3, [pc, #100]	@ (10009b40 <vTaskEnterCriticalFromISR+0xa8>)
10009ada:	781d      	ldrb	r5, [r3, #0]
10009adc:	bb0d      	cbnz	r5, 10009b22 <vTaskEnterCriticalFromISR+0x8a>
10009ade:	f04f 0c01 	mov.w	ip, #1
10009ae2:	f883 c000 	strb.w	ip, [r3]
10009ae6:	f801 c014 	strb.w	ip, [r1, r4, lsl #1]
10009aea:	e7e3      	b.n	10009ab4 <vTaskEnterCriticalFromISR+0x1c>
10009aec:	4913      	ldr	r1, [pc, #76]	@ (10009b3c <vTaskEnterCriticalFromISR+0xa4>)
10009aee:	f811 5014 	ldrb.w	r5, [r1, r4, lsl #1]
10009af2:	b145      	cbz	r5, 10009b06 <vTaskEnterCriticalFromISR+0x6e>
10009af4:	4912      	ldr	r1, [pc, #72]	@ (10009b40 <vTaskEnterCriticalFromISR+0xa8>)
10009af6:	780b      	ldrb	r3, [r1, #0]
10009af8:	2bff      	cmp	r3, #255	@ 0xff
10009afa:	d015      	beq.n	10009b28 <vTaskEnterCriticalFromISR+0x90>
10009afc:	780b      	ldrb	r3, [r1, #0]
10009afe:	3301      	adds	r3, #1
10009b00:	b2db      	uxtb	r3, r3
10009b02:	700b      	strb	r3, [r1, #0]
10009b04:	e7d6      	b.n	10009ab4 <vTaskEnterCriticalFromISR+0x1c>
10009b06:	e8d3 cfcf 	ldaexb	ip, [r3]
10009b0a:	2501      	movs	r5, #1
10009b0c:	f1bc 0f00 	cmp.w	ip, #0
10009b10:	d1f9      	bne.n	10009b06 <vTaskEnterCriticalFromISR+0x6e>
10009b12:	e8c3 5f4c 	strexb	ip, r5, [r3]
10009b16:	f1bc 0f00 	cmp.w	ip, #0
10009b1a:	d1f4      	bne.n	10009b06 <vTaskEnterCriticalFromISR+0x6e>
10009b1c:	f3bf 8f5f 	dmb	sy
10009b20:	e7da      	b.n	10009ad8 <vTaskEnterCriticalFromISR+0x40>
10009b22:	f7fd fbf9 	bl	10007318 <ulSetInterruptMask>
10009b26:	e7fe      	b.n	10009b26 <vTaskEnterCriticalFromISR+0x8e>
10009b28:	f7fd fbf6 	bl	10007318 <ulSetInterruptMask>
10009b2c:	e7fe      	b.n	10009b2c <vTaskEnterCriticalFromISR+0x94>
10009b2e:	bf00      	nop
10009b30:	20012528 	.word	0x20012528
10009b34:	2001245c 	.word	0x2001245c
10009b38:	20001b04 	.word	0x20001b04
10009b3c:	20012454 	.word	0x20012454
10009b40:	20012458 	.word	0x20012458

10009b44 <vTaskExitCritical>:
10009b44:	b538      	push	{r3, r4, r5, lr}
10009b46:	f04f 4350 	mov.w	r3, #3489660928	@ 0xd0000000
10009b4a:	4a28      	ldr	r2, [pc, #160]	@ (10009bec <vTaskExitCritical+0xa8>)
10009b4c:	681b      	ldr	r3, [r3, #0]
10009b4e:	6812      	ldr	r2, [r2, #0]
10009b50:	2a00      	cmp	r2, #0
10009b52:	d03b      	beq.n	10009bcc <vTaskExitCritical+0x88>
10009b54:	4a26      	ldr	r2, [pc, #152]	@ (10009bf0 <vTaskExitCritical+0xac>)
10009b56:	f852 1023 	ldr.w	r1, [r2, r3, lsl #2]
10009b5a:	2900      	cmp	r1, #0
10009b5c:	d037      	beq.n	10009bce <vTaskExitCritical+0x8a>
10009b5e:	f852 1023 	ldr.w	r1, [r2, r3, lsl #2]
10009b62:	2900      	cmp	r1, #0
10009b64:	d032      	beq.n	10009bcc <vTaskExitCritical+0x88>
10009b66:	f852 1023 	ldr.w	r1, [r2, r3, lsl #2]
10009b6a:	3901      	subs	r1, #1
10009b6c:	f842 1023 	str.w	r1, [r2, r3, lsl #2]
10009b70:	f852 2023 	ldr.w	r2, [r2, r3, lsl #2]
10009b74:	bb52      	cbnz	r2, 10009bcc <vTaskExitCritical+0x88>
10009b76:	491f      	ldr	r1, [pc, #124]	@ (10009bf4 <vTaskExitCritical+0xb0>)
10009b78:	4a1f      	ldr	r2, [pc, #124]	@ (10009bf8 <vTaskExitCritical+0xb4>)
10009b7a:	f851 4023 	ldr.w	r4, [r1, r3, lsl #2]
10009b7e:	f812 1013 	ldrb.w	r1, [r2, r3, lsl #1]
10009b82:	b339      	cbz	r1, 10009bd4 <vTaskExitCritical+0x90>
10009b84:	491d      	ldr	r1, [pc, #116]	@ (10009bfc <vTaskExitCritical+0xb8>)
10009b86:	7808      	ldrb	r0, [r1, #0]
10009b88:	b338      	cbz	r0, 10009bda <vTaskExitCritical+0x96>
10009b8a:	7808      	ldrb	r0, [r1, #0]
10009b8c:	3801      	subs	r0, #1
10009b8e:	b2c0      	uxtb	r0, r0
10009b90:	7008      	strb	r0, [r1, #0]
10009b92:	b920      	cbnz	r0, 10009b9e <vTaskExitCritical+0x5a>
10009b94:	f802 0013 	strb.w	r0, [r2, r3, lsl #1]
10009b98:	4d19      	ldr	r5, [pc, #100]	@ (10009c00 <vTaskExitCritical+0xbc>)
10009b9a:	e8c5 0f8f 	stlb	r0, [r5]
10009b9e:	eb02 0243 	add.w	r2, r2, r3, lsl #1
10009ba2:	7853      	ldrb	r3, [r2, #1]
10009ba4:	b1e3      	cbz	r3, 10009be0 <vTaskExitCritical+0x9c>
10009ba6:	784b      	ldrb	r3, [r1, #1]
10009ba8:	b1eb      	cbz	r3, 10009be6 <vTaskExitCritical+0xa2>
10009baa:	784b      	ldrb	r3, [r1, #1]
10009bac:	3b01      	subs	r3, #1
10009bae:	b2db      	uxtb	r3, r3
10009bb0:	704b      	strb	r3, [r1, #1]
10009bb2:	b91b      	cbnz	r3, 10009bbc <vTaskExitCritical+0x78>
10009bb4:	7053      	strb	r3, [r2, #1]
10009bb6:	4a13      	ldr	r2, [pc, #76]	@ (10009c04 <vTaskExitCritical+0xc0>)
10009bb8:	e8c2 3f8f 	stlb	r3, [r2]
10009bbc:	2000      	movs	r0, #0
10009bbe:	f7fd fbb7 	bl	10007330 <vClearInterruptMask>
10009bc2:	b11c      	cbz	r4, 10009bcc <vTaskExitCritical+0x88>
10009bc4:	e8bd 4038 	ldmia.w	sp!, {r3, r4, r5, lr}
10009bc8:	f7fd b984 	b.w	10006ed4 <vPortYield>
10009bcc:	bd38      	pop	{r3, r4, r5, pc}
10009bce:	f7fd fba3 	bl	10007318 <ulSetInterruptMask>
10009bd2:	e7fe      	b.n	10009bd2 <vTaskExitCritical+0x8e>
10009bd4:	f7fd fba0 	bl	10007318 <ulSetInterruptMask>
10009bd8:	e7fe      	b.n	10009bd8 <vTaskExitCritical+0x94>
10009bda:	f7fd fb9d 	bl	10007318 <ulSetInterruptMask>
10009bde:	e7fe      	b.n	10009bde <vTaskExitCritical+0x9a>
10009be0:	f7fd fb9a 	bl	10007318 <ulSetInterruptMask>
10009be4:	e7fe      	b.n	10009be4 <vTaskExitCritical+0xa0>
10009be6:	f7fd fb97 	bl	10007318 <ulSetInterruptMask>
10009bea:	e7fe      	b.n	10009bea <vTaskExitCritical+0xa6>
10009bec:	20012528 	.word	0x20012528
10009bf0:	2001245c 	.word	0x2001245c
10009bf4:	20012568 	.word	0x20012568
10009bf8:	20012454 	.word	0x20012454
10009bfc:	20012458 	.word	0x20012458
10009c00:	20001b04 	.word	0x20001b04
10009c04:	20001b05 	.word	0x20001b05

10009c08 <prvAddNewTaskToReadyList>:
10009c08:	e92d 41f0 	stmdb	sp!, {r4, r5, r6, r7, r8, lr}
10009c0c:	4604      	mov	r4, r0
10009c0e:	f7ff feab 	bl	10009968 <vTaskEnterCritical>
10009c12:	4a2c      	ldr	r2, [pc, #176]	@ (10009cc4 <prvAddNewTaskToReadyList+0xbc>)
10009c14:	4e2c      	ldr	r6, [pc, #176]	@ (10009cc8 <prvAddNewTaskToReadyList+0xc0>)
10009c16:	6813      	ldr	r3, [r2, #0]
10009c18:	3301      	adds	r3, #1
10009c1a:	6013      	str	r3, [r2, #0]
10009c1c:	6833      	ldr	r3, [r6, #0]
10009c1e:	b323      	cbz	r3, 10009c6a <prvAddNewTaskToReadyList+0x62>
10009c20:	4d2a      	ldr	r5, [pc, #168]	@ (10009ccc <prvAddNewTaskToReadyList+0xc4>)
10009c22:	4a2b      	ldr	r2, [pc, #172]	@ (10009cd0 <prvAddNewTaskToReadyList+0xc8>)
10009c24:	6813      	ldr	r3, [r2, #0]
10009c26:	3301      	adds	r3, #1
10009c28:	6013      	str	r3, [r2, #0]
10009c2a:	4a2a      	ldr	r2, [pc, #168]	@ (10009cd4 <prvAddNewTaskToReadyList+0xcc>)
10009c2c:	6b23      	ldr	r3, [r4, #48]	@ 0x30
10009c2e:	6811      	ldr	r1, [r2, #0]
10009c30:	428b      	cmp	r3, r1
10009c32:	bf88      	it	hi
10009c34:	6013      	strhi	r3, [r2, #0]
10009c36:	eb03 0383 	add.w	r3, r3, r3, lsl #2
10009c3a:	0098      	lsls	r0, r3, #2
10009c3c:	eb05 0383 	add.w	r3, r5, r3, lsl #2
10009c40:	6859      	ldr	r1, [r3, #4]
10009c42:	582a      	ldr	r2, [r5, r0]
10009c44:	688f      	ldr	r7, [r1, #8]
10009c46:	f8d6 c000 	ldr.w	ip, [r6]
10009c4a:	3201      	adds	r2, #1
10009c4c:	f104 0608 	add.w	r6, r4, #8
10009c50:	60e1      	str	r1, [r4, #12]
10009c52:	6127      	str	r7, [r4, #16]
10009c54:	607e      	str	r6, [r7, #4]
10009c56:	608e      	str	r6, [r1, #8]
10009c58:	61a3      	str	r3, [r4, #24]
10009c5a:	502a      	str	r2, [r5, r0]
10009c5c:	f1bc 0f00 	cmp.w	ip, #0
10009c60:	d128      	bne.n	10009cb4 <prvAddNewTaskToReadyList+0xac>
10009c62:	e8bd 41f0 	ldmia.w	sp!, {r4, r5, r6, r7, r8, lr}
10009c66:	f7ff bf6d 	b.w	10009b44 <vTaskExitCritical>
10009c6a:	6813      	ldr	r3, [r2, #0]
10009c6c:	4d17      	ldr	r5, [pc, #92]	@ (10009ccc <prvAddNewTaskToReadyList+0xc4>)
10009c6e:	2b01      	cmp	r3, #1
10009c70:	d1d7      	bne.n	10009c22 <prvAddNewTaskToReadyList+0x1a>
10009c72:	462f      	mov	r7, r5
10009c74:	f105 0864 	add.w	r8, r5, #100	@ 0x64
10009c78:	4638      	mov	r0, r7
10009c7a:	3714      	adds	r7, #20
10009c7c:	f7fd fcca 	bl	10007614 <vListInitialise>
10009c80:	4547      	cmp	r7, r8
10009c82:	d1f9      	bne.n	10009c78 <prvAddNewTaskToReadyList+0x70>
10009c84:	f8df 8068 	ldr.w	r8, [pc, #104]	@ 10009cf0 <prvAddNewTaskToReadyList+0xe8>
10009c88:	4f13      	ldr	r7, [pc, #76]	@ (10009cd8 <prvAddNewTaskToReadyList+0xd0>)
10009c8a:	4640      	mov	r0, r8
10009c8c:	f7fd fcc2 	bl	10007614 <vListInitialise>
10009c90:	4638      	mov	r0, r7
10009c92:	f7fd fcbf 	bl	10007614 <vListInitialise>
10009c96:	4811      	ldr	r0, [pc, #68]	@ (10009cdc <prvAddNewTaskToReadyList+0xd4>)
10009c98:	f7fd fcbc 	bl	10007614 <vListInitialise>
10009c9c:	4810      	ldr	r0, [pc, #64]	@ (10009ce0 <prvAddNewTaskToReadyList+0xd8>)
10009c9e:	f7fd fcb9 	bl	10007614 <vListInitialise>
10009ca2:	4810      	ldr	r0, [pc, #64]	@ (10009ce4 <prvAddNewTaskToReadyList+0xdc>)
10009ca4:	f7fd fcb6 	bl	10007614 <vListInitialise>
10009ca8:	4b0f      	ldr	r3, [pc, #60]	@ (10009ce8 <prvAddNewTaskToReadyList+0xe0>)
10009caa:	f8c3 8000 	str.w	r8, [r3]
10009cae:	4b0f      	ldr	r3, [pc, #60]	@ (10009cec <prvAddNewTaskToReadyList+0xe4>)
10009cb0:	601f      	str	r7, [r3, #0]
10009cb2:	e7b6      	b.n	10009c22 <prvAddNewTaskToReadyList+0x1a>
10009cb4:	4620      	mov	r0, r4
10009cb6:	f7fe fadf 	bl	10008278 <prvYieldForTask>
10009cba:	e8bd 41f0 	ldmia.w	sp!, {r4, r5, r6, r7, r8, lr}
10009cbe:	f7ff bf41 	b.w	10009b44 <vTaskExitCritical>
10009cc2:	bf00      	nop
10009cc4:	2001247c 	.word	0x2001247c
10009cc8:	20012528 	.word	0x20012528
10009ccc:	200023d4 	.word	0x200023d4
10009cd0:	20012488 	.word	0x20012488
10009cd4:	2001248c 	.word	0x2001248c
10009cd8:	200124d0 	.word	0x200124d0
10009cdc:	20012514 	.word	0x20012514
10009ce0:	20012548 	.word	0x20012548
10009ce4:	20012534 	.word	0x20012534
10009ce8:	200023c4 	.word	0x200023c4
10009cec:	200023cc 	.word	0x200023cc
10009cf0:	200124bc 	.word	0x200124bc

10009cf4 <xTaskCreate>:
10009cf4:	e92d 4ff8 	stmdb	sp!, {r3, r4, r5, r6, r7, r8, r9, sl, fp, lr}
10009cf8:	0097      	lsls	r7, r2, #2
10009cfa:	4681      	mov	r9, r0
10009cfc:	4638      	mov	r0, r7
10009cfe:	4690      	mov	r8, r2
10009d00:	460d      	mov	r5, r1
10009d02:	469a      	mov	sl, r3
10009d04:	f8dd b028 	ldr.w	fp, [sp, #40]	@ 0x28
10009d08:	f001 f860 	bl	1000adcc <pvPortMalloc>
10009d0c:	2800      	cmp	r0, #0
10009d0e:	f000 808e 	beq.w	10009e2e <xTaskCreate+0x13a>
10009d12:	4606      	mov	r6, r0
10009d14:	2060      	movs	r0, #96	@ 0x60
10009d16:	f001 f859 	bl	1000adcc <pvPortMalloc>
10009d1a:	4604      	mov	r4, r0
10009d1c:	2800      	cmp	r0, #0
10009d1e:	f000 8083 	beq.w	10009e28 <xTaskCreate+0x134>
10009d22:	2260      	movs	r2, #96	@ 0x60
10009d24:	2100      	movs	r1, #0
10009d26:	f001 f979 	bl	1000b01c <memset>
10009d2a:	6366      	str	r6, [r4, #52]	@ 0x34
10009d2c:	2d00      	cmp	r5, #0
10009d2e:	d03b      	beq.n	10009da8 <xTaskCreate+0xb4>
10009d30:	782b      	ldrb	r3, [r5, #0]
10009d32:	f884 3040 	strb.w	r3, [r4, #64]	@ 0x40
10009d36:	2b00      	cmp	r3, #0
10009d38:	d036      	beq.n	10009da8 <xTaskCreate+0xb4>
10009d3a:	786b      	ldrb	r3, [r5, #1]
10009d3c:	f884 3041 	strb.w	r3, [r4, #65]	@ 0x41
10009d40:	b393      	cbz	r3, 10009da8 <xTaskCreate+0xb4>
10009d42:	78ab      	ldrb	r3, [r5, #2]
10009d44:	f884 3042 	strb.w	r3, [r4, #66]	@ 0x42
10009d48:	b373      	cbz	r3, 10009da8 <xTaskCreate+0xb4>
10009d4a:	78eb      	ldrb	r3, [r5, #3]
10009d4c:	f884 3043 	strb.w	r3, [r4, #67]	@ 0x43
10009d50:	b353      	cbz	r3, 10009da8 <xTaskCreate+0xb4>
10009d52:	792b      	ldrb	r3, [r5, #4]
10009d54:	f884 3044 	strb.w	r3, [r4, #68]	@ 0x44
10009d58:	b333      	cbz	r3, 10009da8 <xTaskCreate+0xb4>
10009d5a:	796b      	ldrb	r3, [r5, #5]
10009d5c:	f884 3045 	strb.w	r3, [r4, #69]	@ 0x45
10009d60:	b313      	cbz	r3, 10009da8 <xTaskCreate+0xb4>
10009d62:	79ab      	ldrb	r3, [r5, #6]
10009d64:	f884 3046 	strb.w	r3, [r4, #70]	@ 0x46
10009d68:	b1f3      	cbz	r3, 10009da8 <xTaskCreate+0xb4>
10009d6a:	79eb      	ldrb	r3, [r5, #7]
10009d6c:	f884 3047 	strb.w	r3, [r4, #71]	@ 0x47
10009d70:	b1d3      	cbz	r3, 10009da8 <xTaskCreate+0xb4>
10009d72:	7a2b      	ldrb	r3, [r5, #8]
10009d74:	f884 3048 	strb.w	r3, [r4, #72]	@ 0x48
10009d78:	b1b3      	cbz	r3, 10009da8 <xTaskCreate+0xb4>
10009d7a:	7a6b      	ldrb	r3, [r5, #9]
10009d7c:	f884 3049 	strb.w	r3, [r4, #73]	@ 0x49
10009d80:	b193      	cbz	r3, 10009da8 <xTaskCreate+0xb4>
10009d82:	7aab      	ldrb	r3, [r5, #10]
10009d84:	f884 304a 	strb.w	r3, [r4, #74]	@ 0x4a
10009d88:	b173      	cbz	r3, 10009da8 <xTaskCreate+0xb4>
10009d8a:	7aeb      	ldrb	r3, [r5, #11]
10009d8c:	f884 304b 	strb.w	r3, [r4, #75]	@ 0x4b
10009d90:	b153      	cbz	r3, 10009da8 <xTaskCreate+0xb4>
10009d92:	7b2b      	ldrb	r3, [r5, #12]
10009d94:	f884 304c 	strb.w	r3, [r4, #76]	@ 0x4c
10009d98:	b133      	cbz	r3, 10009da8 <xTaskCreate+0xb4>
10009d9a:	7b6b      	ldrb	r3, [r5, #13]
10009d9c:	f884 304d 	strb.w	r3, [r4, #77]	@ 0x4d
10009da0:	b113      	cbz	r3, 10009da8 <xTaskCreate+0xb4>
10009da2:	7bab      	ldrb	r3, [r5, #14]
10009da4:	f884 304e 	strb.w	r3, [r4, #78]	@ 0x4e
10009da8:	f1bb 0f04 	cmp.w	fp, #4
10009dac:	d834      	bhi.n	10009e18 <xTaskCreate+0x124>
10009dae:	f104 0008 	add.w	r0, r4, #8
10009db2:	1f3d      	subs	r5, r7, #4
10009db4:	f8c4 b030 	str.w	fp, [r4, #48]	@ 0x30
10009db8:	f8c4 b050 	str.w	fp, [r4, #80]	@ 0x50
10009dbc:	f7fd fc36 	bl	1000762c <vListInitialiseItem>
10009dc0:	4435      	add	r5, r6
10009dc2:	f104 001c 	add.w	r0, r4, #28
10009dc6:	f7fd fc31 	bl	1000762c <vListInitialiseItem>
10009dca:	f025 0507 	bic.w	r5, r5, #7
10009dce:	f1cb 0305 	rsb	r3, fp, #5
10009dd2:	4628      	mov	r0, r5
10009dd4:	61e3      	str	r3, [r4, #28]
10009dd6:	464a      	mov	r2, r9
10009dd8:	4653      	mov	r3, sl
10009dda:	6b61      	ldr	r1, [r4, #52]	@ 0x34
10009ddc:	6164      	str	r4, [r4, #20]
10009dde:	62a4      	str	r4, [r4, #40]	@ 0x28
10009de0:	f7fd f8a0 	bl	10006f24 <pxPortInitialiseStack>
10009de4:	1a2d      	subs	r5, r5, r0
10009de6:	ebb8 0fa5 	cmp.w	r8, r5, asr #2
10009dea:	6020      	str	r0, [r4, #0]
10009dec:	d923      	bls.n	10009e36 <xTaskCreate+0x142>
10009dee:	f04f 32ff 	mov.w	r2, #4294967295	@ 0xffffffff
10009df2:	4b12      	ldr	r3, [pc, #72]	@ (10009e3c <xTaskCreate+0x148>)
10009df4:	63a2      	str	r2, [r4, #56]	@ 0x38
10009df6:	4599      	cmp	r9, r3
10009df8:	d011      	beq.n	10009e1e <xTaskCreate+0x12a>
10009dfa:	4b11      	ldr	r3, [pc, #68]	@ (10009e40 <xTaskCreate+0x14c>)
10009dfc:	4599      	cmp	r9, r3
10009dfe:	d00e      	beq.n	10009e1e <xTaskCreate+0x12a>
10009e00:	9b0b      	ldr	r3, [sp, #44]	@ 0x2c
10009e02:	b103      	cbz	r3, 10009e06 <xTaskCreate+0x112>
10009e04:	601c      	str	r4, [r3, #0]
10009e06:	f04f 33ff 	mov.w	r3, #4294967295	@ 0xffffffff
10009e0a:	4620      	mov	r0, r4
10009e0c:	6063      	str	r3, [r4, #4]
10009e0e:	f7ff fefb 	bl	10009c08 <prvAddNewTaskToReadyList>
10009e12:	2001      	movs	r0, #1
10009e14:	e8bd 8ff8 	ldmia.w	sp!, {r3, r4, r5, r6, r7, r8, r9, sl, fp, pc}
10009e18:	f7fd fa7e 	bl	10007318 <ulSetInterruptMask>
10009e1c:	e7fe      	b.n	10009e1c <xTaskCreate+0x128>
10009e1e:	6be3      	ldr	r3, [r4, #60]	@ 0x3c
10009e20:	f043 0301 	orr.w	r3, r3, #1
10009e24:	63e3      	str	r3, [r4, #60]	@ 0x3c
10009e26:	e7eb      	b.n	10009e00 <xTaskCreate+0x10c>
10009e28:	4630      	mov	r0, r6
10009e2a:	f001 f883 	bl	1000af34 <vPortFree>
10009e2e:	f04f 30ff 	mov.w	r0, #4294967295	@ 0xffffffff
10009e32:	e8bd 8ff8 	ldmia.w	sp!, {r3, r4, r5, r6, r7, r8, r9, sl, fp, pc}
10009e36:	f7fd fa6f 	bl	10007318 <ulSetInterruptMask>
10009e3a:	e7fe      	b.n	10009e3a <xTaskCreate+0x146>
10009e3c:	1000a3b9 	.word	0x1000a3b9
10009e40:	10008259 	.word	0x10008259

10009e44 <xTaskCreateAffinitySet>:
10009e44:	e92d 4ff8 	stmdb	sp!, {r3, r4, r5, r6, r7, r8, r9, sl, fp, lr}
10009e48:	0097      	lsls	r7, r2, #2
10009e4a:	4681      	mov	r9, r0
10009e4c:	4638      	mov	r0, r7
10009e4e:	4690      	mov	r8, r2
10009e50:	460d      	mov	r5, r1
10009e52:	469a      	mov	sl, r3
10009e54:	f8dd b028 	ldr.w	fp, [sp, #40]	@ 0x28
10009e58:	f000 ffb8 	bl	1000adcc <pvPortMalloc>
10009e5c:	2800      	cmp	r0, #0
10009e5e:	f000 808d 	beq.w	10009f7c <xTaskCreateAffinitySet+0x138>
10009e62:	4606      	mov	r6, r0
10009e64:	2060      	movs	r0, #96	@ 0x60
10009e66:	f000 ffb1 	bl	1000adcc <pvPortMalloc>
10009e6a:	4604      	mov	r4, r0
10009e6c:	2800      	cmp	r0, #0
10009e6e:	f000 8082 	beq.w	10009f76 <xTaskCreateAffinitySet+0x132>
10009e72:	2260      	movs	r2, #96	@ 0x60
10009e74:	2100      	movs	r1, #0
10009e76:	f001 f8d1 	bl	1000b01c <memset>
10009e7a:	6366      	str	r6, [r4, #52]	@ 0x34
10009e7c:	2d00      	cmp	r5, #0
10009e7e:	d03b      	beq.n	10009ef8 <xTaskCreateAffinitySet+0xb4>
10009e80:	782b      	ldrb	r3, [r5, #0]
10009e82:	f884 3040 	strb.w	r3, [r4, #64]	@ 0x40
10009e86:	2b00      	cmp	r3, #0
10009e88:	d036      	beq.n	10009ef8 <xTaskCreateAffinitySet+0xb4>
10009e8a:	786b      	ldrb	r3, [r5, #1]
10009e8c:	f884 3041 	strb.w	r3, [r4, #65]	@ 0x41
10009e90:	b393      	cbz	r3, 10009ef8 <xTaskCreateAffinitySet+0xb4>
10009e92:	78ab      	ldrb	r3, [r5, #2]
10009e94:	f884 3042 	strb.w	r3, [r4, #66]	@ 0x42
10009e98:	b373      	cbz	r3, 10009ef8 <xTaskCreateAffinitySet+0xb4>
10009e9a:	78eb      	ldrb	r3, [r5, #3]
10009e9c:	f884 3043 	strb.w	r3, [r4, #67]	@ 0x43
10009ea0:	b353      	cbz	r3, 10009ef8 <xTaskCreateAffinitySet+0xb4>
10009ea2:	792b      	ldrb	r3, [r5, #4]
10009ea4:	f884 3044 	strb.w	r3, [r4, #68]	@ 0x44
10009ea8:	b333      	cbz	r3, 10009ef8 <xTaskCreateAffinitySet+0xb4>
10009eaa:	796b      	ldrb	r3, [r5, #5]
10009eac:	f884 3045 	strb.w	r3, [r4, #69]	@ 0x45
10009eb0:	b313      	cbz	r3, 10009ef8 <xTaskCreateAffinitySet+0xb4>
10009eb2:	79ab      	ldrb	r3, [r5, #6]
10009eb4:	f884 3046 	strb.w	r3, [r4, #70]	@ 0x46
10009eb8:	b1f3      	cbz	r3, 10009ef8 <xTaskCreateAffinitySet+0xb4>
10009eba:	79eb      	ldrb	r3, [r5, #7]
10009ebc:	f884 3047 	strb.w	r3, [r4, #71]	@ 0x47
10009ec0:	b1d3      	cbz	r3, 10009ef8 <xTaskCreateAffinitySet+0xb4>
10009ec2:	7a2b      	ldrb	r3, [r5, #8]
10009ec4:	f884 3048 	strb.w	r3, [r4, #72]	@ 0x48
10009ec8:	b1b3      	cbz	r3, 10009ef8 <xTaskCreateAffinitySet+0xb4>
10009eca:	7a6b      	ldrb	r3, [r5, #9]
10009ecc:	f884 3049 	strb.w	r3, [r4, #73]	@ 0x49
10009ed0:	b193      	cbz	r3, 10009ef8 <xTaskCreateAffinitySet+0xb4>
10009ed2:	7aab      	ldrb	r3, [r5, #10]
10009ed4:	f884 304a 	strb.w	r3, [r4, #74]	@ 0x4a
10009ed8:	b173      	cbz	r3, 10009ef8 <xTaskCreateAffinitySet+0xb4>
10009eda:	7aeb      	ldrb	r3, [r5, #11]
10009edc:	f884 304b 	strb.w	r3, [r4, #75]	@ 0x4b
10009ee0:	b153      	cbz	r3, 10009ef8 <xTaskCreateAffinitySet+0xb4>
10009ee2:	7b2b      	ldrb	r3, [r5, #12]
10009ee4:	f884 304c 	strb.w	r3, [r4, #76]	@ 0x4c
10009ee8:	b133      	cbz	r3, 10009ef8 <xTaskCreateAffinitySet+0xb4>
10009eea:	7b6b      	ldrb	r3, [r5, #13]
10009eec:	f884 304d 	strb.w	r3, [r4, #77]	@ 0x4d
10009ef0:	b113      	cbz	r3, 10009ef8 <xTaskCreateAffinitySet+0xb4>
10009ef2:	7bab      	ldrb	r3, [r5, #14]
10009ef4:	f884 304e 	strb.w	r3, [r4, #78]	@ 0x4e
10009ef8:	f1bb 0f04 	cmp.w	fp, #4
10009efc:	d833      	bhi.n	10009f66 <xTaskCreateAffinitySet+0x122>
10009efe:	f104 0008 	add.w	r0, r4, #8
10009f02:	1f3d      	subs	r5, r7, #4
10009f04:	f8c4 b030 	str.w	fp, [r4, #48]	@ 0x30
10009f08:	f8c4 b050 	str.w	fp, [r4, #80]	@ 0x50
10009f0c:	f7fd fb8e 	bl	1000762c <vListInitialiseItem>
10009f10:	4435      	add	r5, r6
10009f12:	f104 001c 	add.w	r0, r4, #28
10009f16:	f7fd fb89 	bl	1000762c <vListInitialiseItem>
10009f1a:	f025 0507 	bic.w	r5, r5, #7
10009f1e:	f1cb 0305 	rsb	r3, fp, #5
10009f22:	4628      	mov	r0, r5
10009f24:	61e3      	str	r3, [r4, #28]
10009f26:	464a      	mov	r2, r9
10009f28:	4653      	mov	r3, sl
10009f2a:	6b61      	ldr	r1, [r4, #52]	@ 0x34
10009f2c:	6164      	str	r4, [r4, #20]
10009f2e:	62a4      	str	r4, [r4, #40]	@ 0x28
10009f30:	f7fc fff8 	bl	10006f24 <pxPortInitialiseStack>
10009f34:	1a2d      	subs	r5, r5, r0
10009f36:	ebb8 0fa5 	cmp.w	r8, r5, asr #2
10009f3a:	6020      	str	r0, [r4, #0]
10009f3c:	d922      	bls.n	10009f84 <xTaskCreateAffinitySet+0x140>
10009f3e:	f04f 32ff 	mov.w	r2, #4294967295	@ 0xffffffff
10009f42:	4b12      	ldr	r3, [pc, #72]	@ (10009f8c <xTaskCreateAffinitySet+0x148>)
10009f44:	63a2      	str	r2, [r4, #56]	@ 0x38
10009f46:	4599      	cmp	r9, r3
10009f48:	d010      	beq.n	10009f6c <xTaskCreateAffinitySet+0x128>
10009f4a:	4b11      	ldr	r3, [pc, #68]	@ (10009f90 <xTaskCreateAffinitySet+0x14c>)
10009f4c:	4599      	cmp	r9, r3
10009f4e:	d00d      	beq.n	10009f6c <xTaskCreateAffinitySet+0x128>
10009f50:	9b0c      	ldr	r3, [sp, #48]	@ 0x30
10009f52:	b103      	cbz	r3, 10009f56 <xTaskCreateAffinitySet+0x112>
10009f54:	601c      	str	r4, [r3, #0]
10009f56:	9b0b      	ldr	r3, [sp, #44]	@ 0x2c
10009f58:	4620      	mov	r0, r4
10009f5a:	6063      	str	r3, [r4, #4]
10009f5c:	f7ff fe54 	bl	10009c08 <prvAddNewTaskToReadyList>
10009f60:	2001      	movs	r0, #1
10009f62:	e8bd 8ff8 	ldmia.w	sp!, {r3, r4, r5, r6, r7, r8, r9, sl, fp, pc}
10009f66:	f7fd f9d7 	bl	10007318 <ulSetInterruptMask>
10009f6a:	e7fe      	b.n	10009f6a <xTaskCreateAffinitySet+0x126>
10009f6c:	6be3      	ldr	r3, [r4, #60]	@ 0x3c
10009f6e:	f043 0301 	orr.w	r3, r3, #1
10009f72:	63e3      	str	r3, [r4, #60]	@ 0x3c
10009f74:	e7ec      	b.n	10009f50 <xTaskCreateAffinitySet+0x10c>
10009f76:	4630      	mov	r0, r6
10009f78:	f000 ffdc 	bl	1000af34 <vPortFree>
10009f7c:	f04f 30ff 	mov.w	r0, #4294967295	@ 0xffffffff
10009f80:	e8bd 8ff8 	ldmia.w	sp!, {r3, r4, r5, r6, r7, r8, r9, sl, fp, pc}
10009f84:	f7fd f9c8 	bl	10007318 <ulSetInterruptMask>
10009f88:	e7fe      	b.n	10009f88 <xTaskCreateAffinitySet+0x144>
10009f8a:	bf00      	nop
10009f8c:	1000a3b9 	.word	0x1000a3b9
10009f90:	10008259 	.word	0x10008259

10009f94 <vTaskStartScheduler>:
10009f94:	e92d 4ff8 	stmdb	sp!, {r3, r4, r5, r6, r7, r8, r9, sl, fp, lr}
10009f98:	f8df 9104 	ldr.w	r9, [pc, #260]	@ 1000a0a0 <vTaskStartScheduler+0x10c>
10009f9c:	2600      	movs	r6, #0
10009f9e:	46c8      	mov	r8, r9
10009fa0:	4f39      	ldr	r7, [pc, #228]	@ (1000a088 <vTaskStartScheduler+0xf4>)
10009fa2:	f8df b100 	ldr.w	fp, [pc, #256]	@ 1000a0a4 <vTaskStartScheduler+0x110>
10009fa6:	f8df a100 	ldr.w	sl, [pc, #256]	@ 1000a0a8 <vTaskStartScheduler+0x114>
10009faa:	f44f 6080 	mov.w	r0, #1024	@ 0x400
10009fae:	f000 ff0d 	bl	1000adcc <pvPortMalloc>
10009fb2:	4605      	mov	r5, r0
10009fb4:	2800      	cmp	r0, #0
10009fb6:	d058      	beq.n	1000a06a <vTaskStartScheduler+0xd6>
10009fb8:	2060      	movs	r0, #96	@ 0x60
10009fba:	f000 ff07 	bl	1000adcc <pvPortMalloc>
10009fbe:	4604      	mov	r4, r0
10009fc0:	2800      	cmp	r0, #0
10009fc2:	d04f      	beq.n	1000a064 <vTaskStartScheduler+0xd0>
10009fc4:	2260      	movs	r2, #96	@ 0x60
10009fc6:	2100      	movs	r1, #0
10009fc8:	f001 f828 	bl	1000b01c <memset>
10009fcc:	4b2f      	ldr	r3, [pc, #188]	@ (1000a08c <vTaskStartScheduler+0xf8>)
10009fce:	6365      	str	r5, [r4, #52]	@ 0x34
10009fd0:	6423      	str	r3, [r4, #64]	@ 0x40
10009fd2:	f106 0330 	add.w	r3, r6, #48	@ 0x30
10009fd6:	f884 3044 	strb.w	r3, [r4, #68]	@ 0x44
10009fda:	f104 0008 	add.w	r0, r4, #8
10009fde:	f7fd fb25 	bl	1000762c <vListInitialiseItem>
10009fe2:	f104 001c 	add.w	r0, r4, #28
10009fe6:	f7fd fb21 	bl	1000762c <vListInitialiseItem>
10009fea:	2305      	movs	r3, #5
10009fec:	f505 757f 	add.w	r5, r5, #1020	@ 0x3fc
10009ff0:	f025 0507 	bic.w	r5, r5, #7
10009ff4:	4628      	mov	r0, r5
10009ff6:	61e3      	str	r3, [r4, #28]
10009ff8:	4642      	mov	r2, r8
10009ffa:	2300      	movs	r3, #0
10009ffc:	6b61      	ldr	r1, [r4, #52]	@ 0x34
10009ffe:	6164      	str	r4, [r4, #20]
1000a000:	62a4      	str	r4, [r4, #40]	@ 0x28
1000a002:	f7fc ff8f 	bl	10006f24 <pxPortInitialiseStack>
1000a006:	1a2d      	subs	r5, r5, r0
1000a008:	f5b5 7f7f 	cmp.w	r5, #1020	@ 0x3fc
1000a00c:	6020      	str	r0, [r4, #0]
1000a00e:	d81c      	bhi.n	1000a04a <vTaskStartScheduler+0xb6>
1000a010:	f04f 33ff 	mov.w	r3, #4294967295	@ 0xffffffff
1000a014:	45c8      	cmp	r8, r9
1000a016:	63a3      	str	r3, [r4, #56]	@ 0x38
1000a018:	d012      	beq.n	1000a040 <vTaskStartScheduler+0xac>
1000a01a:	45d8      	cmp	r8, fp
1000a01c:	d010      	beq.n	1000a040 <vTaskStartScheduler+0xac>
1000a01e:	f04f 35ff 	mov.w	r5, #4294967295	@ 0xffffffff
1000a022:	603c      	str	r4, [r7, #0]
1000a024:	4620      	mov	r0, r4
1000a026:	6065      	str	r5, [r4, #4]
1000a028:	f7ff fdee 	bl	10009c08 <prvAddNewTaskToReadyList>
1000a02c:	f857 3b04 	ldr.w	r3, [r7], #4
1000a030:	f8df 8070 	ldr.w	r8, [pc, #112]	@ 1000a0a4 <vTaskStartScheduler+0x110>
1000a034:	639e      	str	r6, [r3, #56]	@ 0x38
1000a036:	f84a 3026 	str.w	r3, [sl, r6, lsl #2]
1000a03a:	b94e      	cbnz	r6, 1000a050 <vTaskStartScheduler+0xbc>
1000a03c:	2601      	movs	r6, #1
1000a03e:	e7b4      	b.n	10009faa <vTaskStartScheduler+0x16>
1000a040:	6be3      	ldr	r3, [r4, #60]	@ 0x3c
1000a042:	f043 0301 	orr.w	r3, r3, #1
1000a046:	63e3      	str	r3, [r4, #60]	@ 0x3c
1000a048:	e7e9      	b.n	1000a01e <vTaskStartScheduler+0x8a>
1000a04a:	f7fd f965 	bl	10007318 <ulSetInterruptMask>
1000a04e:	e7fe      	b.n	1000a04e <vTaskStartScheduler+0xba>
1000a050:	f000 fd1a 	bl	1000aa88 <xTimerCreateTimerTask>
1000a054:	2801      	cmp	r0, #1
1000a056:	d00b      	beq.n	1000a070 <vTaskStartScheduler+0xdc>
1000a058:	3001      	adds	r0, #1
1000a05a:	d006      	beq.n	1000a06a <vTaskStartScheduler+0xd6>
1000a05c:	4b0c      	ldr	r3, [pc, #48]	@ (1000a090 <vTaskStartScheduler+0xfc>)
1000a05e:	681b      	ldr	r3, [r3, #0]
1000a060:	e8bd 8ff8 	ldmia.w	sp!, {r3, r4, r5, r6, r7, r8, r9, sl, fp, pc}
1000a064:	4628      	mov	r0, r5
1000a066:	f000 ff65 	bl	1000af34 <vPortFree>
1000a06a:	f7fd f955 	bl	10007318 <ulSetInterruptMask>
1000a06e:	e7fe      	b.n	1000a06e <vTaskStartScheduler+0xda>
1000a070:	f7fd f952 	bl	10007318 <ulSetInterruptMask>
1000a074:	2200      	movs	r2, #0
1000a076:	4907      	ldr	r1, [pc, #28]	@ (1000a094 <vTaskStartScheduler+0x100>)
1000a078:	4b07      	ldr	r3, [pc, #28]	@ (1000a098 <vTaskStartScheduler+0x104>)
1000a07a:	4808      	ldr	r0, [pc, #32]	@ (1000a09c <vTaskStartScheduler+0x108>)
1000a07c:	6005      	str	r5, [r0, #0]
1000a07e:	600e      	str	r6, [r1, #0]
1000a080:	601a      	str	r2, [r3, #0]
1000a082:	f7fc ff8b 	bl	10006f9c <xPortStartScheduler>
1000a086:	e7e9      	b.n	1000a05c <vTaskStartScheduler+0xc8>
1000a088:	200124ec 	.word	0x200124ec
1000a08c:	454c4449 	.word	0x454c4449
1000a090:	1000b884 	.word	0x1000b884
1000a094:	20012528 	.word	0x20012528
1000a098:	2001255c 	.word	0x2001255c
1000a09c:	20012500 	.word	0x20012500
1000a0a0:	1000a3b9 	.word	0x1000a3b9
1000a0a4:	10008259 	.word	0x10008259
1000a0a8:	200023b8 	.word	0x200023b8

1000a0ac <xTaskResumeAll.part.0>:
1000a0ac:	e92d 47f0 	stmdb	sp!, {r4, r5, r6, r7, r8, r9, sl, lr}
1000a0b0:	f7ff fc5a 	bl	10009968 <vTaskEnterCritical>
1000a0b4:	f04f 4250 	mov.w	r2, #3489660928	@ 0xd0000000
1000a0b8:	4c63      	ldr	r4, [pc, #396]	@ (1000a248 <xTaskResumeAll.part.0+0x19c>)
1000a0ba:	6815      	ldr	r5, [r2, #0]
1000a0bc:	6823      	ldr	r3, [r4, #0]
1000a0be:	b913      	cbnz	r3, 1000a0c6 <xTaskResumeAll.part.0+0x1a>
1000a0c0:	f7fd f92a 	bl	10007318 <ulSetInterruptMask>
1000a0c4:	e7fe      	b.n	1000a0c4 <xTaskResumeAll.part.0+0x18>
1000a0c6:	6822      	ldr	r2, [r4, #0]
1000a0c8:	4b60      	ldr	r3, [pc, #384]	@ (1000a24c <xTaskResumeAll.part.0+0x1a0>)
1000a0ca:	3a01      	subs	r2, #1
1000a0cc:	6022      	str	r2, [r4, #0]
1000a0ce:	eb03 0345 	add.w	r3, r3, r5, lsl #1
1000a0d2:	785a      	ldrb	r2, [r3, #1]
1000a0d4:	2a00      	cmp	r2, #0
1000a0d6:	f000 8081 	beq.w	1000a1dc <xTaskResumeAll.part.0+0x130>
1000a0da:	495d      	ldr	r1, [pc, #372]	@ (1000a250 <xTaskResumeAll.part.0+0x1a4>)
1000a0dc:	784a      	ldrb	r2, [r1, #1]
1000a0de:	2a00      	cmp	r2, #0
1000a0e0:	f000 808c 	beq.w	1000a1fc <xTaskResumeAll.part.0+0x150>
1000a0e4:	784a      	ldrb	r2, [r1, #1]
1000a0e6:	3a01      	subs	r2, #1
1000a0e8:	b2d2      	uxtb	r2, r2
1000a0ea:	704a      	strb	r2, [r1, #1]
1000a0ec:	b91a      	cbnz	r2, 1000a0f6 <xTaskResumeAll.part.0+0x4a>
1000a0ee:	705a      	strb	r2, [r3, #1]
1000a0f0:	4b58      	ldr	r3, [pc, #352]	@ (1000a254 <xTaskResumeAll.part.0+0x1a8>)
1000a0f2:	e8c3 2f8f 	stlb	r2, [r3]
1000a0f6:	6826      	ldr	r6, [r4, #0]
1000a0f8:	2e00      	cmp	r6, #0
1000a0fa:	d172      	bne.n	1000a1e2 <xTaskResumeAll.part.0+0x136>
1000a0fc:	4b56      	ldr	r3, [pc, #344]	@ (1000a258 <xTaskResumeAll.part.0+0x1ac>)
1000a0fe:	681b      	ldr	r3, [r3, #0]
1000a100:	2b00      	cmp	r3, #0
1000a102:	d07e      	beq.n	1000a202 <xTaskResumeAll.part.0+0x156>
1000a104:	f8df c164 	ldr.w	ip, [pc, #356]	@ 1000a26c <xTaskResumeAll.part.0+0x1c0>
1000a108:	f8dc 3000 	ldr.w	r3, [ip]
1000a10c:	2b00      	cmp	r3, #0
1000a10e:	d04f      	beq.n	1000a1b0 <xTaskResumeAll.part.0+0x104>
1000a110:	f8df e15c 	ldr.w	lr, [pc, #348]	@ 1000a270 <xTaskResumeAll.part.0+0x1c4>
1000a114:	4851      	ldr	r0, [pc, #324]	@ (1000a25c <xTaskResumeAll.part.0+0x1b0>)
1000a116:	f8dc 300c 	ldr.w	r3, [ip, #12]
1000a11a:	68db      	ldr	r3, [r3, #12]
1000a11c:	6ada      	ldr	r2, [r3, #44]	@ 0x2c
1000a11e:	e9d3 1708 	ldrd	r1, r7, [r3, #32]
1000a122:	608f      	str	r7, [r1, #8]
1000a124:	6079      	str	r1, [r7, #4]
1000a126:	6851      	ldr	r1, [r2, #4]
1000a128:	f103 081c 	add.w	r8, r3, #28
1000a12c:	4541      	cmp	r1, r8
1000a12e:	6811      	ldr	r1, [r2, #0]
1000a130:	bf08      	it	eq
1000a132:	6057      	streq	r7, [r2, #4]
1000a134:	3901      	subs	r1, #1
1000a136:	62de      	str	r6, [r3, #44]	@ 0x2c
1000a138:	6011      	str	r1, [r2, #0]
1000a13a:	699a      	ldr	r2, [r3, #24]
1000a13c:	68df      	ldr	r7, [r3, #12]
1000a13e:	6919      	ldr	r1, [r3, #16]
1000a140:	f8d2 9004 	ldr.w	r9, [r2, #4]
1000a144:	60b9      	str	r1, [r7, #8]
1000a146:	604f      	str	r7, [r1, #4]
1000a148:	f103 0708 	add.w	r7, r3, #8
1000a14c:	45b9      	cmp	r9, r7
1000a14e:	bf08      	it	eq
1000a150:	6051      	streq	r1, [r2, #4]
1000a152:	6811      	ldr	r1, [r2, #0]
1000a154:	f8de 8000 	ldr.w	r8, [lr]
1000a158:	3901      	subs	r1, #1
1000a15a:	6011      	str	r1, [r2, #0]
1000a15c:	6b1a      	ldr	r2, [r3, #48]	@ 0x30
1000a15e:	4542      	cmp	r2, r8
1000a160:	eb02 0182 	add.w	r1, r2, r2, lsl #2
1000a164:	d94f      	bls.n	1000a206 <xTaskResumeAll.part.0+0x15a>
1000a166:	f8ce 2000 	str.w	r2, [lr]
1000a16a:	460a      	mov	r2, r1
1000a16c:	eb00 0981 	add.w	r9, r0, r1, lsl #2
1000a170:	f8d9 8004 	ldr.w	r8, [r9, #4]
1000a174:	f850 1021 	ldr.w	r1, [r0, r1, lsl #2]
1000a178:	f8d8 a008 	ldr.w	sl, [r8, #8]
1000a17c:	f8c3 800c 	str.w	r8, [r3, #12]
1000a180:	f8c3 a010 	str.w	sl, [r3, #16]
1000a184:	f8ca 7004 	str.w	r7, [sl, #4]
1000a188:	f8c8 7008 	str.w	r7, [r8, #8]
1000a18c:	f8c3 9018 	str.w	r9, [r3, #24]
1000a190:	f8dc 3000 	ldr.w	r3, [ip]
1000a194:	3101      	adds	r1, #1
1000a196:	f840 1022 	str.w	r1, [r0, r2, lsl #2]
1000a19a:	2b00      	cmp	r3, #0
1000a19c:	d1bb      	bne.n	1000a116 <xTaskResumeAll.part.0+0x6a>
1000a19e:	4b30      	ldr	r3, [pc, #192]	@ (1000a260 <xTaskResumeAll.part.0+0x1b4>)
1000a1a0:	681a      	ldr	r2, [r3, #0]
1000a1a2:	6812      	ldr	r2, [r2, #0]
1000a1a4:	2a00      	cmp	r2, #0
1000a1a6:	d149      	bne.n	1000a23c <xTaskResumeAll.part.0+0x190>
1000a1a8:	f04f 32ff 	mov.w	r2, #4294967295	@ 0xffffffff
1000a1ac:	4b2d      	ldr	r3, [pc, #180]	@ (1000a264 <xTaskResumeAll.part.0+0x1b8>)
1000a1ae:	601a      	str	r2, [r3, #0]
1000a1b0:	4f2d      	ldr	r7, [pc, #180]	@ (1000a268 <xTaskResumeAll.part.0+0x1bc>)
1000a1b2:	f8df 90c0 	ldr.w	r9, [pc, #192]	@ 1000a274 <xTaskResumeAll.part.0+0x1c8>
1000a1b6:	683e      	ldr	r6, [r7, #0]
1000a1b8:	b1d6      	cbz	r6, 1000a1f0 <xTaskResumeAll.part.0+0x144>
1000a1ba:	f04f 0801 	mov.w	r8, #1
1000a1be:	e006      	b.n	1000a1ce <xTaskResumeAll.part.0+0x122>
1000a1c0:	f7fe f8c8 	bl	10008354 <xTaskIncrementTick.part.0>
1000a1c4:	b108      	cbz	r0, 1000a1ca <xTaskResumeAll.part.0+0x11e>
1000a1c6:	f849 8025 	str.w	r8, [r9, r5, lsl #2]
1000a1ca:	3e01      	subs	r6, #1
1000a1cc:	d00f      	beq.n	1000a1ee <xTaskResumeAll.part.0+0x142>
1000a1ce:	6823      	ldr	r3, [r4, #0]
1000a1d0:	2b00      	cmp	r3, #0
1000a1d2:	d0f5      	beq.n	1000a1c0 <xTaskResumeAll.part.0+0x114>
1000a1d4:	683b      	ldr	r3, [r7, #0]
1000a1d6:	3301      	adds	r3, #1
1000a1d8:	603b      	str	r3, [r7, #0]
1000a1da:	e7f6      	b.n	1000a1ca <xTaskResumeAll.part.0+0x11e>
1000a1dc:	f7fd f89c 	bl	10007318 <ulSetInterruptMask>
1000a1e0:	e7fe      	b.n	1000a1e0 <xTaskResumeAll.part.0+0x134>
1000a1e2:	2400      	movs	r4, #0
1000a1e4:	f7ff fcae 	bl	10009b44 <vTaskExitCritical>
1000a1e8:	4620      	mov	r0, r4
1000a1ea:	e8bd 87f0 	ldmia.w	sp!, {r4, r5, r6, r7, r8, r9, sl, pc}
1000a1ee:	603e      	str	r6, [r7, #0]
1000a1f0:	f859 4025 	ldr.w	r4, [r9, r5, lsl #2]
1000a1f4:	3c00      	subs	r4, #0
1000a1f6:	bf18      	it	ne
1000a1f8:	2401      	movne	r4, #1
1000a1fa:	e7f3      	b.n	1000a1e4 <xTaskResumeAll.part.0+0x138>
1000a1fc:	f7fd f88c 	bl	10007318 <ulSetInterruptMask>
1000a200:	e7fe      	b.n	1000a200 <xTaskResumeAll.part.0+0x154>
1000a202:	461c      	mov	r4, r3
1000a204:	e7ee      	b.n	1000a1e4 <xTaskResumeAll.part.0+0x138>
1000a206:	eb00 0981 	add.w	r9, r0, r1, lsl #2
1000a20a:	f8d9 8004 	ldr.w	r8, [r9, #4]
1000a20e:	f850 2021 	ldr.w	r2, [r0, r1, lsl #2]
1000a212:	f8d8 a008 	ldr.w	sl, [r8, #8]
1000a216:	f8c3 800c 	str.w	r8, [r3, #12]
1000a21a:	f8c3 a010 	str.w	sl, [r3, #16]
1000a21e:	f8ca 7004 	str.w	r7, [sl, #4]
1000a222:	f8c8 7008 	str.w	r7, [r8, #8]
1000a226:	f8c3 9018 	str.w	r9, [r3, #24]
1000a22a:	f8dc 3000 	ldr.w	r3, [ip]
1000a22e:	3201      	adds	r2, #1
1000a230:	f840 2021 	str.w	r2, [r0, r1, lsl #2]
1000a234:	2b00      	cmp	r3, #0
1000a236:	f47f af6e 	bne.w	1000a116 <xTaskResumeAll.part.0+0x6a>
1000a23a:	e7b0      	b.n	1000a19e <xTaskResumeAll.part.0+0xf2>
1000a23c:	681a      	ldr	r2, [r3, #0]
1000a23e:	4b09      	ldr	r3, [pc, #36]	@ (1000a264 <xTaskResumeAll.part.0+0x1b8>)
1000a240:	68d2      	ldr	r2, [r2, #12]
1000a242:	6812      	ldr	r2, [r2, #0]
1000a244:	601a      	str	r2, [r3, #0]
1000a246:	e7b3      	b.n	1000a1b0 <xTaskResumeAll.part.0+0x104>
1000a248:	20012484 	.word	0x20012484
1000a24c:	20012454 	.word	0x20012454
1000a250:	20012458 	.word	0x20012458
1000a254:	20001b05 	.word	0x20001b05
1000a258:	2001247c 	.word	0x2001247c
1000a25c:	200023d4 	.word	0x200023d4
1000a260:	200023c4 	.word	0x200023c4
1000a264:	20012500 	.word	0x20012500
1000a268:	20012510 	.word	0x20012510
1000a26c:	20012514 	.word	0x20012514
1000a270:	2001248c 	.word	0x2001248c
1000a274:	20012568 	.word	0x20012568

1000a278 <xTaskResumeAll>:
1000a278:	4b02      	ldr	r3, [pc, #8]	@ (1000a284 <xTaskResumeAll+0xc>)
1000a27a:	6818      	ldr	r0, [r3, #0]
1000a27c:	b900      	cbnz	r0, 1000a280 <xTaskResumeAll+0x8>
1000a27e:	4770      	bx	lr
1000a280:	f7ff bf14 	b.w	1000a0ac <xTaskResumeAll.part.0>
1000a284:	20012528 	.word	0x20012528

1000a288 <vTaskDelay>:
1000a288:	b530      	push	{r4, r5, lr}
1000a28a:	b083      	sub	sp, #12
1000a28c:	b180      	cbz	r0, 1000a2b0 <vTaskDelay+0x28>
1000a28e:	4d1c      	ldr	r5, [pc, #112]	@ (1000a300 <vTaskDelay+0x78>)
1000a290:	4604      	mov	r4, r0
1000a292:	682b      	ldr	r3, [r5, #0]
1000a294:	b9f3      	cbnz	r3, 1000a2d4 <vTaskDelay+0x4c>
1000a296:	4b1b      	ldr	r3, [pc, #108]	@ (1000a304 <vTaskDelay+0x7c>)
1000a298:	681b      	ldr	r3, [r3, #0]
1000a29a:	2b01      	cmp	r3, #1
1000a29c:	d002      	beq.n	1000a2a4 <vTaskDelay+0x1c>
1000a29e:	f7fd f83b 	bl	10007318 <ulSetInterruptMask>
1000a2a2:	e7fe      	b.n	1000a2a2 <vTaskDelay+0x1a>
1000a2a4:	2100      	movs	r1, #0
1000a2a6:	4620      	mov	r0, r4
1000a2a8:	f7fe fae4 	bl	10008874 <prvAddCurrentTaskToDelayedList>
1000a2ac:	682b      	ldr	r3, [r5, #0]
1000a2ae:	bb0b      	cbnz	r3, 1000a2f4 <vTaskDelay+0x6c>
1000a2b0:	f7fd f832 	bl	10007318 <ulSetInterruptMask>
1000a2b4:	f04f 4350 	mov.w	r3, #3489660928	@ 0xd0000000
1000a2b8:	4a13      	ldr	r2, [pc, #76]	@ (1000a308 <vTaskDelay+0x80>)
1000a2ba:	681b      	ldr	r3, [r3, #0]
1000a2bc:	f852 2023 	ldr.w	r2, [r2, r3, lsl #2]
1000a2c0:	b17a      	cbz	r2, 1000a2e2 <vTaskDelay+0x5a>
1000a2c2:	2101      	movs	r1, #1
1000a2c4:	4a11      	ldr	r2, [pc, #68]	@ (1000a30c <vTaskDelay+0x84>)
1000a2c6:	f842 1023 	str.w	r1, [r2, r3, lsl #2]
1000a2ca:	b003      	add	sp, #12
1000a2cc:	e8bd 4030 	ldmia.w	sp!, {r4, r5, lr}
1000a2d0:	f7fd b82e 	b.w	10007330 <vClearInterruptMask>
1000a2d4:	f7fe fa20 	bl	10008718 <vTaskSuspendAll.part.0>
1000a2d8:	4b0a      	ldr	r3, [pc, #40]	@ (1000a304 <vTaskDelay+0x7c>)
1000a2da:	681b      	ldr	r3, [r3, #0]
1000a2dc:	2b01      	cmp	r3, #1
1000a2de:	d1de      	bne.n	1000a29e <vTaskDelay+0x16>
1000a2e0:	e7e0      	b.n	1000a2a4 <vTaskDelay+0x1c>
1000a2e2:	9001      	str	r0, [sp, #4]
1000a2e4:	f7fc fdf6 	bl	10006ed4 <vPortYield>
1000a2e8:	9801      	ldr	r0, [sp, #4]
1000a2ea:	b003      	add	sp, #12
1000a2ec:	e8bd 4030 	ldmia.w	sp!, {r4, r5, lr}
1000a2f0:	f7fd b81e 	b.w	10007330 <vClearInterruptMask>
1000a2f4:	f7ff feda 	bl	1000a0ac <xTaskResumeAll.part.0>
1000a2f8:	2800      	cmp	r0, #0
1000a2fa:	d0d9      	beq.n	1000a2b0 <vTaskDelay+0x28>
1000a2fc:	b003      	add	sp, #12
1000a2fe:	bd30      	pop	{r4, r5, pc}
1000a300:	20012528 	.word	0x20012528
1000a304:	20012484 	.word	0x20012484
1000a308:	2001245c 	.word	0x2001245c
1000a30c:	20012568 	.word	0x20012568

1000a310 <vTaskRemoveFromUnorderedEventList>:
1000a310:	b5f8      	push	{r3, r4, r5, r6, r7, lr}
1000a312:	4b26      	ldr	r3, [pc, #152]	@ (1000a3ac <vTaskRemoveFromUnorderedEventList+0x9c>)
1000a314:	681a      	ldr	r2, [r3, #0]
1000a316:	2a00      	cmp	r2, #0
1000a318:	d042      	beq.n	1000a3a0 <vTaskRemoveFromUnorderedEventList+0x90>
1000a31a:	68c4      	ldr	r4, [r0, #12]
1000a31c:	f041 4100 	orr.w	r1, r1, #2147483648	@ 0x80000000
1000a320:	4603      	mov	r3, r0
1000a322:	6001      	str	r1, [r0, #0]
1000a324:	2c00      	cmp	r4, #0
1000a326:	d03e      	beq.n	1000a3a6 <vTaskRemoveFromUnorderedEventList+0x96>
1000a328:	2700      	movs	r7, #0
1000a32a:	6902      	ldr	r2, [r0, #16]
1000a32c:	e9d0 0101 	ldrd	r0, r1, [r0, #4]
1000a330:	6081      	str	r1, [r0, #8]
1000a332:	6048      	str	r0, [r1, #4]
1000a334:	6850      	ldr	r0, [r2, #4]
1000a336:	e9d4 6503 	ldrd	r6, r5, [r4, #12]
1000a33a:	4298      	cmp	r0, r3
1000a33c:	bf08      	it	eq
1000a33e:	6051      	streq	r1, [r2, #4]
1000a340:	6811      	ldr	r1, [r2, #0]
1000a342:	611f      	str	r7, [r3, #16]
1000a344:	69a3      	ldr	r3, [r4, #24]
1000a346:	3901      	subs	r1, #1
1000a348:	6011      	str	r1, [r2, #0]
1000a34a:	685a      	ldr	r2, [r3, #4]
1000a34c:	f104 0008 	add.w	r0, r4, #8
1000a350:	4282      	cmp	r2, r0
1000a352:	681a      	ldr	r2, [r3, #0]
1000a354:	4916      	ldr	r1, [pc, #88]	@ (1000a3b0 <vTaskRemoveFromUnorderedEventList+0xa0>)
1000a356:	f102 32ff 	add.w	r2, r2, #4294967295	@ 0xffffffff
1000a35a:	60b5      	str	r5, [r6, #8]
1000a35c:	606e      	str	r6, [r5, #4]
1000a35e:	bf08      	it	eq
1000a360:	605d      	streq	r5, [r3, #4]
1000a362:	601a      	str	r2, [r3, #0]
1000a364:	6b23      	ldr	r3, [r4, #48]	@ 0x30
1000a366:	680a      	ldr	r2, [r1, #0]
1000a368:	4293      	cmp	r3, r2
1000a36a:	4a12      	ldr	r2, [pc, #72]	@ (1000a3b4 <vTaskRemoveFromUnorderedEventList+0xa4>)
1000a36c:	bf88      	it	hi
1000a36e:	600b      	strhi	r3, [r1, #0]
1000a370:	eb03 0383 	add.w	r3, r3, r3, lsl #2
1000a374:	009d      	lsls	r5, r3, #2
1000a376:	eb02 0383 	add.w	r3, r2, r3, lsl #2
1000a37a:	6859      	ldr	r1, [r3, #4]
1000a37c:	688e      	ldr	r6, [r1, #8]
1000a37e:	60e1      	str	r1, [r4, #12]
1000a380:	6126      	str	r6, [r4, #16]
1000a382:	6070      	str	r0, [r6, #4]
1000a384:	6088      	str	r0, [r1, #8]
1000a386:	5951      	ldr	r1, [r2, r5]
1000a388:	61a3      	str	r3, [r4, #24]
1000a38a:	3101      	adds	r1, #1
1000a38c:	5151      	str	r1, [r2, r5]
1000a38e:	f7ff faeb 	bl	10009968 <vTaskEnterCritical>
1000a392:	4620      	mov	r0, r4
1000a394:	f7fd ff70 	bl	10008278 <prvYieldForTask>
1000a398:	e8bd 40f8 	ldmia.w	sp!, {r3, r4, r5, r6, r7, lr}
1000a39c:	f7ff bbd2 	b.w	10009b44 <vTaskExitCritical>
1000a3a0:	f7fc ffba 	bl	10007318 <ulSetInterruptMask>
1000a3a4:	e7fe      	b.n	1000a3a4 <vTaskRemoveFromUnorderedEventList+0x94>
1000a3a6:	f7fc ffb7 	bl	10007318 <ulSetInterruptMask>
1000a3aa:	e7fe      	b.n	1000a3aa <vTaskRemoveFromUnorderedEventList+0x9a>
1000a3ac:	20012484 	.word	0x20012484
1000a3b0:	2001248c 	.word	0x2001248c
1000a3b4:	200023d4 	.word	0x200023d4

1000a3b8 <prvIdleTask>:
1000a3b8:	e92d 4880 	stmdb	sp!, {r7, fp, lr}
1000a3bc:	b083      	sub	sp, #12
1000a3be:	f7fc fd89 	bl	10006ed4 <vPortYield>
1000a3c2:	f04f 4650 	mov.w	r6, #3489660928	@ 0xd0000000
1000a3c6:	4f9e      	ldr	r7, [pc, #632]	@ (1000a640 <prvIdleTask+0x288>)
1000a3c8:	4d9e      	ldr	r5, [pc, #632]	@ (1000a644 <prvIdleTask+0x28c>)
1000a3ca:	f8df b298 	ldr.w	fp, [pc, #664]	@ 1000a664 <prvIdleTask+0x2ac>
1000a3ce:	4c9e      	ldr	r4, [pc, #632]	@ (1000a648 <prvIdleTask+0x290>)
1000a3d0:	f8df a294 	ldr.w	sl, [pc, #660]	@ 1000a668 <prvIdleTask+0x2b0>
1000a3d4:	f8df 8294 	ldr.w	r8, [pc, #660]	@ 1000a66c <prvIdleTask+0x2b4>
1000a3d8:	6823      	ldr	r3, [r4, #0]
1000a3da:	2b00      	cmp	r3, #0
1000a3dc:	f000 80c3 	beq.w	1000a566 <prvIdleTask+0x1ae>
1000a3e0:	f7fc ff9a 	bl	10007318 <ulSetInterruptMask>
1000a3e4:	683a      	ldr	r2, [r7, #0]
1000a3e6:	6833      	ldr	r3, [r6, #0]
1000a3e8:	b162      	cbz	r2, 1000a404 <prvIdleTask+0x4c>
1000a3ea:	f855 2023 	ldr.w	r2, [r5, r3, lsl #2]
1000a3ee:	2a00      	cmp	r2, #0
1000a3f0:	d04f      	beq.n	1000a492 <prvIdleTask+0xda>
1000a3f2:	f855 2023 	ldr.w	r2, [r5, r3, lsl #2]
1000a3f6:	3201      	adds	r2, #1
1000a3f8:	f845 2023 	str.w	r2, [r5, r3, lsl #2]
1000a3fc:	f855 3023 	ldr.w	r3, [r5, r3, lsl #2]
1000a400:	2b01      	cmp	r3, #1
1000a402:	d07c      	beq.n	1000a4fe <prvIdleTask+0x146>
1000a404:	6823      	ldr	r3, [r4, #0]
1000a406:	b39b      	cbz	r3, 1000a470 <prvIdleTask+0xb8>
1000a408:	f8da 300c 	ldr.w	r3, [sl, #12]
1000a40c:	f8d3 900c 	ldr.w	r9, [r3, #12]
1000a410:	f8d9 3038 	ldr.w	r3, [r9, #56]	@ 0x38
1000a414:	3301      	adds	r3, #1
1000a416:	f040 80a4 	bne.w	1000a562 <prvIdleTask+0x1aa>
1000a41a:	f109 0008 	add.w	r0, r9, #8
1000a41e:	f7fd f92f 	bl	10007680 <uxListRemove>
1000a422:	f8d8 3000 	ldr.w	r3, [r8]
1000a426:	3b01      	subs	r3, #1
1000a428:	f8c8 3000 	str.w	r3, [r8]
1000a42c:	6823      	ldr	r3, [r4, #0]
1000a42e:	3b01      	subs	r3, #1
1000a430:	6023      	str	r3, [r4, #0]
1000a432:	683a      	ldr	r2, [r7, #0]
1000a434:	6833      	ldr	r3, [r6, #0]
1000a436:	b182      	cbz	r2, 1000a45a <prvIdleTask+0xa2>
1000a438:	f855 1023 	ldr.w	r1, [r5, r3, lsl #2]
1000a43c:	461a      	mov	r2, r3
1000a43e:	b329      	cbz	r1, 1000a48c <prvIdleTask+0xd4>
1000a440:	f855 3023 	ldr.w	r3, [r5, r3, lsl #2]
1000a444:	b14b      	cbz	r3, 1000a45a <prvIdleTask+0xa2>
1000a446:	f855 3022 	ldr.w	r3, [r5, r2, lsl #2]
1000a44a:	3b01      	subs	r3, #1
1000a44c:	f845 3022 	str.w	r3, [r5, r2, lsl #2]
1000a450:	f855 3022 	ldr.w	r3, [r5, r2, lsl #2]
1000a454:	2b00      	cmp	r3, #0
1000a456:	f000 808e 	beq.w	1000a576 <prvIdleTask+0x1be>
1000a45a:	f1b9 0f00 	cmp.w	r9, #0
1000a45e:	d0bb      	beq.n	1000a3d8 <prvIdleTask+0x20>
1000a460:	f8d9 0034 	ldr.w	r0, [r9, #52]	@ 0x34
1000a464:	f000 fd66 	bl	1000af34 <vPortFree>
1000a468:	4648      	mov	r0, r9
1000a46a:	f000 fd63 	bl	1000af34 <vPortFree>
1000a46e:	e7b3      	b.n	1000a3d8 <prvIdleTask+0x20>
1000a470:	683a      	ldr	r2, [r7, #0]
1000a472:	6831      	ldr	r1, [r6, #0]
1000a474:	2a00      	cmp	r2, #0
1000a476:	d0af      	beq.n	1000a3d8 <prvIdleTask+0x20>
1000a478:	f855 0021 	ldr.w	r0, [r5, r1, lsl #2]
1000a47c:	460a      	mov	r2, r1
1000a47e:	b128      	cbz	r0, 1000a48c <prvIdleTask+0xd4>
1000a480:	f855 1021 	ldr.w	r1, [r5, r1, lsl #2]
1000a484:	2900      	cmp	r1, #0
1000a486:	d0a7      	beq.n	1000a3d8 <prvIdleTask+0x20>
1000a488:	4699      	mov	r9, r3
1000a48a:	e7dc      	b.n	1000a446 <prvIdleTask+0x8e>
1000a48c:	f7fc ff44 	bl	10007318 <ulSetInterruptMask>
1000a490:	e7fe      	b.n	1000a490 <prvIdleTask+0xd8>
1000a492:	486e      	ldr	r0, [pc, #440]	@ (1000a64c <prvIdleTask+0x294>)
1000a494:	e8d0 2fcf 	ldaexb	r2, [r0]
1000a498:	2101      	movs	r1, #1
1000a49a:	2a00      	cmp	r2, #0
1000a49c:	d101      	bne.n	1000a4a2 <prvIdleTask+0xea>
1000a49e:	e8c0 1f42 	strexb	r2, r1, [r0]
1000a4a2:	f3bf 8f5f 	dmb	sy
1000a4a6:	2a00      	cmp	r2, #0
1000a4a8:	d131      	bne.n	1000a50e <prvIdleTask+0x156>
1000a4aa:	ea4f 0c43 	mov.w	ip, r3, lsl #1
1000a4ae:	f89b 1001 	ldrb.w	r1, [fp, #1]
1000a4b2:	2900      	cmp	r1, #0
1000a4b4:	f040 80a4 	bne.w	1000a600 <prvIdleTask+0x248>
1000a4b8:	4965      	ldr	r1, [pc, #404]	@ (1000a650 <prvIdleTask+0x298>)
1000a4ba:	eb0c 0201 	add.w	r2, ip, r1
1000a4be:	2101      	movs	r1, #1
1000a4c0:	f88b 1001 	strb.w	r1, [fp, #1]
1000a4c4:	7051      	strb	r1, [r2, #1]
1000a4c6:	4863      	ldr	r0, [pc, #396]	@ (1000a654 <prvIdleTask+0x29c>)
1000a4c8:	e8d0 2fcf 	ldaexb	r2, [r0]
1000a4cc:	2101      	movs	r1, #1
1000a4ce:	2a00      	cmp	r2, #0
1000a4d0:	d101      	bne.n	1000a4d6 <prvIdleTask+0x11e>
1000a4d2:	e8c0 1f42 	strexb	r2, r1, [r0]
1000a4d6:	f3bf 8f5f 	dmb	sy
1000a4da:	2a00      	cmp	r2, #0
1000a4dc:	d036      	beq.n	1000a54c <prvIdleTask+0x194>
1000a4de:	4a5c      	ldr	r2, [pc, #368]	@ (1000a650 <prvIdleTask+0x298>)
1000a4e0:	f812 2013 	ldrb.w	r2, [r2, r3, lsl #1]
1000a4e4:	b332      	cbz	r2, 1000a534 <prvIdleTask+0x17c>
1000a4e6:	f89b 2000 	ldrb.w	r2, [fp]
1000a4ea:	2aff      	cmp	r2, #255	@ 0xff
1000a4ec:	f000 80a1 	beq.w	1000a632 <prvIdleTask+0x27a>
1000a4f0:	f89b 2000 	ldrb.w	r2, [fp]
1000a4f4:	3201      	adds	r2, #1
1000a4f6:	b2d2      	uxtb	r2, r2
1000a4f8:	f88b 2000 	strb.w	r2, [fp]
1000a4fc:	e779      	b.n	1000a3f2 <prvIdleTask+0x3a>
1000a4fe:	4b56      	ldr	r3, [pc, #344]	@ (1000a658 <prvIdleTask+0x2a0>)
1000a500:	681b      	ldr	r3, [r3, #0]
1000a502:	2b00      	cmp	r3, #0
1000a504:	f47f af7e 	bne.w	1000a404 <prvIdleTask+0x4c>
1000a508:	f7fe f820 	bl	1000854c <prvCheckForRunStateChange>
1000a50c:	e77a      	b.n	1000a404 <prvIdleTask+0x4c>
1000a50e:	4a50      	ldr	r2, [pc, #320]	@ (1000a650 <prvIdleTask+0x298>)
1000a510:	ea4f 0c43 	mov.w	ip, r3, lsl #1
1000a514:	eb02 0243 	add.w	r2, r2, r3, lsl #1
1000a518:	7851      	ldrb	r1, [r2, #1]
1000a51a:	2900      	cmp	r1, #0
1000a51c:	d063      	beq.n	1000a5e6 <prvIdleTask+0x22e>
1000a51e:	f89b 2001 	ldrb.w	r2, [fp, #1]
1000a522:	2aff      	cmp	r2, #255	@ 0xff
1000a524:	d07f      	beq.n	1000a626 <prvIdleTask+0x26e>
1000a526:	f89b 2001 	ldrb.w	r2, [fp, #1]
1000a52a:	3201      	adds	r2, #1
1000a52c:	b2d2      	uxtb	r2, r2
1000a52e:	f88b 2001 	strb.w	r2, [fp, #1]
1000a532:	e7c8      	b.n	1000a4c6 <prvIdleTask+0x10e>
1000a534:	4847      	ldr	r0, [pc, #284]	@ (1000a654 <prvIdleTask+0x29c>)
1000a536:	e8d0 1fcf 	ldaexb	r1, [r0]
1000a53a:	2201      	movs	r2, #1
1000a53c:	2900      	cmp	r1, #0
1000a53e:	d1fa      	bne.n	1000a536 <prvIdleTask+0x17e>
1000a540:	e8c0 2f41 	strexb	r1, r2, [r0]
1000a544:	2900      	cmp	r1, #0
1000a546:	d1f6      	bne.n	1000a536 <prvIdleTask+0x17e>
1000a548:	f3bf 8f5f 	dmb	sy
1000a54c:	f89b 2000 	ldrb.w	r2, [fp]
1000a550:	2a00      	cmp	r2, #0
1000a552:	d158      	bne.n	1000a606 <prvIdleTask+0x24e>
1000a554:	2201      	movs	r2, #1
1000a556:	493e      	ldr	r1, [pc, #248]	@ (1000a650 <prvIdleTask+0x298>)
1000a558:	f88b 2000 	strb.w	r2, [fp]
1000a55c:	f801 2013 	strb.w	r2, [r1, r3, lsl #1]
1000a560:	e747      	b.n	1000a3f2 <prvIdleTask+0x3a>
1000a562:	f7ff faef 	bl	10009b44 <vTaskExitCritical>
1000a566:	4b3d      	ldr	r3, [pc, #244]	@ (1000a65c <prvIdleTask+0x2a4>)
1000a568:	681b      	ldr	r3, [r3, #0]
1000a56a:	2b02      	cmp	r3, #2
1000a56c:	f67f af34 	bls.w	1000a3d8 <prvIdleTask+0x20>
1000a570:	f7fc fcb0 	bl	10006ed4 <vPortYield>
1000a574:	e730      	b.n	1000a3d8 <prvIdleTask+0x20>
1000a576:	4b3a      	ldr	r3, [pc, #232]	@ (1000a660 <prvIdleTask+0x2a8>)
1000a578:	f853 1022 	ldr.w	r1, [r3, r2, lsl #2]
1000a57c:	4b34      	ldr	r3, [pc, #208]	@ (1000a650 <prvIdleTask+0x298>)
1000a57e:	f813 3012 	ldrb.w	r3, [r3, r2, lsl #1]
1000a582:	2b00      	cmp	r3, #0
1000a584:	d042      	beq.n	1000a60c <prvIdleTask+0x254>
1000a586:	f89b 3000 	ldrb.w	r3, [fp]
1000a58a:	2b00      	cmp	r3, #0
1000a58c:	d04e      	beq.n	1000a62c <prvIdleTask+0x274>
1000a58e:	f89b 3000 	ldrb.w	r3, [fp]
1000a592:	3b01      	subs	r3, #1
1000a594:	b2db      	uxtb	r3, r3
1000a596:	f88b 3000 	strb.w	r3, [fp]
1000a59a:	2b00      	cmp	r3, #0
1000a59c:	d039      	beq.n	1000a612 <prvIdleTask+0x25a>
1000a59e:	4b2c      	ldr	r3, [pc, #176]	@ (1000a650 <prvIdleTask+0x298>)
1000a5a0:	eb03 0242 	add.w	r2, r3, r2, lsl #1
1000a5a4:	7853      	ldrb	r3, [r2, #1]
1000a5a6:	2b00      	cmp	r3, #0
1000a5a8:	d046      	beq.n	1000a638 <prvIdleTask+0x280>
1000a5aa:	f89b 3001 	ldrb.w	r3, [fp, #1]
1000a5ae:	2b00      	cmp	r3, #0
1000a5b0:	d036      	beq.n	1000a620 <prvIdleTask+0x268>
1000a5b2:	f89b 3001 	ldrb.w	r3, [fp, #1]
1000a5b6:	3b01      	subs	r3, #1
1000a5b8:	b2db      	uxtb	r3, r3
1000a5ba:	f88b 3001 	strb.w	r3, [fp, #1]
1000a5be:	b91b      	cbnz	r3, 1000a5c8 <prvIdleTask+0x210>
1000a5c0:	7053      	strb	r3, [r2, #1]
1000a5c2:	4a22      	ldr	r2, [pc, #136]	@ (1000a64c <prvIdleTask+0x294>)
1000a5c4:	e8c2 3f8f 	stlb	r3, [r2]
1000a5c8:	2000      	movs	r0, #0
1000a5ca:	9101      	str	r1, [sp, #4]
1000a5cc:	f7fc feb0 	bl	10007330 <vClearInterruptMask>
1000a5d0:	9901      	ldr	r1, [sp, #4]
1000a5d2:	2900      	cmp	r1, #0
1000a5d4:	f43f af41 	beq.w	1000a45a <prvIdleTask+0xa2>
1000a5d8:	f7fc fc7c 	bl	10006ed4 <vPortYield>
1000a5dc:	f1b9 0f00 	cmp.w	r9, #0
1000a5e0:	f43f aefa 	beq.w	1000a3d8 <prvIdleTask+0x20>
1000a5e4:	e73c      	b.n	1000a460 <prvIdleTask+0xa8>
1000a5e6:	4a19      	ldr	r2, [pc, #100]	@ (1000a64c <prvIdleTask+0x294>)
1000a5e8:	e8d2 0fcf 	ldaexb	r0, [r2]
1000a5ec:	2101      	movs	r1, #1
1000a5ee:	2800      	cmp	r0, #0
1000a5f0:	d1fa      	bne.n	1000a5e8 <prvIdleTask+0x230>
1000a5f2:	e8c2 1f40 	strexb	r0, r1, [r2]
1000a5f6:	2800      	cmp	r0, #0
1000a5f8:	d1f6      	bne.n	1000a5e8 <prvIdleTask+0x230>
1000a5fa:	f3bf 8f5f 	dmb	sy
1000a5fe:	e756      	b.n	1000a4ae <prvIdleTask+0xf6>
1000a600:	f7fc fe8a 	bl	10007318 <ulSetInterruptMask>
1000a604:	e7fe      	b.n	1000a604 <prvIdleTask+0x24c>
1000a606:	f7fc fe87 	bl	10007318 <ulSetInterruptMask>
1000a60a:	e7fe      	b.n	1000a60a <prvIdleTask+0x252>
1000a60c:	f7fc fe84 	bl	10007318 <ulSetInterruptMask>
1000a610:	e7fe      	b.n	1000a610 <prvIdleTask+0x258>
1000a612:	480f      	ldr	r0, [pc, #60]	@ (1000a650 <prvIdleTask+0x298>)
1000a614:	f800 3012 	strb.w	r3, [r0, r2, lsl #1]
1000a618:	480e      	ldr	r0, [pc, #56]	@ (1000a654 <prvIdleTask+0x29c>)
1000a61a:	e8c0 3f8f 	stlb	r3, [r0]
1000a61e:	e7be      	b.n	1000a59e <prvIdleTask+0x1e6>
1000a620:	f7fc fe7a 	bl	10007318 <ulSetInterruptMask>
1000a624:	e7fe      	b.n	1000a624 <prvIdleTask+0x26c>
1000a626:	f7fc fe77 	bl	10007318 <ulSetInterruptMask>
1000a62a:	e7fe      	b.n	1000a62a <prvIdleTask+0x272>
1000a62c:	f7fc fe74 	bl	10007318 <ulSetInterruptMask>
1000a630:	e7fe      	b.n	1000a630 <prvIdleTask+0x278>
1000a632:	f7fc fe71 	bl	10007318 <ulSetInterruptMask>
1000a636:	e7fe      	b.n	1000a636 <prvIdleTask+0x27e>
1000a638:	f7fc fe6e 	bl	10007318 <ulSetInterruptMask>
1000a63c:	e7fe      	b.n	1000a63c <prvIdleTask+0x284>
1000a63e:	bf00      	nop
1000a640:	20012528 	.word	0x20012528
1000a644:	2001245c 	.word	0x2001245c
1000a648:	20012480 	.word	0x20012480
1000a64c:	20001b05 	.word	0x20001b05
1000a650:	20012454 	.word	0x20012454
1000a654:	20001b04 	.word	0x20001b04
1000a658:	20012484 	.word	0x20012484
1000a65c:	200023d4 	.word	0x200023d4
1000a660:	20012568 	.word	0x20012568
1000a664:	20012458 	.word	0x20012458
1000a668:	20012548 	.word	0x20012548
1000a66c:	2001247c 	.word	0x2001247c

1000a670 <vTaskExitCriticalFromISR>:
1000a670:	4b1a      	ldr	r3, [pc, #104]	@ (1000a6dc <vTaskExitCriticalFromISR+0x6c>)
1000a672:	681b      	ldr	r3, [r3, #0]
1000a674:	b903      	cbnz	r3, 1000a678 <vTaskExitCriticalFromISR+0x8>
1000a676:	4770      	bx	lr
1000a678:	f04f 4350 	mov.w	r3, #3489660928	@ 0xd0000000
1000a67c:	4a18      	ldr	r2, [pc, #96]	@ (1000a6e0 <vTaskExitCriticalFromISR+0x70>)
1000a67e:	681b      	ldr	r3, [r3, #0]
1000a680:	b510      	push	{r4, lr}
1000a682:	f852 1023 	ldr.w	r1, [r2, r3, lsl #2]
1000a686:	b301      	cbz	r1, 1000a6ca <vTaskExitCriticalFromISR+0x5a>
1000a688:	f852 1023 	ldr.w	r1, [r2, r3, lsl #2]
1000a68c:	b1e1      	cbz	r1, 1000a6c8 <vTaskExitCriticalFromISR+0x58>
1000a68e:	f852 1023 	ldr.w	r1, [r2, r3, lsl #2]
1000a692:	3901      	subs	r1, #1
1000a694:	f842 1023 	str.w	r1, [r2, r3, lsl #2]
1000a698:	f852 2023 	ldr.w	r2, [r2, r3, lsl #2]
1000a69c:	b9a2      	cbnz	r2, 1000a6c8 <vTaskExitCriticalFromISR+0x58>
1000a69e:	4911      	ldr	r1, [pc, #68]	@ (1000a6e4 <vTaskExitCriticalFromISR+0x74>)
1000a6a0:	f811 2013 	ldrb.w	r2, [r1, r3, lsl #1]
1000a6a4:	b1a2      	cbz	r2, 1000a6d0 <vTaskExitCriticalFromISR+0x60>
1000a6a6:	4c10      	ldr	r4, [pc, #64]	@ (1000a6e8 <vTaskExitCriticalFromISR+0x78>)
1000a6a8:	7822      	ldrb	r2, [r4, #0]
1000a6aa:	b1a2      	cbz	r2, 1000a6d6 <vTaskExitCriticalFromISR+0x66>
1000a6ac:	7822      	ldrb	r2, [r4, #0]
1000a6ae:	3a01      	subs	r2, #1
1000a6b0:	b2d2      	uxtb	r2, r2
1000a6b2:	7022      	strb	r2, [r4, #0]
1000a6b4:	b922      	cbnz	r2, 1000a6c0 <vTaskExitCriticalFromISR+0x50>
1000a6b6:	f801 2013 	strb.w	r2, [r1, r3, lsl #1]
1000a6ba:	4b0c      	ldr	r3, [pc, #48]	@ (1000a6ec <vTaskExitCriticalFromISR+0x7c>)
1000a6bc:	e8c3 2f8f 	stlb	r2, [r3]
1000a6c0:	e8bd 4010 	ldmia.w	sp!, {r4, lr}
1000a6c4:	f7fc be34 	b.w	10007330 <vClearInterruptMask>
1000a6c8:	bd10      	pop	{r4, pc}
1000a6ca:	f7fc fe25 	bl	10007318 <ulSetInterruptMask>
1000a6ce:	e7fe      	b.n	1000a6ce <vTaskExitCriticalFromISR+0x5e>
1000a6d0:	f7fc fe22 	bl	10007318 <ulSetInterruptMask>
1000a6d4:	e7fe      	b.n	1000a6d4 <vTaskExitCriticalFromISR+0x64>
1000a6d6:	f7fc fe1f 	bl	10007318 <ulSetInterruptMask>
1000a6da:	e7fe      	b.n	1000a6da <vTaskExitCriticalFromISR+0x6a>
1000a6dc:	20012528 	.word	0x20012528
1000a6e0:	2001245c 	.word	0x2001245c
1000a6e4:	20012454 	.word	0x20012454
1000a6e8:	20012458 	.word	0x20012458
1000a6ec:	20001b04 	.word	0x20001b04

1000a6f0 <uxTaskResetEventItemValue>:
1000a6f0:	b5f8      	push	{r3, r4, r5, r6, r7, lr}
1000a6f2:	f04f 4650 	mov.w	r6, #3489660928	@ 0xd0000000
1000a6f6:	f7fc fe0f 	bl	10007318 <ulSetInterruptMask>
1000a6fa:	4d0d      	ldr	r5, [pc, #52]	@ (1000a730 <uxTaskResetEventItemValue+0x40>)
1000a6fc:	6833      	ldr	r3, [r6, #0]
1000a6fe:	f855 4023 	ldr.w	r4, [r5, r3, lsl #2]
1000a702:	f7fc fe15 	bl	10007330 <vClearInterruptMask>
1000a706:	69e7      	ldr	r7, [r4, #28]
1000a708:	f7fc fe06 	bl	10007318 <ulSetInterruptMask>
1000a70c:	6833      	ldr	r3, [r6, #0]
1000a70e:	f855 4023 	ldr.w	r4, [r5, r3, lsl #2]
1000a712:	f7fc fe0d 	bl	10007330 <vClearInterruptMask>
1000a716:	6b24      	ldr	r4, [r4, #48]	@ 0x30
1000a718:	f7fc fdfe 	bl	10007318 <ulSetInterruptMask>
1000a71c:	6833      	ldr	r3, [r6, #0]
1000a71e:	f1c4 0405 	rsb	r4, r4, #5
1000a722:	f855 5023 	ldr.w	r5, [r5, r3, lsl #2]
1000a726:	f7fc fe03 	bl	10007330 <vClearInterruptMask>
1000a72a:	4638      	mov	r0, r7
1000a72c:	61ec      	str	r4, [r5, #28]
1000a72e:	bdf8      	pop	{r3, r4, r5, r6, r7, pc}
1000a730:	200023b8 	.word	0x200023b8

1000a734 <pvTaskIncrementMutexHeldCount>:
1000a734:	b510      	push	{r4, lr}
1000a736:	f7fc fdef 	bl	10007318 <ulSetInterruptMask>
1000a73a:	f04f 4250 	mov.w	r2, #3489660928	@ 0xd0000000
1000a73e:	4b06      	ldr	r3, [pc, #24]	@ (1000a758 <pvTaskIncrementMutexHeldCount+0x24>)
1000a740:	6812      	ldr	r2, [r2, #0]
1000a742:	f853 4022 	ldr.w	r4, [r3, r2, lsl #2]
1000a746:	f7fc fdf3 	bl	10007330 <vClearInterruptMask>
1000a74a:	b114      	cbz	r4, 1000a752 <pvTaskIncrementMutexHeldCount+0x1e>
1000a74c:	6d63      	ldr	r3, [r4, #84]	@ 0x54
1000a74e:	3301      	adds	r3, #1
1000a750:	6563      	str	r3, [r4, #84]	@ 0x54
1000a752:	4620      	mov	r0, r4
1000a754:	bd10      	pop	{r4, pc}
1000a756:	bf00      	nop
1000a758:	200023b8 	.word	0x200023b8

1000a75c <prvTimerTask>:
1000a75c:	e92d 4ff0 	stmdb	sp!, {r4, r5, r6, r7, r8, r9, sl, fp, lr}
1000a760:	f8df 8314 	ldr.w	r8, [pc, #788]	@ 1000aa78 <prvTimerTask+0x31c>
1000a764:	f8df b314 	ldr.w	fp, [pc, #788]	@ 1000aa7c <prvTimerTask+0x320>
1000a768:	f8df 9314 	ldr.w	r9, [pc, #788]	@ 1000aa80 <prvTimerTask+0x324>
1000a76c:	f8df a314 	ldr.w	sl, [pc, #788]	@ 1000aa84 <prvTimerTask+0x328>
1000a770:	b087      	sub	sp, #28
1000a772:	f8d8 3000 	ldr.w	r3, [r8]
1000a776:	681c      	ldr	r4, [r3, #0]
1000a778:	2c00      	cmp	r4, #0
1000a77a:	f000 8117 	beq.w	1000a9ac <prvTimerTask+0x250>
1000a77e:	68db      	ldr	r3, [r3, #12]
1000a780:	681c      	ldr	r4, [r3, #0]
1000a782:	f7fe f90b 	bl	1000899c <vTaskSuspendAll>
1000a786:	f7fe f9bb 	bl	10008b00 <xTaskGetTickCount>
1000a78a:	f8db 3000 	ldr.w	r3, [fp]
1000a78e:	4606      	mov	r6, r0
1000a790:	4298      	cmp	r0, r3
1000a792:	f0c0 808d 	bcc.w	1000a8b0 <prvTimerTask+0x154>
1000a796:	4284      	cmp	r4, r0
1000a798:	f8cb 0000 	str.w	r0, [fp]
1000a79c:	f240 8131 	bls.w	1000aa02 <prvTimerTask+0x2a6>
1000a7a0:	2200      	movs	r2, #0
1000a7a2:	f8da 0000 	ldr.w	r0, [sl]
1000a7a6:	1ba1      	subs	r1, r4, r6
1000a7a8:	f7fd fcf2 	bl	10008190 <vQueueWaitForMessageRestricted>
1000a7ac:	f7ff fd64 	bl	1000a278 <xTaskResumeAll>
1000a7b0:	2800      	cmp	r0, #0
1000a7b2:	f000 8123 	beq.w	1000a9fc <prvTimerTask+0x2a0>
1000a7b6:	2300      	movs	r3, #0
1000a7b8:	e9cd 3302 	strd	r3, r3, [sp, #8]
1000a7bc:	e9cd 3304 	strd	r3, r3, [sp, #16]
1000a7c0:	2200      	movs	r2, #0
1000a7c2:	f8da 0000 	ldr.w	r0, [sl]
1000a7c6:	a902      	add	r1, sp, #8
1000a7c8:	f7fd fa14 	bl	10007bf4 <xQueueReceive>
1000a7cc:	2800      	cmp	r0, #0
1000a7ce:	d0d0      	beq.n	1000a772 <prvTimerTask+0x16>
1000a7d0:	9b02      	ldr	r3, [sp, #8]
1000a7d2:	9804      	ldr	r0, [sp, #16]
1000a7d4:	2b00      	cmp	r3, #0
1000a7d6:	f2c0 80cf 	blt.w	1000a978 <prvTimerTask+0x21c>
1000a7da:	9d04      	ldr	r5, [sp, #16]
1000a7dc:	2d00      	cmp	r5, #0
1000a7de:	d0ef      	beq.n	1000a7c0 <prvTimerTask+0x64>
1000a7e0:	696b      	ldr	r3, [r5, #20]
1000a7e2:	b113      	cbz	r3, 1000a7ea <prvTimerTask+0x8e>
1000a7e4:	1d28      	adds	r0, r5, #4
1000a7e6:	f7fc ff4b 	bl	10007680 <uxListRemove>
1000a7ea:	f7fe f989 	bl	10008b00 <xTaskGetTickCount>
1000a7ee:	f8db 3000 	ldr.w	r3, [fp]
1000a7f2:	9001      	str	r0, [sp, #4]
1000a7f4:	4298      	cmp	r0, r3
1000a7f6:	d314      	bcc.n	1000a822 <prvTimerTask+0xc6>
1000a7f8:	e9dd 2301 	ldrd	r2, r3, [sp, #4]
1000a7fc:	3b01      	subs	r3, #1
1000a7fe:	f8cb 2000 	str.w	r2, [fp]
1000a802:	2b08      	cmp	r3, #8
1000a804:	d8dc      	bhi.n	1000a7c0 <prvTimerTask+0x64>
1000a806:	e8df f003 	tbb	[pc, r3]
1000a80a:	2d2d      	.short	0x2d2d
1000a80c:	2dae90a7 	.word	0x2dae90a7
1000a810:	a72d      	.short	0xa72d
1000a812:	90          	.byte	0x90
1000a813:	00          	.byte	0x00
1000a814:	f022 0201 	bic.w	r2, r2, #1
1000a818:	f887 2024 	strb.w	r2, [r7, #36]	@ 0x24
1000a81c:	4638      	mov	r0, r7
1000a81e:	6a3b      	ldr	r3, [r7, #32]
1000a820:	4798      	blx	r3
1000a822:	f8d8 3000 	ldr.w	r3, [r8]
1000a826:	681a      	ldr	r2, [r3, #0]
1000a828:	2a00      	cmp	r2, #0
1000a82a:	f000 80ad 	beq.w	1000a988 <prvTimerTask+0x22c>
1000a82e:	68da      	ldr	r2, [r3, #12]
1000a830:	68d7      	ldr	r7, [r2, #12]
1000a832:	6814      	ldr	r4, [r2, #0]
1000a834:	1d3e      	adds	r6, r7, #4
1000a836:	4630      	mov	r0, r6
1000a838:	f7fc ff22 	bl	10007680 <uxListRemove>
1000a83c:	f897 2024 	ldrb.w	r2, [r7, #36]	@ 0x24
1000a840:	0753      	lsls	r3, r2, #29
1000a842:	d5e7      	bpl.n	1000a814 <prvTimerTask+0xb8>
1000a844:	e002      	b.n	1000a84c <prvTimerTask+0xf0>
1000a846:	4638      	mov	r0, r7
1000a848:	6a3a      	ldr	r2, [r7, #32]
1000a84a:	4790      	blx	r2
1000a84c:	69ba      	ldr	r2, [r7, #24]
1000a84e:	613f      	str	r7, [r7, #16]
1000a850:	18a1      	adds	r1, r4, r2
1000a852:	18a4      	adds	r4, r4, r2
1000a854:	6079      	str	r1, [r7, #4]
1000a856:	d3f6      	bcc.n	1000a846 <prvTimerTask+0xea>
1000a858:	4631      	mov	r1, r6
1000a85a:	f8d9 0000 	ldr.w	r0, [r9]
1000a85e:	f7fc fef7 	bl	10007650 <vListInsert>
1000a862:	e7db      	b.n	1000a81c <prvTimerTask+0xc0>
1000a864:	f895 1024 	ldrb.w	r1, [r5, #36]	@ 0x24
1000a868:	9a03      	ldr	r2, [sp, #12]
1000a86a:	69a8      	ldr	r0, [r5, #24]
1000a86c:	9e01      	ldr	r6, [sp, #4]
1000a86e:	1813      	adds	r3, r2, r0
1000a870:	f041 0401 	orr.w	r4, r1, #1
1000a874:	f885 4024 	strb.w	r4, [r5, #36]	@ 0x24
1000a878:	bf2c      	ite	cs
1000a87a:	2401      	movcs	r4, #1
1000a87c:	2400      	movcc	r4, #0
1000a87e:	42b3      	cmp	r3, r6
1000a880:	606b      	str	r3, [r5, #4]
1000a882:	612d      	str	r5, [r5, #16]
1000a884:	f200 8087 	bhi.w	1000a996 <prvTimerTask+0x23a>
1000a888:	1ab2      	subs	r2, r6, r2
1000a88a:	4290      	cmp	r0, r2
1000a88c:	d85e      	bhi.n	1000a94c <prvTimerTask+0x1f0>
1000a88e:	074c      	lsls	r4, r1, #29
1000a890:	d436      	bmi.n	1000a900 <prvTimerTask+0x1a4>
1000a892:	f021 0101 	bic.w	r1, r1, #1
1000a896:	f885 1024 	strb.w	r1, [r5, #36]	@ 0x24
1000a89a:	4628      	mov	r0, r5
1000a89c:	6a2b      	ldr	r3, [r5, #32]
1000a89e:	4798      	blx	r3
1000a8a0:	e78e      	b.n	1000a7c0 <prvTimerTask+0x64>
1000a8a2:	f023 0301 	bic.w	r3, r3, #1
1000a8a6:	f887 3024 	strb.w	r3, [r7, #36]	@ 0x24
1000a8aa:	4638      	mov	r0, r7
1000a8ac:	6a3b      	ldr	r3, [r7, #32]
1000a8ae:	4798      	blx	r3
1000a8b0:	f8d8 3000 	ldr.w	r3, [r8]
1000a8b4:	681a      	ldr	r2, [r3, #0]
1000a8b6:	2a00      	cmp	r2, #0
1000a8b8:	f000 808f 	beq.w	1000a9da <prvTimerTask+0x27e>
1000a8bc:	68db      	ldr	r3, [r3, #12]
1000a8be:	68df      	ldr	r7, [r3, #12]
1000a8c0:	681c      	ldr	r4, [r3, #0]
1000a8c2:	1d3d      	adds	r5, r7, #4
1000a8c4:	4628      	mov	r0, r5
1000a8c6:	f7fc fedb 	bl	10007680 <uxListRemove>
1000a8ca:	f897 3024 	ldrb.w	r3, [r7, #36]	@ 0x24
1000a8ce:	0759      	lsls	r1, r3, #29
1000a8d0:	d5e7      	bpl.n	1000a8a2 <prvTimerTask+0x146>
1000a8d2:	e002      	b.n	1000a8da <prvTimerTask+0x17e>
1000a8d4:	4638      	mov	r0, r7
1000a8d6:	6a3b      	ldr	r3, [r7, #32]
1000a8d8:	4798      	blx	r3
1000a8da:	69bb      	ldr	r3, [r7, #24]
1000a8dc:	613f      	str	r7, [r7, #16]
1000a8de:	18e2      	adds	r2, r4, r3
1000a8e0:	18e4      	adds	r4, r4, r3
1000a8e2:	607a      	str	r2, [r7, #4]
1000a8e4:	d3f6      	bcc.n	1000a8d4 <prvTimerTask+0x178>
1000a8e6:	4629      	mov	r1, r5
1000a8e8:	f8d9 0000 	ldr.w	r0, [r9]
1000a8ec:	f7fc feb0 	bl	10007650 <vListInsert>
1000a8f0:	e7db      	b.n	1000a8aa <prvTimerTask+0x14e>
1000a8f2:	4290      	cmp	r0, r2
1000a8f4:	d87c      	bhi.n	1000a9f0 <prvTimerTask+0x294>
1000a8f6:	4628      	mov	r0, r5
1000a8f8:	6a2b      	ldr	r3, [r5, #32]
1000a8fa:	4798      	blx	r3
1000a8fc:	4623      	mov	r3, r4
1000a8fe:	69a8      	ldr	r0, [r5, #24]
1000a900:	9e01      	ldr	r6, [sp, #4]
1000a902:	18c4      	adds	r4, r0, r3
1000a904:	bf2c      	ite	cs
1000a906:	2101      	movcs	r1, #1
1000a908:	2100      	movcc	r1, #0
1000a90a:	42a6      	cmp	r6, r4
1000a90c:	eba6 0203 	sub.w	r2, r6, r3
1000a910:	606c      	str	r4, [r5, #4]
1000a912:	612d      	str	r5, [r5, #16]
1000a914:	d2ed      	bcs.n	1000a8f2 <prvTimerTask+0x196>
1000a916:	429e      	cmp	r6, r3
1000a918:	d201      	bcs.n	1000a91e <prvTimerTask+0x1c2>
1000a91a:	2900      	cmp	r1, #0
1000a91c:	d0eb      	beq.n	1000a8f6 <prvTimerTask+0x19a>
1000a91e:	f8d8 0000 	ldr.w	r0, [r8]
1000a922:	1d29      	adds	r1, r5, #4
1000a924:	f7fc fe94 	bl	10007650 <vListInsert>
1000a928:	e7b7      	b.n	1000a89a <prvTimerTask+0x13e>
1000a92a:	f895 2024 	ldrb.w	r2, [r5, #36]	@ 0x24
1000a92e:	9b03      	ldr	r3, [sp, #12]
1000a930:	f042 0201 	orr.w	r2, r2, #1
1000a934:	f885 2024 	strb.w	r2, [r5, #36]	@ 0x24
1000a938:	61ab      	str	r3, [r5, #24]
1000a93a:	2b00      	cmp	r3, #0
1000a93c:	f000 8092 	beq.w	1000aa64 <prvTimerTask+0x308>
1000a940:	9a01      	ldr	r2, [sp, #4]
1000a942:	612d      	str	r5, [r5, #16]
1000a944:	4413      	add	r3, r2
1000a946:	4293      	cmp	r3, r2
1000a948:	606b      	str	r3, [r5, #4]
1000a94a:	d829      	bhi.n	1000a9a0 <prvTimerTask+0x244>
1000a94c:	f8d9 0000 	ldr.w	r0, [r9]
1000a950:	1d29      	adds	r1, r5, #4
1000a952:	f7fc fe7d 	bl	10007650 <vListInsert>
1000a956:	e733      	b.n	1000a7c0 <prvTimerTask+0x64>
1000a958:	f895 3024 	ldrb.w	r3, [r5, #36]	@ 0x24
1000a95c:	f023 0301 	bic.w	r3, r3, #1
1000a960:	f885 3024 	strb.w	r3, [r5, #36]	@ 0x24
1000a964:	e72c      	b.n	1000a7c0 <prvTimerTask+0x64>
1000a966:	f895 3024 	ldrb.w	r3, [r5, #36]	@ 0x24
1000a96a:	079a      	lsls	r2, r3, #30
1000a96c:	d531      	bpl.n	1000a9d2 <prvTimerTask+0x276>
1000a96e:	f023 0301 	bic.w	r3, r3, #1
1000a972:	f885 3024 	strb.w	r3, [r5, #36]	@ 0x24
1000a976:	e723      	b.n	1000a7c0 <prvTimerTask+0x64>
1000a978:	9b03      	ldr	r3, [sp, #12]
1000a97a:	9905      	ldr	r1, [sp, #20]
1000a97c:	4798      	blx	r3
1000a97e:	9b02      	ldr	r3, [sp, #8]
1000a980:	2b00      	cmp	r3, #0
1000a982:	f6ff af1d 	blt.w	1000a7c0 <prvTimerTask+0x64>
1000a986:	e728      	b.n	1000a7da <prvTimerTask+0x7e>
1000a988:	f8d9 2000 	ldr.w	r2, [r9]
1000a98c:	f8c9 3000 	str.w	r3, [r9]
1000a990:	f8c8 2000 	str.w	r2, [r8]
1000a994:	e730      	b.n	1000a7f8 <prvTimerTask+0x9c>
1000a996:	42b2      	cmp	r2, r6
1000a998:	d902      	bls.n	1000a9a0 <prvTimerTask+0x244>
1000a99a:	2c00      	cmp	r4, #0
1000a99c:	f43f af77 	beq.w	1000a88e <prvTimerTask+0x132>
1000a9a0:	f8d8 0000 	ldr.w	r0, [r8]
1000a9a4:	1d29      	adds	r1, r5, #4
1000a9a6:	f7fc fe53 	bl	10007650 <vListInsert>
1000a9aa:	e709      	b.n	1000a7c0 <prvTimerTask+0x64>
1000a9ac:	f7fd fff6 	bl	1000899c <vTaskSuspendAll>
1000a9b0:	f7fe f8a6 	bl	10008b00 <xTaskGetTickCount>
1000a9b4:	f8db 3000 	ldr.w	r3, [fp]
1000a9b8:	4606      	mov	r6, r0
1000a9ba:	4283      	cmp	r3, r0
1000a9bc:	f63f af78 	bhi.w	1000a8b0 <prvTimerTask+0x154>
1000a9c0:	f8d9 3000 	ldr.w	r3, [r9]
1000a9c4:	f8cb 6000 	str.w	r6, [fp]
1000a9c8:	681a      	ldr	r2, [r3, #0]
1000a9ca:	fab2 f282 	clz	r2, r2
1000a9ce:	0952      	lsrs	r2, r2, #5
1000a9d0:	e6e7      	b.n	1000a7a2 <prvTimerTask+0x46>
1000a9d2:	4628      	mov	r0, r5
1000a9d4:	f000 faae 	bl	1000af34 <vPortFree>
1000a9d8:	e6f2      	b.n	1000a7c0 <prvTimerTask+0x64>
1000a9da:	f8d9 2000 	ldr.w	r2, [r9]
1000a9de:	f8cb 6000 	str.w	r6, [fp]
1000a9e2:	f8c8 2000 	str.w	r2, [r8]
1000a9e6:	f8c9 3000 	str.w	r3, [r9]
1000a9ea:	f7ff fc45 	bl	1000a278 <xTaskResumeAll>
1000a9ee:	e6e2      	b.n	1000a7b6 <prvTimerTask+0x5a>
1000a9f0:	f8d9 0000 	ldr.w	r0, [r9]
1000a9f4:	1d29      	adds	r1, r5, #4
1000a9f6:	f7fc fe2b 	bl	10007650 <vListInsert>
1000a9fa:	e74e      	b.n	1000a89a <prvTimerTask+0x13e>
1000a9fc:	f7fe ff94 	bl	10009928 <vTaskYieldWithinAPI>
1000aa00:	e6d9      	b.n	1000a7b6 <prvTimerTask+0x5a>
1000aa02:	f7ff fc39 	bl	1000a278 <xTaskResumeAll>
1000aa06:	f8d8 3000 	ldr.w	r3, [r8]
1000aa0a:	68db      	ldr	r3, [r3, #12]
1000aa0c:	68df      	ldr	r7, [r3, #12]
1000aa0e:	1d3b      	adds	r3, r7, #4
1000aa10:	4618      	mov	r0, r3
1000aa12:	9301      	str	r3, [sp, #4]
1000aa14:	f7fc fe34 	bl	10007680 <uxListRemove>
1000aa18:	f897 3024 	ldrb.w	r3, [r7, #36]	@ 0x24
1000aa1c:	075a      	lsls	r2, r3, #29
1000aa1e:	d40d      	bmi.n	1000aa3c <prvTimerTask+0x2e0>
1000aa20:	f023 0301 	bic.w	r3, r3, #1
1000aa24:	f887 3024 	strb.w	r3, [r7, #36]	@ 0x24
1000aa28:	4638      	mov	r0, r7
1000aa2a:	6a3b      	ldr	r3, [r7, #32]
1000aa2c:	4798      	blx	r3
1000aa2e:	e6c2      	b.n	1000a7b6 <prvTimerTask+0x5a>
1000aa30:	428a      	cmp	r2, r1
1000aa32:	d81a      	bhi.n	1000aa6a <prvTimerTask+0x30e>
1000aa34:	4638      	mov	r0, r7
1000aa36:	6a3a      	ldr	r2, [r7, #32]
1000aa38:	4790      	blx	r2
1000aa3a:	462c      	mov	r4, r5
1000aa3c:	69ba      	ldr	r2, [r7, #24]
1000aa3e:	1b31      	subs	r1, r6, r4
1000aa40:	18a5      	adds	r5, r4, r2
1000aa42:	bf2c      	ite	cs
1000aa44:	2001      	movcs	r0, #1
1000aa46:	2000      	movcc	r0, #0
1000aa48:	42b5      	cmp	r5, r6
1000aa4a:	607d      	str	r5, [r7, #4]
1000aa4c:	613f      	str	r7, [r7, #16]
1000aa4e:	d9ef      	bls.n	1000aa30 <prvTimerTask+0x2d4>
1000aa50:	42b4      	cmp	r4, r6
1000aa52:	d901      	bls.n	1000aa58 <prvTimerTask+0x2fc>
1000aa54:	2800      	cmp	r0, #0
1000aa56:	d0ed      	beq.n	1000aa34 <prvTimerTask+0x2d8>
1000aa58:	9901      	ldr	r1, [sp, #4]
1000aa5a:	f8d8 0000 	ldr.w	r0, [r8]
1000aa5e:	f7fc fdf7 	bl	10007650 <vListInsert>
1000aa62:	e7e1      	b.n	1000aa28 <prvTimerTask+0x2cc>
1000aa64:	f7fc fc58 	bl	10007318 <ulSetInterruptMask>
1000aa68:	e7fe      	b.n	1000aa68 <prvTimerTask+0x30c>
1000aa6a:	9901      	ldr	r1, [sp, #4]
1000aa6c:	f8d9 0000 	ldr.w	r0, [r9]
1000aa70:	f7fc fdee 	bl	10007650 <vListInsert>
1000aa74:	e7d8      	b.n	1000aa28 <prvTimerTask+0x2cc>
1000aa76:	bf00      	nop
1000aa78:	200023c0 	.word	0x200023c0
1000aa7c:	200124f4 	.word	0x200124f4
1000aa80:	200023d0 	.word	0x200023d0
1000aa84:	20012560 	.word	0x20012560

1000aa88 <xTimerCreateTimerTask>:
1000aa88:	b5f0      	push	{r4, r5, r6, r7, lr}
1000aa8a:	4c18      	ldr	r4, [pc, #96]	@ (1000aaec <xTimerCreateTimerTask+0x64>)
1000aa8c:	b085      	sub	sp, #20
1000aa8e:	f7fe ff6b 	bl	10009968 <vTaskEnterCritical>
1000aa92:	6825      	ldr	r5, [r4, #0]
1000aa94:	b1bd      	cbz	r5, 1000aac6 <xTimerCreateTimerTask+0x3e>
1000aa96:	f7ff f855 	bl	10009b44 <vTaskExitCritical>
1000aa9a:	6823      	ldr	r3, [r4, #0]
1000aa9c:	b173      	cbz	r3, 1000aabc <xTimerCreateTimerTask+0x34>
1000aa9e:	f04f 35ff 	mov.w	r5, #4294967295	@ 0xffffffff
1000aaa2:	2403      	movs	r4, #3
1000aaa4:	4912      	ldr	r1, [pc, #72]	@ (1000aaf0 <xTimerCreateTimerTask+0x68>)
1000aaa6:	2300      	movs	r3, #0
1000aaa8:	9102      	str	r1, [sp, #8]
1000aaaa:	f44f 7200 	mov.w	r2, #512	@ 0x200
1000aaae:	e9cd 4500 	strd	r4, r5, [sp]
1000aab2:	4910      	ldr	r1, [pc, #64]	@ (1000aaf4 <xTimerCreateTimerTask+0x6c>)
1000aab4:	4810      	ldr	r0, [pc, #64]	@ (1000aaf8 <xTimerCreateTimerTask+0x70>)
1000aab6:	f7ff f9c5 	bl	10009e44 <xTaskCreateAffinitySet>
1000aaba:	b910      	cbnz	r0, 1000aac2 <xTimerCreateTimerTask+0x3a>
1000aabc:	f7fc fc2c 	bl	10007318 <ulSetInterruptMask>
1000aac0:	e7fe      	b.n	1000aac0 <xTimerCreateTimerTask+0x38>
1000aac2:	b005      	add	sp, #20
1000aac4:	bdf0      	pop	{r4, r5, r6, r7, pc}
1000aac6:	4e0d      	ldr	r6, [pc, #52]	@ (1000aafc <xTimerCreateTimerTask+0x74>)
1000aac8:	4f0d      	ldr	r7, [pc, #52]	@ (1000ab00 <xTimerCreateTimerTask+0x78>)
1000aaca:	4630      	mov	r0, r6
1000aacc:	f7fc fda2 	bl	10007614 <vListInitialise>
1000aad0:	4638      	mov	r0, r7
1000aad2:	f7fc fd9f 	bl	10007614 <vListInitialise>
1000aad6:	4a0b      	ldr	r2, [pc, #44]	@ (1000ab04 <xTimerCreateTimerTask+0x7c>)
1000aad8:	4b0b      	ldr	r3, [pc, #44]	@ (1000ab08 <xTimerCreateTimerTask+0x80>)
1000aada:	6017      	str	r7, [r2, #0]
1000aadc:	2110      	movs	r1, #16
1000aade:	462a      	mov	r2, r5
1000aae0:	200a      	movs	r0, #10
1000aae2:	601e      	str	r6, [r3, #0]
1000aae4:	f7fc fe1c 	bl	10007720 <xQueueGenericCreate>
1000aae8:	6020      	str	r0, [r4, #0]
1000aaea:	e7d4      	b.n	1000aa96 <xTimerCreateTimerTask+0xe>
1000aaec:	20012560 	.word	0x20012560
1000aaf0:	20012564 	.word	0x20012564
1000aaf4:	1000b604 	.word	0x1000b604
1000aaf8:	1000a75d 	.word	0x1000a75d
1000aafc:	20012490 	.word	0x20012490
1000ab00:	200124a4 	.word	0x200124a4
1000ab04:	200023d0 	.word	0x200023d0
1000ab08:	200023c0 	.word	0x200023c0

1000ab0c <xTimerPendFunctionCallFromISR>:
1000ab0c:	469c      	mov	ip, r3
1000ab0e:	b5f0      	push	{r4, r5, r6, r7, lr}
1000ab10:	4607      	mov	r7, r0
1000ab12:	460e      	mov	r6, r1
1000ab14:	4615      	mov	r5, r2
1000ab16:	f06f 0401 	mvn.w	r4, #1
1000ab1a:	4b07      	ldr	r3, [pc, #28]	@ (1000ab38 <xTimerPendFunctionCallFromISR+0x2c>)
1000ab1c:	b085      	sub	sp, #20
1000ab1e:	4669      	mov	r1, sp
1000ab20:	4662      	mov	r2, ip
1000ab22:	6818      	ldr	r0, [r3, #0]
1000ab24:	2300      	movs	r3, #0
1000ab26:	e9cd 7601 	strd	r7, r6, [sp, #4]
1000ab2a:	9503      	str	r5, [sp, #12]
1000ab2c:	9400      	str	r4, [sp, #0]
1000ab2e:	f7fc ffc5 	bl	10007abc <xQueueGenericSendFromISR>
1000ab32:	b005      	add	sp, #20
1000ab34:	bdf0      	pop	{r4, r5, r6, r7, pc}
1000ab36:	bf00      	nop
1000ab38:	20012560 	.word	0x20012560

1000ab3c <exception_set_exclusive_handler>:
1000ab3c:	b5f8      	push	{r3, r4, r5, r6, r7, lr}
1000ab3e:	4604      	mov	r4, r0
1000ab40:	460d      	mov	r5, r1
1000ab42:	f3ef 8710 	mrs	r7, PRIMASK
1000ab46:	b672      	cpsid	i
1000ab48:	4b0c      	ldr	r3, [pc, #48]	@ (1000ab7c <exception_set_exclusive_handler+0x40>)
1000ab4a:	689b      	ldr	r3, [r3, #8]
1000ab4c:	f853 6020 	ldr.w	r6, [r3, r0, lsl #2]
1000ab50:	42b1      	cmp	r1, r6
1000ab52:	d004      	beq.n	1000ab5e <exception_set_exclusive_handler+0x22>
1000ab54:	4b0a      	ldr	r3, [pc, #40]	@ (1000ab80 <exception_set_exclusive_handler+0x44>)
1000ab56:	429e      	cmp	r6, r3
1000ab58:	d20b      	bcs.n	1000ab72 <exception_set_exclusive_handler+0x36>
1000ab5a:	f7f7 fcc3 	bl	100024e4 <hard_assertion_failure>
1000ab5e:	4b07      	ldr	r3, [pc, #28]	@ (1000ab7c <exception_set_exclusive_handler+0x40>)
1000ab60:	689b      	ldr	r3, [r3, #8]
1000ab62:	f843 5024 	str.w	r5, [r3, r4, lsl #2]
1000ab66:	f3bf 8f5f 	dmb	sy
1000ab6a:	f387 8810 	msr	PRIMASK, r7
1000ab6e:	4630      	mov	r0, r6
1000ab70:	bdf8      	pop	{r3, r4, r5, r6, r7, pc}
1000ab72:	4b04      	ldr	r3, [pc, #16]	@ (1000ab84 <exception_set_exclusive_handler+0x48>)
1000ab74:	429e      	cmp	r6, r3
1000ab76:	d3f2      	bcc.n	1000ab5e <exception_set_exclusive_handler+0x22>
1000ab78:	e7ef      	b.n	1000ab5a <exception_set_exclusive_handler+0x1e>
1000ab7a:	bf00      	nop
1000ab7c:	e000ed00 	.word	0xe000ed00
1000ab80:	10000110 	.word	0x10000110
1000ab84:	10000124 	.word	0x10000124

1000ab88 <core1_trampoline>:
1000ab88:	bd03      	pop	{r0, r1, pc}
1000ab8a:	bf00      	nop

1000ab8c <core1_wrapper>:
1000ab8c:	b510      	push	{r4, lr}
1000ab8e:	4604      	mov	r4, r0
1000ab90:	f7f7 fcbe 	bl	10002510 <runtime_run_per_core_initializers>
1000ab94:	4623      	mov	r3, r4
1000ab96:	e8bd 4010 	ldmia.w	sp!, {r4, lr}
1000ab9a:	4718      	bx	r3

1000ab9c <multicore_reset_core1>:
1000ab9c:	f04f 7180 	mov.w	r1, #16777216	@ 0x1000000
1000aba0:	4b14      	ldr	r3, [pc, #80]	@ (1000abf4 <multicore_reset_core1+0x58>)
1000aba2:	4a15      	ldr	r2, [pc, #84]	@ (1000abf8 <multicore_reset_core1+0x5c>)
1000aba4:	b510      	push	{r4, lr}
1000aba6:	6059      	str	r1, [r3, #4]
1000aba8:	6853      	ldr	r3, [r2, #4]
1000abaa:	01d8      	lsls	r0, r3, #7
1000abac:	d5fc      	bpl.n	1000aba8 <multicore_reset_core1+0xc>
1000abae:	2019      	movs	r0, #25
1000abb0:	f7f6 fbb6 	bl	10001320 <irq_is_enabled>
1000abb4:	2100      	movs	r1, #0
1000abb6:	4604      	mov	r4, r0
1000abb8:	2019      	movs	r0, #25
1000abba:	f7f6 fb9b 	bl	100012f4 <irq_set_enabled>
1000abbe:	f04f 7180 	mov.w	r1, #16777216	@ 0x1000000
1000abc2:	f04f 0c00 	mov.w	ip, #0
1000abc6:	f04f 4250 	mov.w	r2, #3489660928	@ 0xd0000000
1000abca:	4b0c      	ldr	r3, [pc, #48]	@ (1000abfc <multicore_reset_core1+0x60>)
1000abcc:	480c      	ldr	r0, [pc, #48]	@ (1000ac00 <multicore_reset_core1+0x64>)
1000abce:	f880 c001 	strb.w	ip, [r0, #1]
1000abd2:	6059      	str	r1, [r3, #4]
1000abd4:	6d13      	ldr	r3, [r2, #80]	@ 0x50
1000abd6:	07d9      	lsls	r1, r3, #31
1000abd8:	d403      	bmi.n	1000abe2 <multicore_reset_core1+0x46>
1000abda:	bf20      	wfe
1000abdc:	6d13      	ldr	r3, [r2, #80]	@ 0x50
1000abde:	07db      	lsls	r3, r3, #31
1000abe0:	d5fb      	bpl.n	1000abda <multicore_reset_core1+0x3e>
1000abe2:	f04f 4350 	mov.w	r3, #3489660928	@ 0xd0000000
1000abe6:	4621      	mov	r1, r4
1000abe8:	e8bd 4010 	ldmia.w	sp!, {r4, lr}
1000abec:	2019      	movs	r0, #25
1000abee:	6d9b      	ldr	r3, [r3, #88]	@ 0x58
1000abf0:	f7f6 bb80 	b.w	100012f4 <irq_set_enabled>
1000abf4:	4001a000 	.word	0x4001a000
1000abf8:	40018000 	.word	0x40018000
1000abfc:	4001b000 	.word	0x4001b000
1000ac00:	20002388 	.word	0x20002388

1000ac04 <multicore_launch_core1_raw>:
1000ac04:	b5f0      	push	{r4, r5, r6, r7, lr}
1000ac06:	4605      	mov	r5, r0
1000ac08:	b087      	sub	sp, #28
1000ac0a:	2019      	movs	r0, #25
1000ac0c:	4617      	mov	r7, r2
1000ac0e:	460e      	mov	r6, r1
1000ac10:	f7f6 fb86 	bl	10001320 <irq_is_enabled>
1000ac14:	2100      	movs	r1, #0
1000ac16:	4604      	mov	r4, r0
1000ac18:	2019      	movs	r0, #25
1000ac1a:	f7f6 fb6b 	bl	100012f4 <irq_set_enabled>
1000ac1e:	2100      	movs	r1, #0
1000ac20:	e9cd 6504 	strd	r6, r5, [sp, #16]
1000ac24:	9703      	str	r7, [sp, #12]
1000ac26:	2600      	movs	r6, #0
1000ac28:	2700      	movs	r7, #0
1000ac2a:	2201      	movs	r2, #1
1000ac2c:	f04f 4350 	mov.w	r3, #3489660928	@ 0xd0000000
1000ac30:	468c      	mov	ip, r1
1000ac32:	e9cd 6700 	strd	r6, r7, [sp]
1000ac36:	9202      	str	r2, [sp, #8]
1000ac38:	b1b9      	cbz	r1, 1000ac6a <multicore_launch_core1_raw+0x66>
1000ac3a:	6d1a      	ldr	r2, [r3, #80]	@ 0x50
1000ac3c:	0795      	lsls	r5, r2, #30
1000ac3e:	d5fc      	bpl.n	1000ac3a <multicore_launch_core1_raw+0x36>
1000ac40:	6559      	str	r1, [r3, #84]	@ 0x54
1000ac42:	bf40      	sev
1000ac44:	6d1a      	ldr	r2, [r3, #80]	@ 0x50
1000ac46:	07d0      	lsls	r0, r2, #31
1000ac48:	d403      	bmi.n	1000ac52 <multicore_launch_core1_raw+0x4e>
1000ac4a:	bf20      	wfe
1000ac4c:	6d1a      	ldr	r2, [r3, #80]	@ 0x50
1000ac4e:	07d2      	lsls	r2, r2, #31
1000ac50:	d5fb      	bpl.n	1000ac4a <multicore_launch_core1_raw+0x46>
1000ac52:	6d9a      	ldr	r2, [r3, #88]	@ 0x58
1000ac54:	428a      	cmp	r2, r1
1000ac56:	d00d      	beq.n	1000ac74 <multicore_launch_core1_raw+0x70>
1000ac58:	f04f 0c00 	mov.w	ip, #0
1000ac5c:	aa06      	add	r2, sp, #24
1000ac5e:	eb02 028c 	add.w	r2, r2, ip, lsl #2
1000ac62:	f852 1c18 	ldr.w	r1, [r2, #-24]
1000ac66:	e7e7      	b.n	1000ac38 <multicore_launch_core1_raw+0x34>
1000ac68:	6d9a      	ldr	r2, [r3, #88]	@ 0x58
1000ac6a:	6d1a      	ldr	r2, [r3, #80]	@ 0x50
1000ac6c:	07d6      	lsls	r6, r2, #31
1000ac6e:	d4fb      	bmi.n	1000ac68 <multicore_launch_core1_raw+0x64>
1000ac70:	bf40      	sev
1000ac72:	e7e2      	b.n	1000ac3a <multicore_launch_core1_raw+0x36>
1000ac74:	f10c 0c01 	add.w	ip, ip, #1
1000ac78:	f1bc 0f06 	cmp.w	ip, #6
1000ac7c:	d1ee      	bne.n	1000ac5c <multicore_launch_core1_raw+0x58>
1000ac7e:	4621      	mov	r1, r4
1000ac80:	2019      	movs	r0, #25
1000ac82:	b007      	add	sp, #28
1000ac84:	e8bd 40f0 	ldmia.w	sp!, {r4, r5, r6, r7, lr}
1000ac88:	f7f6 bb34 	b.w	100012f4 <irq_set_enabled>

1000ac8c <multicore_launch_core1>:
1000ac8c:	4b0c      	ldr	r3, [pc, #48]	@ (1000acc0 <multicore_launch_core1+0x34>)
1000ac8e:	4a0d      	ldr	r2, [pc, #52]	@ (1000acc4 <multicore_launch_core1+0x38>)
1000ac90:	4293      	cmp	r3, r2
1000ac92:	d30e      	bcc.n	1000acb2 <multicore_launch_core1+0x26>
1000ac94:	469c      	mov	ip, r3
1000ac96:	f203 71f4 	addw	r1, r3, #2036	@ 0x7f4
1000ac9a:	4a0b      	ldr	r2, [pc, #44]	@ (1000acc8 <multicore_launch_core1+0x3c>)
1000ac9c:	6892      	ldr	r2, [r2, #8]
1000ac9e:	f8cc 07f4 	str.w	r0, [ip, #2036]	@ 0x7f4
1000aca2:	480a      	ldr	r0, [pc, #40]	@ (1000accc <multicore_launch_core1+0x40>)
1000aca4:	f8cc 37f8 	str.w	r3, [ip, #2040]	@ 0x7f8
1000aca8:	f8cc 07fc 	str.w	r0, [ip, #2044]	@ 0x7fc
1000acac:	4808      	ldr	r0, [pc, #32]	@ (1000acd0 <multicore_launch_core1+0x44>)
1000acae:	f7ff bfa9 	b.w	1000ac04 <multicore_launch_core1_raw>
1000acb2:	f04f 33ff 	mov.w	r3, #4294967295	@ 0xffffffff
1000acb6:	f240 71f3 	movw	r1, #2035	@ 0x7f3
1000acba:	469c      	mov	ip, r3
1000acbc:	e7ed      	b.n	1000ac9a <multicore_launch_core1+0xe>
1000acbe:	bf00      	nop
1000acc0:	20080800 	.word	0x20080800
1000acc4:	20080000 	.word	0x20080000
1000acc8:	e000ed00 	.word	0xe000ed00
1000accc:	1000ab8d 	.word	0x1000ab8d
1000acd0:	1000ab89 	.word	0x1000ab89

1000acd4 <multicore_doorbell_claim_unused>:
1000acd4:	b570      	push	{r4, r5, r6, lr}
1000acd6:	4604      	mov	r4, r0
1000acd8:	460e      	mov	r6, r1
1000acda:	f7f6 fa1b 	bl	10001114 <hw_claim_lock>
1000acde:	4b39      	ldr	r3, [pc, #228]	@ (1000adc4 <multicore_doorbell_claim_unused+0xf0>)
1000ace0:	789d      	ldrb	r5, [r3, #2]
1000ace2:	f993 2000 	ldrsb.w	r2, [r3]
1000ace6:	f005 0501 	and.w	r5, r5, #1
1000acea:	0fd2      	lsrs	r2, r2, #31
1000acec:	ea42 0245 	orr.w	r2, r2, r5, lsl #1
1000acf0:	4222      	tst	r2, r4
1000acf2:	f893 c000 	ldrb.w	ip, [r3]
1000acf6:	d04e      	beq.n	1000ad96 <multicore_doorbell_claim_unused+0xc2>
1000acf8:	f993 1001 	ldrsb.w	r1, [r3, #1]
1000acfc:	f3cc 1280 	ubfx	r2, ip, #6, #1
1000ad00:	0fc9      	lsrs	r1, r1, #31
1000ad02:	ea42 0241 	orr.w	r2, r2, r1, lsl #1
1000ad06:	4222      	tst	r2, r4
1000ad08:	7859      	ldrb	r1, [r3, #1]
1000ad0a:	d033      	beq.n	1000ad74 <multicore_doorbell_claim_unused+0xa0>
1000ad0c:	f3c1 1580 	ubfx	r5, r1, #6, #1
1000ad10:	f3cc 1240 	ubfx	r2, ip, #5, #1
1000ad14:	ea42 0245 	orr.w	r2, r2, r5, lsl #1
1000ad18:	4222      	tst	r2, r4
1000ad1a:	d042      	beq.n	1000ada2 <multicore_doorbell_claim_unused+0xce>
1000ad1c:	f3c1 1540 	ubfx	r5, r1, #5, #1
1000ad20:	f3cc 1200 	ubfx	r2, ip, #4, #1
1000ad24:	ea42 0245 	orr.w	r2, r2, r5, lsl #1
1000ad28:	4222      	tst	r2, r4
1000ad2a:	d03d      	beq.n	1000ada8 <multicore_doorbell_claim_unused+0xd4>
1000ad2c:	f3c1 1500 	ubfx	r5, r1, #4, #1
1000ad30:	f3cc 02c0 	ubfx	r2, ip, #3, #1
1000ad34:	ea42 0245 	orr.w	r2, r2, r5, lsl #1
1000ad38:	4222      	tst	r2, r4
1000ad3a:	d02f      	beq.n	1000ad9c <multicore_doorbell_claim_unused+0xc8>
1000ad3c:	f3c1 05c0 	ubfx	r5, r1, #3, #1
1000ad40:	f3cc 0280 	ubfx	r2, ip, #2, #1
1000ad44:	ea42 0245 	orr.w	r2, r2, r5, lsl #1
1000ad48:	4222      	tst	r2, r4
1000ad4a:	d030      	beq.n	1000adae <multicore_doorbell_claim_unused+0xda>
1000ad4c:	f3c1 0580 	ubfx	r5, r1, #2, #1
1000ad50:	f3cc 0240 	ubfx	r2, ip, #1, #1
1000ad54:	ea42 0245 	orr.w	r2, r2, r5, lsl #1
1000ad58:	4222      	tst	r2, r4
1000ad5a:	d02e      	beq.n	1000adba <multicore_doorbell_claim_unused+0xe6>
1000ad5c:	f001 0202 	and.w	r2, r1, #2
1000ad60:	f00c 0101 	and.w	r1, ip, #1
1000ad64:	430a      	orrs	r2, r1
1000ad66:	ea12 0504 	ands.w	r5, r2, r4
1000ad6a:	d029      	beq.n	1000adc0 <multicore_doorbell_claim_unused+0xec>
1000ad6c:	b316      	cbz	r6, 1000adb4 <multicore_doorbell_claim_unused+0xe0>
1000ad6e:	4816      	ldr	r0, [pc, #88]	@ (1000adc8 <multicore_doorbell_claim_unused+0xf4>)
1000ad70:	f7f6 f9b8 	bl	100010e4 <panic>
1000ad74:	2140      	movs	r1, #64	@ 0x40
1000ad76:	2506      	movs	r5, #6
1000ad78:	07e6      	lsls	r6, r4, #31
1000ad7a:	bf44      	itt	mi
1000ad7c:	ea4c 0c01 	orrmi.w	ip, ip, r1
1000ad80:	f883 c000 	strbmi.w	ip, [r3]
1000ad84:	07a2      	lsls	r2, r4, #30
1000ad86:	d502      	bpl.n	1000ad8e <multicore_doorbell_claim_unused+0xba>
1000ad88:	785a      	ldrb	r2, [r3, #1]
1000ad8a:	430a      	orrs	r2, r1
1000ad8c:	705a      	strb	r2, [r3, #1]
1000ad8e:	f7f6 f9d3 	bl	10001138 <hw_claim_unlock>
1000ad92:	4628      	mov	r0, r5
1000ad94:	bd70      	pop	{r4, r5, r6, pc}
1000ad96:	2180      	movs	r1, #128	@ 0x80
1000ad98:	2507      	movs	r5, #7
1000ad9a:	e7ed      	b.n	1000ad78 <multicore_doorbell_claim_unused+0xa4>
1000ad9c:	2108      	movs	r1, #8
1000ad9e:	2503      	movs	r5, #3
1000ada0:	e7ea      	b.n	1000ad78 <multicore_doorbell_claim_unused+0xa4>
1000ada2:	2120      	movs	r1, #32
1000ada4:	2505      	movs	r5, #5
1000ada6:	e7e7      	b.n	1000ad78 <multicore_doorbell_claim_unused+0xa4>
1000ada8:	2110      	movs	r1, #16
1000adaa:	2504      	movs	r5, #4
1000adac:	e7e4      	b.n	1000ad78 <multicore_doorbell_claim_unused+0xa4>
1000adae:	2104      	movs	r1, #4
1000adb0:	2502      	movs	r5, #2
1000adb2:	e7e1      	b.n	1000ad78 <multicore_doorbell_claim_unused+0xa4>
1000adb4:	f06f 0508 	mvn.w	r5, #8
1000adb8:	e7e9      	b.n	1000ad8e <multicore_doorbell_claim_unused+0xba>
1000adba:	2102      	movs	r1, #2
1000adbc:	2501      	movs	r5, #1
1000adbe:	e7db      	b.n	1000ad78 <multicore_doorbell_claim_unused+0xa4>
1000adc0:	2101      	movs	r1, #1
1000adc2:	e7d9      	b.n	1000ad78 <multicore_doorbell_claim_unused+0xa4>
1000adc4:	20001f70 	.word	0x20001f70
1000adc8:	1000b60c 	.word	0x1000b60c

1000adcc <pvPortMalloc>:
1000adcc:	b5f8      	push	{r3, r4, r5, r6, r7, lr}
1000adce:	1e43      	subs	r3, r0, #1
1000add0:	330a      	adds	r3, #10
1000add2:	d811      	bhi.n	1000adf8 <pvPortMalloc+0x2c>
1000add4:	f010 0307 	ands.w	r3, r0, #7
1000add8:	f100 0408 	add.w	r4, r0, #8
1000addc:	d04f      	beq.n	1000ae7e <pvPortMalloc+0xb2>
1000adde:	f1a3 0209 	sub.w	r2, r3, #9
1000ade2:	42a2      	cmp	r2, r4
1000ade4:	d308      	bcc.n	1000adf8 <pvPortMalloc+0x2c>
1000ade6:	3010      	adds	r0, #16
1000ade8:	1ac4      	subs	r4, r0, r3
1000adea:	f7fd fdd7 	bl	1000899c <vTaskSuspendAll>
1000adee:	4a49      	ldr	r2, [pc, #292]	@ (1000af14 <pvPortMalloc+0x148>)
1000adf0:	4626      	mov	r6, r4
1000adf2:	6815      	ldr	r5, [r2, #0]
1000adf4:	bb25      	cbnz	r5, 1000ae40 <pvPortMalloc+0x74>
1000adf6:	e00b      	b.n	1000ae10 <pvPortMalloc+0x44>
1000adf8:	f7fd fdd0 	bl	1000899c <vTaskSuspendAll>
1000adfc:	4a45      	ldr	r2, [pc, #276]	@ (1000af14 <pvPortMalloc+0x148>)
1000adfe:	6813      	ldr	r3, [r2, #0]
1000ae00:	b123      	cbz	r3, 1000ae0c <pvPortMalloc+0x40>
1000ae02:	f7ff fa39 	bl	1000a278 <xTaskResumeAll>
1000ae06:	2500      	movs	r5, #0
1000ae08:	4628      	mov	r0, r5
1000ae0a:	bdf8      	pop	{r3, r4, r5, r6, r7, pc}
1000ae0c:	2600      	movs	r6, #0
1000ae0e:	4634      	mov	r4, r6
1000ae10:	4b41      	ldr	r3, [pc, #260]	@ (1000af18 <pvPortMalloc+0x14c>)
1000ae12:	2000      	movs	r0, #0
1000ae14:	075d      	lsls	r5, r3, #29
1000ae16:	bf1c      	itt	ne
1000ae18:	3307      	addne	r3, #7
1000ae1a:	f023 0307 	bicne.w	r3, r3, #7
1000ae1e:	4619      	mov	r1, r3
1000ae20:	4d3e      	ldr	r5, [pc, #248]	@ (1000af1c <pvPortMalloc+0x150>)
1000ae22:	f025 0507 	bic.w	r5, r5, #7
1000ae26:	6015      	str	r5, [r2, #0]
1000ae28:	4a3d      	ldr	r2, [pc, #244]	@ (1000af20 <pvPortMalloc+0x154>)
1000ae2a:	1aeb      	subs	r3, r5, r3
1000ae2c:	e9c2 1000 	strd	r1, r0, [r2]
1000ae30:	4a3c      	ldr	r2, [pc, #240]	@ (1000af24 <pvPortMalloc+0x158>)
1000ae32:	e9c5 0000 	strd	r0, r0, [r5]
1000ae36:	6013      	str	r3, [r2, #0]
1000ae38:	e9c1 5300 	strd	r5, r3, [r1]
1000ae3c:	4a3a      	ldr	r2, [pc, #232]	@ (1000af28 <pvPortMalloc+0x15c>)
1000ae3e:	6013      	str	r3, [r2, #0]
1000ae40:	2e00      	cmp	r6, #0
1000ae42:	dbde      	blt.n	1000ae02 <pvPortMalloc+0x36>
1000ae44:	2c00      	cmp	r4, #0
1000ae46:	d0dc      	beq.n	1000ae02 <pvPortMalloc+0x36>
1000ae48:	4f37      	ldr	r7, [pc, #220]	@ (1000af28 <pvPortMalloc+0x15c>)
1000ae4a:	683e      	ldr	r6, [r7, #0]
1000ae4c:	42a6      	cmp	r6, r4
1000ae4e:	d3d8      	bcc.n	1000ae02 <pvPortMalloc+0x36>
1000ae50:	4a33      	ldr	r2, [pc, #204]	@ (1000af20 <pvPortMalloc+0x154>)
1000ae52:	4b31      	ldr	r3, [pc, #196]	@ (1000af18 <pvPortMalloc+0x14c>)
1000ae54:	6811      	ldr	r1, [r2, #0]
1000ae56:	4299      	cmp	r1, r3
1000ae58:	d30e      	bcc.n	1000ae78 <pvPortMalloc+0xac>
1000ae5a:	f8df e0d4 	ldr.w	lr, [pc, #212]	@ 1000af30 <pvPortMalloc+0x164>
1000ae5e:	4571      	cmp	r1, lr
1000ae60:	d80a      	bhi.n	1000ae78 <pvPortMalloc+0xac>
1000ae62:	4694      	mov	ip, r2
1000ae64:	6848      	ldr	r0, [r1, #4]
1000ae66:	42a0      	cmp	r0, r4
1000ae68:	d218      	bcs.n	1000ae9c <pvPortMalloc+0xd0>
1000ae6a:	680a      	ldr	r2, [r1, #0]
1000ae6c:	b1b2      	cbz	r2, 1000ae9c <pvPortMalloc+0xd0>
1000ae6e:	429a      	cmp	r2, r3
1000ae70:	d20f      	bcs.n	1000ae92 <pvPortMalloc+0xc6>
1000ae72:	f7fc fa51 	bl	10007318 <ulSetInterruptMask>
1000ae76:	e7fe      	b.n	1000ae76 <pvPortMalloc+0xaa>
1000ae78:	f7fc fa4e 	bl	10007318 <ulSetInterruptMask>
1000ae7c:	e7fe      	b.n	1000ae7c <pvPortMalloc+0xb0>
1000ae7e:	f7fd fd8d 	bl	1000899c <vTaskSuspendAll>
1000ae82:	4a24      	ldr	r2, [pc, #144]	@ (1000af14 <pvPortMalloc+0x148>)
1000ae84:	4626      	mov	r6, r4
1000ae86:	6815      	ldr	r5, [r2, #0]
1000ae88:	2d00      	cmp	r5, #0
1000ae8a:	d0c1      	beq.n	1000ae10 <pvPortMalloc+0x44>
1000ae8c:	2c00      	cmp	r4, #0
1000ae8e:	dadb      	bge.n	1000ae48 <pvPortMalloc+0x7c>
1000ae90:	e7b7      	b.n	1000ae02 <pvPortMalloc+0x36>
1000ae92:	4572      	cmp	r2, lr
1000ae94:	d8ed      	bhi.n	1000ae72 <pvPortMalloc+0xa6>
1000ae96:	468c      	mov	ip, r1
1000ae98:	4611      	mov	r1, r2
1000ae9a:	e7e3      	b.n	1000ae64 <pvPortMalloc+0x98>
1000ae9c:	42a9      	cmp	r1, r5
1000ae9e:	d0b0      	beq.n	1000ae02 <pvPortMalloc+0x36>
1000aea0:	f101 0508 	add.w	r5, r1, #8
1000aea4:	429d      	cmp	r5, r3
1000aea6:	d32b      	bcc.n	1000af00 <pvPortMalloc+0x134>
1000aea8:	4575      	cmp	r5, lr
1000aeaa:	d829      	bhi.n	1000af00 <pvPortMalloc+0x134>
1000aeac:	680a      	ldr	r2, [r1, #0]
1000aeae:	42a0      	cmp	r0, r4
1000aeb0:	f8cc 2000 	str.w	r2, [ip]
1000aeb4:	d327      	bcc.n	1000af06 <pvPortMalloc+0x13a>
1000aeb6:	eba0 0e04 	sub.w	lr, r0, r4
1000aeba:	f1be 0f10 	cmp.w	lr, #16
1000aebe:	d908      	bls.n	1000aed2 <pvPortMalloc+0x106>
1000aec0:	190b      	adds	r3, r1, r4
1000aec2:	0758      	lsls	r0, r3, #29
1000aec4:	d122      	bne.n	1000af0c <pvPortMalloc+0x140>
1000aec6:	4620      	mov	r0, r4
1000aec8:	f8c3 e004 	str.w	lr, [r3, #4]
1000aecc:	510a      	str	r2, [r1, r4]
1000aece:	f8cc 3000 	str.w	r3, [ip]
1000aed2:	2400      	movs	r4, #0
1000aed4:	4b13      	ldr	r3, [pc, #76]	@ (1000af24 <pvPortMalloc+0x158>)
1000aed6:	1a36      	subs	r6, r6, r0
1000aed8:	681a      	ldr	r2, [r3, #0]
1000aeda:	f040 4000 	orr.w	r0, r0, #2147483648	@ 0x80000000
1000aede:	4296      	cmp	r6, r2
1000aee0:	4a12      	ldr	r2, [pc, #72]	@ (1000af2c <pvPortMalloc+0x160>)
1000aee2:	bf38      	it	cc
1000aee4:	601e      	strcc	r6, [r3, #0]
1000aee6:	6813      	ldr	r3, [r2, #0]
1000aee8:	6048      	str	r0, [r1, #4]
1000aeea:	3301      	adds	r3, #1
1000aeec:	600c      	str	r4, [r1, #0]
1000aeee:	6013      	str	r3, [r2, #0]
1000aef0:	603e      	str	r6, [r7, #0]
1000aef2:	f7ff f9c1 	bl	1000a278 <xTaskResumeAll>
1000aef6:	076b      	lsls	r3, r5, #29
1000aef8:	d086      	beq.n	1000ae08 <pvPortMalloc+0x3c>
1000aefa:	f7fc fa0d 	bl	10007318 <ulSetInterruptMask>
1000aefe:	e7fe      	b.n	1000aefe <pvPortMalloc+0x132>
1000af00:	f7fc fa0a 	bl	10007318 <ulSetInterruptMask>
1000af04:	e7fe      	b.n	1000af04 <pvPortMalloc+0x138>
1000af06:	f7fc fa07 	bl	10007318 <ulSetInterruptMask>
1000af0a:	e7fe      	b.n	1000af0a <pvPortMalloc+0x13e>
1000af0c:	f7fc fa04 	bl	10007318 <ulSetInterruptMask>
1000af10:	e7fe      	b.n	1000af10 <pvPortMalloc+0x144>
1000af12:	bf00      	nop
1000af14:	200023c8 	.word	0x200023c8
1000af18:	20002454 	.word	0x20002454
1000af1c:	2001244c 	.word	0x2001244c
1000af20:	2001252c 	.word	0x2001252c
1000af24:	200124fc 	.word	0x200124fc
1000af28:	200124e8 	.word	0x200124e8
1000af2c:	20012508 	.word	0x20012508
1000af30:	20012453 	.word	0x20012453

1000af34 <vPortFree>:
1000af34:	b1b0      	cbz	r0, 1000af64 <vPortFree+0x30>
1000af36:	b5f0      	push	{r4, r5, r6, r7, lr}
1000af38:	4d32      	ldr	r5, [pc, #200]	@ (1000b004 <vPortFree+0xd0>)
1000af3a:	f1a0 0408 	sub.w	r4, r0, #8
1000af3e:	42ac      	cmp	r4, r5
1000af40:	b083      	sub	sp, #12
1000af42:	d30c      	bcc.n	1000af5e <vPortFree+0x2a>
1000af44:	4e30      	ldr	r6, [pc, #192]	@ (1000b008 <vPortFree+0xd4>)
1000af46:	42b4      	cmp	r4, r6
1000af48:	d809      	bhi.n	1000af5e <vPortFree+0x2a>
1000af4a:	f850 3c04 	ldr.w	r3, [r0, #-4]
1000af4e:	2b00      	cmp	r3, #0
1000af50:	da09      	bge.n	1000af66 <vPortFree+0x32>
1000af52:	f850 2c08 	ldr.w	r2, [r0, #-8]
1000af56:	b14a      	cbz	r2, 1000af6c <vPortFree+0x38>
1000af58:	f7fc f9de 	bl	10007318 <ulSetInterruptMask>
1000af5c:	e7fe      	b.n	1000af5c <vPortFree+0x28>
1000af5e:	f7fc f9db 	bl	10007318 <ulSetInterruptMask>
1000af62:	e7fe      	b.n	1000af62 <vPortFree+0x2e>
1000af64:	4770      	bx	lr
1000af66:	f7fc f9d7 	bl	10007318 <ulSetInterruptMask>
1000af6a:	e7fe      	b.n	1000af6a <vPortFree+0x36>
1000af6c:	f023 4300 	bic.w	r3, r3, #2147483648	@ 0x80000000
1000af70:	4f26      	ldr	r7, [pc, #152]	@ (1000b00c <vPortFree+0xd8>)
1000af72:	f840 3c04 	str.w	r3, [r0, #-4]
1000af76:	9001      	str	r0, [sp, #4]
1000af78:	f7fd fd10 	bl	1000899c <vTaskSuspendAll>
1000af7c:	463b      	mov	r3, r7
1000af7e:	f8df e098 	ldr.w	lr, [pc, #152]	@ 1000b018 <vPortFree+0xe4>
1000af82:	9801      	ldr	r0, [sp, #4]
1000af84:	f8de 2000 	ldr.w	r2, [lr]
1000af88:	f850 1c04 	ldr.w	r1, [r0, #-4]
1000af8c:	440a      	add	r2, r1
1000af8e:	f8ce 2000 	str.w	r2, [lr]
1000af92:	461a      	mov	r2, r3
1000af94:	681b      	ldr	r3, [r3, #0]
1000af96:	429c      	cmp	r4, r3
1000af98:	d8fb      	bhi.n	1000af92 <vPortFree+0x5e>
1000af9a:	42ba      	cmp	r2, r7
1000af9c:	d006      	beq.n	1000afac <vPortFree+0x78>
1000af9e:	42aa      	cmp	r2, r5
1000afa0:	d301      	bcc.n	1000afa6 <vPortFree+0x72>
1000afa2:	42b2      	cmp	r2, r6
1000afa4:	d902      	bls.n	1000afac <vPortFree+0x78>
1000afa6:	f7fc f9b7 	bl	10007318 <ulSetInterruptMask>
1000afaa:	e7fe      	b.n	1000afaa <vPortFree+0x76>
1000afac:	6855      	ldr	r5, [r2, #4]
1000afae:	1956      	adds	r6, r2, r5
1000afb0:	42b4      	cmp	r4, r6
1000afb2:	d010      	beq.n	1000afd6 <vPortFree+0xa2>
1000afb4:	1865      	adds	r5, r4, r1
1000afb6:	42ab      	cmp	r3, r5
1000afb8:	d01d      	beq.n	1000aff6 <vPortFree+0xc2>
1000afba:	f840 3c08 	str.w	r3, [r0, #-8]
1000afbe:	42a2      	cmp	r2, r4
1000afc0:	bf18      	it	ne
1000afc2:	6014      	strne	r4, [r2, #0]
1000afc4:	4a12      	ldr	r2, [pc, #72]	@ (1000b010 <vPortFree+0xdc>)
1000afc6:	6813      	ldr	r3, [r2, #0]
1000afc8:	3301      	adds	r3, #1
1000afca:	6013      	str	r3, [r2, #0]
1000afcc:	b003      	add	sp, #12
1000afce:	e8bd 40f0 	ldmia.w	sp!, {r4, r5, r6, r7, lr}
1000afd2:	f7ff b951 	b.w	1000a278 <xTaskResumeAll>
1000afd6:	4429      	add	r1, r5
1000afd8:	1850      	adds	r0, r2, r1
1000afda:	4283      	cmp	r3, r0
1000afdc:	6051      	str	r1, [r2, #4]
1000afde:	d1f1      	bne.n	1000afc4 <vPortFree+0x90>
1000afe0:	480c      	ldr	r0, [pc, #48]	@ (1000b014 <vPortFree+0xe0>)
1000afe2:	6800      	ldr	r0, [r0, #0]
1000afe4:	4283      	cmp	r3, r0
1000afe6:	d00b      	beq.n	1000b000 <vPortFree+0xcc>
1000afe8:	4614      	mov	r4, r2
1000afea:	e9d3 5000 	ldrd	r5, r0, [r3]
1000afee:	4401      	add	r1, r0
1000aff0:	e9c4 5100 	strd	r5, r1, [r4]
1000aff4:	e7e3      	b.n	1000afbe <vPortFree+0x8a>
1000aff6:	4d07      	ldr	r5, [pc, #28]	@ (1000b014 <vPortFree+0xe0>)
1000aff8:	682d      	ldr	r5, [r5, #0]
1000affa:	42ab      	cmp	r3, r5
1000affc:	d1f5      	bne.n	1000afea <vPortFree+0xb6>
1000affe:	e7dc      	b.n	1000afba <vPortFree+0x86>
1000b000:	6013      	str	r3, [r2, #0]
1000b002:	e7df      	b.n	1000afc4 <vPortFree+0x90>
1000b004:	20002454 	.word	0x20002454
1000b008:	20012453 	.word	0x20012453
1000b00c:	2001252c 	.word	0x2001252c
1000b010:	2001250c 	.word	0x2001250c
1000b014:	200023c8 	.word	0x200023c8
1000b018:	200124e8 	.word	0x200124e8

1000b01c <memset>:
1000b01c:	b570      	push	{r4, r5, r6, lr}
1000b01e:	0786      	lsls	r6, r0, #30
1000b020:	d047      	beq.n	1000b0b2 <memset+0x96>
1000b022:	1e54      	subs	r4, r2, #1
1000b024:	2a00      	cmp	r2, #0
1000b026:	d03e      	beq.n	1000b0a6 <memset+0x8a>
1000b028:	b2ca      	uxtb	r2, r1
1000b02a:	4603      	mov	r3, r0
1000b02c:	e001      	b.n	1000b032 <memset+0x16>
1000b02e:	3c01      	subs	r4, #1
1000b030:	d339      	bcc.n	1000b0a6 <memset+0x8a>
1000b032:	f803 2b01 	strb.w	r2, [r3], #1
1000b036:	079d      	lsls	r5, r3, #30
1000b038:	d1f9      	bne.n	1000b02e <memset+0x12>
1000b03a:	2c03      	cmp	r4, #3
1000b03c:	d92c      	bls.n	1000b098 <memset+0x7c>
1000b03e:	b2cd      	uxtb	r5, r1
1000b040:	2c0f      	cmp	r4, #15
1000b042:	eb05 2505 	add.w	r5, r5, r5, lsl #8
1000b046:	eb05 4505 	add.w	r5, r5, r5, lsl #16
1000b04a:	d935      	bls.n	1000b0b8 <memset+0x9c>
1000b04c:	f1a4 0c10 	sub.w	ip, r4, #16
1000b050:	f103 0e10 	add.w	lr, r3, #16
1000b054:	461a      	mov	r2, r3
1000b056:	f02c 060f 	bic.w	r6, ip, #15
1000b05a:	ea4f 1c1c 	mov.w	ip, ip, lsr #4
1000b05e:	44b6      	add	lr, r6
1000b060:	e9c2 5500 	strd	r5, r5, [r2]
1000b064:	e9c2 5502 	strd	r5, r5, [r2, #8]
1000b068:	3210      	adds	r2, #16
1000b06a:	4572      	cmp	r2, lr
1000b06c:	d1f8      	bne.n	1000b060 <memset+0x44>
1000b06e:	f10c 0201 	add.w	r2, ip, #1
1000b072:	f014 0f0c 	tst.w	r4, #12
1000b076:	f004 0c0f 	and.w	ip, r4, #15
1000b07a:	eb03 1202 	add.w	r2, r3, r2, lsl #4
1000b07e:	d013      	beq.n	1000b0a8 <memset+0x8c>
1000b080:	f1ac 0304 	sub.w	r3, ip, #4
1000b084:	f023 0303 	bic.w	r3, r3, #3
1000b088:	3304      	adds	r3, #4
1000b08a:	4413      	add	r3, r2
1000b08c:	f842 5b04 	str.w	r5, [r2], #4
1000b090:	4293      	cmp	r3, r2
1000b092:	d1fb      	bne.n	1000b08c <memset+0x70>
1000b094:	f00c 0403 	and.w	r4, ip, #3
1000b098:	b12c      	cbz	r4, 1000b0a6 <memset+0x8a>
1000b09a:	b2c9      	uxtb	r1, r1
1000b09c:	441c      	add	r4, r3
1000b09e:	f803 1b01 	strb.w	r1, [r3], #1
1000b0a2:	42a3      	cmp	r3, r4
1000b0a4:	d1fb      	bne.n	1000b09e <memset+0x82>
1000b0a6:	bd70      	pop	{r4, r5, r6, pc}
1000b0a8:	4664      	mov	r4, ip
1000b0aa:	4613      	mov	r3, r2
1000b0ac:	2c00      	cmp	r4, #0
1000b0ae:	d1f4      	bne.n	1000b09a <memset+0x7e>
1000b0b0:	e7f9      	b.n	1000b0a6 <memset+0x8a>
1000b0b2:	4603      	mov	r3, r0
1000b0b4:	4614      	mov	r4, r2
1000b0b6:	e7c0      	b.n	1000b03a <memset+0x1e>
1000b0b8:	461a      	mov	r2, r3
1000b0ba:	46a4      	mov	ip, r4
1000b0bc:	e7e0      	b.n	1000b080 <memset+0x64>
1000b0be:	bf00      	nop

1000b0c0 <memcpy>:
1000b0c0:	4684      	mov	ip, r0
1000b0c2:	ea41 0300 	orr.w	r3, r1, r0
1000b0c6:	f013 0303 	ands.w	r3, r3, #3
1000b0ca:	d149      	bne.n	1000b160 <memcpy+0xa0>
1000b0cc:	3a40      	subs	r2, #64	@ 0x40
1000b0ce:	d323      	bcc.n	1000b118 <memcpy+0x58>
1000b0d0:	680b      	ldr	r3, [r1, #0]
1000b0d2:	6003      	str	r3, [r0, #0]
1000b0d4:	684b      	ldr	r3, [r1, #4]
1000b0d6:	6043      	str	r3, [r0, #4]
1000b0d8:	688b      	ldr	r3, [r1, #8]
1000b0da:	6083      	str	r3, [r0, #8]
1000b0dc:	68cb      	ldr	r3, [r1, #12]
1000b0de:	60c3      	str	r3, [r0, #12]
1000b0e0:	690b      	ldr	r3, [r1, #16]
1000b0e2:	6103      	str	r3, [r0, #16]
1000b0e4:	694b      	ldr	r3, [r1, #20]
1000b0e6:	6143      	str	r3, [r0, #20]
1000b0e8:	698b      	ldr	r3, [r1, #24]
1000b0ea:	6183      	str	r3, [r0, #24]
1000b0ec:	69cb      	ldr	r3, [r1, #28]
1000b0ee:	61c3      	str	r3, [r0, #28]
1000b0f0:	6a0b      	ldr	r3, [r1, #32]
1000b0f2:	6203      	str	r3, [r0, #32]
1000b0f4:	6a4b      	ldr	r3, [r1, #36]	@ 0x24
1000b0f6:	6243      	str	r3, [r0, #36]	@ 0x24
1000b0f8:	6a8b      	ldr	r3, [r1, #40]	@ 0x28
1000b0fa:	6283      	str	r3, [r0, #40]	@ 0x28
1000b0fc:	6acb      	ldr	r3, [r1, #44]	@ 0x2c
1000b0fe:	62c3      	str	r3, [r0, #44]	@ 0x2c
1000b100:	6b0b      	ldr	r3, [r1, #48]	@ 0x30
1000b102:	6303      	str	r3, [r0, #48]	@ 0x30
1000b104:	6b4b      	ldr	r3, [r1, #52]	@ 0x34
1000b106:	6343      	str	r3, [r0, #52]	@ 0x34
1000b108:	6b8b      	ldr	r3, [r1, #56]	@ 0x38
1000b10a:	6383      	str	r3, [r0, #56]	@ 0x38
1000b10c:	6bcb      	ldr	r3, [r1, #60]	@ 0x3c
1000b10e:	63c3      	str	r3, [r0, #60]	@ 0x3c
1000b110:	3040      	adds	r0, #64	@ 0x40
1000b112:	3140      	adds	r1, #64	@ 0x40
1000b114:	3a40      	subs	r2, #64	@ 0x40
1000b116:	d2db      	bcs.n	1000b0d0 <memcpy+0x10>
1000b118:	3230      	adds	r2, #48	@ 0x30
1000b11a:	d30b      	bcc.n	1000b134 <memcpy+0x74>
1000b11c:	680b      	ldr	r3, [r1, #0]
1000b11e:	6003      	str	r3, [r0, #0]
1000b120:	684b      	ldr	r3, [r1, #4]
1000b122:	6043      	str	r3, [r0, #4]
1000b124:	688b      	ldr	r3, [r1, #8]
1000b126:	6083      	str	r3, [r0, #8]
1000b128:	68cb      	ldr	r3, [r1, #12]
1000b12a:	60c3      	str	r3, [r0, #12]
1000b12c:	3010      	adds	r0, #16
1000b12e:	3110      	adds	r1, #16
1000b130:	3a10      	subs	r2, #16
1000b132:	d2f3      	bcs.n	1000b11c <memcpy+0x5c>
1000b134:	320c      	adds	r2, #12
1000b136:	d305      	bcc.n	1000b144 <memcpy+0x84>
1000b138:	f851 3b04 	ldr.w	r3, [r1], #4
1000b13c:	f840 3b04 	str.w	r3, [r0], #4
1000b140:	3a04      	subs	r2, #4
1000b142:	d2f9      	bcs.n	1000b138 <memcpy+0x78>
1000b144:	3204      	adds	r2, #4
1000b146:	d008      	beq.n	1000b15a <memcpy+0x9a>
1000b148:	07d2      	lsls	r2, r2, #31
1000b14a:	bf1c      	itt	ne
1000b14c:	f811 3b01 	ldrbne.w	r3, [r1], #1
1000b150:	f800 3b01 	strbne.w	r3, [r0], #1
1000b154:	d301      	bcc.n	1000b15a <memcpy+0x9a>
1000b156:	880b      	ldrh	r3, [r1, #0]
1000b158:	8003      	strh	r3, [r0, #0]
1000b15a:	4660      	mov	r0, ip
1000b15c:	4770      	bx	lr
1000b15e:	bf00      	nop
1000b160:	2a08      	cmp	r2, #8
1000b162:	d313      	bcc.n	1000b18c <memcpy+0xcc>
1000b164:	078b      	lsls	r3, r1, #30
1000b166:	d0b1      	beq.n	1000b0cc <memcpy+0xc>
1000b168:	f010 0303 	ands.w	r3, r0, #3
1000b16c:	d0ae      	beq.n	1000b0cc <memcpy+0xc>
1000b16e:	f1c3 0304 	rsb	r3, r3, #4
1000b172:	1ad2      	subs	r2, r2, r3
1000b174:	07db      	lsls	r3, r3, #31
1000b176:	bf1c      	itt	ne
1000b178:	f811 3b01 	ldrbne.w	r3, [r1], #1
1000b17c:	f800 3b01 	strbne.w	r3, [r0], #1
1000b180:	d3a4      	bcc.n	1000b0cc <memcpy+0xc>
1000b182:	f831 3b02 	ldrh.w	r3, [r1], #2
1000b186:	f820 3b02 	strh.w	r3, [r0], #2
1000b18a:	e79f      	b.n	1000b0cc <memcpy+0xc>
1000b18c:	3a04      	subs	r2, #4
1000b18e:	d3d9      	bcc.n	1000b144 <memcpy+0x84>
1000b190:	3a01      	subs	r2, #1
1000b192:	f811 3b01 	ldrb.w	r3, [r1], #1
1000b196:	f800 3b01 	strb.w	r3, [r0], #1
1000b19a:	d2f9      	bcs.n	1000b190 <memcpy+0xd0>
1000b19c:	780b      	ldrb	r3, [r1, #0]
1000b19e:	7003      	strb	r3, [r0, #0]
1000b1a0:	784b      	ldrb	r3, [r1, #1]
1000b1a2:	7043      	strb	r3, [r0, #1]
1000b1a4:	788b      	ldrb	r3, [r1, #2]
1000b1a6:	7083      	strb	r3, [r0, #2]
1000b1a8:	4660      	mov	r0, ip
1000b1aa:	4770      	bx	lr

1000b1ac <atexit>:
1000b1ac:	2300      	movs	r3, #0
1000b1ae:	4601      	mov	r1, r0
1000b1b0:	461a      	mov	r2, r3
1000b1b2:	4618      	mov	r0, r3
1000b1b4:	f000 b842 	b.w	1000b23c <__register_exitproc>

1000b1b8 <strlen>:
1000b1b8:	f020 0103 	bic.w	r1, r0, #3
1000b1bc:	f010 0003 	ands.w	r0, r0, #3
1000b1c0:	f1c0 0000 	rsb	r0, r0, #0
1000b1c4:	f851 3b04 	ldr.w	r3, [r1], #4
1000b1c8:	f100 0c04 	add.w	ip, r0, #4
1000b1cc:	ea4f 0ccc 	mov.w	ip, ip, lsl #3
1000b1d0:	f06f 0200 	mvn.w	r2, #0
1000b1d4:	bf1c      	itt	ne
1000b1d6:	fa22 f20c 	lsrne.w	r2, r2, ip
1000b1da:	4313      	orrne	r3, r2
1000b1dc:	f04f 0c01 	mov.w	ip, #1
1000b1e0:	ea4c 2c0c 	orr.w	ip, ip, ip, lsl #8
1000b1e4:	ea4c 4c0c 	orr.w	ip, ip, ip, lsl #16
1000b1e8:	eba3 020c 	sub.w	r2, r3, ip
1000b1ec:	ea22 0203 	bic.w	r2, r2, r3
1000b1f0:	ea12 12cc 	ands.w	r2, r2, ip, lsl #7
1000b1f4:	bf04      	itt	eq
1000b1f6:	f851 3b04 	ldreq.w	r3, [r1], #4
1000b1fa:	3004      	addeq	r0, #4
1000b1fc:	d0f4      	beq.n	1000b1e8 <strlen+0x30>
1000b1fe:	f1c2 0100 	rsb	r1, r2, #0
1000b202:	ea02 0201 	and.w	r2, r2, r1
1000b206:	fab2 f282 	clz	r2, r2
1000b20a:	f1c2 021f 	rsb	r2, r2, #31
1000b20e:	eb00 00d2 	add.w	r0, r0, r2, lsr #3
1000b212:	4770      	bx	lr

1000b214 <__libc_fini_array>:
1000b214:	b538      	push	{r3, r4, r5, lr}
1000b216:	4d07      	ldr	r5, [pc, #28]	@ (1000b234 <__libc_fini_array+0x20>)
1000b218:	4c07      	ldr	r4, [pc, #28]	@ (1000b238 <__libc_fini_array+0x24>)
1000b21a:	1b2c      	subs	r4, r5, r4
1000b21c:	10a4      	asrs	r4, r4, #2
1000b21e:	d005      	beq.n	1000b22c <__libc_fini_array+0x18>
1000b220:	3c01      	subs	r4, #1
1000b222:	f855 3d04 	ldr.w	r3, [r5, #-4]!
1000b226:	4798      	blx	r3
1000b228:	2c00      	cmp	r4, #0
1000b22a:	d1f9      	bne.n	1000b220 <__libc_fini_array+0xc>
1000b22c:	e8bd 4038 	ldmia.w	sp!, {r3, r4, r5, lr}
1000b230:	f000 b840 	b.w	1000b2b4 <_fini>
1000b234:	1000b368 	.word	0x1000b368
1000b238:	1000b368 	.word	0x1000b368

1000b23c <__register_exitproc>:
1000b23c:	b470      	push	{r4, r5, r6}
1000b23e:	4d16      	ldr	r5, [pc, #88]	@ (1000b298 <__register_exitproc+0x5c>)
1000b240:	682c      	ldr	r4, [r5, #0]
1000b242:	b31c      	cbz	r4, 1000b28c <__register_exitproc+0x50>
1000b244:	6865      	ldr	r5, [r4, #4]
1000b246:	2d1f      	cmp	r5, #31
1000b248:	dc23      	bgt.n	1000b292 <__register_exitproc+0x56>
1000b24a:	b938      	cbnz	r0, 1000b25c <__register_exitproc+0x20>
1000b24c:	1c6b      	adds	r3, r5, #1
1000b24e:	2000      	movs	r0, #0
1000b250:	3502      	adds	r5, #2
1000b252:	6063      	str	r3, [r4, #4]
1000b254:	f844 1025 	str.w	r1, [r4, r5, lsl #2]
1000b258:	bc70      	pop	{r4, r5, r6}
1000b25a:	4770      	bx	lr
1000b25c:	eb04 0c85 	add.w	ip, r4, r5, lsl #2
1000b260:	2802      	cmp	r0, #2
1000b262:	f8cc 2088 	str.w	r2, [ip, #136]	@ 0x88
1000b266:	f04f 0201 	mov.w	r2, #1
1000b26a:	f8d4 6188 	ldr.w	r6, [r4, #392]	@ 0x188
1000b26e:	fa02 f205 	lsl.w	r2, r2, r5
1000b272:	ea46 0602 	orr.w	r6, r6, r2
1000b276:	f8c4 6188 	str.w	r6, [r4, #392]	@ 0x188
1000b27a:	f8cc 3108 	str.w	r3, [ip, #264]	@ 0x108
1000b27e:	d1e5      	bne.n	1000b24c <__register_exitproc+0x10>
1000b280:	f8d4 318c 	ldr.w	r3, [r4, #396]	@ 0x18c
1000b284:	4313      	orrs	r3, r2
1000b286:	f8c4 318c 	str.w	r3, [r4, #396]	@ 0x18c
1000b28a:	e7df      	b.n	1000b24c <__register_exitproc+0x10>
1000b28c:	4c03      	ldr	r4, [pc, #12]	@ (1000b29c <__register_exitproc+0x60>)
1000b28e:	602c      	str	r4, [r5, #0]
1000b290:	e7d8      	b.n	1000b244 <__register_exitproc+0x8>
1000b292:	f04f 30ff 	mov.w	r0, #4294967295	@ 0xffffffff
1000b296:	e7df      	b.n	1000b258 <__register_exitproc+0x1c>
1000b298:	20001a14 	.word	0x20001a14
1000b29c:	20001884 	.word	0x20001884

1000b2a0 <register_fini>:
1000b2a0:	4b02      	ldr	r3, [pc, #8]	@ (1000b2ac <register_fini+0xc>)
1000b2a2:	b113      	cbz	r3, 1000b2aa <register_fini+0xa>
1000b2a4:	4802      	ldr	r0, [pc, #8]	@ (1000b2b0 <register_fini+0x10>)
1000b2a6:	f7ff bf81 	b.w	1000b1ac <atexit>
1000b2aa:	4770      	bx	lr
1000b2ac:	00000000 	.word	0x00000000
1000b2b0:	1000b215 	.word	0x1000b215

1000b2b4 <_fini>:
1000b2b4:	b5f8      	push	{r3, r4, r5, r6, r7, lr}
1000b2b6:	bf00      	nop

1000b2b8 <__mutex_enter_timeout_ms_veneer>:
1000b2b8:	f85f f000 	ldr.w	pc, [pc]	@ 1000b2bc <__mutex_enter_timeout_ms_veneer+0x4>
1000b2bc:	20000205 	.word	0x20000205

1000b2c0 <__hw_endpoint_start_next_buffer_veneer>:
1000b2c0:	f85f f000 	ldr.w	pc, [pc]	@ 1000b2c4 <__hw_endpoint_start_next_buffer_veneer+0x4>
1000b2c4:	20000b0d 	.word	0x20000b0d

1000b2c8 <____aeabi_f2d_veneer>:
1000b2c8:	f85f f000 	ldr.w	pc, [pc]	@ 1000b2cc <____aeabi_f2d_veneer+0x4>
1000b2cc:	20001099 	.word	0x20001099

1000b2d0 <__e15_is_bulkin_ep_veneer>:
1000b2d0:	f85f f000 	ldr.w	pc, [pc]	@ 1000b2d4 <__e15_is_bulkin_ep_veneer+0x4>
1000b2d4:	20000a6d 	.word	0x20000a6d

1000b2d8 <____aeabi_uldivmod_veneer>:
1000b2d8:	f85f f000 	ldr.w	pc, [pc]	@ 1000b2dc <____aeabi_uldivmod_veneer+0x4>
1000b2dc:	200011e9 	.word	0x200011e9

1000b2e0 <__mutex_exit_veneer>:
1000b2e0:	f85f f000 	ldr.w	pc, [pc]	@ 1000b2e4 <__mutex_exit_veneer+0x4>
1000b2e4:	2000027d 	.word	0x2000027d

1000b2e8 <____aeabi_ldivmod_veneer>:
1000b2e8:	f85f f000 	ldr.w	pc, [pc]	@ 1000b2ec <____aeabi_ldivmod_veneer+0x4>
1000b2ec:	20001149 	.word	0x20001149

1000b2f0 <__reset_non_control_endpoints_veneer>:
1000b2f0:	f85f f000 	ldr.w	pc, [pc]	@ 1000b2f4 <__reset_non_control_endpoints_veneer+0x4>
1000b2f4:	200002b1 	.word	0x200002b1

1000b2f8 <__e15_is_critical_frame_period_veneer>:
1000b2f8:	f85f f000 	ldr.w	pc, [pc]	@ 1000b2fc <__e15_is_critical_frame_period_veneer+0x4>
1000b2fc:	20000a95 	.word	0x20000a95

1000b300 <___hw_endpoint_buffer_control_update32_veneer>:
1000b300:	f85f f000 	ldr.w	pc, [pc]	@ 1000b304 <___hw_endpoint_buffer_control_update32_veneer+0x4>
1000b304:	20000ac9 	.word	0x20000ac9

1000b308 <__mutex_try_enter_block_until_veneer>:
1000b308:	f85f f000 	ldr.w	pc, [pc]	@ 1000b30c <__mutex_try_enter_block_until_veneer+0x4>
1000b30c:	20000159 	.word	0x20000159

1000b310 <__mutex_try_enter_veneer>:
1000b310:	f85f f000 	ldr.w	pc, [pc]	@ 1000b314 <__mutex_try_enter_veneer+0x4>
1000b314:	20000111 	.word	0x20000111

1000b318 <__pre_init_runtime_init_bootrom_reset>:
1000b318:	100025bd                                .%..

1000b31c <__pre_init_runtime_init_early_resets>:
1000b31c:	10002531                                1%..

1000b320 <__pre_init_runtime_init_usb_power_down>:
1000b320:	10002565                                e%..

1000b324 <__pre_init_runtime_init_clocks>:
1000b324:	10002651                                Q&..

1000b328 <__pre_init_runtime_init_post_clock_resets>:
1000b328:	1000259d                                .%..

1000b32c <__pre_init_runtime_init_boot_locks_reset>:
1000b32c:	10002495                                .$..

1000b330 <__pre_init_runtime_init_spin_locks_reset>:
1000b330:	100025e5                                .%..

1000b334 <__pre_init_runtime_init_bootrom_locking_enable>:
1000b334:	10002481                                .$..

1000b338 <__pre_init_runtime_init_mutex>:
1000b338:	100018d5                                ....

1000b33c <__pre_init_runtime_init_install_ram_vector_table>:
1000b33c:	100025e9                                .%..

1000b340 <__pre_init_runtime_init_default_alarm_pool>:
1000b340:	10001c95                                ....

1000b344 <__pre_init_first_per_core_initializer>:
1000b344:	100024e1                                .$..

1000b348 <__pre_init_runtime_init_per_core_bootrom_reset>:
1000b348:	100025d1                                .%..

1000b34c <__pre_init_runtime_init_per_core_enable_coprocessors>:
1000b34c:	10002581                                .%..

1000b350 <__pre_init_spinlock_set_extexclall>:
1000b350:	1000128d                                ....

1000b354 <__pre_init_runtime_init_per_core_irq_priorities>:
1000b354:	100012b5                                ....

1000b358 <__init_array_start>:
1000b358:	1000b2a1 	.word	0x1000b2a1
1000b35c:	10004981 	.word	0x10004981

1000b360 <__frame_dummy_init_array_entry>:
1000b360:	10000255 1000728d                       U....r..

Disassembly of section .data:

20000110 <mutex_try_enter>:
20000110:	b538      	push	{r3, r4, r5, lr}
20000112:	4604      	mov	r4, r0
20000114:	6803      	ldr	r3, [r0, #0]
20000116:	f3ef 8510 	mrs	r5, PRIMASK
2000011a:	b672      	cpsid	i
2000011c:	e8d3 0fcf 	ldaexb	r0, [r3]
20000120:	2201      	movs	r2, #1
20000122:	2800      	cmp	r0, #0
20000124:	d1fa      	bne.n	2000011c <mutex_try_enter+0xc>
20000126:	e8c3 2f40 	strexb	r0, r2, [r3]
2000012a:	2800      	cmp	r0, #0
2000012c:	d1f6      	bne.n	2000011c <mutex_try_enter+0xc>
2000012e:	f3bf 8f5f 	dmb	sy
20000132:	6863      	ldr	r3, [r4, #4]
20000134:	1c5a      	adds	r2, r3, #1
20000136:	d009      	beq.n	2000014c <mutex_try_enter+0x3c>
20000138:	b101      	cbz	r1, 2000013c <mutex_try_enter+0x2c>
2000013a:	600b      	str	r3, [r1, #0]
2000013c:	2000      	movs	r0, #0
2000013e:	2300      	movs	r3, #0
20000140:	6822      	ldr	r2, [r4, #0]
20000142:	e8c2 3f8f 	stlb	r3, [r2]
20000146:	f385 8810 	msr	PRIMASK, r5
2000014a:	bd38      	pop	{r3, r4, r5, pc}
2000014c:	f001 f9f8 	bl	20001540 <__ulPortLockGetCurrentOwnerId_veneer>
20000150:	4603      	mov	r3, r0
20000152:	2001      	movs	r0, #1
20000154:	6063      	str	r3, [r4, #4]
20000156:	e7f2      	b.n	2000013e <mutex_try_enter+0x2e>

20000158 <mutex_try_enter_block_until>:
20000158:	e92d 41f0 	stmdb	sp!, {r4, r5, r6, r7, r8, lr}
2000015c:	461f      	mov	r7, r3
2000015e:	4604      	mov	r4, r0
20000160:	4616      	mov	r6, r2
20000162:	6803      	ldr	r3, [r0, #0]
20000164:	f3ef 8810 	mrs	r8, PRIMASK
20000168:	b672      	cpsid	i
2000016a:	e8d3 1fcf 	ldaexb	r1, [r3]
2000016e:	2201      	movs	r2, #1
20000170:	2900      	cmp	r1, #0
20000172:	d1fa      	bne.n	2000016a <mutex_try_enter_block_until+0x12>
20000174:	e8c3 2f41 	strexb	r1, r2, [r3]
20000178:	2900      	cmp	r1, #0
2000017a:	d1f6      	bne.n	2000016a <mutex_try_enter_block_until+0x12>
2000017c:	f3bf 8f5f 	dmb	sy
20000180:	6845      	ldr	r5, [r0, #4]
20000182:	1c6b      	adds	r3, r5, #1
20000184:	d00c      	beq.n	200001a0 <mutex_try_enter_block_until+0x48>
20000186:	2300      	movs	r3, #0
20000188:	6802      	ldr	r2, [r0, #0]
2000018a:	e8c2 3f8f 	stlb	r3, [r2]
2000018e:	f388 8810 	msr	PRIMASK, r8
20000192:	f001 f9d5 	bl	20001540 <__ulPortLockGetCurrentOwnerId_veneer>
20000196:	42a8      	cmp	r0, r5
20000198:	d10d      	bne.n	200001b6 <mutex_try_enter_block_until+0x5e>
2000019a:	2000      	movs	r0, #0
2000019c:	e8bd 81f0 	ldmia.w	sp!, {r4, r5, r6, r7, r8, pc}
200001a0:	f001 f9ce 	bl	20001540 <__ulPortLockGetCurrentOwnerId_veneer>
200001a4:	2300      	movs	r3, #0
200001a6:	6822      	ldr	r2, [r4, #0]
200001a8:	6060      	str	r0, [r4, #4]
200001aa:	e8c2 3f8f 	stlb	r3, [r2]
200001ae:	f388 8810 	msr	PRIMASK, r8
200001b2:	2001      	movs	r0, #1
200001b4:	e7f2      	b.n	2000019c <mutex_try_enter_block_until+0x44>
200001b6:	f001 f9c3 	bl	20001540 <__ulPortLockGetCurrentOwnerId_veneer>
200001ba:	4680      	mov	r8, r0
200001bc:	e006      	b.n	200001cc <mutex_try_enter_block_until+0x74>
200001be:	4632      	mov	r2, r6
200001c0:	463b      	mov	r3, r7
200001c2:	4620      	mov	r0, r4
200001c4:	f001 f9c8 	bl	20001558 <__xPortLockInternalSpinUnlockWithBestEffortWaitOrTimeout_veneer>
200001c8:	2800      	cmp	r0, #0
200001ca:	d1e6      	bne.n	2000019a <mutex_try_enter_block_until+0x42>
200001cc:	6825      	ldr	r5, [r4, #0]
200001ce:	f3ef 8110 	mrs	r1, PRIMASK
200001d2:	b672      	cpsid	i
200001d4:	e8d5 2fcf 	ldaexb	r2, [r5]
200001d8:	2301      	movs	r3, #1
200001da:	2a00      	cmp	r2, #0
200001dc:	d1fa      	bne.n	200001d4 <mutex_try_enter_block_until+0x7c>
200001de:	e8c5 3f42 	strexb	r2, r3, [r5]
200001e2:	2a00      	cmp	r2, #0
200001e4:	d1f6      	bne.n	200001d4 <mutex_try_enter_block_until+0x7c>
200001e6:	f3bf 8f5f 	dmb	sy
200001ea:	6863      	ldr	r3, [r4, #4]
200001ec:	3301      	adds	r3, #1
200001ee:	d1e6      	bne.n	200001be <mutex_try_enter_block_until+0x66>
200001f0:	2300      	movs	r3, #0
200001f2:	6822      	ldr	r2, [r4, #0]
200001f4:	f8c4 8004 	str.w	r8, [r4, #4]
200001f8:	e8c2 3f8f 	stlb	r3, [r2]
200001fc:	f381 8810 	msr	PRIMASK, r1
20000200:	e7d7      	b.n	200001b2 <mutex_try_enter_block_until+0x5a>
20000202:	bf00      	nop

20000204 <mutex_enter_timeout_ms>:
20000204:	b5f8      	push	{r3, r4, r5, r6, r7, lr}
20000206:	460f      	mov	r7, r1
20000208:	4604      	mov	r4, r0
2000020a:	f001 f98d 	bl	20001528 <__time_us_64_veneer>
2000020e:	f44f 737a 	mov.w	r3, #1000	@ 0x3e8
20000212:	4605      	mov	r5, r0
20000214:	f04f 3cff 	mov.w	ip, #4294967295	@ 0xffffffff
20000218:	f06f 4200 	mvn.w	r2, #2147483648	@ 0x80000000
2000021c:	fbe7 5103 	umlal	r5, r1, r7, r3
20000220:	45ac      	cmp	ip, r5
20000222:	eb72 0301 	sbcs.w	r3, r2, r1
20000226:	bf3a      	itte	cc
20000228:	4665      	movcc	r5, ip
2000022a:	4616      	movcc	r6, r2
2000022c:	460e      	movcs	r6, r1
2000022e:	f001 f987 	bl	20001540 <__ulPortLockGetCurrentOwnerId_veneer>
20000232:	4607      	mov	r7, r0
20000234:	e005      	b.n	20000242 <mutex_enter_timeout_ms+0x3e>
20000236:	462a      	mov	r2, r5
20000238:	4633      	mov	r3, r6
2000023a:	4620      	mov	r0, r4
2000023c:	f001 f98c 	bl	20001558 <__xPortLockInternalSpinUnlockWithBestEffortWaitOrTimeout_veneer>
20000240:	b9d0      	cbnz	r0, 20000278 <mutex_enter_timeout_ms+0x74>
20000242:	6823      	ldr	r3, [r4, #0]
20000244:	f3ef 8110 	mrs	r1, PRIMASK
20000248:	b672      	cpsid	i
2000024a:	e8d3 0fcf 	ldaexb	r0, [r3]
2000024e:	2201      	movs	r2, #1
20000250:	2800      	cmp	r0, #0
20000252:	d1fa      	bne.n	2000024a <mutex_enter_timeout_ms+0x46>
20000254:	e8c3 2f40 	strexb	r0, r2, [r3]
20000258:	2800      	cmp	r0, #0
2000025a:	d1f6      	bne.n	2000024a <mutex_enter_timeout_ms+0x46>
2000025c:	f3bf 8f5f 	dmb	sy
20000260:	6863      	ldr	r3, [r4, #4]
20000262:	3301      	adds	r3, #1
20000264:	d1e7      	bne.n	20000236 <mutex_enter_timeout_ms+0x32>
20000266:	2300      	movs	r3, #0
20000268:	6822      	ldr	r2, [r4, #0]
2000026a:	6067      	str	r7, [r4, #4]
2000026c:	e8c2 3f8f 	stlb	r3, [r2]
20000270:	f381 8810 	msr	PRIMASK, r1
20000274:	2001      	movs	r0, #1
20000276:	bdf8      	pop	{r3, r4, r5, r6, r7, pc}
20000278:	2000      	movs	r0, #0
2000027a:	bdf8      	pop	{r3, r4, r5, r6, r7, pc}

2000027c <mutex_exit>:
2000027c:	b500      	push	{lr}
2000027e:	6802      	ldr	r2, [r0, #0]
20000280:	f3ef 8110 	mrs	r1, PRIMASK
20000284:	b672      	cpsid	i
20000286:	e8d2 efcf 	ldaexb	lr, [r2]
2000028a:	f05f 0c01 	movs.w	ip, #1
2000028e:	f1be 0f00 	cmp.w	lr, #0
20000292:	d1f8      	bne.n	20000286 <mutex_exit+0xa>
20000294:	e8c2 cf4e 	strexb	lr, ip, [r2]
20000298:	f1be 0f00 	cmp.w	lr, #0
2000029c:	d1f3      	bne.n	20000286 <mutex_exit+0xa>
2000029e:	f3bf 8f5f 	dmb	sy
200002a2:	f04f 32ff 	mov.w	r2, #4294967295	@ 0xffffffff
200002a6:	f85d eb04 	ldr.w	lr, [sp], #4
200002aa:	6042      	str	r2, [r0, #4]
200002ac:	f001 b938 	b.w	20001520 <__vPortLockInternalSpinUnlockWithNotify_veneer>

200002b0 <reset_non_control_endpoints>:
200002b0:	2100      	movs	r1, #0
200002b2:	b508      	push	{r3, lr}
200002b4:	4b13      	ldr	r3, [pc, #76]	@ (20000304 <reset_non_control_endpoints+0x54>)
200002b6:	f44f 7270 	mov.w	r2, #960	@ 0x3c0
200002ba:	6099      	str	r1, [r3, #8]
200002bc:	4812      	ldr	r0, [pc, #72]	@ (20000308 <reset_non_control_endpoints+0x58>)
200002be:	60d9      	str	r1, [r3, #12]
200002c0:	6119      	str	r1, [r3, #16]
200002c2:	6159      	str	r1, [r3, #20]
200002c4:	6199      	str	r1, [r3, #24]
200002c6:	61d9      	str	r1, [r3, #28]
200002c8:	6219      	str	r1, [r3, #32]
200002ca:	6259      	str	r1, [r3, #36]	@ 0x24
200002cc:	6299      	str	r1, [r3, #40]	@ 0x28
200002ce:	62d9      	str	r1, [r3, #44]	@ 0x2c
200002d0:	6319      	str	r1, [r3, #48]	@ 0x30
200002d2:	6359      	str	r1, [r3, #52]	@ 0x34
200002d4:	6399      	str	r1, [r3, #56]	@ 0x38
200002d6:	63d9      	str	r1, [r3, #60]	@ 0x3c
200002d8:	6419      	str	r1, [r3, #64]	@ 0x40
200002da:	6459      	str	r1, [r3, #68]	@ 0x44
200002dc:	6499      	str	r1, [r3, #72]	@ 0x48
200002de:	64d9      	str	r1, [r3, #76]	@ 0x4c
200002e0:	6519      	str	r1, [r3, #80]	@ 0x50
200002e2:	6559      	str	r1, [r3, #84]	@ 0x54
200002e4:	6599      	str	r1, [r3, #88]	@ 0x58
200002e6:	65d9      	str	r1, [r3, #92]	@ 0x5c
200002e8:	6619      	str	r1, [r3, #96]	@ 0x60
200002ea:	6659      	str	r1, [r3, #100]	@ 0x64
200002ec:	6699      	str	r1, [r3, #104]	@ 0x68
200002ee:	66d9      	str	r1, [r3, #108]	@ 0x6c
200002f0:	6719      	str	r1, [r3, #112]	@ 0x70
200002f2:	6759      	str	r1, [r3, #116]	@ 0x74
200002f4:	6799      	str	r1, [r3, #120]	@ 0x78
200002f6:	67d9      	str	r1, [r3, #124]	@ 0x7c
200002f8:	f001 f91e 	bl	20001538 <__memset_veneer>
200002fc:	4b03      	ldr	r3, [pc, #12]	@ (2000030c <reset_non_control_endpoints+0x5c>)
200002fe:	4a04      	ldr	r2, [pc, #16]	@ (20000310 <reset_non_control_endpoints+0x60>)
20000300:	601a      	str	r2, [r3, #0]
20000302:	bd08      	pop	{r3, pc}
20000304:	50100000 	.word	0x50100000
20000308:	20001fc0 	.word	0x20001fc0
2000030c:	2000238c 	.word	0x2000238c
20000310:	50100180 	.word	0x50100180

20000314 <hw_handle_buff_status>:
20000314:	e92d 4ff0 	stmdb	sp!, {r4, r5, r6, r7, r8, r9, sl, fp, lr}
20000318:	4b20      	ldr	r3, [pc, #128]	@ (2000039c <hw_handle_buff_status+0x88>)
2000031a:	b085      	sub	sp, #20
2000031c:	6d9e      	ldr	r6, [r3, #88]	@ 0x58
2000031e:	b30e      	cbz	r6, 20000364 <hw_handle_buff_status+0x50>
20000320:	2400      	movs	r4, #0
20000322:	2501      	movs	r5, #1
20000324:	4f1e      	ldr	r7, [pc, #120]	@ (200003a0 <hw_handle_buff_status+0x8c>)
20000326:	e001      	b.n	2000032c <hw_handle_buff_status+0x18>
20000328:	2c20      	cmp	r4, #32
2000032a:	d01b      	beq.n	20000364 <hw_handle_buff_status+0x50>
2000032c:	ea06 0305 	and.w	r3, r6, r5
20000330:	1c62      	adds	r2, r4, #1
20000332:	4621      	mov	r1, r4
20000334:	46aa      	mov	sl, r5
20000336:	b2d4      	uxtb	r4, r2
20000338:	006d      	lsls	r5, r5, #1
2000033a:	2b00      	cmp	r3, #0
2000033c:	d0f4      	beq.n	20000328 <hw_handle_buff_status+0x14>
2000033e:	2302      	movs	r3, #2
20000340:	f004 0801 	and.w	r8, r4, #1
20000344:	ea4f 0951 	mov.w	r9, r1, lsr #1
20000348:	fb13 8b09 	smlabb	fp, r3, r9, r8
2000034c:	4b15      	ldr	r3, [pc, #84]	@ (200003a4 <hw_handle_buff_status+0x90>)
2000034e:	eb07 1b4b 	add.w	fp, r7, fp, lsl #5
20000352:	4658      	mov	r0, fp
20000354:	f8c3 a058 	str.w	sl, [r3, #88]	@ 0x58
20000358:	f000 fc0a 	bl	20000b70 <hw_endpoint_xfer_continue>
2000035c:	b928      	cbnz	r0, 2000036a <hw_handle_buff_status+0x56>
2000035e:	ea36 060a 	bics.w	r6, r6, sl
20000362:	d1e1      	bne.n	20000328 <hw_handle_buff_status+0x14>
20000364:	b005      	add	sp, #20
20000366:	e8bd 8ff0 	ldmia.w	sp!, {r4, r5, r6, r7, r8, r9, sl, fp, pc}
2000036a:	f44f 62e0 	mov.w	r2, #1792	@ 0x700
2000036e:	f8ad 2004 	strh.w	r2, [sp, #4]
20000372:	2200      	movs	r2, #0
20000374:	eb08 0349 	add.w	r3, r8, r9, lsl #1
20000378:	eb07 1343 	add.w	r3, r7, r3, lsl #5
2000037c:	f88d 2009 	strb.w	r2, [sp, #9]
20000380:	789a      	ldrb	r2, [r3, #2]
20000382:	8adb      	ldrh	r3, [r3, #22]
20000384:	a801      	add	r0, sp, #4
20000386:	2101      	movs	r1, #1
20000388:	f88d 2008 	strb.w	r2, [sp, #8]
2000038c:	9303      	str	r3, [sp, #12]
2000038e:	f000 fc0d 	bl	20000bac <dcd_event_handler>
20000392:	4658      	mov	r0, fp
20000394:	f000 fb92 	bl	20000abc <hw_endpoint_reset_transfer>
20000398:	e7e1      	b.n	2000035e <hw_handle_buff_status+0x4a>
2000039a:	bf00      	nop
2000039c:	50110000 	.word	0x50110000
200003a0:	20001f80 	.word	0x20001f80
200003a4:	50113000 	.word	0x50113000

200003a8 <dcd_rp2040_irq>:
200003a8:	b5f0      	push	{r4, r5, r6, r7, lr}
200003aa:	4bb2      	ldr	r3, [pc, #712]	@ (20000674 <dcd_rp2040_irq+0x2cc>)
200003ac:	b085      	sub	sp, #20
200003ae:	f8d3 5098 	ldr.w	r5, [r3, #152]	@ 0x98
200003b2:	f415 3600 	ands.w	r6, r5, #131072	@ 0x20000
200003b6:	d074      	beq.n	200004a2 <dcd_rp2040_irq+0xfa>
200003b8:	4baf      	ldr	r3, [pc, #700]	@ (20000678 <dcd_rp2040_irq+0x2d0>)
200003ba:	4cb0      	ldr	r4, [pc, #704]	@ (2000067c <dcd_rp2040_irq+0x2d4>)
200003bc:	6a99      	ldr	r1, [r3, #40]	@ 0x28
200003be:	f894 303b 	ldrb.w	r3, [r4, #59]	@ 0x3b
200003c2:	4aaf      	ldr	r2, [pc, #700]	@ (20000680 <dcd_rp2040_irq+0x2d8>)
200003c4:	2b02      	cmp	r3, #2
200003c6:	6011      	str	r1, [r2, #0]
200003c8:	f000 80f9 	beq.w	200005be <dcd_rp2040_irq+0x216>
200003cc:	2600      	movs	r6, #0
200003ce:	f894 307b 	ldrb.w	r3, [r4, #123]	@ 0x7b
200003d2:	2b02      	cmp	r3, #2
200003d4:	f000 81d4 	beq.w	20000780 <dcd_rp2040_irq+0x3d8>
200003d8:	f894 30bb 	ldrb.w	r3, [r4, #187]	@ 0xbb
200003dc:	2b02      	cmp	r3, #2
200003de:	f000 81c5 	beq.w	2000076c <dcd_rp2040_irq+0x3c4>
200003e2:	f894 30fb 	ldrb.w	r3, [r4, #251]	@ 0xfb
200003e6:	2b02      	cmp	r3, #2
200003e8:	f000 81b6 	beq.w	20000758 <dcd_rp2040_irq+0x3b0>
200003ec:	f894 313b 	ldrb.w	r3, [r4, #315]	@ 0x13b
200003f0:	2b02      	cmp	r3, #2
200003f2:	f000 81a6 	beq.w	20000742 <dcd_rp2040_irq+0x39a>
200003f6:	f894 317b 	ldrb.w	r3, [r4, #379]	@ 0x17b
200003fa:	2b02      	cmp	r3, #2
200003fc:	f000 8196 	beq.w	2000072c <dcd_rp2040_irq+0x384>
20000400:	f894 31bb 	ldrb.w	r3, [r4, #443]	@ 0x1bb
20000404:	2b02      	cmp	r3, #2
20000406:	f000 8186 	beq.w	20000716 <dcd_rp2040_irq+0x36e>
2000040a:	f894 31fb 	ldrb.w	r3, [r4, #507]	@ 0x1fb
2000040e:	2b02      	cmp	r3, #2
20000410:	f000 8176 	beq.w	20000700 <dcd_rp2040_irq+0x358>
20000414:	f894 323b 	ldrb.w	r3, [r4, #571]	@ 0x23b
20000418:	2b02      	cmp	r3, #2
2000041a:	f000 8165 	beq.w	200006e8 <dcd_rp2040_irq+0x340>
2000041e:	f894 327b 	ldrb.w	r3, [r4, #635]	@ 0x27b
20000422:	2b02      	cmp	r3, #2
20000424:	f000 8154 	beq.w	200006d0 <dcd_rp2040_irq+0x328>
20000428:	f894 32bb 	ldrb.w	r3, [r4, #699]	@ 0x2bb
2000042c:	2b02      	cmp	r3, #2
2000042e:	f000 8143 	beq.w	200006b8 <dcd_rp2040_irq+0x310>
20000432:	f894 32fb 	ldrb.w	r3, [r4, #763]	@ 0x2fb
20000436:	2b02      	cmp	r3, #2
20000438:	f000 8132 	beq.w	200006a0 <dcd_rp2040_irq+0x2f8>
2000043c:	f894 333b 	ldrb.w	r3, [r4, #827]	@ 0x33b
20000440:	2b02      	cmp	r3, #2
20000442:	f000 810a 	beq.w	2000065a <dcd_rp2040_irq+0x2b2>
20000446:	f894 337b 	ldrb.w	r3, [r4, #891]	@ 0x37b
2000044a:	2b02      	cmp	r3, #2
2000044c:	f000 80c9 	beq.w	200005e2 <dcd_rp2040_irq+0x23a>
20000450:	f894 33bb 	ldrb.w	r3, [r4, #955]	@ 0x3bb
20000454:	2b02      	cmp	r3, #2
20000456:	f000 80ec 	beq.w	20000632 <dcd_rp2040_irq+0x28a>
2000045a:	f894 33fb 	ldrb.w	r3, [r4, #1019]	@ 0x3fb
2000045e:	2b02      	cmp	r3, #2
20000460:	f000 80d6 	beq.w	20000610 <dcd_rp2040_irq+0x268>
20000464:	b93e      	cbnz	r6, 20000476 <dcd_rp2040_irq+0xce>
20000466:	4b87      	ldr	r3, [pc, #540]	@ (20000684 <dcd_rp2040_irq+0x2dc>)
20000468:	781b      	ldrb	r3, [r3, #0]
2000046a:	b923      	cbnz	r3, 20000476 <dcd_rp2040_irq+0xce>
2000046c:	f44f 3200 	mov.w	r2, #131072	@ 0x20000
20000470:	4b85      	ldr	r3, [pc, #532]	@ (20000688 <dcd_rp2040_irq+0x2e0>)
20000472:	f8c3 2090 	str.w	r2, [r3, #144]	@ 0x90
20000476:	f44f 7240 	mov.w	r2, #768	@ 0x300
2000047a:	4b7e      	ldr	r3, [pc, #504]	@ (20000674 <dcd_rp2040_irq+0x2cc>)
2000047c:	2101      	movs	r1, #1
2000047e:	6c9b      	ldr	r3, [r3, #72]	@ 0x48
20000480:	a801      	add	r0, sp, #4
20000482:	f3c3 030a 	ubfx	r3, r3, #0, #11
20000486:	f8ad 2004 	strh.w	r2, [sp, #4]
2000048a:	9302      	str	r3, [sp, #8]
2000048c:	f000 fb8e 	bl	20000bac <dcd_event_handler>
20000490:	06ea      	lsls	r2, r5, #27
20000492:	f44f 3600 	mov.w	r6, #131072	@ 0x20000
20000496:	4c7d      	ldr	r4, [pc, #500]	@ (2000068c <dcd_rp2040_irq+0x2e4>)
20000498:	d507      	bpl.n	200004aa <dcd_rp2040_irq+0x102>
2000049a:	f7ff ff3b 	bl	20000314 <hw_handle_buff_status>
2000049e:	4626      	mov	r6, r4
200004a0:	e003      	b.n	200004aa <dcd_rp2040_irq+0x102>
200004a2:	06ea      	lsls	r2, r5, #27
200004a4:	f04f 0410 	mov.w	r4, #16
200004a8:	d4f7      	bmi.n	2000049a <dcd_rp2040_irq+0xf2>
200004aa:	03eb      	lsls	r3, r5, #15
200004ac:	d532      	bpl.n	20000514 <dcd_rp2040_irq+0x16c>
200004ae:	4c73      	ldr	r4, [pc, #460]	@ (2000067c <dcd_rp2040_irq+0x2d4>)
200004b0:	f446 3680 	orr.w	r6, r6, #65536	@ 0x10000
200004b4:	7ea3      	ldrb	r3, [r4, #26]
200004b6:	b19b      	cbz	r3, 200004e0 <dcd_rp2040_irq+0x138>
200004b8:	2102      	movs	r1, #2
200004ba:	4b75      	ldr	r3, [pc, #468]	@ (20000690 <dcd_rp2040_irq+0x2e8>)
200004bc:	4a6d      	ldr	r2, [pc, #436]	@ (20000674 <dcd_rp2040_irq+0x2cc>)
200004be:	6619      	str	r1, [r3, #96]	@ 0x60
200004c0:	6e53      	ldr	r3, [r2, #100]	@ 0x64
200004c2:	079f      	lsls	r7, r3, #30
200004c4:	d5fc      	bpl.n	200004c0 <dcd_rp2040_irq+0x118>
200004c6:	f44f 5240 	mov.w	r2, #12288	@ 0x3000
200004ca:	2100      	movs	r1, #0
200004cc:	486b      	ldr	r0, [pc, #428]	@ (2000067c <dcd_rp2040_irq+0x2d4>)
200004ce:	f000 fafb 	bl	20000ac8 <_hw_endpoint_buffer_control_update32>
200004d2:	486a      	ldr	r0, [pc, #424]	@ (2000067c <dcd_rp2040_irq+0x2d4>)
200004d4:	f000 faf2 	bl	20000abc <hw_endpoint_reset_transfer>
200004d8:	2202      	movs	r2, #2
200004da:	4b6b      	ldr	r3, [pc, #428]	@ (20000688 <dcd_rp2040_irq+0x2e0>)
200004dc:	665a      	str	r2, [r3, #100]	@ 0x64
200004de:	661a      	str	r2, [r3, #96]	@ 0x60
200004e0:	2301      	movs	r3, #1
200004e2:	f894 203a 	ldrb.w	r2, [r4, #58]	@ 0x3a
200004e6:	70e3      	strb	r3, [r4, #3]
200004e8:	b9fa      	cbnz	r2, 2000052a <dcd_rp2040_irq+0x182>
200004ea:	2301      	movs	r3, #1
200004ec:	f44f 61c0 	mov.w	r1, #1536	@ 0x600
200004f0:	4a68      	ldr	r2, [pc, #416]	@ (20000694 <dcd_rp2040_irq+0x2ec>)
200004f2:	f884 3023 	strb.w	r3, [r4, #35]	@ 0x23
200004f6:	f8ad 1004 	strh.w	r1, [sp, #4]
200004fa:	e892 0003 	ldmia.w	r2, {r0, r1}
200004fe:	aa04      	add	r2, sp, #16
20000500:	e902 0003 	stmdb	r2, {r0, r1}
20000504:	4619      	mov	r1, r3
20000506:	a801      	add	r0, sp, #4
20000508:	f000 fb50 	bl	20000bac <dcd_event_handler>
2000050c:	f44f 3200 	mov.w	r2, #131072	@ 0x20000
20000510:	4b5d      	ldr	r3, [pc, #372]	@ (20000688 <dcd_rp2040_irq+0x2e0>)
20000512:	651a      	str	r2, [r3, #80]	@ 0x50
20000514:	04e9      	lsls	r1, r5, #19
20000516:	d41d      	bmi.n	20000554 <dcd_rp2040_irq+0x1ac>
20000518:	046a      	lsls	r2, r5, #17
2000051a:	d432      	bmi.n	20000582 <dcd_rp2040_irq+0x1da>
2000051c:	042b      	lsls	r3, r5, #16
2000051e:	d43f      	bmi.n	200005a0 <dcd_rp2040_irq+0x1f8>
20000520:	42ae      	cmp	r6, r5
20000522:	f040 81a5 	bne.w	20000870 <dcd_rp2040_irq+0x4c8>
20000526:	b005      	add	sp, #20
20000528:	bdf0      	pop	{r4, r5, r6, r7, pc}
2000052a:	4a59      	ldr	r2, [pc, #356]	@ (20000690 <dcd_rp2040_irq+0x2e8>)
2000052c:	6613      	str	r3, [r2, #96]	@ 0x60
2000052e:	f5a2 5200 	sub.w	r2, r2, #8192	@ 0x2000
20000532:	6e53      	ldr	r3, [r2, #100]	@ 0x64
20000534:	07d8      	lsls	r0, r3, #31
20000536:	d5fc      	bpl.n	20000532 <dcd_rp2040_irq+0x18a>
20000538:	f44f 5240 	mov.w	r2, #12288	@ 0x3000
2000053c:	2100      	movs	r1, #0
2000053e:	4856      	ldr	r0, [pc, #344]	@ (20000698 <dcd_rp2040_irq+0x2f0>)
20000540:	f000 fac2 	bl	20000ac8 <_hw_endpoint_buffer_control_update32>
20000544:	4854      	ldr	r0, [pc, #336]	@ (20000698 <dcd_rp2040_irq+0x2f0>)
20000546:	f000 fab9 	bl	20000abc <hw_endpoint_reset_transfer>
2000054a:	2201      	movs	r2, #1
2000054c:	4b4e      	ldr	r3, [pc, #312]	@ (20000688 <dcd_rp2040_irq+0x2e0>)
2000054e:	665a      	str	r2, [r3, #100]	@ 0x64
20000550:	661a      	str	r2, [r3, #96]	@ 0x60
20000552:	e7ca      	b.n	200004ea <dcd_rp2040_irq+0x142>
20000554:	2400      	movs	r4, #0
20000556:	4b47      	ldr	r3, [pc, #284]	@ (20000674 <dcd_rp2040_irq+0x2cc>)
20000558:	f446 5680 	orr.w	r6, r6, #4096	@ 0x1000
2000055c:	601c      	str	r4, [r3, #0]
2000055e:	f7ff fea7 	bl	200002b0 <reset_non_control_endpoints>
20000562:	f44f 7380 	mov.w	r3, #256	@ 0x100
20000566:	2101      	movs	r1, #1
20000568:	a801      	add	r0, sp, #4
2000056a:	f8ad 3004 	strh.w	r3, [sp, #4]
2000056e:	f88d 4008 	strb.w	r4, [sp, #8]
20000572:	f000 fb1b 	bl	20000bac <dcd_event_handler>
20000576:	f44f 2200 	mov.w	r2, #524288	@ 0x80000
2000057a:	4b43      	ldr	r3, [pc, #268]	@ (20000688 <dcd_rp2040_irq+0x2e0>)
2000057c:	651a      	str	r2, [r3, #80]	@ 0x50
2000057e:	046a      	lsls	r2, r5, #17
20000580:	d5cc      	bpl.n	2000051c <dcd_rp2040_irq+0x174>
20000582:	f44f 6380 	mov.w	r3, #1024	@ 0x400
20000586:	2101      	movs	r1, #1
20000588:	a801      	add	r0, sp, #4
2000058a:	f8ad 3004 	strh.w	r3, [sp, #4]
2000058e:	f000 fb0d 	bl	20000bac <dcd_event_handler>
20000592:	2210      	movs	r2, #16
20000594:	4b3c      	ldr	r3, [pc, #240]	@ (20000688 <dcd_rp2040_irq+0x2e0>)
20000596:	f446 4680 	orr.w	r6, r6, #16384	@ 0x4000
2000059a:	651a      	str	r2, [r3, #80]	@ 0x50
2000059c:	042b      	lsls	r3, r5, #16
2000059e:	d5bf      	bpl.n	20000520 <dcd_rp2040_irq+0x178>
200005a0:	f44f 63a0 	mov.w	r3, #1280	@ 0x500
200005a4:	2101      	movs	r1, #1
200005a6:	a801      	add	r0, sp, #4
200005a8:	f8ad 3004 	strh.w	r3, [sp, #4]
200005ac:	f000 fafe 	bl	20000bac <dcd_event_handler>
200005b0:	f44f 6200 	mov.w	r2, #2048	@ 0x800
200005b4:	4b34      	ldr	r3, [pc, #208]	@ (20000688 <dcd_rp2040_irq+0x2e0>)
200005b6:	f446 4600 	orr.w	r6, r6, #32768	@ 0x8000
200005ba:	651a      	str	r2, [r3, #80]	@ 0x50
200005bc:	e7b0      	b.n	20000520 <dcd_rp2040_irq+0x178>
200005be:	f894 603a 	ldrb.w	r6, [r4, #58]	@ 0x3a
200005c2:	2e00      	cmp	r6, #0
200005c4:	f43f af03 	beq.w	200003ce <dcd_rp2040_irq+0x26>
200005c8:	f894 303c 	ldrb.w	r3, [r4, #60]	@ 0x3c
200005cc:	2b00      	cmp	r3, #0
200005ce:	f43f aefe 	beq.w	200003ce <dcd_rp2040_irq+0x26>
200005d2:	2300      	movs	r3, #0
200005d4:	f104 0020 	add.w	r0, r4, #32
200005d8:	f884 303c 	strb.w	r3, [r4, #60]	@ 0x3c
200005dc:	f000 fa96 	bl	20000b0c <hw_endpoint_start_next_buffer>
200005e0:	e6f5      	b.n	200003ce <dcd_rp2040_irq+0x26>
200005e2:	f894 737a 	ldrb.w	r7, [r4, #890]	@ 0x37a
200005e6:	2f00      	cmp	r7, #0
200005e8:	f43f af32 	beq.w	20000450 <dcd_rp2040_irq+0xa8>
200005ec:	f894 337c 	ldrb.w	r3, [r4, #892]	@ 0x37c
200005f0:	2b00      	cmp	r3, #0
200005f2:	f040 8136 	bne.w	20000862 <dcd_rp2040_irq+0x4ba>
200005f6:	f894 33bb 	ldrb.w	r3, [r4, #955]	@ 0x3bb
200005fa:	2b02      	cmp	r3, #2
200005fc:	d123      	bne.n	20000646 <dcd_rp2040_irq+0x29e>
200005fe:	f894 33ba 	ldrb.w	r3, [r4, #954]	@ 0x3ba
20000602:	b9db      	cbnz	r3, 2000063c <dcd_rp2040_irq+0x294>
20000604:	f894 33fb 	ldrb.w	r3, [r4, #1019]	@ 0x3fb
20000608:	2b02      	cmp	r3, #2
2000060a:	f47f af34 	bne.w	20000476 <dcd_rp2040_irq+0xce>
2000060e:	463e      	mov	r6, r7
20000610:	f894 33fa 	ldrb.w	r3, [r4, #1018]	@ 0x3fa
20000614:	2b00      	cmp	r3, #0
20000616:	f43f af25 	beq.w	20000464 <dcd_rp2040_irq+0xbc>
2000061a:	f894 33fc 	ldrb.w	r3, [r4, #1020]	@ 0x3fc
2000061e:	2b00      	cmp	r3, #0
20000620:	f43f af29 	beq.w	20000476 <dcd_rp2040_irq+0xce>
20000624:	2300      	movs	r3, #0
20000626:	481d      	ldr	r0, [pc, #116]	@ (2000069c <dcd_rp2040_irq+0x2f4>)
20000628:	f884 33fc 	strb.w	r3, [r4, #1020]	@ 0x3fc
2000062c:	f000 fa6e 	bl	20000b0c <hw_endpoint_start_next_buffer>
20000630:	e721      	b.n	20000476 <dcd_rp2040_irq+0xce>
20000632:	f894 33ba 	ldrb.w	r3, [r4, #954]	@ 0x3ba
20000636:	2b00      	cmp	r3, #0
20000638:	f43f af0f 	beq.w	2000045a <dcd_rp2040_irq+0xb2>
2000063c:	f894 33bc 	ldrb.w	r3, [r4, #956]	@ 0x3bc
20000640:	2b00      	cmp	r3, #0
20000642:	f040 80a7 	bne.w	20000794 <dcd_rp2040_irq+0x3ec>
20000646:	f894 33fb 	ldrb.w	r3, [r4, #1019]	@ 0x3fb
2000064a:	2b02      	cmp	r3, #2
2000064c:	f47f af13 	bne.w	20000476 <dcd_rp2040_irq+0xce>
20000650:	f894 33fa 	ldrb.w	r3, [r4, #1018]	@ 0x3fa
20000654:	2b00      	cmp	r3, #0
20000656:	d1e0      	bne.n	2000061a <dcd_rp2040_irq+0x272>
20000658:	e70d      	b.n	20000476 <dcd_rp2040_irq+0xce>
2000065a:	f894 733a 	ldrb.w	r7, [r4, #826]	@ 0x33a
2000065e:	2f00      	cmp	r7, #0
20000660:	f43f aef1 	beq.w	20000446 <dcd_rp2040_irq+0x9e>
20000664:	f894 333c 	ldrb.w	r3, [r4, #828]	@ 0x33c
20000668:	2b00      	cmp	r3, #0
2000066a:	f040 80f2 	bne.w	20000852 <dcd_rp2040_irq+0x4aa>
2000066e:	463e      	mov	r6, r7
20000670:	e6e9      	b.n	20000446 <dcd_rp2040_irq+0x9e>
20000672:	bf00      	nop
20000674:	50110000 	.word	0x50110000
20000678:	400b0000 	.word	0x400b0000
2000067c:	20001f80 	.word	0x20001f80
20000680:	20001f78 	.word	0x20001f78
20000684:	20012571 	.word	0x20012571
20000688:	50113000 	.word	0x50113000
2000068c:	00020010 	.word	0x00020010
20000690:	50112000 	.word	0x50112000
20000694:	50100000 	.word	0x50100000
20000698:	20001fa0 	.word	0x20001fa0
2000069c:	20002360 	.word	0x20002360
200006a0:	f894 72fa 	ldrb.w	r7, [r4, #762]	@ 0x2fa
200006a4:	2f00      	cmp	r7, #0
200006a6:	f43f aec9 	beq.w	2000043c <dcd_rp2040_irq+0x94>
200006aa:	f894 32fc 	ldrb.w	r3, [r4, #764]	@ 0x2fc
200006ae:	2b00      	cmp	r3, #0
200006b0:	f040 80c7 	bne.w	20000842 <dcd_rp2040_irq+0x49a>
200006b4:	463e      	mov	r6, r7
200006b6:	e6c1      	b.n	2000043c <dcd_rp2040_irq+0x94>
200006b8:	f894 72ba 	ldrb.w	r7, [r4, #698]	@ 0x2ba
200006bc:	2f00      	cmp	r7, #0
200006be:	f43f aeb8 	beq.w	20000432 <dcd_rp2040_irq+0x8a>
200006c2:	f894 32bc 	ldrb.w	r3, [r4, #700]	@ 0x2bc
200006c6:	2b00      	cmp	r3, #0
200006c8:	f040 80b3 	bne.w	20000832 <dcd_rp2040_irq+0x48a>
200006cc:	463e      	mov	r6, r7
200006ce:	e6b0      	b.n	20000432 <dcd_rp2040_irq+0x8a>
200006d0:	f894 727a 	ldrb.w	r7, [r4, #634]	@ 0x27a
200006d4:	2f00      	cmp	r7, #0
200006d6:	f43f aea7 	beq.w	20000428 <dcd_rp2040_irq+0x80>
200006da:	f894 327c 	ldrb.w	r3, [r4, #636]	@ 0x27c
200006de:	2b00      	cmp	r3, #0
200006e0:	f040 809f 	bne.w	20000822 <dcd_rp2040_irq+0x47a>
200006e4:	463e      	mov	r6, r7
200006e6:	e69f      	b.n	20000428 <dcd_rp2040_irq+0x80>
200006e8:	f894 723a 	ldrb.w	r7, [r4, #570]	@ 0x23a
200006ec:	2f00      	cmp	r7, #0
200006ee:	f43f ae96 	beq.w	2000041e <dcd_rp2040_irq+0x76>
200006f2:	f894 323c 	ldrb.w	r3, [r4, #572]	@ 0x23c
200006f6:	2b00      	cmp	r3, #0
200006f8:	f040 808b 	bne.w	20000812 <dcd_rp2040_irq+0x46a>
200006fc:	463e      	mov	r6, r7
200006fe:	e68e      	b.n	2000041e <dcd_rp2040_irq+0x76>
20000700:	f894 71fa 	ldrb.w	r7, [r4, #506]	@ 0x1fa
20000704:	2f00      	cmp	r7, #0
20000706:	f43f ae85 	beq.w	20000414 <dcd_rp2040_irq+0x6c>
2000070a:	f894 31fc 	ldrb.w	r3, [r4, #508]	@ 0x1fc
2000070e:	2b00      	cmp	r3, #0
20000710:	d177      	bne.n	20000802 <dcd_rp2040_irq+0x45a>
20000712:	463e      	mov	r6, r7
20000714:	e67e      	b.n	20000414 <dcd_rp2040_irq+0x6c>
20000716:	f894 71ba 	ldrb.w	r7, [r4, #442]	@ 0x1ba
2000071a:	2f00      	cmp	r7, #0
2000071c:	f43f ae75 	beq.w	2000040a <dcd_rp2040_irq+0x62>
20000720:	f894 31bc 	ldrb.w	r3, [r4, #444]	@ 0x1bc
20000724:	2b00      	cmp	r3, #0
20000726:	d164      	bne.n	200007f2 <dcd_rp2040_irq+0x44a>
20000728:	463e      	mov	r6, r7
2000072a:	e66e      	b.n	2000040a <dcd_rp2040_irq+0x62>
2000072c:	f894 717a 	ldrb.w	r7, [r4, #378]	@ 0x17a
20000730:	2f00      	cmp	r7, #0
20000732:	f43f ae65 	beq.w	20000400 <dcd_rp2040_irq+0x58>
20000736:	f894 317c 	ldrb.w	r3, [r4, #380]	@ 0x17c
2000073a:	2b00      	cmp	r3, #0
2000073c:	d151      	bne.n	200007e2 <dcd_rp2040_irq+0x43a>
2000073e:	463e      	mov	r6, r7
20000740:	e65e      	b.n	20000400 <dcd_rp2040_irq+0x58>
20000742:	f894 713a 	ldrb.w	r7, [r4, #314]	@ 0x13a
20000746:	2f00      	cmp	r7, #0
20000748:	f43f ae55 	beq.w	200003f6 <dcd_rp2040_irq+0x4e>
2000074c:	f894 313c 	ldrb.w	r3, [r4, #316]	@ 0x13c
20000750:	2b00      	cmp	r3, #0
20000752:	d13e      	bne.n	200007d2 <dcd_rp2040_irq+0x42a>
20000754:	463e      	mov	r6, r7
20000756:	e64e      	b.n	200003f6 <dcd_rp2040_irq+0x4e>
20000758:	f894 70fa 	ldrb.w	r7, [r4, #250]	@ 0xfa
2000075c:	2f00      	cmp	r7, #0
2000075e:	f43f ae45 	beq.w	200003ec <dcd_rp2040_irq+0x44>
20000762:	f894 30fc 	ldrb.w	r3, [r4, #252]	@ 0xfc
20000766:	bb63      	cbnz	r3, 200007c2 <dcd_rp2040_irq+0x41a>
20000768:	463e      	mov	r6, r7
2000076a:	e63f      	b.n	200003ec <dcd_rp2040_irq+0x44>
2000076c:	f894 70ba 	ldrb.w	r7, [r4, #186]	@ 0xba
20000770:	2f00      	cmp	r7, #0
20000772:	f43f ae36 	beq.w	200003e2 <dcd_rp2040_irq+0x3a>
20000776:	f894 30bc 	ldrb.w	r3, [r4, #188]	@ 0xbc
2000077a:	b9d3      	cbnz	r3, 200007b2 <dcd_rp2040_irq+0x40a>
2000077c:	463e      	mov	r6, r7
2000077e:	e630      	b.n	200003e2 <dcd_rp2040_irq+0x3a>
20000780:	f894 707a 	ldrb.w	r7, [r4, #122]	@ 0x7a
20000784:	2f00      	cmp	r7, #0
20000786:	f43f ae27 	beq.w	200003d8 <dcd_rp2040_irq+0x30>
2000078a:	f894 307c 	ldrb.w	r3, [r4, #124]	@ 0x7c
2000078e:	b943      	cbnz	r3, 200007a2 <dcd_rp2040_irq+0x3fa>
20000790:	463e      	mov	r6, r7
20000792:	e621      	b.n	200003d8 <dcd_rp2040_irq+0x30>
20000794:	2300      	movs	r3, #0
20000796:	4839      	ldr	r0, [pc, #228]	@ (2000087c <dcd_rp2040_irq+0x4d4>)
20000798:	f884 33bc 	strb.w	r3, [r4, #956]	@ 0x3bc
2000079c:	f000 f9b6 	bl	20000b0c <hw_endpoint_start_next_buffer>
200007a0:	e751      	b.n	20000646 <dcd_rp2040_irq+0x29e>
200007a2:	2300      	movs	r3, #0
200007a4:	4836      	ldr	r0, [pc, #216]	@ (20000880 <dcd_rp2040_irq+0x4d8>)
200007a6:	f884 307c 	strb.w	r3, [r4, #124]	@ 0x7c
200007aa:	463e      	mov	r6, r7
200007ac:	f000 f9ae 	bl	20000b0c <hw_endpoint_start_next_buffer>
200007b0:	e612      	b.n	200003d8 <dcd_rp2040_irq+0x30>
200007b2:	2300      	movs	r3, #0
200007b4:	4833      	ldr	r0, [pc, #204]	@ (20000884 <dcd_rp2040_irq+0x4dc>)
200007b6:	f884 30bc 	strb.w	r3, [r4, #188]	@ 0xbc
200007ba:	463e      	mov	r6, r7
200007bc:	f000 f9a6 	bl	20000b0c <hw_endpoint_start_next_buffer>
200007c0:	e60f      	b.n	200003e2 <dcd_rp2040_irq+0x3a>
200007c2:	2300      	movs	r3, #0
200007c4:	4830      	ldr	r0, [pc, #192]	@ (20000888 <dcd_rp2040_irq+0x4e0>)
200007c6:	f884 30fc 	strb.w	r3, [r4, #252]	@ 0xfc
200007ca:	463e      	mov	r6, r7
200007cc:	f000 f99e 	bl	20000b0c <hw_endpoint_start_next_buffer>
200007d0:	e60c      	b.n	200003ec <dcd_rp2040_irq+0x44>
200007d2:	2300      	movs	r3, #0
200007d4:	482d      	ldr	r0, [pc, #180]	@ (2000088c <dcd_rp2040_irq+0x4e4>)
200007d6:	f884 313c 	strb.w	r3, [r4, #316]	@ 0x13c
200007da:	463e      	mov	r6, r7
200007dc:	f000 f996 	bl	20000b0c <hw_endpoint_start_next_buffer>
200007e0:	e609      	b.n	200003f6 <dcd_rp2040_irq+0x4e>
200007e2:	2300      	movs	r3, #0
200007e4:	482a      	ldr	r0, [pc, #168]	@ (20000890 <dcd_rp2040_irq+0x4e8>)
200007e6:	f884 317c 	strb.w	r3, [r4, #380]	@ 0x17c
200007ea:	463e      	mov	r6, r7
200007ec:	f000 f98e 	bl	20000b0c <hw_endpoint_start_next_buffer>
200007f0:	e606      	b.n	20000400 <dcd_rp2040_irq+0x58>
200007f2:	2300      	movs	r3, #0
200007f4:	4827      	ldr	r0, [pc, #156]	@ (20000894 <dcd_rp2040_irq+0x4ec>)
200007f6:	f884 31bc 	strb.w	r3, [r4, #444]	@ 0x1bc
200007fa:	463e      	mov	r6, r7
200007fc:	f000 f986 	bl	20000b0c <hw_endpoint_start_next_buffer>
20000800:	e603      	b.n	2000040a <dcd_rp2040_irq+0x62>
20000802:	2300      	movs	r3, #0
20000804:	4824      	ldr	r0, [pc, #144]	@ (20000898 <dcd_rp2040_irq+0x4f0>)
20000806:	f884 31fc 	strb.w	r3, [r4, #508]	@ 0x1fc
2000080a:	463e      	mov	r6, r7
2000080c:	f000 f97e 	bl	20000b0c <hw_endpoint_start_next_buffer>
20000810:	e600      	b.n	20000414 <dcd_rp2040_irq+0x6c>
20000812:	2300      	movs	r3, #0
20000814:	4821      	ldr	r0, [pc, #132]	@ (2000089c <dcd_rp2040_irq+0x4f4>)
20000816:	f884 323c 	strb.w	r3, [r4, #572]	@ 0x23c
2000081a:	463e      	mov	r6, r7
2000081c:	f000 f976 	bl	20000b0c <hw_endpoint_start_next_buffer>
20000820:	e5fd      	b.n	2000041e <dcd_rp2040_irq+0x76>
20000822:	2300      	movs	r3, #0
20000824:	481e      	ldr	r0, [pc, #120]	@ (200008a0 <dcd_rp2040_irq+0x4f8>)
20000826:	f884 327c 	strb.w	r3, [r4, #636]	@ 0x27c
2000082a:	463e      	mov	r6, r7
2000082c:	f000 f96e 	bl	20000b0c <hw_endpoint_start_next_buffer>
20000830:	e5fa      	b.n	20000428 <dcd_rp2040_irq+0x80>
20000832:	2300      	movs	r3, #0
20000834:	481b      	ldr	r0, [pc, #108]	@ (200008a4 <dcd_rp2040_irq+0x4fc>)
20000836:	f884 32bc 	strb.w	r3, [r4, #700]	@ 0x2bc
2000083a:	463e      	mov	r6, r7
2000083c:	f000 f966 	bl	20000b0c <hw_endpoint_start_next_buffer>
20000840:	e5f7      	b.n	20000432 <dcd_rp2040_irq+0x8a>
20000842:	2300      	movs	r3, #0
20000844:	4818      	ldr	r0, [pc, #96]	@ (200008a8 <dcd_rp2040_irq+0x500>)
20000846:	f884 32fc 	strb.w	r3, [r4, #764]	@ 0x2fc
2000084a:	463e      	mov	r6, r7
2000084c:	f000 f95e 	bl	20000b0c <hw_endpoint_start_next_buffer>
20000850:	e5f4      	b.n	2000043c <dcd_rp2040_irq+0x94>
20000852:	2300      	movs	r3, #0
20000854:	4815      	ldr	r0, [pc, #84]	@ (200008ac <dcd_rp2040_irq+0x504>)
20000856:	f884 333c 	strb.w	r3, [r4, #828]	@ 0x33c
2000085a:	463e      	mov	r6, r7
2000085c:	f000 f956 	bl	20000b0c <hw_endpoint_start_next_buffer>
20000860:	e5f1      	b.n	20000446 <dcd_rp2040_irq+0x9e>
20000862:	2300      	movs	r3, #0
20000864:	4812      	ldr	r0, [pc, #72]	@ (200008b0 <dcd_rp2040_irq+0x508>)
20000866:	f884 337c 	strb.w	r3, [r4, #892]	@ 0x37c
2000086a:	f000 f94f 	bl	20000b0c <hw_endpoint_start_next_buffer>
2000086e:	e6c2      	b.n	200005f6 <dcd_rp2040_irq+0x24e>
20000870:	4810      	ldr	r0, [pc, #64]	@ (200008b4 <dcd_rp2040_irq+0x50c>)
20000872:	ea86 0105 	eor.w	r1, r6, r5
20000876:	f000 fe67 	bl	20001548 <__panic_veneer>
2000087a:	bf00      	nop
2000087c:	20002320 	.word	0x20002320
20000880:	20001fe0 	.word	0x20001fe0
20000884:	20002020 	.word	0x20002020
20000888:	20002060 	.word	0x20002060
2000088c:	200020a0 	.word	0x200020a0
20000890:	200020e0 	.word	0x200020e0
20000894:	20002120 	.word	0x20002120
20000898:	20002160 	.word	0x20002160
2000089c:	200021a0 	.word	0x200021a0
200008a0:	200021e0 	.word	0x200021e0
200008a4:	20002220 	.word	0x20002220
200008a8:	20002260 	.word	0x20002260
200008ac:	200022a0 	.word	0x200022a0
200008b0:	200022e0 	.word	0x200022e0
200008b4:	1000b5a8 	.word	0x1000b5a8

200008b8 <prepare_ep_buffer>:
200008b8:	e92d 43f0 	stmdb	sp!, {r4, r5, r6, r7, r8, r9, lr}
200008bc:	8a82      	ldrh	r2, [r0, #20]
200008be:	8b04      	ldrh	r4, [r0, #24]
200008c0:	4603      	mov	r3, r0
200008c2:	4294      	cmp	r4, r2
200008c4:	78c0      	ldrb	r0, [r0, #3]
200008c6:	bf28      	it	cs
200008c8:	4614      	movcs	r4, r2
200008ca:	1e05      	subs	r5, r0, #0
200008cc:	bf18      	it	ne
200008ce:	2501      	movne	r5, #1
200008d0:	f080 0001 	eor.w	r0, r0, #1
200008d4:	1b12      	subs	r2, r2, r4
200008d6:	785e      	ldrb	r6, [r3, #1]
200008d8:	70d8      	strb	r0, [r3, #3]
200008da:	b292      	uxth	r2, r2
200008dc:	f444 6080 	orr.w	r0, r4, #1024	@ 0x400
200008e0:	829a      	strh	r2, [r3, #20]
200008e2:	ea40 3045 	orr.w	r0, r0, r5, lsl #13
200008e6:	bb06      	cbnz	r6, 2000092a <prepare_ep_buffer+0x72>
200008e8:	68dd      	ldr	r5, [r3, #12]
200008ea:	f104 38ff 	add.w	r8, r4, #4294967295	@ 0xffffffff
200008ee:	eb05 1c81 	add.w	ip, r5, r1, lsl #6
200008f2:	691d      	ldr	r5, [r3, #16]
200008f4:	b1ac      	cbz	r4, 20000922 <prepare_ep_buffer+0x6a>
200008f6:	f1b8 0f05 	cmp.w	r8, #5
200008fa:	f105 0201 	add.w	r2, r5, #1
200008fe:	d903      	bls.n	20000908 <prepare_ep_buffer+0x50>
20000900:	ebac 0702 	sub.w	r7, ip, r2
20000904:	2f02      	cmp	r7, #2
20000906:	d817      	bhi.n	20000938 <prepare_ep_buffer+0x80>
20000908:	f10c 3cff 	add.w	ip, ip, #4294967295	@ 0xffffffff
2000090c:	4425      	add	r5, r4
2000090e:	e000      	b.n	20000912 <prepare_ep_buffer+0x5a>
20000910:	3201      	adds	r2, #1
20000912:	f812 6c01 	ldrb.w	r6, [r2, #-1]
20000916:	42aa      	cmp	r2, r5
20000918:	f80c 6f01 	strb.w	r6, [ip, #1]!
2000091c:	d1f8      	bne.n	20000910 <prepare_ep_buffer+0x58>
2000091e:	691d      	ldr	r5, [r3, #16]
20000920:	8a9a      	ldrh	r2, [r3, #20]
20000922:	4425      	add	r5, r4
20000924:	611d      	str	r5, [r3, #16]
20000926:	f440 4000 	orr.w	r0, r0, #32768	@ 0x8000
2000092a:	b90a      	cbnz	r2, 20000930 <prepare_ep_buffer+0x78>
2000092c:	f440 4080 	orr.w	r0, r0, #16384	@ 0x4000
20000930:	b101      	cbz	r1, 20000934 <prepare_ep_buffer+0x7c>
20000932:	0400      	lsls	r0, r0, #16
20000934:	e8bd 83f0 	ldmia.w	sp!, {r4, r5, r6, r7, r8, r9, pc}
20000938:	462f      	mov	r7, r5
2000093a:	46e6      	mov	lr, ip
2000093c:	4632      	mov	r2, r6
2000093e:	1f26      	subs	r6, r4, #4
20000940:	08b6      	lsrs	r6, r6, #2
20000942:	3601      	adds	r6, #1
20000944:	f857 9b04 	ldr.w	r9, [r7], #4
20000948:	3201      	adds	r2, #1
2000094a:	4296      	cmp	r6, r2
2000094c:	f84e 9b04 	str.w	r9, [lr], #4
20000950:	d8f8      	bhi.n	20000944 <prepare_ep_buffer+0x8c>
20000952:	ebb4 0f86 	cmp.w	r4, r6, lsl #2
20000956:	eba8 0286 	sub.w	r2, r8, r6, lsl #2
2000095a:	eb05 0e86 	add.w	lr, r5, r6, lsl #2
2000095e:	eb0c 0786 	add.w	r7, ip, r6, lsl #2
20000962:	d0dc      	beq.n	2000091e <prepare_ep_buffer+0x66>
20000964:	f815 5026 	ldrb.w	r5, [r5, r6, lsl #2]
20000968:	f80c 5026 	strb.w	r5, [ip, r6, lsl #2]
2000096c:	2a00      	cmp	r2, #0
2000096e:	d0d6      	beq.n	2000091e <prepare_ep_buffer+0x66>
20000970:	f89e 5001 	ldrb.w	r5, [lr, #1]
20000974:	2a01      	cmp	r2, #1
20000976:	707d      	strb	r5, [r7, #1]
20000978:	d0d1      	beq.n	2000091e <prepare_ep_buffer+0x66>
2000097a:	f89e 2002 	ldrb.w	r2, [lr, #2]
2000097e:	70ba      	strb	r2, [r7, #2]
20000980:	691d      	ldr	r5, [r3, #16]
20000982:	8a9a      	ldrh	r2, [r3, #20]
20000984:	e7cd      	b.n	20000922 <prepare_ep_buffer+0x6a>
20000986:	bf00      	nop

20000988 <sync_ep_buffer>:
20000988:	6883      	ldr	r3, [r0, #8]
2000098a:	4602      	mov	r2, r0
2000098c:	6818      	ldr	r0, [r3, #0]
2000098e:	b101      	cbz	r1, 20000992 <sync_ep_buffer+0xa>
20000990:	0c00      	lsrs	r0, r0, #16
20000992:	7853      	ldrb	r3, [r2, #1]
20000994:	f3c0 0009 	ubfx	r0, r0, #0, #10
20000998:	b313      	cbz	r3, 200009e0 <sync_ep_buffer+0x58>
2000099a:	b5f0      	push	{r4, r5, r6, r7, lr}
2000099c:	e9d2 5403 	ldrd	r5, r4, [r2, #12]
200009a0:	018f      	lsls	r7, r1, #6
200009a2:	eb05 1381 	add.w	r3, r5, r1, lsl #6
200009a6:	1e46      	subs	r6, r0, #1
200009a8:	b178      	cbz	r0, 200009ca <sync_ep_buffer+0x42>
200009aa:	2e05      	cmp	r6, #5
200009ac:	d904      	bls.n	200009b8 <sync_ep_buffer+0x30>
200009ae:	3701      	adds	r7, #1
200009b0:	443d      	add	r5, r7
200009b2:	1b65      	subs	r5, r4, r5
200009b4:	2d02      	cmp	r5, #2
200009b6:	d81c      	bhi.n	200009f2 <sync_ep_buffer+0x6a>
200009b8:	1e61      	subs	r1, r4, #1
200009ba:	181d      	adds	r5, r3, r0
200009bc:	f813 4b01 	ldrb.w	r4, [r3], #1
200009c0:	429d      	cmp	r5, r3
200009c2:	f801 4f01 	strb.w	r4, [r1, #1]!
200009c6:	d1f9      	bne.n	200009bc <sync_ep_buffer+0x34>
200009c8:	6914      	ldr	r4, [r2, #16]
200009ca:	8ad3      	ldrh	r3, [r2, #22]
200009cc:	4404      	add	r4, r0
200009ce:	4403      	add	r3, r0
200009d0:	82d3      	strh	r3, [r2, #22]
200009d2:	8b13      	ldrh	r3, [r2, #24]
200009d4:	6114      	str	r4, [r2, #16]
200009d6:	4283      	cmp	r3, r0
200009d8:	bf84      	itt	hi
200009da:	2300      	movhi	r3, #0
200009dc:	8293      	strhhi	r3, [r2, #20]
200009de:	bdf0      	pop	{r4, r5, r6, r7, pc}
200009e0:	8ad3      	ldrh	r3, [r2, #22]
200009e2:	4403      	add	r3, r0
200009e4:	82d3      	strh	r3, [r2, #22]
200009e6:	8b13      	ldrh	r3, [r2, #24]
200009e8:	4283      	cmp	r3, r0
200009ea:	bf84      	itt	hi
200009ec:	2300      	movhi	r3, #0
200009ee:	8293      	strhhi	r3, [r2, #20]
200009f0:	4770      	bx	lr
200009f2:	469e      	mov	lr, r3
200009f4:	4625      	mov	r5, r4
200009f6:	2100      	movs	r1, #0
200009f8:	f1a0 0c04 	sub.w	ip, r0, #4
200009fc:	ea4f 0c9c 	mov.w	ip, ip, lsr #2
20000a00:	f10c 0c01 	add.w	ip, ip, #1
20000a04:	f85e 7b04 	ldr.w	r7, [lr], #4
20000a08:	3101      	adds	r1, #1
20000a0a:	4561      	cmp	r1, ip
20000a0c:	f845 7b04 	str.w	r7, [r5], #4
20000a10:	d3f8      	bcc.n	20000a04 <sync_ep_buffer+0x7c>
20000a12:	ebb0 0f8c 	cmp.w	r0, ip, lsl #2
20000a16:	eba6 068c 	sub.w	r6, r6, ip, lsl #2
20000a1a:	eb03 058c 	add.w	r5, r3, ip, lsl #2
20000a1e:	eb04 018c 	add.w	r1, r4, ip, lsl #2
20000a22:	d0d1      	beq.n	200009c8 <sync_ep_buffer+0x40>
20000a24:	f813 302c 	ldrb.w	r3, [r3, ip, lsl #2]
20000a28:	f804 302c 	strb.w	r3, [r4, ip, lsl #2]
20000a2c:	2e00      	cmp	r6, #0
20000a2e:	d0cb      	beq.n	200009c8 <sync_ep_buffer+0x40>
20000a30:	786b      	ldrb	r3, [r5, #1]
20000a32:	2e01      	cmp	r6, #1
20000a34:	704b      	strb	r3, [r1, #1]
20000a36:	d0c7      	beq.n	200009c8 <sync_ep_buffer+0x40>
20000a38:	78ab      	ldrb	r3, [r5, #2]
20000a3a:	708b      	strb	r3, [r1, #2]
20000a3c:	6914      	ldr	r4, [r2, #16]
20000a3e:	e7c4      	b.n	200009ca <sync_ep_buffer+0x42>

20000a40 <_hw_endpoint_xfer_sync>:
20000a40:	b510      	push	{r4, lr}
20000a42:	4604      	mov	r4, r0
20000a44:	6883      	ldr	r3, [r0, #8]
20000a46:	2100      	movs	r1, #0
20000a48:	681b      	ldr	r3, [r3, #0]
20000a4a:	f7ff ff9d 	bl	20000988 <sync_ep_buffer>
20000a4e:	6863      	ldr	r3, [r4, #4]
20000a50:	681b      	ldr	r3, [r3, #0]
20000a52:	005b      	lsls	r3, r3, #1
20000a54:	d502      	bpl.n	20000a5c <_hw_endpoint_xfer_sync+0x1c>
20000a56:	8b23      	ldrh	r3, [r4, #24]
20000a58:	4283      	cmp	r3, r0
20000a5a:	d000      	beq.n	20000a5e <_hw_endpoint_xfer_sync+0x1e>
20000a5c:	bd10      	pop	{r4, pc}
20000a5e:	4620      	mov	r0, r4
20000a60:	e8bd 4010 	ldmia.w	sp!, {r4, lr}
20000a64:	2101      	movs	r1, #1
20000a66:	f7ff bf8f 	b.w	20000988 <sync_ep_buffer>
20000a6a:	bf00      	nop

20000a6c <e15_is_bulkin_ep>:
20000a6c:	4b08      	ldr	r3, [pc, #32]	@ (20000a90 <e15_is_bulkin_ep+0x24>)
20000a6e:	6c1b      	ldr	r3, [r3, #64]	@ 0x40
20000a70:	f013 0302 	ands.w	r3, r3, #2
20000a74:	d102      	bne.n	20000a7c <e15_is_bulkin_ep+0x10>
20000a76:	7882      	ldrb	r2, [r0, #2]
20000a78:	09d2      	lsrs	r2, r2, #7
20000a7a:	d101      	bne.n	20000a80 <e15_is_bulkin_ep+0x14>
20000a7c:	2000      	movs	r0, #0
20000a7e:	4770      	bx	lr
20000a80:	7ec0      	ldrb	r0, [r0, #27]
20000a82:	f1a0 0002 	sub.w	r0, r0, #2
20000a86:	fab0 f080 	clz	r0, r0
20000a8a:	0940      	lsrs	r0, r0, #5
20000a8c:	4770      	bx	lr
20000a8e:	bf00      	nop
20000a90:	50110000 	.word	0x50110000

20000a94 <e15_is_critical_frame_period>:
20000a94:	b508      	push	{r3, lr}
20000a96:	f7ff ffe9 	bl	20000a6c <e15_is_bulkin_ep>
20000a9a:	b150      	cbz	r0, 20000ab2 <e15_is_critical_frame_period+0x1e>
20000a9c:	4a05      	ldr	r2, [pc, #20]	@ (20000ab4 <e15_is_critical_frame_period+0x20>)
20000a9e:	4b06      	ldr	r3, [pc, #24]	@ (20000ab8 <e15_is_critical_frame_period+0x24>)
20000aa0:	6a90      	ldr	r0, [r2, #40]	@ 0x28
20000aa2:	681b      	ldr	r3, [r3, #0]
20000aa4:	f5a0 7048 	sub.w	r0, r0, #800	@ 0x320
20000aa8:	1ac0      	subs	r0, r0, r3
20000aaa:	28c6      	cmp	r0, #198	@ 0xc6
20000aac:	bf8c      	ite	hi
20000aae:	2000      	movhi	r0, #0
20000ab0:	2001      	movls	r0, #1
20000ab2:	bd08      	pop	{r3, pc}
20000ab4:	400b0000 	.word	0x400b0000
20000ab8:	20001f78 	.word	0x20001f78

20000abc <hw_endpoint_reset_transfer>:
20000abc:	2300      	movs	r3, #0
20000abe:	e9c0 3304 	strd	r3, r3, [r0, #16]
20000ac2:	7683      	strb	r3, [r0, #26]
20000ac4:	4770      	bx	lr
20000ac6:	bf00      	nop

20000ac8 <_hw_endpoint_buffer_control_update32>:
20000ac8:	b510      	push	{r4, lr}
20000aca:	6883      	ldr	r3, [r0, #8]
20000acc:	b109      	cbz	r1, 20000ad2 <_hw_endpoint_buffer_control_update32+0xa>
20000ace:	681c      	ldr	r4, [r3, #0]
20000ad0:	4021      	ands	r1, r4
20000ad2:	b182      	cbz	r2, 20000af6 <_hw_endpoint_buffer_control_update32+0x2e>
20000ad4:	4311      	orrs	r1, r2
20000ad6:	0552      	lsls	r2, r2, #21
20000ad8:	d50d      	bpl.n	20000af6 <_hw_endpoint_buffer_control_update32+0x2e>
20000ada:	681a      	ldr	r2, [r3, #0]
20000adc:	0554      	lsls	r4, r2, #21
20000ade:	d40c      	bmi.n	20000afa <_hw_endpoint_buffer_control_update32+0x32>
20000ae0:	4a08      	ldr	r2, [pc, #32]	@ (20000b04 <_hw_endpoint_buffer_control_update32+0x3c>)
20000ae2:	f421 6480 	bic.w	r4, r1, #1024	@ 0x400
20000ae6:	601c      	str	r4, [r3, #0]
20000ae8:	6c12      	ldr	r2, [r2, #64]	@ 0x40
20000aea:	0792      	lsls	r2, r2, #30
20000aec:	d403      	bmi.n	20000af6 <_hw_endpoint_buffer_control_update32+0x2e>
20000aee:	230c      	movs	r3, #12
20000af0:	3b03      	subs	r3, #3
20000af2:	d2fd      	bcs.n	20000af0 <_hw_endpoint_buffer_control_update32+0x28>
20000af4:	6883      	ldr	r3, [r0, #8]
20000af6:	6019      	str	r1, [r3, #0]
20000af8:	bd10      	pop	{r4, pc}
20000afa:	7881      	ldrb	r1, [r0, #2]
20000afc:	4802      	ldr	r0, [pc, #8]	@ (20000b08 <_hw_endpoint_buffer_control_update32+0x40>)
20000afe:	f000 fd23 	bl	20001548 <__panic_veneer>
20000b02:	bf00      	nop
20000b04:	50110000 	.word	0x50110000
20000b08:	1000b5bc 	.word	0x1000b5bc

20000b0c <hw_endpoint_start_next_buffer>:
20000b0c:	b530      	push	{r4, r5, lr}
20000b0e:	6843      	ldr	r3, [r0, #4]
20000b10:	2100      	movs	r1, #0
20000b12:	b083      	sub	sp, #12
20000b14:	4604      	mov	r4, r0
20000b16:	681d      	ldr	r5, [r3, #0]
20000b18:	f7ff fece 	bl	200008b8 <prepare_ep_buffer>
20000b1c:	4b13      	ldr	r3, [pc, #76]	@ (20000b6c <hw_endpoint_start_next_buffer+0x60>)
20000b1e:	f440 5280 	orr.w	r2, r0, #4096	@ 0x1000
20000b22:	6c1b      	ldr	r3, [r3, #64]	@ 0x40
20000b24:	f013 0f02 	tst.w	r3, #2
20000b28:	78a3      	ldrb	r3, [r4, #2]
20000b2a:	d00e      	beq.n	20000b4a <hw_endpoint_start_next_buffer+0x3e>
20000b2c:	065b      	lsls	r3, r3, #25
20000b2e:	d00e      	beq.n	20000b4e <hw_endpoint_start_next_buffer+0x42>
20000b30:	f025 45a0 	bic.w	r5, r5, #1342177280	@ 0x50000000
20000b34:	f045 5500 	orr.w	r5, r5, #536870912	@ 0x20000000
20000b38:	2100      	movs	r1, #0
20000b3a:	4620      	mov	r0, r4
20000b3c:	6863      	ldr	r3, [r4, #4]
20000b3e:	601d      	str	r5, [r3, #0]
20000b40:	b003      	add	sp, #12
20000b42:	e8bd 4030 	ldmia.w	sp!, {r4, r5, lr}
20000b46:	f7ff bfbf 	b.w	20000ac8 <_hw_endpoint_buffer_control_update32>
20000b4a:	09db      	lsrs	r3, r3, #7
20000b4c:	d0f0      	beq.n	20000b30 <hw_endpoint_start_next_buffer+0x24>
20000b4e:	8aa3      	ldrh	r3, [r4, #20]
20000b50:	2b00      	cmp	r3, #0
20000b52:	d0ed      	beq.n	20000b30 <hw_endpoint_start_next_buffer+0x24>
20000b54:	2101      	movs	r1, #1
20000b56:	4620      	mov	r0, r4
20000b58:	9201      	str	r2, [sp, #4]
20000b5a:	f7ff fead 	bl	200008b8 <prepare_ep_buffer>
20000b5e:	9a01      	ldr	r2, [sp, #4]
20000b60:	f025 5500 	bic.w	r5, r5, #536870912	@ 0x20000000
20000b64:	4302      	orrs	r2, r0
20000b66:	f045 45a0 	orr.w	r5, r5, #1342177280	@ 0x50000000
20000b6a:	e7e5      	b.n	20000b38 <hw_endpoint_start_next_buffer+0x2c>
20000b6c:	50110000 	.word	0x50110000

20000b70 <hw_endpoint_xfer_continue>:
20000b70:	b538      	push	{r3, r4, r5, lr}
20000b72:	7e85      	ldrb	r5, [r0, #26]
20000b74:	4604      	mov	r4, r0
20000b76:	b195      	cbz	r5, 20000b9e <hw_endpoint_xfer_continue+0x2e>
20000b78:	f7ff ff62 	bl	20000a40 <_hw_endpoint_xfer_sync>
20000b7c:	8aa3      	ldrh	r3, [r4, #20]
20000b7e:	b90b      	cbnz	r3, 20000b84 <hw_endpoint_xfer_continue+0x14>
20000b80:	4628      	mov	r0, r5
20000b82:	bd38      	pop	{r3, r4, r5, pc}
20000b84:	4620      	mov	r0, r4
20000b86:	f7ff ff85 	bl	20000a94 <e15_is_critical_frame_period>
20000b8a:	b120      	cbz	r0, 20000b96 <hw_endpoint_xfer_continue+0x26>
20000b8c:	2301      	movs	r3, #1
20000b8e:	7723      	strb	r3, [r4, #28]
20000b90:	2500      	movs	r5, #0
20000b92:	4628      	mov	r0, r5
20000b94:	bd38      	pop	{r3, r4, r5, pc}
20000b96:	4620      	mov	r0, r4
20000b98:	f7ff ffb8 	bl	20000b0c <hw_endpoint_start_next_buffer>
20000b9c:	e7f8      	b.n	20000b90 <hw_endpoint_xfer_continue+0x20>
20000b9e:	7881      	ldrb	r1, [r0, #2]
20000ba0:	4801      	ldr	r0, [pc, #4]	@ (20000ba8 <hw_endpoint_xfer_continue+0x38>)
20000ba2:	f000 fcd1 	bl	20001548 <__panic_veneer>
20000ba6:	bf00      	nop
20000ba8:	1000b5dc 	.word	0x1000b5dc

20000bac <dcd_event_handler>:
20000bac:	e92d 43f0 	stmdb	sp!, {r4, r5, r6, r7, r8, r9, lr}
20000bb0:	7843      	ldrb	r3, [r0, #1]
20000bb2:	4681      	mov	r9, r0
20000bb4:	3b02      	subs	r3, #2
20000bb6:	460d      	mov	r5, r1
20000bb8:	b085      	sub	sp, #20
20000bba:	2b04      	cmp	r3, #4
20000bbc:	d813      	bhi.n	20000be6 <dcd_event_handler+0x3a>
20000bbe:	e8df f003 	tbb	[pc, r3]
20000bc2:	4a03      	.short	0x4a03
20000bc4:	736a      	.short	0x736a
20000bc6:	44          	.byte	0x44
20000bc7:	00          	.byte	0x00
20000bc8:	2100      	movs	r1, #0
20000bca:	4b7b      	ldr	r3, [pc, #492]	@ (20000db8 <dcd_event_handler+0x20c>)
20000bcc:	781a      	ldrb	r2, [r3, #0]
20000bce:	f022 0201 	bic.w	r2, r2, #1
20000bd2:	701a      	strb	r2, [r3, #0]
20000bd4:	781a      	ldrb	r2, [r3, #0]
20000bd6:	f022 0202 	bic.w	r2, r2, #2
20000bda:	701a      	strb	r2, [r3, #0]
20000bdc:	7059      	strb	r1, [r3, #1]
20000bde:	781a      	ldrb	r2, [r3, #0]
20000be0:	f361 0282 	bfi	r2, r1, #2, #1
20000be4:	701a      	strb	r2, [r3, #0]
20000be6:	4b75      	ldr	r3, [pc, #468]	@ (20000dbc <dcd_event_handler+0x210>)
20000be8:	681c      	ldr	r4, [r3, #0]
20000bea:	6963      	ldr	r3, [r4, #20]
20000bec:	f3ef 8210 	mrs	r2, PRIMASK
20000bf0:	b672      	cpsid	i
20000bf2:	e8d3 0fcf 	ldaexb	r0, [r3]
20000bf6:	2101      	movs	r1, #1
20000bf8:	2800      	cmp	r0, #0
20000bfa:	d1fa      	bne.n	20000bf2 <dcd_event_handler+0x46>
20000bfc:	e8c3 1f40 	strexb	r0, r1, [r3]
20000c00:	2800      	cmp	r0, #0
20000c02:	d1f6      	bne.n	20000bf2 <dcd_event_handler+0x46>
20000c04:	f3bf 8f5f 	dmb	sy
20000c08:	61a2      	str	r2, [r4, #24]
20000c0a:	4649      	mov	r1, r9
20000c0c:	4620      	mov	r0, r4
20000c0e:	f000 fc9f 	bl	20001550 <__tu_fifo_write_veneer>
20000c12:	2300      	movs	r3, #0
20000c14:	6962      	ldr	r2, [r4, #20]
20000c16:	e8c2 3f8f 	stlb	r3, [r2]
20000c1a:	69a3      	ldr	r3, [r4, #24]
20000c1c:	f383 8810 	msr	PRIMASK, r3
20000c20:	b948      	cbnz	r0, 20000c36 <dcd_event_handler+0x8a>
20000c22:	f04f 23e0 	mov.w	r3, #3758153728	@ 0xe000e000
20000c26:	f8d3 3df0 	ldr.w	r3, [r3, #3568]	@ 0xdf0
20000c2a:	07db      	lsls	r3, r3, #31
20000c2c:	d50a      	bpl.n	20000c44 <dcd_event_handler+0x98>
20000c2e:	be00      	bkpt	0x0000
20000c30:	b005      	add	sp, #20
20000c32:	e8bd 83f0 	ldmia.w	sp!, {r4, r5, r6, r7, r8, r9, pc}
20000c36:	462a      	mov	r2, r5
20000c38:	f899 1001 	ldrb.w	r1, [r9, #1]
20000c3c:	f899 0000 	ldrb.w	r0, [r9]
20000c40:	f000 fc76 	bl	20001530 <__tud_event_hook_cb_veneer>
20000c44:	b005      	add	sp, #20
20000c46:	e8bd 83f0 	ldmia.w	sp!, {r4, r5, r6, r7, r8, r9, pc}
20000c4a:	4a5d      	ldr	r2, [pc, #372]	@ (20000dc0 <dcd_event_handler+0x214>)
20000c4c:	7813      	ldrb	r3, [r2, #0]
20000c4e:	3301      	adds	r3, #1
20000c50:	b2db      	uxtb	r3, r3
20000c52:	7013      	strb	r3, [r2, #0]
20000c54:	e7c7      	b.n	20000be6 <dcd_event_handler+0x3a>
20000c56:	2400      	movs	r4, #0
20000c58:	4e5a      	ldr	r6, [pc, #360]	@ (20000dc4 <dcd_event_handler+0x218>)
20000c5a:	4623      	mov	r3, r4
20000c5c:	7831      	ldrb	r1, [r6, #0]
20000c5e:	f8df 816c 	ldr.w	r8, [pc, #364]	@ 20000dcc <dcd_event_handler+0x220>
20000c62:	4f59      	ldr	r7, [pc, #356]	@ (20000dc8 <dcd_event_handler+0x21c>)
20000c64:	e011      	b.n	20000c8a <dcd_event_handler+0xde>
20000c66:	683b      	ldr	r3, [r7, #0]
20000c68:	eb13 1344 	adds.w	r3, r3, r4, lsl #5
20000c6c:	d007      	beq.n	20000c7e <dcd_event_handler+0xd2>
20000c6e:	69db      	ldr	r3, [r3, #28]
20000c70:	b12b      	cbz	r3, 20000c7e <dcd_event_handler+0xd2>
20000c72:	f8d9 1004 	ldr.w	r1, [r9, #4]
20000c76:	f899 0000 	ldrb.w	r0, [r9]
20000c7a:	4798      	blx	r3
20000c7c:	7831      	ldrb	r1, [r6, #0]
20000c7e:	3401      	adds	r4, #1
20000c80:	b2e4      	uxtb	r4, r4
20000c82:	1c4a      	adds	r2, r1, #1
20000c84:	42a2      	cmp	r2, r4
20000c86:	4623      	mov	r3, r4
20000c88:	db17      	blt.n	20000cba <dcd_event_handler+0x10e>
20000c8a:	42a1      	cmp	r1, r4
20000c8c:	d8eb      	bhi.n	20000c66 <dcd_event_handler+0xba>
20000c8e:	1a5b      	subs	r3, r3, r1
20000c90:	eb08 1343 	add.w	r3, r8, r3, lsl #5
20000c94:	e7eb      	b.n	20000c6e <dcd_event_handler+0xc2>
20000c96:	4b48      	ldr	r3, [pc, #288]	@ (20000db8 <dcd_event_handler+0x20c>)
20000c98:	781a      	ldrb	r2, [r3, #0]
20000c9a:	07d6      	lsls	r6, r2, #31
20000c9c:	d5d2      	bpl.n	20000c44 <dcd_event_handler+0x98>
20000c9e:	781a      	ldrb	r2, [r3, #0]
20000ca0:	f042 0204 	orr.w	r2, r2, #4
20000ca4:	701a      	strb	r2, [r3, #0]
20000ca6:	e79e      	b.n	20000be6 <dcd_event_handler+0x3a>
20000ca8:	4b43      	ldr	r3, [pc, #268]	@ (20000db8 <dcd_event_handler+0x20c>)
20000caa:	781a      	ldrb	r2, [r3, #0]
20000cac:	07d4      	lsls	r4, r2, #31
20000cae:	d5c9      	bpl.n	20000c44 <dcd_event_handler+0x98>
20000cb0:	781a      	ldrb	r2, [r3, #0]
20000cb2:	f022 0204 	bic.w	r2, r2, #4
20000cb6:	701a      	strb	r2, [r3, #0]
20000cb8:	e795      	b.n	20000be6 <dcd_event_handler+0x3a>
20000cba:	4c3f      	ldr	r4, [pc, #252]	@ (20000db8 <dcd_event_handler+0x20c>)
20000cbc:	7823      	ldrb	r3, [r4, #0]
20000cbe:	0758      	lsls	r0, r3, #29
20000cc0:	d43a      	bmi.n	20000d38 <dcd_event_handler+0x18c>
20000cc2:	78e3      	ldrb	r3, [r4, #3]
20000cc4:	07da      	lsls	r2, r3, #31
20000cc6:	d5bd      	bpl.n	20000c44 <dcd_event_handler+0x98>
20000cc8:	2303      	movs	r3, #3
20000cca:	2600      	movs	r6, #0
20000ccc:	4a3b      	ldr	r2, [pc, #236]	@ (20000dbc <dcd_event_handler+0x210>)
20000cce:	f899 1000 	ldrb.w	r1, [r9]
20000cd2:	6814      	ldr	r4, [r2, #0]
20000cd4:	f8d9 2004 	ldr.w	r2, [r9, #4]
20000cd8:	f88d 1004 	strb.w	r1, [sp, #4]
20000cdc:	f88d 3005 	strb.w	r3, [sp, #5]
20000ce0:	6963      	ldr	r3, [r4, #20]
20000ce2:	f8cd 6006 	str.w	r6, [sp, #6]
20000ce6:	f8cd 600a 	str.w	r6, [sp, #10]
20000cea:	f8ad 600e 	strh.w	r6, [sp, #14]
20000cee:	9202      	str	r2, [sp, #8]
20000cf0:	f3ef 8210 	mrs	r2, PRIMASK
20000cf4:	b672      	cpsid	i
20000cf6:	e8d3 0fcf 	ldaexb	r0, [r3]
20000cfa:	2101      	movs	r1, #1
20000cfc:	2800      	cmp	r0, #0
20000cfe:	d1fa      	bne.n	20000cf6 <dcd_event_handler+0x14a>
20000d00:	e8c3 1f40 	strexb	r0, r1, [r3]
20000d04:	2800      	cmp	r0, #0
20000d06:	d1f6      	bne.n	20000cf6 <dcd_event_handler+0x14a>
20000d08:	f3bf 8f5f 	dmb	sy
20000d0c:	4620      	mov	r0, r4
20000d0e:	61a2      	str	r2, [r4, #24]
20000d10:	a901      	add	r1, sp, #4
20000d12:	f000 fc1d 	bl	20001550 <__tu_fifo_write_veneer>
20000d16:	6963      	ldr	r3, [r4, #20]
20000d18:	e8c3 6f8f 	stlb	r6, [r3]
20000d1c:	69a3      	ldr	r3, [r4, #24]
20000d1e:	f383 8810 	msr	PRIMASK, r3
20000d22:	2800      	cmp	r0, #0
20000d24:	f43f af7d 	beq.w	20000c22 <dcd_event_handler+0x76>
20000d28:	462a      	mov	r2, r5
20000d2a:	f89d 1005 	ldrb.w	r1, [sp, #5]
20000d2e:	f89d 0004 	ldrb.w	r0, [sp, #4]
20000d32:	f000 fbfd 	bl	20001530 <__tud_event_hook_cb_veneer>
20000d36:	e785      	b.n	20000c44 <dcd_event_handler+0x98>
20000d38:	7823      	ldrb	r3, [r4, #0]
20000d3a:	2700      	movs	r7, #0
20000d3c:	f023 0304 	bic.w	r3, r3, #4
20000d40:	7023      	strb	r3, [r4, #0]
20000d42:	2305      	movs	r3, #5
20000d44:	4a1d      	ldr	r2, [pc, #116]	@ (20000dbc <dcd_event_handler+0x210>)
20000d46:	f88d 3005 	strb.w	r3, [sp, #5]
20000d4a:	6816      	ldr	r6, [r2, #0]
20000d4c:	f899 2000 	ldrb.w	r2, [r9]
20000d50:	f8ad 700e 	strh.w	r7, [sp, #14]
20000d54:	f88d 2004 	strb.w	r2, [sp, #4]
20000d58:	6973      	ldr	r3, [r6, #20]
20000d5a:	f8cd 7006 	str.w	r7, [sp, #6]
20000d5e:	f8cd 700a 	str.w	r7, [sp, #10]
20000d62:	f3ef 8210 	mrs	r2, PRIMASK
20000d66:	b672      	cpsid	i
20000d68:	e8d3 0fcf 	ldaexb	r0, [r3]
20000d6c:	2101      	movs	r1, #1
20000d6e:	2800      	cmp	r0, #0
20000d70:	d1fa      	bne.n	20000d68 <dcd_event_handler+0x1bc>
20000d72:	e8c3 1f40 	strexb	r0, r1, [r3]
20000d76:	2800      	cmp	r0, #0
20000d78:	d1f6      	bne.n	20000d68 <dcd_event_handler+0x1bc>
20000d7a:	f3bf 8f5f 	dmb	sy
20000d7e:	4630      	mov	r0, r6
20000d80:	61b2      	str	r2, [r6, #24]
20000d82:	a901      	add	r1, sp, #4
20000d84:	f000 fbe4 	bl	20001550 <__tu_fifo_write_veneer>
20000d88:	6973      	ldr	r3, [r6, #20]
20000d8a:	e8c3 7f8f 	stlb	r7, [r3]
20000d8e:	69b3      	ldr	r3, [r6, #24]
20000d90:	f383 8810 	msr	PRIMASK, r3
20000d94:	b938      	cbnz	r0, 20000da6 <dcd_event_handler+0x1fa>
20000d96:	f04f 23e0 	mov.w	r3, #3758153728	@ 0xe000e000
20000d9a:	f8d3 3df0 	ldr.w	r3, [r3, #3568]	@ 0xdf0
20000d9e:	07d9      	lsls	r1, r3, #31
20000da0:	d58f      	bpl.n	20000cc2 <dcd_event_handler+0x116>
20000da2:	be00      	bkpt	0x0000
20000da4:	e78d      	b.n	20000cc2 <dcd_event_handler+0x116>
20000da6:	462a      	mov	r2, r5
20000da8:	f89d 1005 	ldrb.w	r1, [sp, #5]
20000dac:	f89d 0004 	ldrb.w	r0, [sp, #4]
20000db0:	f000 fbbe 	bl	20001530 <__tud_event_hook_cb_veneer>
20000db4:	e785      	b.n	20000cc2 <dcd_event_handler+0x116>
20000db6:	bf00      	nop
20000db8:	20001b20 	.word	0x20001b20
20000dbc:	20001b78 	.word	0x20001b78
20000dc0:	20012572 	.word	0x20012572
20000dc4:	20012570 	.word	0x20012570
20000dc8:	20001a18 	.word	0x20001a18
20000dcc:	1000b844 	.word	0x1000b844

20000dd0 <__aeabi_drsub>:
20000dd0:	f081 4100 	eor.w	r1, r1, #2147483648	@ 0x80000000
20000dd4:	e002      	b.n	20000ddc <__adddf3>
20000dd6:	bf00      	nop

20000dd8 <__aeabi_dsub>:
20000dd8:	f083 4300 	eor.w	r3, r3, #2147483648	@ 0x80000000

20000ddc <__adddf3>:
20000ddc:	b530      	push	{r4, r5, lr}
20000dde:	ea4f 0441 	mov.w	r4, r1, lsl #1
20000de2:	ea4f 0543 	mov.w	r5, r3, lsl #1
20000de6:	ea94 0f05 	teq	r4, r5
20000dea:	bf08      	it	eq
20000dec:	ea90 0f02 	teqeq	r0, r2
20000df0:	bf1f      	itttt	ne
20000df2:	ea54 0c00 	orrsne.w	ip, r4, r0
20000df6:	ea55 0c02 	orrsne.w	ip, r5, r2
20000dfa:	ea7f 5c64 	mvnsne.w	ip, r4, asr #21
20000dfe:	ea7f 5c65 	mvnsne.w	ip, r5, asr #21
20000e02:	f000 80e2 	beq.w	20000fca <__adddf3+0x1ee>
20000e06:	ea4f 5454 	mov.w	r4, r4, lsr #21
20000e0a:	ebd4 5555 	rsbs	r5, r4, r5, lsr #21
20000e0e:	bfb8      	it	lt
20000e10:	426d      	neglt	r5, r5
20000e12:	dd0c      	ble.n	20000e2e <__adddf3+0x52>
20000e14:	442c      	add	r4, r5
20000e16:	ea80 0202 	eor.w	r2, r0, r2
20000e1a:	ea81 0303 	eor.w	r3, r1, r3
20000e1e:	ea82 0000 	eor.w	r0, r2, r0
20000e22:	ea83 0101 	eor.w	r1, r3, r1
20000e26:	ea80 0202 	eor.w	r2, r0, r2
20000e2a:	ea81 0303 	eor.w	r3, r1, r3
20000e2e:	2d36      	cmp	r5, #54	@ 0x36
20000e30:	bf88      	it	hi
20000e32:	bd30      	pophi	{r4, r5, pc}
20000e34:	f011 4f00 	tst.w	r1, #2147483648	@ 0x80000000
20000e38:	ea4f 3101 	mov.w	r1, r1, lsl #12
20000e3c:	f44f 1c80 	mov.w	ip, #1048576	@ 0x100000
20000e40:	ea4c 3111 	orr.w	r1, ip, r1, lsr #12
20000e44:	d002      	beq.n	20000e4c <__adddf3+0x70>
20000e46:	4240      	negs	r0, r0
20000e48:	eb61 0141 	sbc.w	r1, r1, r1, lsl #1
20000e4c:	f013 4f00 	tst.w	r3, #2147483648	@ 0x80000000
20000e50:	ea4f 3303 	mov.w	r3, r3, lsl #12
20000e54:	ea4c 3313 	orr.w	r3, ip, r3, lsr #12
20000e58:	d002      	beq.n	20000e60 <__adddf3+0x84>
20000e5a:	4252      	negs	r2, r2
20000e5c:	eb63 0343 	sbc.w	r3, r3, r3, lsl #1
20000e60:	ea94 0f05 	teq	r4, r5
20000e64:	f000 80a7 	beq.w	20000fb6 <__adddf3+0x1da>
20000e68:	f1a4 0401 	sub.w	r4, r4, #1
20000e6c:	f1d5 0e20 	rsbs	lr, r5, #32
20000e70:	db0d      	blt.n	20000e8e <__adddf3+0xb2>
20000e72:	fa02 fc0e 	lsl.w	ip, r2, lr
20000e76:	fa22 f205 	lsr.w	r2, r2, r5
20000e7a:	1880      	adds	r0, r0, r2
20000e7c:	f141 0100 	adc.w	r1, r1, #0
20000e80:	fa03 f20e 	lsl.w	r2, r3, lr
20000e84:	1880      	adds	r0, r0, r2
20000e86:	fa43 f305 	asr.w	r3, r3, r5
20000e8a:	4159      	adcs	r1, r3
20000e8c:	e00e      	b.n	20000eac <__adddf3+0xd0>
20000e8e:	f1a5 0520 	sub.w	r5, r5, #32
20000e92:	f10e 0e20 	add.w	lr, lr, #32
20000e96:	2a01      	cmp	r2, #1
20000e98:	fa03 fc0e 	lsl.w	ip, r3, lr
20000e9c:	bf28      	it	cs
20000e9e:	f04c 0c02 	orrcs.w	ip, ip, #2
20000ea2:	fa43 f305 	asr.w	r3, r3, r5
20000ea6:	18c0      	adds	r0, r0, r3
20000ea8:	eb51 71e3 	adcs.w	r1, r1, r3, asr #31
20000eac:	f001 4500 	and.w	r5, r1, #2147483648	@ 0x80000000
20000eb0:	d507      	bpl.n	20000ec2 <__adddf3+0xe6>
20000eb2:	f04f 0e00 	mov.w	lr, #0
20000eb6:	f1dc 0c00 	rsbs	ip, ip, #0
20000eba:	eb7e 0000 	sbcs.w	r0, lr, r0
20000ebe:	eb6e 0101 	sbc.w	r1, lr, r1
20000ec2:	f5b1 1f80 	cmp.w	r1, #1048576	@ 0x100000
20000ec6:	d31b      	bcc.n	20000f00 <__adddf3+0x124>
20000ec8:	f5b1 1f00 	cmp.w	r1, #2097152	@ 0x200000
20000ecc:	d30c      	bcc.n	20000ee8 <__adddf3+0x10c>
20000ece:	0849      	lsrs	r1, r1, #1
20000ed0:	ea5f 0030 	movs.w	r0, r0, rrx
20000ed4:	ea4f 0c3c 	mov.w	ip, ip, rrx
20000ed8:	f104 0401 	add.w	r4, r4, #1
20000edc:	ea4f 5244 	mov.w	r2, r4, lsl #21
20000ee0:	f512 0f80 	cmn.w	r2, #4194304	@ 0x400000
20000ee4:	f080 809a 	bcs.w	2000101c <__adddf3+0x240>
20000ee8:	f1bc 4f00 	cmp.w	ip, #2147483648	@ 0x80000000
20000eec:	bf08      	it	eq
20000eee:	ea5f 0c50 	movseq.w	ip, r0, lsr #1
20000ef2:	f150 0000 	adcs.w	r0, r0, #0
20000ef6:	eb41 5104 	adc.w	r1, r1, r4, lsl #20
20000efa:	ea41 0105 	orr.w	r1, r1, r5
20000efe:	bd30      	pop	{r4, r5, pc}
20000f00:	ea5f 0c4c 	movs.w	ip, ip, lsl #1
20000f04:	4140      	adcs	r0, r0
20000f06:	eb41 0101 	adc.w	r1, r1, r1
20000f0a:	3c01      	subs	r4, #1
20000f0c:	bf28      	it	cs
20000f0e:	f5b1 1f80 	cmpcs.w	r1, #1048576	@ 0x100000
20000f12:	d2e9      	bcs.n	20000ee8 <__adddf3+0x10c>
20000f14:	f091 0f00 	teq	r1, #0
20000f18:	bf04      	itt	eq
20000f1a:	4601      	moveq	r1, r0
20000f1c:	2000      	moveq	r0, #0
20000f1e:	fab1 f381 	clz	r3, r1
20000f22:	bf08      	it	eq
20000f24:	3320      	addeq	r3, #32
20000f26:	f1a3 030b 	sub.w	r3, r3, #11
20000f2a:	f1b3 0220 	subs.w	r2, r3, #32
20000f2e:	da0c      	bge.n	20000f4a <__adddf3+0x16e>
20000f30:	320c      	adds	r2, #12
20000f32:	dd08      	ble.n	20000f46 <__adddf3+0x16a>
20000f34:	f102 0c14 	add.w	ip, r2, #20
20000f38:	f1c2 020c 	rsb	r2, r2, #12
20000f3c:	fa01 f00c 	lsl.w	r0, r1, ip
20000f40:	fa21 f102 	lsr.w	r1, r1, r2
20000f44:	e00c      	b.n	20000f60 <__adddf3+0x184>
20000f46:	f102 0214 	add.w	r2, r2, #20
20000f4a:	bfd8      	it	le
20000f4c:	f1c2 0c20 	rsble	ip, r2, #32
20000f50:	fa01 f102 	lsl.w	r1, r1, r2
20000f54:	fa20 fc0c 	lsr.w	ip, r0, ip
20000f58:	bfdc      	itt	le
20000f5a:	ea41 010c 	orrle.w	r1, r1, ip
20000f5e:	4090      	lslle	r0, r2
20000f60:	1ae4      	subs	r4, r4, r3
20000f62:	bfa2      	ittt	ge
20000f64:	eb01 5104 	addge.w	r1, r1, r4, lsl #20
20000f68:	4329      	orrge	r1, r5
20000f6a:	bd30      	popge	{r4, r5, pc}
20000f6c:	ea6f 0404 	mvn.w	r4, r4
20000f70:	3c1f      	subs	r4, #31
20000f72:	da1c      	bge.n	20000fae <__adddf3+0x1d2>
20000f74:	340c      	adds	r4, #12
20000f76:	dc0e      	bgt.n	20000f96 <__adddf3+0x1ba>
20000f78:	f104 0414 	add.w	r4, r4, #20
20000f7c:	f1c4 0220 	rsb	r2, r4, #32
20000f80:	fa20 f004 	lsr.w	r0, r0, r4
20000f84:	fa01 f302 	lsl.w	r3, r1, r2
20000f88:	ea40 0003 	orr.w	r0, r0, r3
20000f8c:	fa21 f304 	lsr.w	r3, r1, r4
20000f90:	ea45 0103 	orr.w	r1, r5, r3
20000f94:	bd30      	pop	{r4, r5, pc}
20000f96:	f1c4 040c 	rsb	r4, r4, #12
20000f9a:	f1c4 0220 	rsb	r2, r4, #32
20000f9e:	fa20 f002 	lsr.w	r0, r0, r2
20000fa2:	fa01 f304 	lsl.w	r3, r1, r4
20000fa6:	ea40 0003 	orr.w	r0, r0, r3
20000faa:	4629      	mov	r1, r5
20000fac:	bd30      	pop	{r4, r5, pc}
20000fae:	fa21 f004 	lsr.w	r0, r1, r4
20000fb2:	4629      	mov	r1, r5
20000fb4:	bd30      	pop	{r4, r5, pc}
20000fb6:	f094 0f00 	teq	r4, #0
20000fba:	f483 1380 	eor.w	r3, r3, #1048576	@ 0x100000
20000fbe:	bf06      	itte	eq
20000fc0:	f481 1180 	eoreq.w	r1, r1, #1048576	@ 0x100000
20000fc4:	3401      	addeq	r4, #1
20000fc6:	3d01      	subne	r5, #1
20000fc8:	e74e      	b.n	20000e68 <__adddf3+0x8c>
20000fca:	ea7f 5c64 	mvns.w	ip, r4, asr #21
20000fce:	bf18      	it	ne
20000fd0:	ea7f 5c65 	mvnsne.w	ip, r5, asr #21
20000fd4:	d029      	beq.n	2000102a <__adddf3+0x24e>
20000fd6:	ea94 0f05 	teq	r4, r5
20000fda:	bf08      	it	eq
20000fdc:	ea90 0f02 	teqeq	r0, r2
20000fe0:	d005      	beq.n	20000fee <__adddf3+0x212>
20000fe2:	ea54 0c00 	orrs.w	ip, r4, r0
20000fe6:	bf04      	itt	eq
20000fe8:	4619      	moveq	r1, r3
20000fea:	4610      	moveq	r0, r2
20000fec:	bd30      	pop	{r4, r5, pc}
20000fee:	ea91 0f03 	teq	r1, r3
20000ff2:	bf1e      	ittt	ne
20000ff4:	2100      	movne	r1, #0
20000ff6:	2000      	movne	r0, #0
20000ff8:	bd30      	popne	{r4, r5, pc}
20000ffa:	ea5f 5c54 	movs.w	ip, r4, lsr #21
20000ffe:	d105      	bne.n	2000100c <__adddf3+0x230>
20001000:	0040      	lsls	r0, r0, #1
20001002:	4149      	adcs	r1, r1
20001004:	bf28      	it	cs
20001006:	f041 4100 	orrcs.w	r1, r1, #2147483648	@ 0x80000000
2000100a:	bd30      	pop	{r4, r5, pc}
2000100c:	f514 0480 	adds.w	r4, r4, #4194304	@ 0x400000
20001010:	bf3c      	itt	cc
20001012:	f501 1180 	addcc.w	r1, r1, #1048576	@ 0x100000
20001016:	bd30      	popcc	{r4, r5, pc}
20001018:	f001 4500 	and.w	r5, r1, #2147483648	@ 0x80000000
2000101c:	f045 41fe 	orr.w	r1, r5, #2130706432	@ 0x7f000000
20001020:	f441 0170 	orr.w	r1, r1, #15728640	@ 0xf00000
20001024:	f04f 0000 	mov.w	r0, #0
20001028:	bd30      	pop	{r4, r5, pc}
2000102a:	ea7f 5c64 	mvns.w	ip, r4, asr #21
2000102e:	bf1a      	itte	ne
20001030:	4619      	movne	r1, r3
20001032:	4610      	movne	r0, r2
20001034:	ea7f 5c65 	mvnseq.w	ip, r5, asr #21
20001038:	bf1c      	itt	ne
2000103a:	460b      	movne	r3, r1
2000103c:	4602      	movne	r2, r0
2000103e:	ea50 3401 	orrs.w	r4, r0, r1, lsl #12
20001042:	bf06      	itte	eq
20001044:	ea52 3503 	orrseq.w	r5, r2, r3, lsl #12
20001048:	ea91 0f03 	teqeq	r1, r3
2000104c:	f441 2100 	orrne.w	r1, r1, #524288	@ 0x80000
20001050:	bd30      	pop	{r4, r5, pc}
20001052:	bf00      	nop

20001054 <__aeabi_ui2d>:
20001054:	f090 0f00 	teq	r0, #0
20001058:	bf04      	itt	eq
2000105a:	2100      	moveq	r1, #0
2000105c:	4770      	bxeq	lr
2000105e:	b530      	push	{r4, r5, lr}
20001060:	f44f 6480 	mov.w	r4, #1024	@ 0x400
20001064:	f104 0432 	add.w	r4, r4, #50	@ 0x32
20001068:	f04f 0500 	mov.w	r5, #0
2000106c:	f04f 0100 	mov.w	r1, #0
20001070:	e750      	b.n	20000f14 <__adddf3+0x138>
20001072:	bf00      	nop

20001074 <__aeabi_i2d>:
20001074:	f090 0f00 	teq	r0, #0
20001078:	bf04      	itt	eq
2000107a:	2100      	moveq	r1, #0
2000107c:	4770      	bxeq	lr
2000107e:	b530      	push	{r4, r5, lr}
20001080:	f44f 6480 	mov.w	r4, #1024	@ 0x400
20001084:	f104 0432 	add.w	r4, r4, #50	@ 0x32
20001088:	f010 4500 	ands.w	r5, r0, #2147483648	@ 0x80000000
2000108c:	bf48      	it	mi
2000108e:	4240      	negmi	r0, r0
20001090:	f04f 0100 	mov.w	r1, #0
20001094:	e73e      	b.n	20000f14 <__adddf3+0x138>
20001096:	bf00      	nop

20001098 <__aeabi_f2d>:
20001098:	0042      	lsls	r2, r0, #1
2000109a:	ea4f 01e2 	mov.w	r1, r2, asr #3
2000109e:	ea4f 0131 	mov.w	r1, r1, rrx
200010a2:	ea4f 7002 	mov.w	r0, r2, lsl #28
200010a6:	bf1f      	itttt	ne
200010a8:	f012 437f 	andsne.w	r3, r2, #4278190080	@ 0xff000000
200010ac:	f093 4f7f 	teqne	r3, #4278190080	@ 0xff000000
200010b0:	f081 5160 	eorne.w	r1, r1, #939524096	@ 0x38000000
200010b4:	4770      	bxne	lr
200010b6:	f032 427f 	bics.w	r2, r2, #4278190080	@ 0xff000000
200010ba:	bf08      	it	eq
200010bc:	4770      	bxeq	lr
200010be:	f093 4f7f 	teq	r3, #4278190080	@ 0xff000000
200010c2:	bf04      	itt	eq
200010c4:	f441 2100 	orreq.w	r1, r1, #524288	@ 0x80000
200010c8:	4770      	bxeq	lr
200010ca:	b530      	push	{r4, r5, lr}
200010cc:	f44f 7460 	mov.w	r4, #896	@ 0x380
200010d0:	f001 4500 	and.w	r5, r1, #2147483648	@ 0x80000000
200010d4:	f021 4100 	bic.w	r1, r1, #2147483648	@ 0x80000000
200010d8:	e71c      	b.n	20000f14 <__adddf3+0x138>
200010da:	bf00      	nop

200010dc <__aeabi_ul2d>:
200010dc:	ea50 0201 	orrs.w	r2, r0, r1
200010e0:	bf08      	it	eq
200010e2:	4770      	bxeq	lr
200010e4:	b530      	push	{r4, r5, lr}
200010e6:	f04f 0500 	mov.w	r5, #0
200010ea:	e00a      	b.n	20001102 <__aeabi_l2d+0x16>

200010ec <__aeabi_l2d>:
200010ec:	ea50 0201 	orrs.w	r2, r0, r1
200010f0:	bf08      	it	eq
200010f2:	4770      	bxeq	lr
200010f4:	b530      	push	{r4, r5, lr}
200010f6:	f011 4500 	ands.w	r5, r1, #2147483648	@ 0x80000000
200010fa:	d502      	bpl.n	20001102 <__aeabi_l2d+0x16>
200010fc:	4240      	negs	r0, r0
200010fe:	eb61 0141 	sbc.w	r1, r1, r1, lsl #1
20001102:	f44f 6480 	mov.w	r4, #1024	@ 0x400
20001106:	f104 0432 	add.w	r4, r4, #50	@ 0x32
2000110a:	ea5f 5c91 	movs.w	ip, r1, lsr #22
2000110e:	f43f aed8 	beq.w	20000ec2 <__adddf3+0xe6>
20001112:	f04f 0203 	mov.w	r2, #3
20001116:	ea5f 0cdc 	movs.w	ip, ip, lsr #3
2000111a:	bf18      	it	ne
2000111c:	3203      	addne	r2, #3
2000111e:	ea5f 0cdc 	movs.w	ip, ip, lsr #3
20001122:	bf18      	it	ne
20001124:	3203      	addne	r2, #3
20001126:	eb02 02dc 	add.w	r2, r2, ip, lsr #3
2000112a:	f1c2 0320 	rsb	r3, r2, #32
2000112e:	fa00 fc03 	lsl.w	ip, r0, r3
20001132:	fa20 f002 	lsr.w	r0, r0, r2
20001136:	fa01 fe03 	lsl.w	lr, r1, r3
2000113a:	ea40 000e 	orr.w	r0, r0, lr
2000113e:	fa21 f102 	lsr.w	r1, r1, r2
20001142:	4414      	add	r4, r2
20001144:	e6bd      	b.n	20000ec2 <__adddf3+0xe6>
20001146:	bf00      	nop

20001148 <__aeabi_ldivmod>:
20001148:	b97b      	cbnz	r3, 2000116a <__aeabi_ldivmod+0x22>
2000114a:	b972      	cbnz	r2, 2000116a <__aeabi_ldivmod+0x22>
2000114c:	2900      	cmp	r1, #0
2000114e:	bfbe      	ittt	lt
20001150:	2000      	movlt	r0, #0
20001152:	f04f 4100 	movlt.w	r1, #2147483648	@ 0x80000000
20001156:	e006      	blt.n	20001166 <__aeabi_ldivmod+0x1e>
20001158:	bf08      	it	eq
2000115a:	2800      	cmpeq	r0, #0
2000115c:	bf1c      	itt	ne
2000115e:	f06f 4100 	mvnne.w	r1, #2147483648	@ 0x80000000
20001162:	f04f 30ff 	movne.w	r0, #4294967295	@ 0xffffffff
20001166:	f000 b9d7 	b.w	20001518 <__aeabi_idiv0>
2000116a:	f1ad 0c08 	sub.w	ip, sp, #8
2000116e:	e96d ce04 	strd	ip, lr, [sp, #-16]!
20001172:	2900      	cmp	r1, #0
20001174:	db09      	blt.n	2000118a <__aeabi_ldivmod+0x42>
20001176:	2b00      	cmp	r3, #0
20001178:	db1a      	blt.n	200011b0 <__aeabi_ldivmod+0x68>
2000117a:	f000 f84d 	bl	20001218 <__udivmoddi4>
2000117e:	f8dd e004 	ldr.w	lr, [sp, #4]
20001182:	e9dd 2302 	ldrd	r2, r3, [sp, #8]
20001186:	b004      	add	sp, #16
20001188:	4770      	bx	lr
2000118a:	4240      	negs	r0, r0
2000118c:	eb61 0141 	sbc.w	r1, r1, r1, lsl #1
20001190:	2b00      	cmp	r3, #0
20001192:	db1b      	blt.n	200011cc <__aeabi_ldivmod+0x84>
20001194:	f000 f840 	bl	20001218 <__udivmoddi4>
20001198:	f8dd e004 	ldr.w	lr, [sp, #4]
2000119c:	e9dd 2302 	ldrd	r2, r3, [sp, #8]
200011a0:	b004      	add	sp, #16
200011a2:	4240      	negs	r0, r0
200011a4:	eb61 0141 	sbc.w	r1, r1, r1, lsl #1
200011a8:	4252      	negs	r2, r2
200011aa:	eb63 0343 	sbc.w	r3, r3, r3, lsl #1
200011ae:	4770      	bx	lr
200011b0:	4252      	negs	r2, r2
200011b2:	eb63 0343 	sbc.w	r3, r3, r3, lsl #1
200011b6:	f000 f82f 	bl	20001218 <__udivmoddi4>
200011ba:	f8dd e004 	ldr.w	lr, [sp, #4]
200011be:	e9dd 2302 	ldrd	r2, r3, [sp, #8]
200011c2:	b004      	add	sp, #16
200011c4:	4240      	negs	r0, r0
200011c6:	eb61 0141 	sbc.w	r1, r1, r1, lsl #1
200011ca:	4770      	bx	lr
200011cc:	4252      	negs	r2, r2
200011ce:	eb63 0343 	sbc.w	r3, r3, r3, lsl #1
200011d2:	f000 f821 	bl	20001218 <__udivmoddi4>
200011d6:	f8dd e004 	ldr.w	lr, [sp, #4]
200011da:	e9dd 2302 	ldrd	r2, r3, [sp, #8]
200011de:	b004      	add	sp, #16
200011e0:	4252      	negs	r2, r2
200011e2:	eb63 0343 	sbc.w	r3, r3, r3, lsl #1
200011e6:	4770      	bx	lr

200011e8 <__aeabi_uldivmod>:
200011e8:	b953      	cbnz	r3, 20001200 <__aeabi_uldivmod+0x18>
200011ea:	b94a      	cbnz	r2, 20001200 <__aeabi_uldivmod+0x18>
200011ec:	2900      	cmp	r1, #0
200011ee:	bf08      	it	eq
200011f0:	2800      	cmpeq	r0, #0
200011f2:	bf1c      	itt	ne
200011f4:	f04f 31ff 	movne.w	r1, #4294967295	@ 0xffffffff
200011f8:	f04f 30ff 	movne.w	r0, #4294967295	@ 0xffffffff
200011fc:	f000 b98c 	b.w	20001518 <__aeabi_idiv0>
20001200:	f1ad 0c08 	sub.w	ip, sp, #8
20001204:	e96d ce04 	strd	ip, lr, [sp, #-16]!
20001208:	f000 f806 	bl	20001218 <__udivmoddi4>
2000120c:	f8dd e004 	ldr.w	lr, [sp, #4]
20001210:	e9dd 2302 	ldrd	r2, r3, [sp, #8]
20001214:	b004      	add	sp, #16
20001216:	4770      	bx	lr

20001218 <__udivmoddi4>:
20001218:	e92d 4ff0 	stmdb	sp!, {r4, r5, r6, r7, r8, r9, sl, fp, lr}
2000121c:	9d09      	ldr	r5, [sp, #36]	@ 0x24
2000121e:	460e      	mov	r6, r1
20001220:	4604      	mov	r4, r0
20001222:	460f      	mov	r7, r1
20001224:	2b00      	cmp	r3, #0
20001226:	d147      	bne.n	200012b8 <__udivmoddi4+0xa0>
20001228:	428a      	cmp	r2, r1
2000122a:	4694      	mov	ip, r2
2000122c:	fab2 f382 	clz	r3, r2
20001230:	d95a      	bls.n	200012e8 <__udivmoddi4+0xd0>
20001232:	b143      	cbz	r3, 20001246 <__udivmoddi4+0x2e>
20001234:	fa02 fc03 	lsl.w	ip, r2, r3
20001238:	f1c3 0220 	rsb	r2, r3, #32
2000123c:	409f      	lsls	r7, r3
2000123e:	409c      	lsls	r4, r3
20001240:	fa20 f202 	lsr.w	r2, r0, r2
20001244:	4317      	orrs	r7, r2
20001246:	ea4f 461c 	mov.w	r6, ip, lsr #16
2000124a:	fa1f fe8c 	uxth.w	lr, ip
2000124e:	0c22      	lsrs	r2, r4, #16
20001250:	fbb7 f1f6 	udiv	r1, r7, r6
20001254:	fb06 7711 	mls	r7, r6, r1, r7
20001258:	fb01 f00e 	mul.w	r0, r1, lr
2000125c:	ea42 4207 	orr.w	r2, r2, r7, lsl #16
20001260:	4290      	cmp	r0, r2
20001262:	d908      	bls.n	20001276 <__udivmoddi4+0x5e>
20001264:	eb1c 0202 	adds.w	r2, ip, r2
20001268:	f101 37ff 	add.w	r7, r1, #4294967295	@ 0xffffffff
2000126c:	d202      	bcs.n	20001274 <__udivmoddi4+0x5c>
2000126e:	4290      	cmp	r0, r2
20001270:	f200 813c 	bhi.w	200014ec <__udivmoddi4+0x2d4>
20001274:	4639      	mov	r1, r7
20001276:	1a12      	subs	r2, r2, r0
20001278:	b2a4      	uxth	r4, r4
2000127a:	fbb2 f0f6 	udiv	r0, r2, r6
2000127e:	fb06 2210 	mls	r2, r6, r0, r2
20001282:	fb00 fe0e 	mul.w	lr, r0, lr
20001286:	ea44 4402 	orr.w	r4, r4, r2, lsl #16
2000128a:	45a6      	cmp	lr, r4
2000128c:	d908      	bls.n	200012a0 <__udivmoddi4+0x88>
2000128e:	eb1c 0404 	adds.w	r4, ip, r4
20001292:	f100 32ff 	add.w	r2, r0, #4294967295	@ 0xffffffff
20001296:	d202      	bcs.n	2000129e <__udivmoddi4+0x86>
20001298:	45a6      	cmp	lr, r4
2000129a:	f200 812a 	bhi.w	200014f2 <__udivmoddi4+0x2da>
2000129e:	4610      	mov	r0, r2
200012a0:	ea40 4001 	orr.w	r0, r0, r1, lsl #16
200012a4:	eba4 040e 	sub.w	r4, r4, lr
200012a8:	2100      	movs	r1, #0
200012aa:	b11d      	cbz	r5, 200012b4 <__udivmoddi4+0x9c>
200012ac:	40dc      	lsrs	r4, r3
200012ae:	2300      	movs	r3, #0
200012b0:	e9c5 4300 	strd	r4, r3, [r5]
200012b4:	e8bd 8ff0 	ldmia.w	sp!, {r4, r5, r6, r7, r8, r9, sl, fp, pc}
200012b8:	428b      	cmp	r3, r1
200012ba:	d905      	bls.n	200012c8 <__udivmoddi4+0xb0>
200012bc:	b10d      	cbz	r5, 200012c2 <__udivmoddi4+0xaa>
200012be:	e9c5 0100 	strd	r0, r1, [r5]
200012c2:	2100      	movs	r1, #0
200012c4:	4608      	mov	r0, r1
200012c6:	e7f5      	b.n	200012b4 <__udivmoddi4+0x9c>
200012c8:	fab3 f183 	clz	r1, r3
200012cc:	2900      	cmp	r1, #0
200012ce:	d14f      	bne.n	20001370 <__udivmoddi4+0x158>
200012d0:	42b3      	cmp	r3, r6
200012d2:	f0c0 8102 	bcc.w	200014da <__udivmoddi4+0x2c2>
200012d6:	4282      	cmp	r2, r0
200012d8:	f240 80ff 	bls.w	200014da <__udivmoddi4+0x2c2>
200012dc:	4608      	mov	r0, r1
200012de:	2d00      	cmp	r5, #0
200012e0:	d0e8      	beq.n	200012b4 <__udivmoddi4+0x9c>
200012e2:	e9c5 4700 	strd	r4, r7, [r5]
200012e6:	e7e5      	b.n	200012b4 <__udivmoddi4+0x9c>
200012e8:	2b00      	cmp	r3, #0
200012ea:	f040 80af 	bne.w	2000144c <__udivmoddi4+0x234>
200012ee:	1a8a      	subs	r2, r1, r2
200012f0:	ea4f 4e1c 	mov.w	lr, ip, lsr #16
200012f4:	fa1f f78c 	uxth.w	r7, ip
200012f8:	2101      	movs	r1, #1
200012fa:	fbb2 f6fe 	udiv	r6, r2, lr
200012fe:	fb0e 2016 	mls	r0, lr, r6, r2
20001302:	0c22      	lsrs	r2, r4, #16
20001304:	ea42 4200 	orr.w	r2, r2, r0, lsl #16
20001308:	fb07 f006 	mul.w	r0, r7, r6
2000130c:	4290      	cmp	r0, r2
2000130e:	d90f      	bls.n	20001330 <__udivmoddi4+0x118>
20001310:	eb1c 0202 	adds.w	r2, ip, r2
20001314:	f106 38ff 	add.w	r8, r6, #4294967295	@ 0xffffffff
20001318:	bf2c      	ite	cs
2000131a:	f04f 0901 	movcs.w	r9, #1
2000131e:	f04f 0900 	movcc.w	r9, #0
20001322:	4290      	cmp	r0, r2
20001324:	d903      	bls.n	2000132e <__udivmoddi4+0x116>
20001326:	f1b9 0f00 	cmp.w	r9, #0
2000132a:	f000 80dc 	beq.w	200014e6 <__udivmoddi4+0x2ce>
2000132e:	4646      	mov	r6, r8
20001330:	1a12      	subs	r2, r2, r0
20001332:	b2a4      	uxth	r4, r4
20001334:	fbb2 f0fe 	udiv	r0, r2, lr
20001338:	fb0e 2210 	mls	r2, lr, r0, r2
2000133c:	fb00 f707 	mul.w	r7, r0, r7
20001340:	ea44 4402 	orr.w	r4, r4, r2, lsl #16
20001344:	42a7      	cmp	r7, r4
20001346:	d90f      	bls.n	20001368 <__udivmoddi4+0x150>
20001348:	eb1c 0404 	adds.w	r4, ip, r4
2000134c:	f100 32ff 	add.w	r2, r0, #4294967295	@ 0xffffffff
20001350:	bf2c      	ite	cs
20001352:	f04f 0e01 	movcs.w	lr, #1
20001356:	f04f 0e00 	movcc.w	lr, #0
2000135a:	42a7      	cmp	r7, r4
2000135c:	d903      	bls.n	20001366 <__udivmoddi4+0x14e>
2000135e:	f1be 0f00 	cmp.w	lr, #0
20001362:	f000 80c9 	beq.w	200014f8 <__udivmoddi4+0x2e0>
20001366:	4610      	mov	r0, r2
20001368:	1be4      	subs	r4, r4, r7
2000136a:	ea40 4006 	orr.w	r0, r0, r6, lsl #16
2000136e:	e79c      	b.n	200012aa <__udivmoddi4+0x92>
20001370:	f1c1 0420 	rsb	r4, r1, #32
20001374:	408b      	lsls	r3, r1
20001376:	fa06 fc01 	lsl.w	ip, r6, r1
2000137a:	fa00 fe01 	lsl.w	lr, r0, r1
2000137e:	fa22 f704 	lsr.w	r7, r2, r4
20001382:	40e6      	lsrs	r6, r4
20001384:	408a      	lsls	r2, r1
20001386:	431f      	orrs	r7, r3
20001388:	fa20 f304 	lsr.w	r3, r0, r4
2000138c:	ea4f 4817 	mov.w	r8, r7, lsr #16
20001390:	ea43 030c 	orr.w	r3, r3, ip
20001394:	fa1f fc87 	uxth.w	ip, r7
20001398:	ea4f 4913 	mov.w	r9, r3, lsr #16
2000139c:	fbb6 f0f8 	udiv	r0, r6, r8
200013a0:	fb08 6610 	mls	r6, r8, r0, r6
200013a4:	ea49 4606 	orr.w	r6, r9, r6, lsl #16
200013a8:	fb00 f90c 	mul.w	r9, r0, ip
200013ac:	45b1      	cmp	r9, r6
200013ae:	d90e      	bls.n	200013ce <__udivmoddi4+0x1b6>
200013b0:	19be      	adds	r6, r7, r6
200013b2:	f100 3aff 	add.w	sl, r0, #4294967295	@ 0xffffffff
200013b6:	bf2c      	ite	cs
200013b8:	f04f 0b01 	movcs.w	fp, #1
200013bc:	f04f 0b00 	movcc.w	fp, #0
200013c0:	45b1      	cmp	r9, r6
200013c2:	d903      	bls.n	200013cc <__udivmoddi4+0x1b4>
200013c4:	f1bb 0f00 	cmp.w	fp, #0
200013c8:	f000 80a2 	beq.w	20001510 <__udivmoddi4+0x2f8>
200013cc:	4650      	mov	r0, sl
200013ce:	eba6 0609 	sub.w	r6, r6, r9
200013d2:	fa1f f983 	uxth.w	r9, r3
200013d6:	fbb6 f3f8 	udiv	r3, r6, r8
200013da:	fb08 6613 	mls	r6, r8, r3, r6
200013de:	fb03 fc0c 	mul.w	ip, r3, ip
200013e2:	ea49 4606 	orr.w	r6, r9, r6, lsl #16
200013e6:	45b4      	cmp	ip, r6
200013e8:	d90e      	bls.n	20001408 <__udivmoddi4+0x1f0>
200013ea:	19be      	adds	r6, r7, r6
200013ec:	f103 38ff 	add.w	r8, r3, #4294967295	@ 0xffffffff
200013f0:	bf2c      	ite	cs
200013f2:	f04f 0901 	movcs.w	r9, #1
200013f6:	f04f 0900 	movcc.w	r9, #0
200013fa:	45b4      	cmp	ip, r6
200013fc:	d903      	bls.n	20001406 <__udivmoddi4+0x1ee>
200013fe:	f1b9 0f00 	cmp.w	r9, #0
20001402:	f000 8082 	beq.w	2000150a <__udivmoddi4+0x2f2>
20001406:	4643      	mov	r3, r8
20001408:	ea43 4000 	orr.w	r0, r3, r0, lsl #16
2000140c:	eba6 060c 	sub.w	r6, r6, ip
20001410:	fba0 8c02 	umull	r8, ip, r0, r2
20001414:	4566      	cmp	r6, ip
20001416:	4643      	mov	r3, r8
20001418:	46e1      	mov	r9, ip
2000141a:	d302      	bcc.n	20001422 <__udivmoddi4+0x20a>
2000141c:	d107      	bne.n	2000142e <__udivmoddi4+0x216>
2000141e:	45c6      	cmp	lr, r8
20001420:	d205      	bcs.n	2000142e <__udivmoddi4+0x216>
20001422:	ebb8 0302 	subs.w	r3, r8, r2
20001426:	eb6c 0c07 	sbc.w	ip, ip, r7
2000142a:	3801      	subs	r0, #1
2000142c:	46e1      	mov	r9, ip
2000142e:	b15d      	cbz	r5, 20001448 <__udivmoddi4+0x230>
20001430:	ebbe 0203 	subs.w	r2, lr, r3
20001434:	eb66 0609 	sbc.w	r6, r6, r9
20001438:	fa06 f404 	lsl.w	r4, r6, r4
2000143c:	fa22 f301 	lsr.w	r3, r2, r1
20001440:	40ce      	lsrs	r6, r1
20001442:	431c      	orrs	r4, r3
20001444:	e9c5 4600 	strd	r4, r6, [r5]
20001448:	2100      	movs	r1, #0
2000144a:	e733      	b.n	200012b4 <__udivmoddi4+0x9c>
2000144c:	fa02 fc03 	lsl.w	ip, r2, r3
20001450:	f1c3 0220 	rsb	r2, r3, #32
20001454:	4099      	lsls	r1, r3
20001456:	409c      	lsls	r4, r3
20001458:	40d6      	lsrs	r6, r2
2000145a:	ea4f 4e1c 	mov.w	lr, ip, lsr #16
2000145e:	fa20 f202 	lsr.w	r2, r0, r2
20001462:	fa1f f78c 	uxth.w	r7, ip
20001466:	fbb6 f0fe 	udiv	r0, r6, lr
2000146a:	430a      	orrs	r2, r1
2000146c:	fb0e 6610 	mls	r6, lr, r0, r6
20001470:	0c11      	lsrs	r1, r2, #16
20001472:	ea41 4106 	orr.w	r1, r1, r6, lsl #16
20001476:	fb00 f607 	mul.w	r6, r0, r7
2000147a:	428e      	cmp	r6, r1
2000147c:	d90e      	bls.n	2000149c <__udivmoddi4+0x284>
2000147e:	eb1c 0101 	adds.w	r1, ip, r1
20001482:	f100 38ff 	add.w	r8, r0, #4294967295	@ 0xffffffff
20001486:	bf2c      	ite	cs
20001488:	f04f 0901 	movcs.w	r9, #1
2000148c:	f04f 0900 	movcc.w	r9, #0
20001490:	428e      	cmp	r6, r1
20001492:	d902      	bls.n	2000149a <__udivmoddi4+0x282>
20001494:	f1b9 0f00 	cmp.w	r9, #0
20001498:	d034      	beq.n	20001504 <__udivmoddi4+0x2ec>
2000149a:	4640      	mov	r0, r8
2000149c:	1b89      	subs	r1, r1, r6
2000149e:	b292      	uxth	r2, r2
200014a0:	fbb1 f6fe 	udiv	r6, r1, lr
200014a4:	fb0e 1116 	mls	r1, lr, r6, r1
200014a8:	ea42 4201 	orr.w	r2, r2, r1, lsl #16
200014ac:	fb06 f107 	mul.w	r1, r6, r7
200014b0:	4291      	cmp	r1, r2
200014b2:	d90e      	bls.n	200014d2 <__udivmoddi4+0x2ba>
200014b4:	eb1c 0202 	adds.w	r2, ip, r2
200014b8:	f106 38ff 	add.w	r8, r6, #4294967295	@ 0xffffffff
200014bc:	bf2c      	ite	cs
200014be:	f04f 0901 	movcs.w	r9, #1
200014c2:	f04f 0900 	movcc.w	r9, #0
200014c6:	4291      	cmp	r1, r2
200014c8:	d902      	bls.n	200014d0 <__udivmoddi4+0x2b8>
200014ca:	f1b9 0f00 	cmp.w	r9, #0
200014ce:	d016      	beq.n	200014fe <__udivmoddi4+0x2e6>
200014d0:	4646      	mov	r6, r8
200014d2:	1a52      	subs	r2, r2, r1
200014d4:	ea46 4100 	orr.w	r1, r6, r0, lsl #16
200014d8:	e70f      	b.n	200012fa <__udivmoddi4+0xe2>
200014da:	1a84      	subs	r4, r0, r2
200014dc:	eb66 0203 	sbc.w	r2, r6, r3
200014e0:	2001      	movs	r0, #1
200014e2:	4617      	mov	r7, r2
200014e4:	e6fb      	b.n	200012de <__udivmoddi4+0xc6>
200014e6:	3e02      	subs	r6, #2
200014e8:	4462      	add	r2, ip
200014ea:	e721      	b.n	20001330 <__udivmoddi4+0x118>
200014ec:	3902      	subs	r1, #2
200014ee:	4462      	add	r2, ip
200014f0:	e6c1      	b.n	20001276 <__udivmoddi4+0x5e>
200014f2:	4464      	add	r4, ip
200014f4:	3802      	subs	r0, #2
200014f6:	e6d3      	b.n	200012a0 <__udivmoddi4+0x88>
200014f8:	4464      	add	r4, ip
200014fa:	3802      	subs	r0, #2
200014fc:	e734      	b.n	20001368 <__udivmoddi4+0x150>
200014fe:	3e02      	subs	r6, #2
20001500:	4462      	add	r2, ip
20001502:	e7e6      	b.n	200014d2 <__udivmoddi4+0x2ba>
20001504:	3802      	subs	r0, #2
20001506:	4461      	add	r1, ip
20001508:	e7c8      	b.n	2000149c <__udivmoddi4+0x284>
2000150a:	3b02      	subs	r3, #2
2000150c:	443e      	add	r6, r7
2000150e:	e77b      	b.n	20001408 <__udivmoddi4+0x1f0>
20001510:	3802      	subs	r0, #2
20001512:	443e      	add	r6, r7
20001514:	e75b      	b.n	200013ce <__udivmoddi4+0x1b6>
20001516:	bf00      	nop

20001518 <__aeabi_idiv0>:
20001518:	4770      	bx	lr
2000151a:	bf00      	nop
2000151c:	0000      	movs	r0, r0
	...

20001520 <__vPortLockInternalSpinUnlockWithNotify_veneer>:
20001520:	f85f f000 	ldr.w	pc, [pc]	@ 20001524 <__vPortLockInternalSpinUnlockWithNotify_veneer+0x4>
20001524:	100070f9 	.word	0x100070f9

20001528 <__time_us_64_veneer>:
20001528:	f85f f000 	ldr.w	pc, [pc]	@ 2000152c <__time_us_64_veneer+0x4>
2000152c:	100021c9 	.word	0x100021c9

20001530 <__tud_event_hook_cb_veneer>:
20001530:	f85f f000 	ldr.w	pc, [pc]	@ 20001534 <__tud_event_hook_cb_veneer+0x4>
20001534:	10004ead 	.word	0x10004ead

20001538 <__memset_veneer>:
20001538:	f85f f000 	ldr.w	pc, [pc]	@ 2000153c <__memset_veneer+0x4>
2000153c:	1000b01d 	.word	0x1000b01d

20001540 <__ulPortLockGetCurrentOwnerId_veneer>:
20001540:	f85f f000 	ldr.w	pc, [pc]	@ 20001544 <__ulPortLockGetCurrentOwnerId_veneer+0x4>
20001544:	1000704d 	.word	0x1000704d

20001548 <__panic_veneer>:
20001548:	f85f f000 	ldr.w	pc, [pc]	@ 2000154c <__panic_veneer+0x4>
2000154c:	100010e5 	.word	0x100010e5

20001550 <__tu_fifo_write_veneer>:
20001550:	f85f f000 	ldr.w	pc, [pc]	@ 20001554 <__tu_fifo_write_veneer+0x4>
20001554:	1000689d 	.word	0x1000689d

20001558 <__xPortLockInternalSpinUnlockWithBestEffortWaitOrTimeout_veneer>:
20001558:	f85f f000 	ldr.w	pc, [pc]	@ 2000155c <__xPortLockInternalSpinUnlockWithBestEffortWaitOrTimeout_veneer+0x4>
2000155c:	1000718d 	.word	0x1000718d

20001560 <striped_spin_lock_num>:
20001560:	00000010                                ....

20001564 <irq_handler_chain_slots>:
20001564:	00000000 	.word	0x00000000
20001568:	00010000 	.word	0x00010000
	...
20001574:	00020000 	.word	0x00020000
	...
20001580:	00030000 	.word	0x00030000
	...
2000158c:	00ff0000 	.word	0x00ff0000
20001590:	00000000 	.word	0x00000000

20001594 <irq_handler_chain_first_slot>:
20001594:	b501      	push	{r0, lr}
20001596:	6848      	ldr	r0, [r1, #4]
20001598:	3101      	adds	r1, #1
2000159a:	468e      	mov	lr, r1
2000159c:	4700      	bx	r0

2000159e <irq_handler_chain_remove_tail>:
2000159e:	4670      	mov	r0, lr
200015a0:	3809      	subs	r0, #9
200015a2:	4901      	ldr	r1, [pc, #4]	@ (200015a8 <irq_handler_chain_remove_tail+0xa>)
200015a4:	4788      	blx	r1
200015a6:	bd01      	pop	{r0, pc}
200015a8:	100017e5 	.word	0x100017e5

200015ac <default_alarm_pool>:
	...
200015c0:	200016e0                                ... 

200015c4 <stdio_usb>:
200015c4:	1000464d 100045f9 10004571 100044e1     MF...E..qE...D..
200015d4:	00000000 00000100                       ........

200015dc <_usbd_qdef>:
200015dc:	20001b7c 000c0010 00000000 00000000     |.. ............
	...

200015f8 <_usbd_rhport>:
200015f8:	000000ff                                ....

200015fc <i2c0_inst>:
200015fc:	40090000 00000000                       ...@....

20001604 <cDoorbellNum>:
20001604:	                                         .

20001605 <ucPrimaryCoreNum>:
20001605:	                                         ...

20001608 <malloc_mutex>:
	...

20001610 <print_mutex>:
	...
