:020000041000EA
:10000000002008205D0100101B0100101D010010E0
:100010001101001011010010110100101101001058
:100020001901001019010010190100101F01001022
:10003000110100101901001021010010230100100E
:100040001101001011010010110100101101001028
:100050001101001011010010110100101101001018
:100060001101001011010010110100101101001008
:1000700011010010110100101101001011010010F8
:1000800011010010110100101101001011010010E8
:1000900011010010110100101101001011010010D8
:1000A00011010010110100101101001011010010C8
:1000B00011010010110100101101001011010010B8
:1000C00011010010110100101101001011010010A8
:1000D0001101001011010010110100101101001098
:1000E0001101001011010010110100101101001088
:1000F0001101001011010010110100101101001078
:100100001101001011010010110100101101001067
:10011000EFF30580103800BE00BE00BE00BE00BE7A
:1001200000BE00BEF2EB8871C0C30010E0C3001037
:10013000A001001090A31AE7D3DEFFFF42012110B7
:10014000FF01000040D80000793512AB4FF00000ED
:100150001E49086006C881F3088810474FF05040D8
:10016000006810B14FF00000F2E70DA40ECC00299A
:1001700002D000F012F8F9E71549164A002000E015
:1001800001C19142FCD11449884714498847144958
:10019000884700BEFDE701C901C29A42FBD3704700
:1001A000E0C3001010010020A816002078D900102C
:1001B000000008200000082078D900100010082056
:1001C00000100820000000007047000008ED00E06B
:1001D000A8160020B4260120DD470010750200108B
:1001E000D5470010F8B500BF0348044B834202D046
:1001F000034B03B118477047A8160020A81600202B
:1002000000000000064B0749C91A891048BF013198
:10021000491003D0044B0BB101481847704700BF89
:10022000A8160020A81600200000000010B5064CFB
:10023000237843B9FFF7D8FF044B13B10448AFF359
:1002400000800123237010BD101900200000000061
:1002500040BC001008B5044B1BB104490448AFF37F
:100260000080BDE80840CDE7000000001419002020
:1002700040BC001000B583B004F0DCFB4FF4FA6022
:1002800002F02CF800F03CFB00F0E6FB00210846F1
:1002900000F086FA2C4800F0DDFA0021032201204C
:1002A00007F0A6FE0246294B01201A6008F03AF832
:1002B0000446274B0021032201201C6007F098FE12
:1002C0000246244B01201A6008F02CF80546224C07
:1002D0000226256000240125012204210F201F4B46
:1002E00000F08EFF4FF4007223461D49CDE9005403
:1002F0001C480AF067F94FF400722346CDE9006408
:1003000019491A480AF05EF9CDE9006403264FF452
:1003100000722346164917480AF054F94FF4007248
:1003200023461549CDE9006414480AF04BF94FF40F
:10033000007223461249CDE9005412480AF042F9EE
:100340000AF090FAFEE700BF40BC0010E82501204B
:100350002C260120EC250120BC250120AD0C00102D
:1003600054BC0010F90A001058BC0010D90C001041
:1003700060BC0010F90D001064BC0010E90E001004
:1003800068BC0010250F001010B5044600F09EFF59
:100390002046BDE810400022012100F01DBF00BF33
:1003A00010B5044600F092FF4FF0010343EC4440C7
:1003B00010BD00BF08B506F097FF1F211B2000F0FD
:1003C000EDFE00221B20114600F006FF00211B203D
:1003D00000F06CFF1F211A2000F0E0FE00221A201E
:1003E000114600F0F9FEBDE8084000211A2000F097
:1003F0005DBF00BFF0B500253C273826C14C85B055
:100400002046C14907F02AF80321042000F0C6FE67
:100410000321052000F0C2FE00220121042000F08B
:10042000DBFE00220121052000F0D6FE322001F083
:1004300055FF0DF10F0201232721204600958DF86D
:100440000F7007F031F80120002101F02FFF0DF1AE
:100450000F0201232721204600958DF80F6007F039
:1004600023F80021322001F021FF052001F036FFA2
:100470000DF10F0201232721204600958DF80F7002
:1004800007F012F80120002101F010FF0DF10F021A
:1004900001232721204600958DF80F6007F004F80E
:1004A0003220002101F002FF9620002101F0FEFE23
:1004B0000DF10F0201238DF80F7027212C27204604
:1004C000009506F0F1FF0120002101F0EFFE8DF80C
:1004D0000F6028260DF10F020123272120460095E9
:1004E00006F0E2FF3220002101F0E0FE0DF10F02E4
:1004F00001232721204600958DF80F7006F0D4FFC8
:100500000120002101F0D2FE0DF10F02012327216D
:10051000204600958DF80F6006F0C6FF32200021BE
:1005200001F0C4FE0DF10F020123272120460095A2
:100530008DF80F7006F0B8FF0120002101F0B6FE23
:100540000DF10F0201232721204600958DF80F6041
:1005500006F0AAFF3220002101F0A8FE8C22012320
:100560008DF80F2027210DF10F022046009506F08F
:100570009BFF0120002101F099FE88220C2708260C
:1005800001238DF80F2027210DF10F022046009541
:1005900006F08AFF3220002101F088FE0DF10F02E3
:1005A00001232721204600958DF80F7006F07CFF6F
:1005B0000120002101F07AFE0DF10F020123272115
:1005C000204600958DF80F6006F06EFF3220002166
:1005D00001F06CFECC230DF10F028DF80F302721B6
:1005E00001232046009506F05FFF0120002101F065
:1005F0005DFEC8230DF10F028DF80F302721012376
:100600002046009506F050FF3220002101F04EFEFA
:100610000DF10F0201232721204600958DF80F7060
:1006200006F042FF0120002101F040FE0DF10F0213
:1006300001232721204600958DF80F6006F034FF36
:100640003220002101F032FE1C230DF10F028DF843
:100650000F30272101232046009506F025FF0120B9
:10066000002101F023FE18230DF10F028DF80F3049
:10067000272101232046009506F016FF0021322095
:1006800001F014FE022001F029FE0DF10F020123FA
:100690002721204600958DF80F7006F005FF0120F8
:1006A000002101F003FE0DF10F0201232721204656
:1006B00000958DF80F6006F0F7FE3220002101F062
:1006C000F5FD6C22682601238DF80F2027210DF1FE
:1006D0000F022046009506F0E7FE0120002101F000
:1006E000E5FD0123272120460DF10F0200958DF82D
:1006F0000F6006F0D9FE3220002105B0BDE8F040C1
:1007000001F0D4BD8C160020A086010030B5002475
:100710004FF00C0C214D85B00DF10F020123272164
:10072000284600948DF80FC006F0BEFE012000217F
:1007300001F0BCFD082201238DF80F2027210DF1C7
:100740000F022846009406F0AFFE3220002101F08F
:10075000ADFD1C2201238DF80F2027210DF10F0282
:100760002846009406F0A0FE0120002101F09EFD25
:100770004FF0180C01230DF10F0227212846009499
:100780008DF80FC006F090FE3220002101F08EFDA2
:10079000022005B0BDE8304001F0A0BD8C1600205D
:1007A000F0B507464FF4804C0C46002585B0103755
:1007B000ADF80CC06F4417F8047C254E3C4404F09F
:1007C000F00767F0730C0DF10B020123272130466F
:1007D00000958DF80BC0E4B206F066FE0120002102
:1007E00001F064FD67F077070DF10B02012327216B
:1007F0003046009524018DF80B70E4B206F054FEEB
:100800003220002101F052FD44F00C0201238DF84A
:100810000B2027210DF10B023046009506F044FE17
:100820000120002101F042FD44F0080401232721AA
:1008300030460DF10B0200958DF80B4006F034FEAA
:100840003220002105B0BDE8F04001F02FBD00BF0F
:100850008C1600202DE9F041047884B0002C4AD099
:100860008046264F002504F0F00646F00D0C0123CB
:100870000DF10F022721384600958DF80FC006F0C4
:1008800013FE0120002101F011FD46F009060123AD
:100890000DF10F0227213846009524018DF80F60D5
:1008A000E4B206F001FE3220002101F0FFFC44F02A
:1008B0000D0601230DF10F022721384600958DF812
:1008C0000F6006F0F1FD0120002101F0EFFC44F083
:1008D0000904012327210DF10F02384600958DF8F8
:1008E0000F4006F0E1FD3220002101F0DFFC18F896
:1008F000014F002CB6D104B0BDE8F0818C16002069
:1009000008B50920FFF74CFD0A20FFF749FD0B2031
:10091000FFF746FD0C20FFF743FD0D20FFF740FDDC
:100920000020FFF731FD0120FFF72EFD0220FFF729
:100930002BFD0320FFF728FD0F20FFF725FDFFF714
:1009400039FDFFF757FD00F053F8BDE8084000F00F
:1009500083B800BF38B511254FF0000343EC405079
:100960000B4C0C4B2168022203EB41010A480BF0AF
:1009700037F9012040EC4050236803445A4202F00A
:100980003F0203F03F0358BF5342236038BD00BF0E
:10099000F0240020F42400200000084030B5002599
:1009A0000446094B85B01D6001F00CFB074A08495D
:1009B00092FBF4F2074B5242CDE901530091D31759
:1009C00001F000FD05B030BDF024002040420F00D2
:1009D000550900107017002008B5044801F082FD89
:1009E00011234FF0010242EC403008BD7017002087
:1009F000F8B50227124C1349204606F05DFD124B54
:100A000062685F602368114E114D83F007033A401E
:100A100003F0CF03336001216A60122000F0BEFBB7
:100A20000121132000F0BAFB112000F04FFC11232C
:100A30004FF0010242EC443042EC4030F8BD00BFC0
:100A40000000084080841E0000300840001008406C
:100A500000200840000000002DE9F04B0FF2900943
:100A6000D9E900891E4D4FF6F7432E462DED048B34
:100A70000124B7EE009AF6EE008A9FED1A8A40F63E
:100A8000FC7B194F26F8013B204602F011F9424643
:100A90004B4602F08BF80022144B02F087F802F06C
:100AA000F9F802F065FA07EE900A77EE897A67EEB8
:100AB000A87A67EE887AFCEEE77A17EE903A0BEAAE
:100AC00083033B43C3F3072205F8142006F81430D0
:100AD0000134402CD8D1BDEC048BBDE8F08B00BFB5
:100AE000F424002000C07F4400F0FFFF0000903F8E
:100AF000182D4454FB2119402DE9F0472DED048BAE
:100B0000DFF8A49184B099F80030002B00F0AF809A
:100B10000024EA46594F5A4EA0469FED5A9ADFEDFF
:100B20005A8A5A4D4FF0FF31386807F029FE0421E8
:100B30002B685748574A83F4805303F4704303608B
:100B400011602B68DB05FCD500236C681A4619463A
:100B5000A4B2386807F08CFA07EE904AB8EEE78A3C
:100B600028EE098A18EE100A0BF01AF802460B4616
:100B70004948214604F024F8B1EE047AC8EE287AF8
:100B800067EE877AF8FE677AFDEEE77A17EE904A0D
:100B90004FF0FF31306807F0F3FD002C2ADC092309
:100BA0004FF0000242EC40300A234FF0000242ECCA
:100BB00040300B234FF0000242EC40300C234FF04A
:100BC000000242EC40300D234FF0000242EC403076
:100BD000002330681A46194607F04AFA444538D1CE
:100BE000642009F0B9FF99F8003003F0FF08DBB189
:100BF000A04697E709224FF0010343EC4020012C67
:100C0000D2D00A2243EC4020022CD2D00B2243EC5B
:100C10004020032CD2D00C2243EC4020042CD2D014
:100C20000D2243EC4020D3E7FFF770FD1B48FFF790
:100C300011FE01204146FFF7B3FD1948FFF70AFEF8
:100C4000642009F089FF99F80030002B7FF464AF2D
:100C5000F6E704EB84031021124A9B00504603F090
:100C600075FDFFF753FD5046FFF7F4FDB8E7EA4680
:100C7000024F034E03F0FF04E2E700BFBC25012052
:100C80002C2601206740533A3333534000000A407A
:100C900000100A4000200A406CBC0010A0BC0010EC
:100CA000B0BC001090BC0010AE260120002300B59F
:100CB000084A83B0106801A9019307F0BBFB019BB0
:100CC0002BB14FF0E0234FF08052C3F8042D03B056
:100CD0005DF804FBE82501202DE9F84F4FF00005F1
:100CE0003C4C3D4FDFF80491DFF80481DFF804A1AC
:100CF0003A4E4FF0FF31206807F042FD012883464D
:100D0000F7D1642009F028FF4FF050435B6813F4DB
:100D100000430ED13A7802F0FF015ABB304B87F8FE
:100D200000B089F800101B78012BDAB201D188F8E5
:100D300000204FF0FF31306807F022FD092345EC19
:100D400040300A2345EC40300B2345EC40300C2367
:100D500045EC40300D2345EC4030002330681A4606
:100D6000194607F085F90021206807F009FD0128E0
:100D7000BFD1F8E798F800202AB188F800303B701E
:100D800089F800B0D5E79AF800302BB9154B1B78DD
:100D900013B98AF800B0CCE79AF800304BB111498A
:100DA0000B7803F0FF0223B901238AF800200B70AF
:100DB000BFE74FF000010B4B01221970002339707F
:100DC000094989F8002008681A46194607F050F9C1
:100DD000AFE700BFE8250120AF2601202C26012027
:100DE000AD260120AE260120EC250120F0150020C3
:100DF000A7260120A82601202DE9F84F0220002572
:100E00004FF0FF0C4FF0504B304C314E314FDFF86C
:100E1000D480DBF80420DBF80430DBF8041003F0A6
:100E2000020301F0040102F001020B431343DBF85B
:100E30000420217802F0080243EA020AD14689B16F
:100E4000C0B3FFF763FC57F82A00FFF703FD00214A
:100E50000120FFF7A5FC58F82A00FFF7FBFC002053
:100E6000CC46D6E733785BB90228D2D020B9FFF759
:100E70004DFC1948FFF7EEFC02204FF0FF0CC8E7CD
:100E800001281AD020B9FFF741FC1348FFF7E2FC14
:100E9000124B1D78A5F10205B5FA85F56D09FFF72E
:100EA00035FC85B10E4B53F82A00FFF7D3FC012027
:100EB000CC46AEE7D445ACD0C3E7D445A9D0FFF7C4
:100EC00025FC002DEED157F82A00EEE7A7260120D9
:100ED000A826012014C1001040BC0010AD2601203E
:100EE00094C00010D4C0001008B50C4C0C4D4FF04D
:100EF000FF31206807F044FC0128F8D14FF4DC40B2
:100F0000FFF74CFD2B782BB9642009F025FE2B78D8
:100F1000002BF9D0FFF760FDE9E700BFEC250120C9
:100F2000AF2601202DE9F8432DED028BDFED268A57
:100F3000264F274EDFF8A890264CDFF8A8803B7894
:100F40008BB34FF0FF31306807F01AFC042123689F
:100F5000214A03F47043C8F8003011602368DB05B0
:100F6000FCD5002365681A461946ADB2306807F013
:100F70007FF807EE905AB8EEE78A28EE288A18EE36
:100F8000100A0AF00DFE02460B461448294603F0EB
:100F900017FEF0EE007AB4EEE78AF1EE10FA06DB07
:100FA000012389F80030C82009F0D6FDC7E7F6EE26
:100FB000007AB4EEE78AF1EE10FA4CBF0223002368
:100FC00089F80030EFE700BF6740533AF015002082
:100FD000BC25012000000A4000200A40BCBC0010D3
:100FE000AD26012000100A404FF050402DE9F84F87
:100FF0006549D0F800A0654A654B51F82A70BAF1EE
:10100000000F0CBF904698464FB30026DFF884B11E
:10101000DFF88491F3080C3358F82340354608363E
:10102000CCB114F00F0110D05BF82A2005F00703B3
:10103000EA40E8089B00D20701FA03F300F18C0CA8
:1010400003D4284649F82C30B847240905F1010596
:1010500001D0B542E5D3202EDCD1BDE8F88F4D4854
:10106000F90801F10C0358F823303A460837002BF1
:1010700071D013F00F0508D050F82A40D440E4078F
:1010800003D4454C8C3144F82150190963D011F038
:101090000F010BD050F82A40551CEC40E60705D450
:1010A000EC083D4D09018C3445F82410190A52D042
:1010B00011F00F010BD050F82A40951CEC40E407CA
:1010C00005D4EC08344D09028C3445F82410190B72
:1010D00041D011F00F0105D050F82A40D51CEC404A
:1010E000E6073CD5190C36D011F00F0106D0294C7B
:1010F00054F82A50141DE540ED0737D5190D2AD0B4
:1011000011F00F0106D0234C54F82A50541DE5402D
:10111000EE0732D5190E1ED011F00F010CD01D4C68
:1011200054F82A50941DE540ED0705D41A4DE40803
:1011300009068C3445F824101B0F02F107020AD06F
:1011400050F82A10D140C90705D41349D2081B070B
:101150008C3241F82230202F82D1BDE8F88FEC0884
:101160000D4D09038C3445F82410BBE70A4DE40803
:1011700009048C3445F82410C0E7074DE40809053C
:101180008C3445F82410C5E7B01F00204882024087
:1011900090820240E02400200080024010B44FF40E
:1011A00080740C4B53F8202003EB8003C00082F0C6
:1011B000400200F1804003F5805C02F0C00200F5BF
:1011C000203003F54053CCF8002041601C605DF8EE
:1011D000044B70470480034010B4084CC90041EA36
:1011E000820154F8202004EB8003514003F5805322
:1011F00001F00C015DF8044B196070470480034056
:101200002DE9F0434FF050491646DFF89C80D9F89D
:1012100000201F4658F8223004460D4683B053B3D1
:10122000002F34D04FF0504348F822701A681B4901
:101230001B4B002A18BF0B46E20804F00704A40069
:1012400005FA04F4A1F5247102F18C0041F8204064
:1012500003EB82034EB10121152003F500531C60FE
:1012600003B0BDE8F04300F05DB903F540531C60E6
:1012700003B0BDE8F083002FD9D048F822701520C4
:101280001A46084900F0C0F9D9F80020CFE7152028
:101290000449019200F0ACFA019AC3E7908202403F
:1012A00048820240E90F0010B01F0020064B402288
:1012B00003EB800319B103F500531A60704703F57F
:1012C00040531A60704700BF0480034030B44FF0B1
:1012D000000343EC440043EC400005254FF48074C8
:1012E0000B4BC20053F8201003EB800081F040014B
:1012F00002F1804303F5203301F0C00200F5805174
:1013000000F540500A605D60046030BC704700BF6B
:10131000048003400FB400B583B0049C074803F079
:10132000CDFB3CB105A92046019103F039FA0448F0
:1013300003F0C4FB012003F04BFA00BFE4BE001031
:10134000F4BE0010EFF3108072B6064BD3E8CF1F47
:1013500001220029FAD1C3E8412F0029F6D1BFF3B9
:101360005F8F7047A71B00200023034AC2E88F3F0E
:1013700080F31088704700BFA71B002070B5864619
:10138000EFF3108572B6124CD4E8CF6F0120002E17
:10139000FAD1C4E8460F002EF6D1BFF35F8F4FF0AD
:1013A000010CC80801F007030CFA03F31EF800C093
:1013B0001CEA030608D14CEA030C0EF800C0C4E88E
:1013C0008F6F85F3108870BD1046FFF7A3FF00BF35
:1013D000A71B0020F8B5EFF3108572B6234CD4E8B4
:1013E000CF7F0126002FFAD1C4E8476F002FF6D136
:1013F000BFF35F8F9A4227D80126D70810F807E07D
:1014000002F0070C06FA0CFC1EEA0C0F00EBD207E8
:101410000DD125E04FEAD20E10F80EE002F0070CD5
:1014200006FA0CFC1EEA0C0F00EBD20718D00132B2
:101430009342EFD24FF0FF300023C4E88F3F85F393
:101440001088984207DBF8BD0023C4E88F3F85F37E
:1014500010884FF0FF300029F5D00698FFF75AFFAB
:101460004EEA0C0E104687F800E0E5E7A71B0020C7
:10147000044A1078431CDBB2182B28BF10231370CA
:10148000704700BFF11500200146024A0248FFF7ED
:1014900075BF00BFF8BE0010C01F002010B5054C7E
:1014A00082B001461F23182200940348FFF792FFE1
:1014B00002B010BD18BF0010C01F00204FF0E02286
:1014C000936843F000539360704700BF0021044BC2
:1014D00003F12002C3E88F1F01339342FAD1704712
:1014E0009C1B00204FF0E0234FF08032C3F8002413
:1014F000C3F80424C3F80824C3F80C24C3F8102448
:10150000C3F81424C3F81824C3F81C24C3F82024F7
:10151000C3F82424C3F82824C3F82C24C3F83024A7
:1015200062B67047012300F01F029340400941B1A9
:10153000800000F1604000F56140C0F88031036038
:101540007047024A203042F82030704700E100E046
:101550000123064A410952F8212000F01F00834070
:10156000134214BF01200020704700BF00E100E0DB
:1015700001224309034900F01F008240403341F833
:101580002320704700E100E0054A10309268054BC7
:1015900052F82000C01A2F288CBF0020012070476D
:1015A00000ED00E0F4150020F8B50D46EFF31087CC
:1015B00072B6124ED6E8CF2F0123002AFAD1C6E820
:1015C000423F002AF6D1BFF35F8F0D4B00F11004AC
:1015D0009B680C4A53F82430934203D0994201D0BF
:1015E00001F076F9064B9B6843F82450BFF35F8FF8
:1015F0000023C6E88F3F87F31088F8BDA51B0020A5
:1016000000ED00E0110100102DE9F04F81468B46FE
:10161000164683B0EFF3108372B6DFF8D0A10093C3
:10162000DAE8CF1F01230029FAD1CAE8413F002997
:10163000F6D1BFF35F8F664B93F90040002CC0F2E8
:10164000A080644D04EB440705EB870898F806106A
:1016500009F110091970604BBF009B6853F829000D
:101660006300411B2F292FD95C49884240F0A48098
:101670001C445B4B02372F44043BDB1BC3F34A0380
:101680006FEAC3434FF421416FEAD34325F8241096
:1016900005EB840463804BF60153A380FF2348F0DD
:1016A0000100E671C4F808B0A3714B4B9B6843F886
:1016B0002900BFF35F8F0023CAE88F3F009B83F3AD
:1016C000108803B0BDE8F08F20F0010E9EF80710DF
:1016D000B1422ED84FF42143EB53414BB91C29445E
:1016E000043B04375B1A2F44AEF104013D4CC91B87
:1016F000C1F34A012143A8F80410C3F34A033A494D
:101700002343A8F802304AF6AA2073465B1B5B41CC
:101710005843000D88F8076088F80600C8F808B03C
:1017200048F00100CEF80010BFE7D179B1422ED9C0
:1017300096469EF906C00CEB4C02BCF1000F05EB7F
:101740008202F2DA4BF601510EF10402A8F104070D
:10175000BF1AC7F34A076FEAC7476FEAD7478EF841
:10176000064003EB0408204C05EB8803AEF8047038
:1017700045F82840998083F806C0DE71C3F808B0A8
:1017800093E701F0A5F8124B93F9004059E7724630
:1017900032F8041F490514D44915023102EB410106
:1017A00001916FF00701C91B019F491B3944C1F327
:1017B0004A0141F46041C9E7019301F089F8019BB6
:1017C00056E701F5FF1101F5FF511F31E4E700BFB6
:1017D000A9260120F415002000ED00E01101001001
:1017E0002416002000E0FFFF01488047A51B0020D1
:1017F0002DE9F04F83B0EFF3108A72B6744ED6E83D
:10180000CF2F0123002AFAD1C6E8423F002AF6D1A1
:10181000BFF35F8F6F4B00F110089B686E4A53F85F
:10182000285095423FD08D420C464AD06B4FEB1B5F
:101830002F2B38D801214FEA50194FEA890909F1B5
:10184000604909F5614900F01F0301FA03F0D9F876
:101850000030C9F8800000EA030BBFF35F8FEFF39D
:101860000581C9B279B3884577D125F0010EDEF83C
:1018700008C0644505D17CE0D3F808C0644532D087
:101880009E469EF9062002EB4203002A07EB8303E3
:10189000F2DA644500F08180BBF1000F20D0C9F876
:1018A0008001C9F800004B4B9B6843F82850BFF3F8
:1018B0005F8F0023C6E88F3F8AF3108803B0BDE82E
:1018C000F08F1546EFE725F0010EDEF808C06445FD
:1018D000D7D19EF906407346002C08DA154666E01B
:1018E000C9F88000DFE793F90640002C56DB04EBD3
:1018F000440C07EB8C0CDCF8082061009A609CF823
:101900000720DA719CF90620002A9A715DDBBCF889
:101910000420520504D502F5FF1202F5FF521F32D2
:10192000521502F1020C4FF0040E0C2212FB04E2DD
:1019300002EB4C026FF0070C3A44ACEB030C624430
:10194000C2F34A0242F460429A80254B21441A783D
:1019500007EB81011C708A719EE7CDE9000100F060
:10196000B7FFDDE9000125F0010EDEF808C064458F
:1019700087D19EF906407346002CB8DA194A1A4CF2
:10198000D21A083AC2F30A316FEA01516FEA1151D3
:1019900044EA5202DA8099807EE773460029EDD14D
:1019A000FF228EF806204BF60152AEF804200C4CB4
:1019B0004AF6AA2294F800C01946C91B49414A4375
:1019C000120D83F806C0227066E74BF60152BBE7A2
:1019D000A51B002000ED00E011010010F41500200F
:1019E000A92601202E16002000F8FFFF4FF0FF0C63
:1019F00020F0030303F1604303F5644300F00300A8
:101A00001A68C0000CFA00FC22EA0C0281400A436A
:101A10001A607047F0B5EFF30585EDB2EFF3108C67
:101A200072B62649D1E8CF2F0123002AFAD1C1E8A6
:101A3000423F002AF6D1BFF35F8F214E40F0010EE6
:101A4000B4684AF6AA2354F825701E4A0446A41A1C
:101A5000644163431B0D77455BB21BD092F906408E
:101A60009C421CD092F912409C4223D092F91E4015
:101A70009C4221D092F92A409C4208BF03240FD0F7
:101A8000114A0024157813708571C1E88F4F8CF3CB
:101A90001088F0BDB2680D4C42F82540F0E70024F4
:101AA00004EB440402EB8402FF2494714BF60154CE
:101AB0009480E5E70124F3E70224F1E7A51B002069
:101AC00000ED00E0F4150020A9260120110100100E
:101AD00010B5074C82B0014605230022009405484A
:101AE000FFF778FC0028A8BFC0F1330002B010BD9A
:101AF00034BF0010B1260120014B0B440360704736
:101B00009C1B0020F8B5124C124DAC4211D24FF084
:101B1000FF36002723686BB1FFF7AAFC0146204679
:101B2000FFF7EAFF66602772BFF35F8F0C34AC42A9
:101B3000F0D3F8BDFFF79CFC01462046FFF7DCFF21
:101B40006660BFF35F8F0834AC42E3D3F8BD00BFDB
:101B500098160020A816002010B50446FFF788FC50
:101B600001462046FFF7C8FF4FF0FF336360BFF325
:101B70005F8F10BD10B504460120FFF78FFC034BAB
:101B800003442360BFF35F8F10BD00BF9C1B002088
:101B9000024B0B440360BFF35F8F70479C1B002018
:101BA0002DE9F04F2DED028B85B0EFF30583DBB20D
:101BB000103B9A0818BF01224FF0010103F0030007
:101BC00018BFAF4DAF4B08BFAF4D00EB820253F8CB
:101BD000226001FA00FB05F541539FEDA78B0190B0
:101BE000C3F804B02EE0B388180440F19280B379B2
:101BF000002B40F0DC80B6F908100029C0F21D81EE
:101C0000736901EB410103EBC103D3E90247B7F16B
:101C1000FF3F08BFB4F1FF3F0DD0019B05EB8301EF
:101C2000AB6A0A69D21AE31A934203D32B6A13EA06
:101C30000B0F00D10C61284600F0B4FCA042B94162
:101C4000C0F2FB80B6F90830C5F83CB0002B009319
:101C5000C9DBD6F8149003EB430A284609EBCA0700
:101C6000D7E9024800F09EFCA04271EB0801BADB04
:101C7000B8F1000FC0F2C380D7E90431834A934220
:101C800000F0ED807A88B6F9080092B242EA00408E
:101C9000984702460B4652EA030100F0B080002B41
:101CA00080F2D180B4EB020E68EB030839F93A30C8
:101CB000C7E902E8002B96DB716903EB430201EBF5
:101CC000C202D2E90270BE4578EB000C4FEA430233
:101CD00089DBB4462CF8083F0BE031F93230A446DA
:101CE000002B0DDB03EB430001EBC0005A00D0E9F1
:101CF0000270BE451A4478EB000001EBC204ECDA36
:101D000029F83A30009BACF80030B38818043FF54E
:101D10006EAF3369EFF3108272B6D3E8CF0F0121B3
:101D20000028FAD1C3E8401F0028F6D1BFF35F8F27
:101D30004FF6FF74B0880023316900B2B480C1E867
:101D40008F3F82F310889842FFF651AF0746A946AD
:101D5000746906F1080807EB470E04EBCE03D3E9DC
:101D60000250B6F90830C446002B13DBB246009788
:101D700004E034F936309446002B09DB03EB4306CC
:101D800004EBC602D2E90271BD4270EB0101F0DA48
:101D90005646009FACF8007034F93E7024F83E308F
:101DA000002FD8DAB3794D46002B3FF424AF00233F
:101DB000B371B6F9083006F10808591C3DD0194630
:101DC000776903E080465A1C3FF417AF03EB4302E8
:101DD00007EBC200B0F802C01C461CF4004F9E4640
:101DE00037F93230EED08C4280ED028B05D0A8F866
:101DF0000030318927F8321034817146E3E739F831
:101E00003A3033813369EFF3108272B6D3E8CF0FE3
:101E100001210028FAD1C3E8401F0028F6D1BFF302
:101E20005F8F7388316929F83A30009B73800023F3
:101E3000C1E88F3F82F31088D5E640BF05B0BDEC06
:101E4000028BBDE8F08F2846CDE9022300F0AAFB03
:101E5000029A039B10EB020E43EB010826E70846AB
:101E60000B69029198470028C9D00299D1E9002353
:101E700011E700BFAFF30080FFFFFFFFFFFFFFFF91
:101E800000800B404024002000000B40A11B0010EC
:101E90000B4808B50368EFF3108172B6D3E8CFCFD3
:101EA0000122BCF1000FF9D1C3E84C2FBCF1000FA7
:101EB000F4D1BFF35F8F05F089FD0020002108BD3C
:101EC000742500202DE9F84F364C25692DB1BDE869
:101ED000F84F0A213448FFF70FBEDFF8E4800321F2
:101EE000404600F04DFB0326C4F80C80FFF7C0FA13
:101EF0004FF0504C2D4B267003442361DCF800302A
:101F00000F216370636961801D834FF00405A3F89E
:101F100078504FF00505A3F890504FF00605A3F850
:101F2000A8504FF007050E214FF6FF7208274FF01B
:101F30000A0EA3F8C0504FF001094FF00C0C4FF0FF
:101F4000020B4FF0090A0D204FF00B05A3F86811A2
:101F50001749A280A3F808E1A160A3F848B0A3F84C
:101F6000F0A0A3F82051A3F838C1A3F85001A3F8BA
:101F70003090A3F86060A3F8D8701A800D4B3046FB
:101F8000C8F820700C49DC60FFF70EFB494630466C
:101F9000FFF7C8FA094B0A211F640348BDE8F84F50
:101FA000FFF7AABD3C160020742500209C1B0020D2
:101FB000FFFF100040240020A11B001000200B4058
:101FC00000000B40004870473C160020F8B59DF813
:101FD0002070044616461D4637B900F0EBFA8642DB
:101FE00065EB010100295CDB2369EFF3108772B612
:101FF000D3E8CF1F01220029FAD1C3E8412F0029DD
:10200000F6D1BFF35F8FB4F902C063690CEB4C01EA
:10201000BCF1000F4FEAC10203EBC10138DB985A53
:102020004FF0000E60802069C0E88FEF87F31088C2
:102030000698C1E90265086107984861488801303F
:10204000C0F30E00012838BF0120488040EA0C4050
:102050002169EFF3108572B6D1E8CF7F0126002FFA
:10206000FAD1C1E8476F002FF6D1BFF35F8FA18887
:102070009952A4F804C02369C3E88FEF85F3108850
:102080000122E368217803F501538A405A60F8BDC4
:1020900000232269C2E88F3F87F310884FF0FF309A
:1020A000F8BD3846F8BD00BF0146F0B50069EFF352
:1020B000108772B6D0E8CF5F0124002DFAD1C0E8B6
:1020C000454F002DF6D1BFF35F8FB1F902E04C69A7
:1020D0000EEB4E0CBEF1000F4FEACC0504EBCC0C1E
:1020E0003DDB605B002648800869C0E88F6F87F39E
:1020F0001088BCF80200CCE902230130C0F30E00C6
:10210000012838BF0120059BACF80200CCF8103044
:10211000069B40EA0E40CCF814300B69EFF31082B6
:1021200072B6D3E8CFCF0127BCF1000FF9D1C3E8D5
:102130004C7FBCF1000FF4D1BFF35F8F8B886353EA
:10214000A1F804E00B69C3E88F6F82F310880122C5
:10215000CB68097803F501538A405A60F0BD00232B
:102160000A69C2E88F3F87F310884FF0FF30F0BD57
:1021700003464089B0EB214F37DD58690A1402EB62
:10218000420210B500EBC2001C69EFF3108C72B66E
:10219000D4E8CFEF0122BEF1000FF9D1C4E84E2FF1
:1021A000BEF1000FF4D1BFF35F8F428889B292B2C3
:1021B0008A4207D000221B69C3E88F2F8CF3108856
:1021C000002010BD42F40042428001210022186923
:1021D0009971C0E88F2F8CF310881C78DA68084654
:1021E00002F50153A140596010BD0020704700BFA7
:1021F000407870472DE9F043B0F1960641F1FF3584
:10220000B04271EB050338BF002683B038BF3546B6
:1022100004460F4600F0CEF9301A65EB01030128A1
:1022200073F1000306DA2046394603B0BDE8F043F7
:1022300000F0CAB900F0BEF9864265EB0101002941
:102240000ADB0021154B3246009315482B460191BD
:10225000FFF72AFF0028E6DBDFF84C80DFF8449028
:10226000D8F824309D4205D8D8F82820B242DAD2D6
:102270009D42D8D1D9F80030EFF3108172B6D3E87F
:10228000CF0F01220028FAD1C3E8402F0028F6D151
:10229000BFF35F8F034805F059FBE1E7911E001083
:1022A0003C1600207425002000000B4038B5044681
:1022B0000D4600F07FF94FF0FF326FF00043201819
:1022C00045EB0101824273EB010438BF1946BDE8BA
:1022D000384038BF1046FFF78DBF00BF10B5044629
:1022E00000F068F94FF47A734FF0FF3C6FF0004252
:1022F000E4FB0301BDE81040844572EB01033CBFE1
:1023000060461146FFF776BF2DE9F04306460D46BD
:1023100083B0EFF30584E4B23CB1274B586AA8427E
:102320001CD2002003B0BDE8F083244FD7F80C90F6
:1023300097F80080484600F035F908F1040859F88C
:1023400028301B1A301A65EB0101984271F1000127
:1023500011DB20BF184B586AA842E2D39B6AB342F4
:1023600003D3012003B0BDE8F083401B18BF012058
:1023700003B0BDE8F08300F01DF9864265EB010172
:102380000029CADB0E4B3846CDE9003432462B46D5
:10239000FFF78AFE011EC0DD074B5A6AAA4208D326
:1023A0009B6AB34203D30548FFF7E2FEB5E7AA42B2
:1023B000F9D120BFF7E700BF00000B403C1600201A
:1023C000911E00102DE9F0410446DDE9071552EA9F
:1023D000030070D0002B16461F4671DB0698C5E936
:1023E00000232861AC60696100F0E4F84FF0FF322F
:1023F0006FF00043801947EB0107824273EB07013E
:102400003CBF1F4610462369EFF3108872B6D3E82D
:10241000CF1F01220029FAD1C3E8412F0029F6D1AC
:10242000BFF35F8FB4F90260616906EB4603002ECB
:102430004FEAC30C01EBC30346DB31F80C204FF02D
:10244000000E62802269C2E88FEF88F310885A88F4
:10245000C3E902070132C2F30E02012A38BF01228A
:102460001F485A805D61186142EA06422369EFF312
:10247000108072B6D3E8CF8F0127B8F1000FF9D1E1
:10248000C3E8487FB8F1000FF4D1BFF35F8FA38892
:1024900021F80C30A6802369C3E88FEF80F3108801
:1024A00001202178E36800FA01F103F50153596036
:1024B000EA60BDE8F0810126002732463B468DE701
:1024C000564263EB430789E700202369C3E88F0F77
:1024D00088F310884FF0FF32EA60BDE8F08100BF5A
:1024E000A11B00100246C06800B970479168031430
:1024F000B1F80AC0BCEB204F3DDD30B54C6903EBB1
:10250000430304EBC30C0B69EFF3108E72B6D3E8F0
:10251000CF5F0124002DFAD1C3E8454F002DF6D13D
:10252000BFF35F8F83B2BCF8020080B2834209D050
:1025300000230969C1E88F3F8EF310880023002033
:10254000D36030BD43F40043ACF802304FF0010CCF
:102550000023086981F806C0C0E88F3F8EF3108819
:10256000CB68097803F501530CFA01F15960002397
:102570006046D36030BD00230020D360704700BFA9
:1025800010B4054B054C064AA04214BF1846581C0F
:102590005DF8044BFEF7F2BEC41F002000800B4024
:1025A00050BF00100346416A0A46986A596A8A4237
:1025B000FAD17047034B596A0A46986A596A9142A0
:1025C000FAD1704700000B40074A536A9942FCD881
:1025D000994207D1044B02E05A6A914202D19A6AA9
:1025E0008242F9D3704700BF00000B4000EB400C63
:1025F0004FEA8C0C0CF1804C0CF5803CF0B5164683
:10260000DCF80420051FB2F5803F38BF4FF480325C
:10261000EDB238BFCCF80420012D2AD94FF4006761
:10262000254C0CF54052176054F82020B2B9DCF864
:102630000020012D82EA461202F0E0020CF58056DD
:1026400032602AD94FF4006144F820304FF48033CF
:102650000CF500521160CCF80430F0BD6769B7FB8F
:10266000F2FE0EF1010E0EEB4E0EBEF1030EFCD289
:10267000DDE70129D2D103240CF540521460DCF8C7
:102680000820D207FBD5DCF800200B4C82EA46126A
:1026900002F0E0020CF5805632600122DCF80050B6
:1026A0004D4005F00305356002FA01F1DCF8082021
:1026B0000A42FBD0C6E700BFC81F0020014B53F8F9
:1026C00020007047C81F002070B4039D04682D03CC
:1026D00045EA03451B4B002CB3FBF1F3B2FBF3F6C9
:1026E0001FDB194A194B904214BF4FF480424FF43C
:1026F0000042174C1A6003F580531A60A36832EA4F
:102700000303FBD1212200F54053043301608660AE
:102710001A600268002AFCDA0822C5601A6070BCE0
:102720007047036803F03F038B42DAD18368C3F339
:102730000B03B342D5D1C36803F4EE23AB42D0D12F
:10274000EDE700BF001BB7000080054000200240FD
:102750000000024030B44FF080441C4B1C60E0B1DC
:102760001B4CA3F54053DC611A4C40F0010044407F
:102770001C62596298624FF080454FF0E061134B44
:102780001548164C1D60846019604AB930BC4FF082
:102790000042A3F580531A607047114BD861EAE7F5
:1027A0004FF47A7303FB02F2B2F1807F2ABF6FF01D
:1027B0007F4313461A464FF080410A4C0848236075
:1027C000094B426030BC1960704700BF00B00D403B
:1027D000D3C007B02D3FF84F00A00140F3FFFF0129
:1027E00000800D402C24002000A00D40012300EBB0
:1027F0004000800000F1804000F5841041600360DB
:10280000704700BF002370B5DB8A04460D460022E6
:1028100042E800F2520254BF1021042144F2522037
:10282000984786462B462246F446BDE870400A216A
:102830004FF48170604700BF0023DB8A002242E82A
:1028400000F2520201D4102118470421184700BF9A
:1028500008B503460846191E02DB1AB140F03000E5
:10286000FFF7D0FF40F02000FAE700BF034AD2F89C
:102870002838002BFBD0BFF35F8F704700000E405D
:102880000021044B044ABFF35F8F43F8041B9342BB
:10289000F9D170470C080E402C080E4010B44FF4CC
:1028A0008D704FF42A64064A064B07491460D060C5
:1028B00019605368002BFCDA5DF8044B704700BFC9
:1028C0000080044000A0044000B0FA00704700BF40
:1028D00008B50148FEF71EFD74BF001038B5054C61
:1028E000054DAC4204D254F8043B9847AC42FAD3AD
:1028F00038BD00BFF0BB001030BC001038B5054C2F
:10290000054DAC4204D254F8043B9847AC42FAD38C
:1029100038BD00BF1CBC001030BC001010B407480C
:10292000074C084B084A094904601A608B6832EA70
:102930000303FBD15DF8044B704700BF0020024049
:102940007F3BEFEF00300240F6FFF3030000024050
:10295000044BDB6CB3F5004F03D14FF48022024BE4
:10296000DA64704700001150002011504FF0E0224F
:10297000044BD2F8881D0B43C2F8883D10EE30049A
:10298000704700BF030330006FF06041044B054AFD
:1029900019609368DB4333F06043FAD1704700BF9E
:1029A000003002400000024010B545F25320FFF70E
:1029B00043FFBDE8104003460420184710B545F218
:1029C0005320FFF739FFBDE81040034601201847A8
:1029D000FEF77CBD70B51449144C154D641AA61051
:1029E000442E324628BF44222846920008F0D0FFE9
:1029F000B4F5867F13D80F4AC6F1440112D02B19C3
:102A0000480803EBC000C3E9002208338342FAD12F
:102A1000CB0704D521F00103334445F82320064BAE
:102A20009D6070BD4323F8E7000000101001001006
:102A3000000000201101001000ED00E0002370B53F
:102A40002B4C82B0C4F88430FFF728FF0122294BB9
:102A5000DA63636C012BFCD10321264A244B1163FA
:102A60009C6B012CFCD10226052521460523224A18
:102A700022480096FFF728FE21462B46204A21488F
:102A80000095FFF721FE0022042031461E4BFFF780
:102A9000ADFD2146284600221C4BFFF7A7FD002272
:102AA000082011461A4BFFF7A1FD0022092011460C
:102AB000174BFFF79BFD002206201146134BFFF733
:102AC00095FD0022114B07201146FFF78FFD0420D2
:102AD000FFF7F4FD00240F4BA3FB0035AD0CE0B273
:102AE00029460134FFF782FE062CF8D102B070BDF2
:102AF0000000014000300140002F685900000540EF
:102B0000008C864700800540001BB70080D1F0088C
:102B1000006CDC0283DE1B4386B003B451FC080466
:102B2000CDE9020151FC0904CDE9040151EC0A048C
:102B3000CDE9060103BCF047BDE800504EEC00C4EF
:102B4000BDE800504EEC01C4BDE800504EEC02C49C
:102B500000BD000000B5FFF7DFFF02E010FE30F41B
:102B6000F8D441EC100443EC112400EE010410EE03
:102B7000010480EE200451EC1004704700B5FFF70B
:102B8000CBFF02E010FE30F4F8D441EC100443EC2B
:102B9000112400EE010410EE210480EE200451EC1B
:102BA0003004704700B5FFF7B7FF02E010FE30F4C5
:102BB000F8D410B541EC100443EC112451EC04049A
:102BC00053EC0524A0FB024C5FF0000EE0FB03CEAB
:102BD000E1FB02CE4CEC20440024E1FB03E444EC96
:102BE00030E480EE200451EC5004BDE81040704702
:102BF00000B5FFF791FF02E010FE30F4F8D441EC8D
:102C0000100443EC112451EC2104A0FB01126FEAE3
:102C1000820252FB100052FB12F252FB1000A0EB9A
:102C2000D07C53EC04245CFB13F153EC1524A1FB82
:102C3000022001FB030053EC4424A2EB000050FBF4
:102C40001CF24FEA111312EB017043EBE27140EA00
:102C5000515020EA915020F0070053EC7524A0FB5E
:102C6000023C53EC752400FB03CC01FB02CC53EC7B
:102C70000424ACEB824C40EA5C70A0F1010041EC12
:102C8000400480EE200451EC7004704700B5FFF75B
:102C900043FF02E010FE30F4F8D441EC100480EE63
:102CA000220410EEB204704700B5FFF735FF02E0D2
:102CB00010FE30F4F8D440EC700400EE010410EE85
:102CC000210480EE200451EC3004704700B5FFF77A
:102CD00023FF02E010FE30F4F8D440EC600400EE74
:102CE000010410EE210480EE200451EC3004704702
:102CF00000B5FFF711FF02E010FE30F4F8D441EC0C
:102D0000800400EE010410EE010480EE400410EE99
:102D10001304704700B5FFF7FFFE02E010FE30F429
:102D2000F8D441EC800400EE010410EE010480EEC2
:102D3000400410EE3304704700B5FFF7EDFE02E0EB
:102D400010FE30F4F8D441EC100443EC112400EEF2
:102D5000010410EE3004C0F30070704700B5FFF7B7
:102D6000DBFE02E010FE30F4F8D443EC102441EC1A
:102D7000110400EE010410EE30F48CBF012000209D
:102D8000704700BF00B5FFF7C7FE02E010FE30F449
:102D9000F8D441EC100443EC112400EE010410EED1
:102DA00030F42CBF01200020704700BF00B5FFF7B2
:102DB000B3FE02E010FE30F4F8D441EC100443EC12
:102DC000112400EE010410EE30F48CBF012000202D
:102DD000704700BF0000000000000000000000007D
:102DE000DB60BE284A059193F4D5097F70374D7D8D
:102DF00066A5D83610E4104FAFF224024B1102EB57
:102E0000830201F01F034FF001049C40A4FB003437
:102E1000D568A5FB0456956805FB0466E5FB0356DB
:102E2000556805FB03667047410201D150F0004030
:102E300050F480007047F0B5012363F3DF50C1F117
:102E400009014FF07E07FFF7D7FFB30F53F10003DF
:102E50009C44B6EB8376B20028BF5242B2F1805F49
:102E60000BD20231FFF7C8FF96EA260242F10002B8
:102E7000B2F1805F01D2023FF3D50A4CA2FB0424D9
:102E8000B4FA84F29440240AA7EB020244EBC25045
:102E9000C10DD1F17F01F60F00EBC673BDE8F04024
:102EA00073E00000A2DA0FC911F1800FBCD030EA44
:102EB000CC7248BF0CF1020C20F0004000EE100A6A
:102EC0000DA2F2EC032A22EE802A11F1080FB9FEBE
:102ED000422AB0DDA2EE630AA2EE430A10EE103AD7
:102EE000FDEEC21AC3F3C752782AA4D3D2F17F01F0
:102EF00011EE902A944448E083F9223F7A7795B600
:102F00000010C93F07B5C0F3C751FF2925D000F015
:102F100032F8BDE80640CEF800000ED2C9438CEA74
:102F2000D17C63EEA02AE1EE032A73EE622A12EE50
:102F3000900A80EACC70106000BD8CEAD17C21EE52
:102F4000232AA3EE602A8CEAD37133EEC22A12EE52
:102F5000100A80EAC170106000BD4102BDE80E4059
:102F600001D150F0004050F48000106018607047AC
:102F70005FF0000C01E05FF0010CC0F3C751A1B39A
:102F8000D1F17F0190D920EACC7323F0004000EE0C
:102F9000100AC0F38440203030FA01F1834A51F125
:102FA0000001B2EC024A02EB810202EBC102D2EC58
:102FB000032A70EE620A20EEA01A5FEA5C0C61EE52
:102FC000201A15D221EE041A61EEA41A70EEE10A5D
:102FD00021EE232AA3EE602A8CEAD37133EEC22AB3
:102FE00012EE100A80EAC170704700F00040C7E797
:102FF00061EEA41A70EEE10A21EE041A63EEA02A33
:10300000E1EE032A73EE622A12EE900A80EACC7097
:10301000704700BFAFF30080C1FEFF3E25AA2A3EE5
:10302000000000000000803F0000000061C9FC3C7F
:10303000CDE07F3F1CBFFC3C7605813DFE7D7F3FA0
:103040009EEF803D090CBF3D0FE37E3F22C5BE3D94
:10305000B624FF3D14047E3FE27BFE3D13071F3E76
:1030600048EB7C3FA0631E3E6D30403E1D817B3FA0
:1030700015103F3EA2AD603ECFDC793F3EE15E3EA3
:103080007B0D803EFA08783F96717D3E6E988F3EAC
:1030900065FF753F68B88D3EF4E19F3E939E733F98
:1030A000FD4B9D3EC654B03EAEF7703FB3DDAC3E27
:1030B000C589BF3E604B6E3F0A1ABB3E26C4CF3E59
:1030C000CA356B3F631CCA3EF254E03E66D1673F8F
:1030D0000739D93EDDF0EF3E4B66643F1641E73ECF
:1030E000312B003F8894603F0FC3F53E07E4073F54
:1030F000A2C55C3F2B99013FC51F103F8F7D583FF4
:1031000065A1083F8AF6173FB534543FCA310F3FD7
:10311000E2FF1F3F599B4F3FD7C8153F4606283F48
:103120006BCF4A3FC4371C3F4130303FE0B9453F89
:10313000E49A223FA71D383FCA98403F20A6283F67
:103140002FC73F3FAC763B3F4A562E3FDB13483FED
:10315000CCB6353F6B52343F79C74F3F2F35303FA8
:10316000D0B4393F52DD573F70412A3F912D3F3F48
:1031700026CE5F3F9F3E243FC35D443FF125683F1D
:1031800050C21D3F1C9D493FE13B703F4150173FDE
:10319000BF7E4E3F7810783F71ED103FAF06533F32
:1031A000D4F47F3FA75A0A3F9B64573F1830001062
:1031B0009A4238BF88547047704700BF2DE9F04FDE
:1031C00083B09946DDE90DAB0F9B884611469A07FF
:1031D000074616D1DA453AD20C460D46ABEB0A0645
:1031E0000E4422464B46414620200134B847B442A3
:1031F000F7D12946BAF1000F08D1204603B0BDE847
:10320000F08F0C46BAF1000F10D00E4655460C9BBD
:103210002E449A440191721B4B46013D41461AF8D7
:10322000010D3446B847002DF5D101990F9B9B073E
:10323000E3D5651AAB45E0D922464B4641462020EE
:103240000135B8475D4504F10104F5D3D5E7BAF17E
:10325000000FDAD10C46D0E72DE9F04F0F9FDDF8D3
:1032600024E017F0020F0A9C9DF82C900E9DDDE9DA
:103270000C8629D1002D6FD1B44225D2202C07F025
:10328000010B00F0128104F1FF3C4FF0300AF444CE
:1032900001E0202C7AD00134A6420CF801AFF8D816
:1032A000BBF1000F10D0AC420ED2202C74D004F130
:1032B000FF3C4FF0300AF44401E0202C29D00134C7
:1032C000AC420CF801AFF8D117F0100F3AD017F458
:1032D000806F28D11CBBB8F1100F00F0CA80B8F184
:1032E000020F00F0D48030248EF800400124B9F1A0
:1032F000000F67D17E0740F1AA802B260EF80460EC
:103300000134CDE90B57CDE909E4BDE8F04FFFF7F3
:1033100055BFFC0640F189807C0535D42024A642A7
:103320006AD0AC4268D0B8F1100F00F08780B8F1D5
:10333000020F5AD0202CE4D0264601344FF0300C36
:103340000EF806C0202CD2D1CDE90B57CDE909E407
:10335000BDE8F04FFFF732BF17F0010B3ED0B9F1D7
:10336000000F47D117F00C0F44D1B4429BD2202C50
:1033700089D1202D10D8FC0657D57C0555D4202E98
:1033800000F0B980202D10D02024CCE7BBF1000F35
:1033900000F0A580202DBCD9FC0646D57C0544D480
:1033A000202E00F0A880202D3FD12C461F26B8F1FA
:1033B000100F7FD0B8F1020FC0D14FF0620C0EF8A1
:1033C00006C0B7E72D260EF804600134CDE90B578F
:1033D000CDE909E4BDE8F04FFFF7F0BEB442BFF419
:1033E00073AF202C7FF44FAFD6E7202C89D0264630
:1033F0000134E2E7013DB8E7661ED8D1B8F1100FFD
:1034000064D0B8F1020F7FF46EAF62268EF80060D0
:10341000302644468EF80160B9F1000F3FF46AAFE0
:10342000D0E7B8F1100F7FF46CAF2024CDE90B5733
:10343000CDE909E4BDE8F04FFFF7C0BEBE060ED4EB
:10344000202CF2D078260EF80460013472E73E0793
:103450007FF557AF20260EF80460013451E7202C89
:10346000E3D04FF0580C0EEB040686F800C0013490
:1034700060E7BE0617D558248EF8004030248EF839
:1034800001400224B9F1000F3FF434AF9AE76224FF
:103490008EF8004030248EF801400224B9F1000F6C
:1034A0003FF428AF8EE77824F2E7BBF1000F7FF4FA
:1034B00062AF71E717F0200F0CBF4FF0780C4FF0A0
:1034C000580CA61E0EF806C0013C35E7BC06EAD52E
:1034D00058248EF8004030248EF80140DDE717F0C4
:1034E000100F3FF40EAF17F4806F9AD1202E7FF4A7
:1034F00018AF1F265BE734461F2658E700B9704710
:1035000001F09ABA10B1D1E900311847704700BFF5
:103510002DE9F04F9FB09DED287BDDE92AA558EC01
:10352000177B83461E460D91109243463A46384615
:1035300041468DED087B2C9CFFF702FC002840F0F3
:10354000D880384641464FF0FF32754BFFF732FCCA
:10355000002840F0CE80384641464FF0FF326FF4ED
:103560008013FFF7FFFB002840F0C380DDE90878F7
:103570000022384641460023FFF7F4FB002840F0C4
:10358000C081CDE90A78DDE90A2390461F4614F48C
:10359000806308BF4FF0060A139304F4006258EAF0
:1035A0000703119240F0C080002A00F0A2819FED35
:1035B0005A7B00278DED0E7B4FF00009BA45CCBF3A
:1035C000AAEB070A4FF0000A4F46C8BF0AF1FF3ABC
:1035D00044F480644D4594BF4FF00008A5EB090802
:1035E00014F00203119304D0B9F1000F18BF4FF08B
:1035F00000083FB1DDE90A01DDE90E23FFF7FCFA1F
:10360000CDE90A01DDE9080100220023FFF7AAFB4A
:1036100030B1DDE90A01024601F10043CDE90A2398
:103620009DED0A7BCDE902A8DDF834A024F4006307
:1036300004938DED007B334651465846109A00F0B6
:1036400097F98046B9F1000F4FD014F0200F0246D1
:1036500000F1010433460CBF652045205146D84790
:1036600009F1FF3087EAE77C0DF1580900224B464B
:10367000DFF8B080ACEBE77C4FEAD77E01E0202A90
:1036800010D0E246A8FB0C71C90801EB8107ACEB36
:1036900047073037BAF1090F8C4602F1010203F8EF
:1036A000017BECD805230590069300200A230D9F8B
:1036B000CDE90330CDE9012E33462246394658463E
:1036C000CDF80090FFF7C8FD119B80466BB1109BB1
:1036D000C41AA54209D9424633463946202001344E
:1036E000D847A54208F10108F5D840461FB0BDE80B
:1036F000F08F9DED087B33465846109A0D998DED5D
:10370000287BCDE92B54CDF8A8A01FB0BDE8F04F21
:1037100000F02EB9AFF300800000000000000000B0
:10372000FFFFEF7FCDCCCCCCC7F30A50A0F2FF3027
:10373000FFF7BEFA8AA3D3E90023FFF737FA8AA37B
:10374000D3E90023FFF70AFAC7F31307CDE90E0107
:1037500047F07F51404600227B4B41F44011FFF778
:1037600011FA6BA3D3E90023FFF720FA02460B46B8
:10377000DDE90E01FFF7F2F9FFF7BEFA0746FFF7A2
:1037800097FA65A3D3E9002380468946FFF70EFA2E
:1037900000226E4BFFF7E2F9FFF7AEFA0346494607
:1037A000404612935EA3D3E90023FFF7FFF980465A
:1037B00012988946FFF77CFA5BA3D3E90023FFF751
:1037C000F5F902460B4640464946FFF7DBF902464B
:1037D0000B4680468946FFF7E9F942464B46CDE95C
:1037E0000E0140464946FFF7B9F90022CDE9140120
:1037F000DDE90E01564BFFF7FFF90022554BFFF7AD
:10380000ADF902460B46DDE90E01FFF7F5F900229E
:10381000514BFFF7A3F902460B46DDE90E01FFF716
:10382000EBF942464B468046894600204FF08041E6
:10383000FFF7A8F902460B4640464946FFF78EF9C6
:1038400002460B46DDE91401FFF7D6F90022434B8F
:10385000FFF784F9129B002203F2FF3C4FEA0C535E
:10386000FFF7A4F980468946DDE90A0142464B4646
:10387000CDE90E89FFF776FA68BB4346494607F162
:103880006302C62A119A8CBF4FF005094FF0040954
:10389000002A3FF49FAE0B433FF48EAEDDE90A01F0
:1038A00023A3D3E90023FFF771FA48B1DDE90A0148
:1038B00021A3D3E90023FFF755FA00287FF47CAE5B
:1038C000BAF1000F3FF486AE139B002B3FF482AE9B
:1038D0000AF1FF3A7EE600221E4B40464946FFF7BA
:1038E0008BF90A4601460346CDE90E12013F114607
:1038F000C5E79FED137B17464FF004098DED0E7B56
:1039000068E608F100430A970B933CE6AFF30080AA
:1039100061436F63A787D23F71A379094F930A4030
:103920001655B5BBB16B0240EF39FAFE422EE63FA9
:103930002D431CEBE2361A3F0000000080842E412C
:1039400000000000000000000000F83F0000E03F21
:1039500000002C4000002440000018400000F03F10
:10396000FB799F501344D33FB3C8608B288AC63F6E
:103970002DE9F04F97B0DDE92089CDE90401DDE9BB
:10398000224BCDE90623404642464B464946DDF8E8
:1039900090A0FFF7D5F9002840F0C5814046494680
:1039A0004FF0FF326FF48013FFF7DCF9002840F08E
:1039B0001D81404649464FF0FF32C14BFFF7FAF9EF
:1039C000002840F0E380B8A3D3E9002340464946ED
:1039D000FFF7F0F9002840F0CB80B5A3D3E900232E
:1039E00040464946FFF7BEF9002840F0C1804046F6
:1039F000494600220023FFF7B5F9002840F0E08097
:103A00001AF480650D9000F0E980092C40F296814F
:103A10000EAB1A460C9330210023A4F109050133A3
:103A2000202B02F8011BA4EB030600F03A81AB4205
:103A3000F5D19FED9D7B8DED087B49464046FFF714
:103A40005BF90446FFF734F902460B464046494607
:103A5000FFF798F8DDE90823FFF7A8F802460B46C0
:103A6000CDE90A23FFF75AF90746FFF733F9024673
:103A70000B46DDE90A01FFF785F802460B46CDE962
:103A80000A2300228F4BFFF795F9002800F0DB8016
:103A900001373846FFF71EF9DDE90823FFF776F90D
:103AA00008B100270134002E40F0B1802046FFF716
:103AB000FFF802460B4640464946FFF763F80022EE
:103AC000804B06460F46FFF74DF940B93046394660
:103AD00000227C4BFFF76EF9002800F015810C9B4B
:103AE000691E7948194410E080FB0462C3EBA2030D
:103AF00003EB8302A4EB420404F1300201351C46BF
:103B000001F8012F002B00F0AB80202D4FEAE47369
:103B1000EAD10AF00303012B1CD1BBF1000F19D02D
:103B20000D9B002B40F0F9801AF00C0F40F0F5804F
:103B3000AB4540F2D380202D0BD030220C996B1E68
:103B40000B4401355D4503F8012F00F08D80202DD9
:103B5000F7D12025DDE90623DDE904010C9CCDE940
:103B600002BA01950094FFF729FB17B0BDE8F08F6A
:103B7000CDE92089DDE90623DDE90401CDE923BA99
:103B8000229417B0BDE8F04FFFF7C2BC4F4DCDF8FF
:103B90008CA00AF0040ABAF1000F4D4C18BF2C4655
:103BA000DDE90623DDE9040120940CBF032404248D
:103BB000CDF888B0219417B0BDE8F04FFFF7FEBAFA
:103BC0004B46424600200021FEF7DCFF01231AF499
:103BD0008065804689460D937FF417AF9FED367B55
:103BE0000EAB06268DED087B0C9326E70424DDE959
:103BF0000623DDE90401374DCDF88CA0CDF888B05F
:103C00002095219417B0BDE8F04FFFF7D7BA0C9B71
:103C1000681EDFF8C4C018440DE0ACFB0721C908DA
:103C200001EB8102A7EB42023032092F00F8012F8D
:103C300027D90F461D46202D05F1010306F1FF3659
:103C4000EBD120254BE70022DDE90A011D4BFFF7F0
:103C500089F800287FF427AF002F5AD1013722E7D7
:103C60000AF00303012B75D0202D3FF473AF0D9B99
:103C7000BBB32D2205F158036B4403F8202C01350A
:103C800068E7202BDDD0AEB30C9A1E4415443022D9
:103C900001E0B3422ED00133202B05F8012FF8D1DB
:103CA000CFE71D46C5E600BF0000000065CDCD4151
:103CB0000000000065CDCDC10000000080842E41D1
:103CC000FFFFEF7F0000E03F67666666C4BF00103D
:103CD000CCBF0010D4BF0010CDCCCCCC202D3FF4F5
:103CE00039AF1AF0040F0DD11AF0080F3FF432AFBC
:103CF0002022BFE72E2103F158026A4402F8201C5B
:103D00005D1CECE62B22B5E7E3077FF5E8AE013456
:103D1000E5E6FA077FF5C7AEA0E70BF1FF3BAB4541
:103D20003FF609AFA0E70324DDE90623DDE904013E
:103D30000A4DCDF88CA0CDF888B061E7084B264637
:103D400003EBC40393ED007B0EAB8DED087B0025E8
:103D50000C9372E6BBF1000F86D0E1E6D0BF0010F5
:103D6000A8C100102DE9F04F9A469BB0249C964DB7
:103D70000B94964C0B1E18BF834625609AF80000E2
:103D8000934C0A9308BFA3460992002800F0BC8216
:103D90004FF000090AE04A46099B0A9909F1010916
:103DA000D8479AF80000002800F0CE8025280AF1B4
:103DB000010AF0D10023524612F8010BA0F12001B4
:103DC00010290AD8DFE801F04009093C090909096E
:103DD00009090938093409093000A0F1300109291D
:103DE00040F28C802A2800F0F58000210C912E28CA
:103DF00000F099800027A0F1680112292DD8DFE892
:103E000011F057012C0051012C0045012C002C0011
:103E10002C002C002C002C002C0027002C002C0047
:103E20002C002C002C002700924643F00103C2E72F
:103E3000924643F00203BEE7924643F00403BAE71A
:103E4000924643F01003B6E7924643F00803B2E708
:103E50009AF8010043F4807301326728924600F219
:103E60008280242840F2C680A0F12502422A00F276
:103E7000C180DFE812F05F01BF00BF00BF00BF00DC
:103E8000BF00BF00BF00BF00BF00BF00BF00BF003A
:103E9000BF00BF00BF00BF00BF00BF00BF00BF002A
:103EA000BF00BF00BF00BF00BF00BF00BF00BF001A
:103EB000BF00BF00BF00260145012601BF00BF00B3
:103EC000BF00BF00BF00BF00BF00BF00BF00BF00FA
:103ED000BF00BF00BF00BF00BF00BF00D301BF00D5
:103EE000BF00BF00BF00BF00BF00BF00BF00BF00DA
:103EF000D3016701D301260145012601002100E01D
:103F0000013201EB810100EB410110789246A0F1F2
:103F10003004092CA1F13001F2D92E280C9102F1C4
:103F200001027FF467AF9AF801001146A0F1300654
:103F3000092E43F4806340F231812A2800F03E814B
:103F400092460027013256E74C46099B994501D31A
:103F500003F1FF394A460020099B0A99D8472046B9
:103F60001BB0BDE8F08FA0F16902D2B20F2A41D890
:103F7000012649F2410196400E4040F001810A2A93
:103F80003FD0072A36D10B9C54F8042B002A00F0AE
:103F9000288143F021010DF1480E704603E0202EE8
:103FA00000F029811A4602F00F052B46092D94BF17
:103FB000303337330F2A00F8013B06F101064FEA90
:103FC0001213ECD817E100BF653D00102824002033
:103FD000B93100100B9C9AF8010054F8045B92462A
:103FE000002DBDBF694243F002030C910C950B9468
:103FF0000132FCE64A46099B0A9909F10109D847B2
:10400000CFE60B9951F8048B98F800201046002F4A
:1040100040F0E18072B16FF0010C0CF1010C4646EA
:10402000C44401E0664503D016F8014F002CF9D1D5
:10403000A6EB080613F4806C02D0BE4228BF3E46B1
:1040400013F0020400F08781002A00F02B81BCF1FC
:10405000000F00F041810B940D964A46DDE90954AA
:104060000E464F4408E02B462146D84718F8010F6A
:1040700009F1010910B14A464F45F4D131460B9C74
:104080000D9E002C40F00E810B918AE69AF80100FB
:104090006C287FF4DFAE9AF8020043F440730AF113
:1040A0000302DAE69AF8010043F400730132D4E621
:1040B0009AF80100682800F0208143F08003013263
:1040C000CBE6672800F0E780472800F0008145280C
:1040D00000F0FF800B9C04930C9B0734CDE9027326
:1040E00024F007031C46DDE90931F4E802674A467B
:1040F0005846CDE900670B94FFF70AFA814650E66F
:1041000046280B9C08BF43F0200304930C9B073404
:10411000CDE9027324F007031C46DDE90931F4E818
:1041200002674A465846CDE900670B94FFF720FC2A
:10413000814636E64A462520099B0A9909F101097C
:10414000D8472EE60B9A9C0702F1040709F10106F5
:1041500040F1E6801078099B4A460A99D8470C9BA3
:10416000012B40F22C81DDE90954994432462B465B
:10417000214620200136D8474E45F7D10B9710E64F
:104180006F2800F08B8040F26581782800F008816C
:104190004FF00A0823F01003C44647E0002707EB5E
:1041A000870700EB4700A0F1300711F8010FA0F1DD
:1041B0003002092AF3D98A464A1C1CE60B9C9AF85D
:1041C000020054F8047B0AF1020A0AF101020B947E
:1041D00027EAE7770FE6002A3FF42CAF07F1FF3C10
:1041E0001BE723F0100113F4806241F021013FF43A
:1041F000D2AE0DF1480E08231020059300234A4645
:10420000CDE9023006915846DDE90931CDE900E6F5
:104210000497FFF721F80B948146C2E5582879D01E
:10422000622840F051824FF00208C44613F48060C7
:104230006DD123F00C0313F4007240F0C2800B998F
:1042400004310D9113F4807140F02E825E060B9ABA
:1042500040F1AA801278002A40F0DA8023F010039F
:10426000002800F0D58011460DF1480E06930C9BF6
:10427000CDF80CC0CDE90473019100234A460293A6
:104280005846DDE90931CDF800E0FEF7E5FF0D9B6A
:1042900081460B9385E543F400631BE74FF0080864
:1042A000C446C3E70C9B4C46B3427FF6EDAE0F46C7
:1042B0004B44A3EB0609DDE909652246334629464E
:1042C00020200134D8474C45F7D13946DCE643F489
:1042D000006343F02003FDE60F460B94DDE909542B
:1042E0004A462B462146D84718F8010F09F1010923
:1042F0000028F5D139460B9CC3E69AF8020043F03A
:10430000C0030AF10302A8E5044681461DE623F036
:104310000D0390E74FF0100843F02003C44685E7F3
:104320000C9B012B45D9DDE909544E4609F1FF38B4
:10433000984432462B46214620200136D847464530
:10434000F7D10C9B324699440B9B1878DDE9093173
:10435000D8470B9725E50C9BB34240F2EE81CDE99F
:104360000D48DDE9095488464B449E1BCDF82CC00E
:104370004A462B462146202009F10109D847B1457C
:10438000F6D14146DDF838800C9BDDF82CC00D9C41
:1043900098F800205E1C1046002A7FF458AE73E6A1
:1043A0004FF01008C44641E71D064CBF1288126842
:1043B00051E713464A461878DDE90931D847B14636
:1043C000DCE60B9C073424F007042246656852F8AB
:1043D000084B0B9254EA050240F02C8123F01003A5
:1043E000002800F0278100260DF1480E06930C9B53
:1043F0004A46CDE904730023CDE900E6CDF80CC0B0
:1044000002935846DDE90931FEF726FF8146C8E4EC
:1044100013F0200F14BF412061200DF1480E7646A5
:10442000A0F10A0803E020293FF420AF2246B2FBA6
:10443000FCF40CFB1425E8B2092D00F130058ABF0D
:104440004044E8B2C0B2624506F8010B01F1010137
:10445000E9D20BE723F0100269280D9240F06F813A
:1044600013F4806204D04FF4806223F011030D93A3
:104470000D9B13F4007640D10B9B03F104080D9BB8
:1044800013F4807040F09880590640F1C6800B9B71
:1044900019780C46CB0F002900F0B98022460DF1A7
:1044A000480E74461646DFF8A0C201E020280FD05F
:1044B0003546ACFB0621C90801EB8102A6EB42029E
:1044C0003032092D0E4600F1010004F8012BEDD821
:1044D0000D9ACDE9010306920C9ACDE904720A23E4
:1044E0004A4603935846DDE90931CDF800E0FEF76E
:1044F000B3FECDF82C80814653E40B9C073424F0A6
:10450000070421460846636850F8081BDC0F0B902F
:1045100051EA030000F0C3800A46191E48DB134627
:104520000DF1480EF4460026CDE90E94DFF818820E
:1045300001E0202E2DD05A1842F10002A8FB0259AA
:1045400029F0030505EB9905521B1C469B1A61F1E6
:10455000000508464FF0CC3101FB03F108FB0511C3
:10456000A3FB08531944052305F00109A9FB0339EE
:104570009B180A2C03F130034FEA550570F1000037
:104580000CF8013B06F1010645EAC1734FEA5101FF
:10459000CFD2DDE90E940D9B4A4606930C9BCDE9E4
:1045A0000164CDE904730A23CDF800E0039328E702
:1045B000524261EB4101B2E70B9B1968CB0F002916
:1045C00000F0AB8081EAE172A2EBE1720DF1480EDE
:1045D0007046DFF874C101E0202E10D01546ACFB08
:1045E0000241C90801EB8104A2EB440404F130024A
:1045F000092D00F8012B06F101060A46ECD80D9AA8
:10460000CDE9016306920C9ACDE9047267E7002AAE
:104610003FF445AF0DF1480E5AE713F0800F0B9BA6
:1046200000F08180B3F9001081EAE174A4EBE17439
:10463000A4B22FE713F0200F14BF412261220DF125
:10464000480E0A3ACDE90D97CDF844B000267746DA
:10465000F3469146CDE90F3C03E0202E17D00446E7
:104660000D46294642460023204607F09DFAD2B265
:10467000092A02F1300388BF02EB09034445DBB28B
:1046800075F1000507F8013B06F10106E5D2DE46AB
:10469000DDE90D97DDE90F3CDDF844B0A6E6002A20
:1046A00047D1134611463BE70B990968A1B923F09E
:1046B000100388B10DF1480E06930C9BCDF80CC089
:1046C000CDE904730192D8E513F480627FF4CBAE98
:1046D00023F010030D93CBE613F0200F14BF4120FD
:1046E00061200DF1480E7646A0F10A0802E0202A6A
:1046F000E2D02146B1FBFCF40CFB1415E8B2092D05
:1047000000F130058ABF4044E8B2C0B2614506F806
:10471000010B02F10102EAD2CEE7002A3FF456AFC4
:104720000DF1480E6BE7196881EAE174A4EBE174BE
:10473000B0E600260DF1480E2DE701362BE64FF0CE
:104740000A081346C44671E5CDCCCCCC84460CB4E3
:1047500010B584B006AC54F8043B0A460094614698
:1047600004480394FFF7FEFA04B0BDE8104002B01D
:10477000704700BFB131001070B594461E46054623
:104780000C4684B04FF0FF32634602A900960348FE
:10479000CDE90254FFF7E6FA04B070BD053500100C
:1047A00010B5094B84B01C684CB1034600914FF022
:1047B000FF3203A90548A047012004B010BD00F056
:1047C0007DF9204604B010BD28240020FD340010DF
:1047D00000BEFDE708B5FFF7FBFF00BF38B5064C8C
:1047E000064DFEF77BF8AC4204D254F8043B9847E0
:1047F000AC42FAD338BD00BF30BC001040BC001042
:104800000368084611461847437D2DE9F047814665
:104810000F461646002B43D0002A3BDD037D0020C7
:104820004D1E014615F8012FDFF884800A2A01F198
:1048300001040ED0A6421CD02B782146A3F10D0313
:10484000B3FA83F315F8012F5B090A2A01F1010479
:10485000F0D1002BEED18142A1EB000138441BDCEA
:1048600002214046D9F800309847A64208D0204699
:10487000E2E7864204DD311AD9F80030384498471F
:10488000374417F8013CA3F10D03B3FA83F35B0936
:1048900089F81430BDE8F087D9F800309847DFE791
:1048A0003846D9F800301146BDE8F047184700BF38
:1048B000F8C100100B682DE9F041802B0D4606462B
:1048C00005D05A1C2B442A601E71BDE8F0810F4BA5
:1048D0001C68A4B10E4F01F1040801E0246974B111
:1048E0002368002BFAD03B680BB1A342F6D12046D7
:1048F00041462A68FFF788FF2469002CF0D1002385
:1049000001222B442A601E71BDE8F0811C2000208A
:10491000242000202DE9F04782B00D4692469946AA
:104920000746FDF747FE4FF0FF366FF000442F4A71
:10493000821841F10003964274EB03013CBF3246FA
:1049400023462B4807F044F96B1C804603D13846B8
:1049500007F09AF80546274B274E1C68274BB9F1FC
:10496000000F18BF1E46B4B1BAF1000F1AD1DFF81C
:10497000909001E0246974B12368002BFAD0D9F833
:1049800000300BB19C42F5D120462A463946B0474B
:104990002469002CF0D1B8F1000F1FD1284602B0D5
:1049A000BDE8F0874FF00A0ADFF8549002E024696E
:1049B000002CF0D02368002BF9D0D9F800300BB1CF
:1049C000A342F4D12A4639462046B0470122204668
:1049D0000DF107018DF807A0B047E8E7044807F09C
:1049E000E7F8284602B0BDE8F08700BF40420F005C
:1049F000A01600201C2000200148001009480010CB
:104A0000242000200A4A13684BB1834202D109E0F6
:104A1000984207D003F110021B69002BF8D101B1B5
:104A2000106070470029FCD1036913600161704771
:104A30001C20002000F0E0BAF0B583B006468DF8E7
:104A40000700FDF7B7FD4FF0FF356FF00044174A40
:104A5000821841F10003954274EB03013CBF2346E9
:104A60002A46134807F0B4F8124B07461C689CB15D
:104A7000114D01E024697CB12368002BFAD02B682A
:104A80000BB19C42F6D1204601220DF10701FFF740
:104A9000BBFE2469002CEFD117B9304603B0F0BD3E
:104AA000034807F085F8304603B0F0BD40420F00E0
:104AB000A01600201C2000202420002038B5044629
:104AC00006F0E2FF012305461A4620462946FFF775
:104AD00021FF084B1C682CB163682BB198472469EF
:104AE000002CF9D1284638BD2469002CF4D1284681
:104AF00038BD00BF1C2000202DE9F041A2B00446C3
:104B00000D46FDF757FD4FF0FF376FF00046274A7F
:104B1000821841F10003974276EB03013CBF3A460D
:104B20003346234807F054F800262B460746224612
:104B3000204801A90196FFF71FFE019B06467BB99D
:104B40001D4B1C682CB1636843B198472469002C45
:104B5000F9D10FBB304622B0BDE8F0812469F1E7FE
:104B6000DFF85480D8F80050EDB1144C01E02D6905
:104B700075B12B68002BFAD023680BB1AB42F6D18C
:104B80002846019A02A9FFF73FFE2D69002DF0D1BA
:104B9000D8F800400195D5E7054807F009F83046F8
:104BA00022B0BDE8F0810195D3E700BF40420F007D
:104BB000A0160020B54800101C2000202420002052
:104BC0000FB400B583B004A951F8040B0191FFF7AD
:104BD00093FF03B05DF804EB04B07047704700BF6B
:104BE0000022014B1A707047AA2601204B79FF2B37
:104BF0000BD1887948B9CB79012B07D1082A05D97F
:104C0000034B8A7809201A7070470020704700BF54
:104C1000AA26012001207047012901D001207047F8
:104C200008B5104B91881B78994201D0002008BD2F
:104C30005378012B08D0022BF8D1002164220846BA
:104C4000FDF788FD012008BD5188CB054BBF4A0AFE
:104C50004A0A10464FF0FF3002F0010201F07F01D6
:104C6000FDF7F6FDAA26012000487047C4C20010D7
:104C7000012907D15378012B02D19388072B03D048
:104C800000207047012070471146A623014A01F019
:104C900041BA00BF1CC200100346012201481A702D
:104CA000704700BFFCC1001008B50B68B3F5966FE4
:104CB00000D008BD00224FF0FF301146FDF7C8FDBF
:104CC000024A034B10601960704700BFB81F0020F4
:104CD000BC1F0020184B70B51A68002A28D0EFF3CB
:104CE000108172B6D2E8CF4F0120002CFAD1C2E871
:104CF000440F002CF6D1BFF35F8F00220F4C1868D1
:104D000059602270C0E88F2F81F31088002400259D
:104D10000B4E3078FCF71CFC20B9002400252046FF
:104D2000294670BD3078FCF723FC2046294670BD2B
:104D30004FF47A740025EBE738240020AC260120DC
:104D4000AB260120014B1878FCF712BCAB260120E2
:104D500038B5044600200D4601F008FBA8B300203A
:104D600001F01AFB88B3FDF725FC4FF0FF3E6FF012
:104D7000004C174A821841F1000396457CEB030171
:104D80003CBF72466346134806F022FFE8B100209C
:104D900001F0ECFA58B900214FF0FF3000F012FD9D
:104DA0006FF002040B4806F003FF204638BD0020D8
:104DB00001F0F2FA0028EED021462A46002001F048
:104DC000F7FA04460028EDD1EAE76FF00204ECE7B9
:104DD00040420F007825002008B5FDF7EBFB4FF0AF
:104DE000FF3E6FF0004C0F4A821841F100039645D8
:104DF0007CEB03013CBF724663460B4806F0E8FEBD
:104E000070B14FF0FF30002100F0DCFC002001F019
:104E100015FB0028F5D1BDE80840034806F0C8BEE0
:104E200008BD00BF40420F00782500202DE9F8435F
:104E300007460E46FDF7BEFB4FF0FF356FF000440E
:104E4000334A821841F10003954274EB03013CBFE1
:104E50002A4623462F4806F0BBFE08B9BDE8F88372
:104E6000002001F083FA002848D0002E41DD002503
:104E7000DFF8A480DFF8A49013E02246002001F0C0
:104E800023FB002104464FF0FF3000F09BFC002084
:104E900001F0D4FAFDF78EFBC8E900012544AE42CB
:104EA00027DD002001F032FB741B8442A8BF0446BA
:104EB0007919002CE1D121464FF0FF3000F082FC3F
:104EC000204601F0BBFA204601F050FA88B1204696
:104ED00001F01CFB0028E2D1FDF76CFBD8F8003094
:104EE000D8F8042013EB090342F1000283428A41FF
:104EF000D5D20848BDE8F84306F05ABE002000218C
:104F0000054BC3E90001BDE8F843024806F050BE76
:104F100040420F00782500200819002020A107003A
:104F200030B5002185B02E4806F056FEF0B92D4B65
:104F30001A68CAB1EFF3108172B6D2E8CF5F0124CC
:104F4000002DFAD1C2E8454F002DF6D1BFF35F8F97
:104F5000254C1D6822785960D3B201222270C5E821
:104F60008F0F81F31088CBB105B030BD00214FF019
:104F7000FF3000F027FC002001F00EFA044618482C
:104F800006F016FE002CEFD0184B1B68002BEBD060
:104F9000174A106805B0BDE830401847FDF712F811
:104FA0000446FDF707FB4FF0FF3C6FF0004510F59E
:104FB0007A7241F10003944575EB030138BF2B462B
:104FC0004FF000014FF0010520460A4C38BF624601
:104FD000CDE901150094FCF7F9FF05B030BD00BF25
:104FE0007825002038240020AC260120B81F00209E
:104FF000BC1F0020D54C00104FF0504330B585B099
:105000001C68FCF7DFFFFDF7F3F8A04202D0002098
:1050100005B030BD00212A4B08461B7801F046FD43
:1050200028480368002B47D00120FCF751FD0346B8
:10503000254C2649C0B22370FCF7B6FA207801212E
:10504000FCF770FA0E20FCF79FFA40BB204B0125BD
:10505000C3E90000FCF7B6FF0446FDF7ABFA4FF0DA
:10506000FF3E6FF0004C10F57A7241F10003964557
:105070007CEB03014FF000012046164C3CBF72460A
:105080006346CDE901150094FCF7A0FF0028BEDBC4
:1050900001211148FFF7B6FC012005B030BD012009
:1050A000FCF7FCF901460A48FCF772FD00220E20CD
:1050B0000A49FCF7A9FAEBE7FCF74EFDB4E700BF9D
:1050C000DCC3001078250020AB260120214F001002
:1050D00038240020D54C001054160020454D0010F7
:1050E0000048704760C30010004870470CC30010B0
:1050F00038B5184B04461A780AB344B940F209424D
:105100004FF44173144D6A8013482B8038BD052C31
:105110001AD8124B104D53F8241028460023013999
:1051200003E0132B20F8022F10D011F8012F0133C8
:10513000DBB2002AF5D15B0043F44073E4E71121B0
:10514000184600F025F8D8E7002038BD4FF44A7320
:10515000DAE700BF94250120F01F0020F4C2001000
:1051600000B545F247308BB0FDF766FB01220346E0
:10517000092101A89847DDE90332044912BA1BBA94
:10518000C1E900230BB05DF804FB00BFE824002058
:10519000012901F1FF3300F0B3805D490A784FEA3D
:1051A000121C9F2A8CBF0CF1370C0CF1300C012B18
:1051B00080F800C000F0A78002F00F02092A8CBF1F
:1051C00037323032022B427000F09D804A784FEA2D
:1051D000121C9F2A8CBF0CF1370C0CF1300C032BE6
:1051E00080F802C000F08F8002F00F02092A8CBF05
:1051F00037323032042BC27000F085808A784FEA53
:10520000121C9F2A8CBF0CF1370C0CF1300C052BB3
:1052100080F804C077D002F00F02092A8CBF373221
:105220003032062B42716ED0CA784FEA121C9F2A88
:105230008CBF0CF1370C0CF1300C072B80F806C03A
:1052400061D002F00F02092A8CBF37323032082BAE
:10525000C27158D00A794FEA121C9F2A8CBF0CF1F8
:10526000370C0CF1300C092B80F808C04BD002F041
:105270000F02092A8CBF373230320A2B427242D0D9
:105280004A794FEA121C9F2A8CBF0CF1370C0CF1A3
:10529000300C0B2B80F80AC035D002F00F02092A1F
:1052A0008CBF373230320C2BC2722CD08A794FEA45
:1052B000121C9F2A8CBF0CF1370C0CF1300C0D2BFB
:1052C00080F80CC01FD002F00F02092A8CBF3732C1
:1052D00030320E2B427316D0CA7911099F2A8CBF27
:1052E000373130310F2B81730DD002F00F02092AB4
:1052F00094BF30323732102BC27318BF103002D037
:10530000002303707047184400230370704700BFE8
:10531000E824002070B500F033F90C2340261B4C24
:10532000FF22A3670E201A49FCF76EF9194B32468B
:105330000021184606F0DAFA0346002101258020F4
:10534000154A58849A60843A5D701E831E8759609E
:10535000C2F88410C2F8801002F58072DA60DA6256
:10536000803A83F8211083F83B1059629A624FF01B
:10537000005606F039FC4FF480320849084B25648A
:105380002846E664C4F89010DA6470BD000011503D
:10539000A9030020282000208400105010D0010014
:1053A0000020115001210E20FCF7BCB80022024859
:1053B000114600F005B900BF48200020044B1970C9
:1053C00021B14FF40032034BC3F89020704700BF67
:1053D000A5260120002011500B785B0602D14B78E6
:1053E000052B00D070474B88014ADBB21360704731
:1053F00000001150CB782DE9F04103F0030EBEF10F
:10540000010FC3F301005DD0002791F802C0354CB5
:105410000CF07F035E00898806EBDC1204EB42127D
:105420004FEADC15D076C1F30A0185F00100507017
:1054300082F802C01183D77018B2DA008DBB2A48F7
:10544000043204EB831C02EB0008CCF808801750F0
:105450008BB3264ADB001A44CCF80420244B3F319E
:105460001A6821F03F01BEF1020F08BF4900114444
:105470001960204B771904EB47179942FA602CD832
:105480002E4404EB4613D97E82F0A04282F48012AF
:105490005B6842EA816242F000421A600120BDE886
:1054A000F081DFF844C004EB83186244C8F8282078
:1054B0004CF830704BB900220F4904EB4513D9600A
:1054C0005A60EBE70020BDE8F081DB0003F1A04368
:1054D00003F58013C8F82430C0E7FDF7F9F9FA683E
:1054E000CEE700BF2820002080001050040010509C
:1054F00034240020FF0F10500001105006F074BB40
:105500008C4608B5114607481A460CF07F034FEA4F
:10551000DC1C0CEB430C00EB4C1000F051F80120AC
:1055200008BD00BF28200020CB0911F07F0103D166
:10553000064AC3F102009066054803EB41034FF4AD
:105540000062002100EB431006F03EBB002011502A
:105550002820002011F07F0300D17047002210B4F2
:10556000C809064C00EB430004EB40136FF40061E4
:1055700018465DF8044BDA7006F026BB28200020A0
:105580004FF0805209480A4908B50A4B02600A6088
:105590009968C94311F08051FAD14FF480520648FE
:1055A00006F0A4F90922054B5A6708BD0020024005
:1055B0000030024000000240000010500000115076
:1055C00000234FF0010C10B580F81AC08282C3820C
:1055D0000161044606F0F4FA20B14FF40032074BA3
:1055E000C3F89020204606F0CFFA10B101232377AC
:1055F00010BD2046BDE8104006F0CEBA0020115084
:105600002DE9F04100241D4E054623463278DFF88F
:1056100078801B4F0DE03B6813EB441325D0DB680B
:105620002846984732780134E4B2511CA1422346FF
:1056300006DBA242A3EB0203EDD808EB4313EEE72F
:10564000104C54220021204606F050F94FF0FF3351
:10565000251D6360C5E90133EB6004F114002022CD
:10566000BDE8F041FF2106F041B94FF0E023D3F847
:10567000F03DDB0700D500BEBDE8F081A426012087
:10568000C01A0020C81B002074C30010704700BF60
:10569000704700BF0020704700207047704700BF70
:1056A000704700BF704700BF704700BF024B58787B
:1056B000003818BF01207047C81B0020024B187823
:1056C000C0F38000704700BFC81B00202DE9F047E1
:1056D000DFF8E8A09AF80030FF2B02D00120BDE8E7
:1056E000F0870E4600293ED0002154220746294863
:1056F00006F0FCF80022284C284B20461A70FCF7D4
:105700002BFA274B27481C60274CFCF733FA20461E
:1057100001F0B0FD254A264B264D146063B32846A0
:10572000FFF7BAFA244B2A7818600024DFF890902B
:105730002346DFF884800EE0D8F8003013EB4413E2
:1057400011D05B687BB198472A780134E4B2511CD0
:10575000A142234612DBA242EED89B1A09EB431367
:105760005B68002BEFD14FF0E023D3F8F03DDB076F
:1057700000D500BE0020B2E72A78D6E73146384689
:105780008AF80070FFF7C6FD0028ECD03846FFF716
:1057900009FEA3E7C81B0020C01B0020A62601208D
:1057A0001C1C0020801600206C160020201C0020ED
:1057B000994C0010A4260120C01A00208816002051
:1057C00074C300102DE9F04FDFF8C8928BB099F840
:1057D0000030FF2B00F0F180A84CA94DDFF8B0A2FB
:1057E000DFF8B4B226687369EFF3108272B6D3E8BB
:1057F000CF0F01210028FAD1C3E8401F0028F6D1BD
:10580000BFF35F8FB261304607A901F081FB00232F
:105810007269C2E88F3FB36983F31088002800F0F3
:10582000CC809DF81D30013B072B00F27D83DFE823
:1058300003F0A7B1959D8E350A04089B002BD1D0AB
:1058400009989847CEE79DF8201001F07F0605EBF8
:10585000460000EBD11090F8343023F0010380F8BB
:10586000343090F8343023F0040380F83430002EC4
:1058700000F0A680037D9AF80020934280F0938088
:10588000804A126812EB431300F090809E699DF8E5
:105890002120099B9DF81C00B047A3E79BF800302E
:1058A000002B00F083809BF80030013BDBB28BF8CB
:1058B00000309BF8003003F0FF00002B92D1704FB6
:1058C0009DF81C803B7843F001033B7097F834301F
:1058D00060F3000387F8343097F8343060F38203C4
:1058E00087F8343097F8353060F3000387F83530A7
:1058F00097F8353060F3820387F8353000F06AFCA2
:105900009DF8203003F06002602A6CD0402A7CD0E1
:1059100003F01F03012B00F0C180022B00F08180F7
:10592000002B60D1202A00F0E981002A5BD19DF88C
:105930002130092B57D8DFE813F0B001A20156003F
:10594000C101560095016B0156006001F4002B78EF
:10595000D9077FF547AFFFF7A7FE43E7EB78DA07F4
:105960007FF540AF0898FFF793FE3BE72B78D80709
:105970007FF538AF2878C0F3C000FFF793FE31E71A
:105980009DF81C00FFF73CFE00F01AFC9DF820304B
:10599000AB7027E79DF81C00FFF732FE00F010FC0B
:1059A000FFF77EFE1EE7501C984211DA4FF0E0230D
:1059B000D3F8F03DDC0700D500BE0BB0BDE8F08F9A
:1059C000099B9DF821209DF81C0000F017FC09E7B9
:1059D0009B1A2D4A02EB431358E7FFF785FB02465B
:1059E000002840F082814FF0E023D3F8F03DDE073D
:1059F00000D500BE9DF81C000021FFF795FD802119
:105A00009DF81C00FFF790FDECE6204800F0E2FB5B
:105A10000121404608AAFFF72BF900287FF4E2AEE7
:105A2000E8E79DF8241011F0700FDCD101F07F063B
:105A300007EB4600164B00EBD1101B78007D76007B
:105A4000019698424FEAD116009659D35E1C8642C1
:105A5000C0F26681C01A0C4B03EB4016002A00F01E
:105A60006381706900F0B6FB01214046736908AAA2
:105A7000984700287FF4B6AEBCE700BF201C00208A
:105A8000C81B0020C01A002074C30010714C001005
:105A9000A426012088160020A62601209DF8243087
:105AA0000F2BA7D8AE4A3B441B791278934232D3CE
:105AB000511C99429EDBAB4E9B1A06EB4316706954
:105AC00000F088FB01214046736908AA9847002826
:105AD0007FF488AE9DF8203013F060068AD19DF8DF
:105AE00021300A3B012B85D800F074FB9DF8213052
:105AF0000A2B00F0F281404608A900F0F1FA71E6A5
:105B0000994B1B6803EB4016002A00F00D81002E14
:105B10003FF470AFA5E7944A166816EB4316CED152
:105B200068E77B789DF822609E4200F04F817B7889
:105B3000002B40F0BE817E70002E00F04581701E6B
:105B4000C0B2FFF7D1FA0346002800F05F81427827
:105B5000022A40F05B81C17903F10906C1F34012CA
:105B60001201C1F3801142EA41123146387820F027
:105B7000300002433A705A88CDF80C809A1801928E
:105B8000019B8B4240F2A4814A780B2A00F0AF813E
:105B90000123042A40F03A810026019A0096521A05
:105BA00092B202926E4A049312781DE06E4B1B680B
:105BB00013EB461800F02A81029AD8F810300398A7
:105BC0000591984708280246059906F1010303D973
:105BD0000298904280F0FF80DEB2614B00961A7806
:105BE000531C9E4200F31281009BB242A3EB0202BF
:105BF000DCD85C4B03EB4218DEE77B7840468DF83F
:105C00001A300DF11A02012308A900F083FAE9E520
:105C1000BDF82200030A013B020AC0B20E2B3FF678
:105C2000E9AE01A151F823F03D5E0010D95C0010EF
:105C3000795E0010F5590010F55900105B5E0010F8
:105C4000D95C0010F5590010F5590010F5590010F5
:105C5000F5590010F5590010F5590010F5590010CC
:105C60002F5E001008A800F0BBFA40469DF82210F5
:105C7000FFF79CFB3B7843F002033B70B2E5BDF8B5
:105C80002230012B7FF4B6AE3B78404623F0080368
:105C900008A93B7000F024FAA4E540463B789A0836
:105CA00002F00202C3F340131343ADF81A300DF1B2
:105CB0001A02022308A900F02DFA93E5BDF822305C
:105CC000012B7FF497AE3B78404643F0080308A9C8
:105CD0003B7000F005FA85E5022A3FF47EAEFFF73F
:105CE000DBFC024600283FF485AE4046538808A9F5
:105CF00000F010FA00287FF475AD7BE69DF82430A3
:105D00000F2B3FF677AE164A3B441B79127893422D
:105D10001DD2154A166816EB43167FF4A2AE69E64B
:105D2000002A7FF467AE00269DF8212002F0FD03D3
:105D3000012B1BD0002A7FF456AE019B009A3B44F6
:105D4000134493F834304046C3F34003ADE7511C8D
:105D50009942FFF64FAE034E9B1A06EB431680E6C0
:105D6000A426012074C30010C01A0020BDF8223000
:105D7000B3B9012A99F8000000F08680FFF7D4FB40
:105D8000019B009A3B44134493F8342042F00202F2
:105D900083F8342093F8342042F0010283F8342051
:105DA000002E3FF41FAD706900F014FA73690121F1
:105DB00008AA40469847002000F00CFA97F83530C2
:105DC000DF073FF50FAD96E6FFF76AFC404608A9EE
:105DD00000F086F906E5049B012B00F09E80002B65
:105DE00000F08A80002091F8028005E08CF80460C1
:105DF0005FFA80FC63457FD908EB000C57FA8CFCF6
:105E00009CF804E00130BEF1FF0FEFD04FF0E0232B
:105E1000D3F8F03DDA0700D500BE4FF0E023D3F809
:105E2000F03DDB0700D500BE00237B70E2E5FEF706
:105E30001BFF024600287FF458AFDBE5FFF750F95F
:105E4000024600283FF4CFAD4046122308A900F0D7
:105E500061F900287FF4C6ACCCE5FFF71BFC0246D5
:105E600000283FF4C7AD4046137808A900F052F966
:105E700000287FF4B7ACBDE5BDF82410FFF738F972
:105E800002460028EFD1B5E50293FFF763FB019AC4
:105E9000009B3A441A4492F83410029B63F3410188
:105EA00082F8341092F8341063F3000182F8341051
:105EB00076E700214046FFF781FA4046FFF71EFBD8
:105EC000BB7840460093FFF79BFB009BBB7032E61C
:105ED000DDF80C80FFF7E2FB78E74046012308A9D4
:105EE0000DF11A028DF81A6000F014F97AE40A78BC
:105EF000CB7811444A784CE633461048049202911C
:105F000000F07CFE0E4B049A02991B781144009A13
:105F100001339342BFF634AE78E7D8F810C0094891
:105F2000844508BF02235DE74FF0E023D3F8F03D3E
:105F3000DB077FF557AC00BE54E400BFDC1B00203C
:105F4000A42601200D6600102DE9F84FDDF8288009
:105F5000002A3FD00C461E4615464FF0000B1F4F3F
:105F6000DFF87C9017E0204699F8021000F014FE4C
:105F7000F8B121465046FFF73DFA08B3A3780BF17C
:105F8000010BDA0916BF0B9A88F8003013702378DA
:105F9000AB451C441ED06378052B11D1E17801F08C
:105FA0000301B1420CD1A37897F800A013F0700F51
:105FB000D9D04FF0E023D3F8F03DDA0700D500BE8A
:105FC0004FF0E023D3F8F03DDB0700D500BE002002
:105FD000BDE8F88F0120BDE8F88F00BF88160020CB
:105FE000C81B002038B50E4B1D788B7813F0700F4E
:105FF00008D04FF0E023D3F8F03DDB0700D500BE1A
:10600000002038BD074B0C460846997800F0C4FDC7
:106010000028EED021462846BDE83840FFF7EAB90F
:1060200088160020C81B00200B46064A0648116847
:10603000DA09343203F07F0302EB4303184400F023
:1060400065BD00BF1C1C0020C81B00200B46064A73
:1060500006481168DA09343203F07F0302EB430388
:10606000184400F07DBD00BF1C1C0020C81B002090
:1060700010B5194C01F07F0E04EB4E0404EBD11463
:1060800094F834C015481CF0010F04F13004007876
:1060900008D04FF0E023D3F8F03DDA0700D500BE7A
:1060A000002010BD94F804C04CF0010C84F804C02A
:1060B000FFF726FA0028F4D14FF0E021227960F3AF
:1060C00000022271227960F382022271D1F8F03D40
:1060D000DB07E5D5E3E700BFC81B002088160020DA
:1060E00030B50B4C8C46A646054608684968002327
:1060F000AEE803009CF800102846C943C4E9023307
:10610000BDE830401A4601F08001FFF7B1BF00BF83
:10611000881B00202DE9F041274F4FF00008BE46B4
:106120008C46064608684968BA60AEE80300A7F8DE
:106130000E801546BCF80620934228BF1346BB814B
:106140009AB11C462BB3DDB197F90030402C28BF23
:106150004024002B28DB414623463046174AFFF7F0
:1061600087FF68B10120BDE8F0819CF8001013465C
:10617000C943304601F08001FFF77AFF0028F1D1D2
:106180004FF0E023D3F8F03DDB0700D500BE002040
:10619000E9E71A46397801F0800123463046FFF7D7
:1061A00067FF0028DED1EBE722462946034805F0C9
:1061B000EFFB8021014AF0E7881B0020481B0020EC
:1061C0000022034BC3E90022C3E902221A6170478F
:1061D000881B0020014B1861704700BF881B0020FE
:1061E00030B40246044C0025234600685168C4E9D7
:1061F000025530BC03C37047881B002070B53C4C6F
:10620000C90922780646B1EBD21F1D4682B017D0CD
:1062100053B14FF0E023D3F8F03DDB0702D4002068
:1062200002B070BD00BEFAE72146FFF7D5F823693A
:106230001BB12246032130469847012002B070BDB1
:1062400094F90030A068002B05DB0028E7D02A462F
:10625000284905F09DFBE089A168E388284480B2C5
:1062600029448342E081A16016D03F2D14D9A28930
:1062700094F90040131A9BB2402B28BF4023002CF6
:1062800026DB90424FF0000130D01A4A3046FFF72B
:10629000EFFE0028D1D1BCE7236923B102213046AB
:1062A000134A984758B121780023C94330461A460B
:1062B00001F08001FFF7DCFE0028BED1A9E701460E
:1062C0003046FFF731F980213046FFF72DF9B4E76A
:1062D000904208D01A460748019305F059FB8021E7
:1062E000044A019BD2E780210022CFE70A46CDE78E
:1062F000881B0020481B00202DE9F0410446FFF7D1
:10630000D5F908B9BDE8F081FFF7D8F907460028AC
:10631000F8D1C822134B02FB0436F1780029F1D0E2
:1063200006F11005284600F0E1FD3F28EAD938467D
:10633000F178FFF779FE0028E4D0284600F0D6FD7A
:106340003F2809D9084A3846F17802EBC4124023A5
:10635000BDE8F041FFF78CBE3846F178BDE8F0416A
:10636000FFF774BEA8160020C41A002010B504461A
:10637000FFF79CF908B9002010BDFFF79FF900282E
:10638000F9D1C822034B02FB0433187900F0010055
:1063900010BD00BFA8160020C82108B5102301FBBE
:1063A0000030024A104400F087FD08BDA816002006
:1063B0002DE9F8434FF6FF734FF0C80810249A42B6
:1063C00028BF1A4618FB00441A4F06463C44204694
:1063D00092B200F0E7FD0546FFF768F910B92846CC
:1063E000BDE8F883FFF76AF981460028F7D108FB7A
:1063F0000677FB78002BF2D0204600F077FD3F288F
:10640000EDD94846F978FFF70FFE0028E7D020467F
:1064100000F06CFD3F2808D9074A48464023F97828
:1064200002EBC612FFF724FED9E74846F978FFF7DA
:106430000DFED4E7A8160020C41A00202DE9F04173
:106440000546FFF733F910B90020BDE8F081FFF7EA
:1064500035F906460028F7D14FF0C808242418FB68
:106460000544174F3C44204600F026FD0028EBD0A1
:1064700008FB05773046B978FFF7D6FD0028E3D052
:106480004022104B204602EBC5141C44214600F06C
:1064900089FD054680B1034622463046B978FFF7AC
:1064A000E7FD38B94FF0E023D3F8F03DDB07CBD55B
:1064B00000BEC9E72846C8E7B978FFF7C7FDC3E7BC
:1064C000A8160020C41A002038B54FF6FF734FF00D
:1064D000240CC8249A4228BF1A4614FB00C40A4B55
:1064E00092B21C440546204600F018FE03462046A2
:1064F0001C4600F0E1FC3F2801D8204638BD284664
:10650000FFF79CFF204638BDA8160020C82108B51B
:10651000242301FB0030024A104400F0E7FC08BDD0
:10652000A8160020F0B5194C83B0C82200212046DF
:1065300005F0DCF90025FF234FF4E131082214486F
:1065400004F1B8070570009504F110006371A160B3
:10655000A27304F138010123402200F07DFC0123E5
:10656000402204F17801009304F1240000F074FC4F
:1065700004F1C0063846FBF7EFFA3046FBF7ECFAB9
:10658000C4E90757C4E90C6503B0F0BDA8160020A4
:10659000441B0020094B196B49B11A6A12B1002241
:1065A000C3E907220022C3E90C22012070471A6ABE
:1065B000002AFAD00120C3E907117047A81600206D
:1065C000002210B50E4C0F48237802600271DA07E2
:1065D00007D59B070BD5BDE8104001210A4800F004
:1065E00065BE103000F046FE23789B07F3D40648C2
:1065F00000F040FEBDE810400121034800F056BE07
:10660000441B0020A8160020CC160020F0B54B79C2
:1066100083B0022B03D00025284603B0F0BD8B7950
:10662000022BF8D1264FBB783BB14FF0E023D3F8D3
:10663000F03DDB07EFD500BEEDE78B7806463B70FB
:106640000B780925CC18617824290BD1082A02D8A7
:106650000FE0AA420DD323781C4461782B442429EF
:106660009DB2F6D005290AD0042902D163790A2BFC
:1066700013D00020FFF740FE284603B0F0BD2146AE
:106680003046FFF7AFFC0028CFD0A3787B7023788B
:106690001C442B4461789DB2E6E70A4B27780193AE
:1066A00001330093022330461A46E119FFF74CFCF0
:1066B0000028BAD00E3517FA85F5ADB2D9E700BF7C
:1066C000A8160020AA160020137803F06003202BE0
:1066D00008D170B5264C938894F800C09C4503D02F
:1066E000002070BD002070475378203B032BF7D863
:1066F000DFE803F027230D0201292ED003291ED144
:106700001C4BE3B100205188AFF3008017E0012952
:1067100023D0032913D15588174805F0010686F0C8
:106720000101257100F0C2FD144B43B13146002038
:10673000C5F34002AFF3008001E0012911D0012030
:1067400070BD01290DD00329F9D10D4B002BF6D0D6
:1067500000200C49FEF7A8FAF1E71146FFF7C0FC4C
:10676000EDE711460723074AFFF7D4FCE7E700BF30
:10677000A816002000000000CC1600200000000039
:10678000A94C0010B01600202DE9F047364F0C46FA
:10679000FA7806468A421D4697F802C03CD08C45DE
:1067A00013D04FF0E023D3F8F03DDB0700D500BE57
:1067B0000020BDE8F0872D4B23B12D4800F08CFB65
:1067C00000284ED00020FFF797FDBB78A34202D0EF
:1067D0000120BDE8F087274B13B10020AFF3008004
:1067E0000020FFF72BFE0028F2D1234800F064FBC5
:1067F0000028EDD1002DEBD015F03F05E8D1304653
:10680000B978FFF711FC0028E2D02B462A46304623
:10681000B978FFF72DFCDBE7DFF864809AB24146D8
:1068200007F1100000F07AFC144B002BC3D07B79E9
:10683000FF2BC0D0002DBED007F1100908EB050AD0
:1068400002E0C245B7D07B7918F8012B9A42F8D103
:10685000484600F041FB0028F3D17979AFF300807E
:10686000EFE7AFF30080ADE7A816002000000000BE
:10687000B816002000000000CC1600200000000028
:10688000C41A0020F0B5144C85B04FF413720021E7
:10689000204605F02BF8402700234FF480760F4D5B
:1068A00004F5A6721946CDE90257009201961A46E0
:1068B00004F5947000F0CEF9002304F128013D4462
:1068C000009101221946CDE902570196201D00F0E2
:1068D000C1F905B0F0BD00BF641D0020E41C00201C
:1068E00010B5054C204600F0E1F9A4F5927000F0D7
:1068F000DDF9012010BD00BF8C1E002038B5002539
:10690000064C04F59870257000F0B4FC04F10C00FE
:1069100000F0B0FC84F82951657138BD641D002079
:106920002DE9F84F4B79FF2B02D00020BDE8F88FFE
:10693000394D0E4695F829310C78002BF5D16F7939
:10694000002FF2D18B780C442B700B79002B3ED0AA
:10695000804604EB020B05F5987A05F59479637887
:10696000052B09D0A34502D831E05C452FD223780E
:106970001C446378052BF8D1A34528D9214640460D
:10698000FFF730FB00283ED0A378DB0923D1504627
:1069900000F070FCA37895F8281185F82931A388B8
:1069A0004046C3F30A03A3F50073B3FA83F35B090C
:1069B00063F3410185F82811494600F0E5F910B369
:1069C0002378317901371C44FBB29942C7D8A11B07
:1069D00088B2BDE8F88F114800F04CFCA37895F818
:1069E00004C06B71A3880E49C3F30A03A3F50073B7
:1069F000B3FA83F35B0963F3410C002085F804C00C
:106A000000F08AF9DCE74FF0E023D3F8F03DDB0734
:106A10008BD500BE89E700BF641D0020701D0020DB
:106A2000681D002070B51B4C064694F829C11D4610
:106A30008C45627904D08A4218BF002018D070BDFE
:106A4000B4F8343163B9144B23B100201349AAB20E
:106A5000AFF300803046124900F096F9012070BD76
:106A6000D4F82C11AAB204F5987000F057FBEAE7AD
:106A70000C4B1BB10020A9B2AFF3008030460A498D
:106A800000F04AF90028E9D12A463046064900F0CC
:106A90000FF9E3E7641D002000000000E41C002063
:106AA0008C1E002000000000681D002010B582B080
:106AB000B9B101280CD80B7853B1134C012B2354D6
:106AC00002D0012002B010BDFEF700FE0028F8D170
:106AD0004FF0E023D3F8F03DDB0700D500BE0020E7
:106AE000F0E70124084601A9ADF80440FEF7EEFDE9
:106AF00038B94FF0E023D3F8F03DDA07E2D500BE15
:106B0000E0E7014B1C70DDE7BC1B0020F8B5037803
:106B100013F001041AD1037805465A07C3F380071E
:106B200001D52046F8BD0E464FF0FF31304605F046
:106B30002FF82B7813F001040BD12B785B0709D4C5
:106B40002B78012443F004032B7003E0002420463B
:106B5000F8BD3C46304605F02BF82046F8BD00BF96
:106B600070B50C4605464FF0FF31204605F010F891
:106B70002B78C3F380065B0708D52B7813F001034D
:106B800011BF00262A7863F382022A70204605F09E
:106B90000FF8304670BD00BFC378828803F0030051
:106BA0000228C2F30A021FD0032803D001280AD00A
:106BB00000207047022914BF40234FF480639342A2
:106BC00009D301207047022940F2FF3308BF4FF478
:106BD00080639342F6D24FF0E023D3F8F03DDB0719
:106BE000E6D500BE00207047022902D0402AE8D92D
:106BF000F1E7B2F5007FE4D0EDE700BF0A4491422F
:106C000026D291F801C0BCF1050F05D091F800C063
:106C100061448A42F5D8704700B591F802C00CF083
:106C20007F0E00EB4E0E4FEADC1C0EF80C3091F894
:106C300000C061448A4209D991F801C0BCF1050F36
:106C4000EBD091F800C061448A42F5D85DF804FBAE
:106C5000704700BF2DE9F0418E4682B0009390F856
:106C600000C0089EBDF824706EF3000C0446154663
:106C7000012331463A4600F808CBBDF82C8000F0DD
:106C8000EBF806B13FB901200A9BA4F802806360CB
:106C900002B0BDE8F08104F11C063046FAF75CFF53
:106CA0000DB135460026C4E90556ECE701207047D2
:106CB000F8B50746084640F2FF13154610F8082BB2
:106CC0000C4612F0020F0CBF3F261E4600F0F4F8EF
:106CD00028B925B12E4202D12378DA0701D5002048
:106CE000F8BD38466178FFF79FF90028F7D0237880
:106CF00013F0010307D04FF0E023D3F8F03DDB079A
:106D0000EDD500BEEBE71A4638466178FFF7B0F9DB
:106D10000028F0D0F8BD00BF70B501F108050646A7
:106D200028460C4600F0C8F810B12378D80701D5E2
:106D3000002070BD30466178FFF776F90028F7D063
:106D400028466288616800F02DF92378054648B12D
:106D5000D9070ED54FF0E023D3F8F03DDA07E7D599
:106D600000BEE5E7DB07E3D430466178FFF76EF954
:106D7000DEE70346626830466178FFF779F900285C
:106D8000E8D0284670BD00BF8A892DE9F0410B7814
:106D90000C4605468AB9DF0725D44978FFF744F940
:106DA00008B322786388D6073FD54FF0E023D3F8A5
:106DB000F03DDA0717D500BE15E003F0020301F13C
:106DC0000808002B40460CBF40274FF400774FF6D1
:106DD000C07618BF4FF47E4600F088F8874202D88C
:106DE0002378D80702D50020BDE8F08128466178D5
:106DF000FFF71AF90028F6D0404600F077F88742EE
:106E00001FD823786288D907CFD43040904228BF5A
:106E1000104661780646E0B1626833462846FFF7BF
:106E200027F90028C1D03046DEE761783BB16268BF
:106E30002846FFF71DF90028B7D06088D4E71A4626
:106E4000F6E72378DB07CED428466178FFF7FEF813
:106E5000C9E70246E1E700BF2DE9F041B2F5004F76
:106E60009DF8188024D80446C06817460E461D4673
:106E700018B14FF0FF3104F08BFE206918B14FF0CC
:106E8000FF3104F085FE0022C5F30E03E06843EAFB
:106E9000C83362812660A780E380228108B104F0B4
:106EA00087FE206908B104F083FE0120BDE8F0816F
:106EB0000020BDE8F08100BF038942899BB292B2F5
:106EC0008088934236BFC2EB40029B1A9B189BB24C
:106ED000984228BF184670470289438990B29BB2F6
:106EE000C01AB0FA80F04009704700BF0389428998
:106EF0009BB2808892B2934236BFC2EB40029B1A8B
:106F00009B189BB2984286BFC01A80B2002070477F
:106F100038B5044600690D4618B14FF0FF3104F052
:106F200037FE2189638989B29BB2A288994236BF14
:106F3000C3EB4200C81A401880B250B3824209D253
:106F400091422CBF891A89188BB29A42638103D867
:106F50009B1A9BB29A42FBD9E2882168C2F30E02C7
:106F600002FB0311284604F013FD6189012589B253
:106F70004B1C9BB29942A2880ED9002302FA05F15C
:106F80005B1A9BB22069638108B104F011FE2846A8
:106F900038BD054663899BB2B3EB420F4FEA42010D
:106FA000F0DBEDE72DE9F04706460069884691469B
:106FB00018B14FF0FF3104F0EBFD338974899BB2B7
:106FC000A4B2B588A34236BFC4EB45071F1BFF1808
:106FD000BFB2002F4AD0BD4240D3B94528BFB94601
:106FE000A5421FFA89F703D8641BA4B2A542FBD9B6
:106FF000B6F806A02B1B31689BB2CAF30E029F4263
:10700000924602FB041123D913FB02F31FFA83F902
:107010004A4640467D1B04F0BBFC621912FB0AF293
:10702000316808EB090092B204F0B2FC7289B588AD
:1070300092B2D3199BB29A421AD96A009B1A9BB298
:107040003069738108B104F0B3FD3846BDE8F087BC
:10705000404607FB02F204F09BFCE7E7AB422CBF83
:107060005B1B5B199CB22F467481B6E773899BB298
:10707000B3EB450F4FEA4502E2DBDFE7F8B5044624
:10708000C0680E4618B14FF0FF3104F081FD25892C
:10709000238961899BB289B2A2888B4236BFC1EB3A
:1070A00042015B1A5B189BB29A42ADB208D8E779ED
:1070B000FF0905D1E06808B104F07AFD3846F8BD53
:1070C000954219D32B469B1A9BB29342FBD2E2887E
:1070D0002068C2F30E0202FB0300314604F058FCA4
:1070E0006B1C9BB29D42A28812D9002351005B1AEF
:1070F0009BB201272381DDE7E2882068C2F30E02FC
:1071000005FB0200314604F043FC0135A288ABB216
:10711000B3EB420F4FEA4201EBDBE8E72DE9F04F1A
:10712000164683B0002A4CD00546C068884618B180
:107130004FF0FF3104F02CFDEA792F896989D209DB
:10714000AB88BFB289B240D18F4236BFC1EB430199
:10715000791AC91989B2994241D2591A89B28E4213
:1071600028BF0E46B5F806A007EB0609A6EB030BF1
:10717000CAF30E0A1FFA89F91FFA8BFB9F423C469D
:1071800003D3E41AA4B29C42FBD21B1B28689BB217
:10719000B3420AFB04004BD341460AFB06F204F05B
:1071A000F7FBAA884F454FEA420302D8B9EB420FDA
:1071B00003DBA9EB03031FFA83F9E868A5F808903D
:1071C00088B9304603B0BDE8F08FB5F806A09E42FE
:1071D000CAF30E0A0DD3002B3FD11E4600E0002655
:1071E000E8680028EDD004F0E3FC304603B0BDE8C9
:1071F000F08F8F4236BFC1EB43027A1AD21992B296
:1072000058003244A6EB030B82421FFA8BFB0ADBC9
:1072100001EB03091FFA89F9A9EB0607BFB2B942CE
:1072200018D9381A87B206EB07091FFA89F9A5E7BA
:1072300013FB0AF35C4414FB0AF49AB24146019230
:1072400004F0A6FB019A286808EB0201A2B204F040
:107250009FFBA6E7B84291DCE3E7F61A01EB0309CE
:107260000AFB06880F461E464FF0000B1FFA89F9ED
:1072700084E700BF10B50446C06818B14FF0FF3175
:1072800004F086FC206918B14FF0FF3104F080FC57
:107290000023E0686381238108B104F089FC206940
:1072A00008B104F085FC012010BD00BF38B50446CC
:1072B000C0680D4618B14FF0FF3104F069FC206939
:1072C00018B14FF0FF3104F063FCE379E06865F337
:1072D000C713E37108B104F06BFC206908B104F036
:1072E00067FC012038BD00BF012307480749084A51
:1072F00003600B609368D907FCD50123054A13602E
:107300001368DB05FCD570470020024000300240C6
:107310000000024000000A402DE9F041002401274E
:1073200094460268B3F1000ED466054651602046CB
:107330009DF81860D7661DDD2979774089027F02A4
:107340000EF1FF34A0420CBFB8464FF000081CF805
:10735000013B0B4343EA08031361536BD906FCD589
:10736000D2F8801049B9A0421CD0013086454FF0B8
:107370000001E7D12E71BDE8F0814FF00108536D97
:10738000536B9B05FCD5136EB8F1000FEDD069B1BE
:10739000CB070BD411F0080F08BF4FF0FF302E7150
:1073A000BDE8F081002EE0D1B046E9E74FF0FF30B4
:1073B000E0E700BFF8B5064605200C46FBF77EF96E
:1073C00000EB540CBCFBF4FC214B0CEB4C02A3FB7C
:1073D000025320499F088C42ACEB930530D801F151
:1073E000D64101F5A10101F62C0100EB4003A1FB00
:1073F00003139B0D013300244F2A98BF01223168EB
:10740000B0FBFCF0CC660C6801F5805684F00404F7
:1074100004F00604346088BF0D4CCD6184BFA4FB2A
:10742000024292090F62C1F8A0200A46012452F8D4
:107430007C5F6B409BB202F580521360CC66F8BD56
:10744000054900EB4003A1FB0313DB0D0133D2E739
:10745000CDCCCCCC3F420F00893BE6550E4A30B430
:10746000904214BF202210220C4D0D4B0D4C2A606F
:107470001A60A36832EA0303FBD140F265150324C6
:1074800002680371D3661560D3639363C2F88840C2
:1074900030BCFFF78FBF00BF8C16002000200240D9
:1074A000003002400000024010B49DF804400194F6
:1074B0005DF8044BFFF730BF2DE9F84F374B074617
:1074C000984214BF4FF400234FF480230E46344DEE
:1074D000344C354A2B602360946833EA0404FBD1B2
:1074E0000620FBF7EBF83946022351F8042F4FEA48
:1074F000462E4FEAD65B704502EA030801F5405973
:1075000074EB0B02C9F8003011D34FEA965CB2025B
:1075100001E05246AC460233B3F5807F07D01EEB44
:10752000020A4BEB0C05904274EB0C0CF1D24FF4B9
:107530008072C3EB03249446013A2DD0B0FBF4F5DE
:10754000AE42A4EB0304F6D20CFB03FC12020224AD
:107550003B613B4603253E6801F500517240B0FB9C
:10756000FCF002F47F4207F5805CCCF80020C1F803
:1075700000807E68C9F8004053F8242B264082F032
:10758000070202F0CF0203F50053CCF800200E6092
:107590001D600C60BDE8F88F9C46D8E700000840ED
:1075A0000020024000300240000002400A4B93F9E4
:1075B0000020002A0FDB4FF050410123D1F8880151
:1075C0009340184207D04FF0E0224FF08050C1F8AE
:1075D0008C31C2F8040D70479416002000214FF042
:1075E000504200B583B00191084B126853F8223025
:1075F000013302D000F0F8FAFEE700F0F5FA019B43
:10760000002BFCD003B05DF804FB00BF88250120EF
:1076100010B502F0A9FE044601F0E6FE28B14FF0D5
:10762000E0234FF08052C3F8042D2046BDE81040FF
:1076300003F086BC10B504224FF0E0240023226141
:107640000520A361FBF73AF80721044BA3FB0023B5
:107650009B09013B6361216110BD00BFD34D6210E6
:107660004FF0E02300204FF07F4170B584B00290CE
:10767000C3F81C1DD3F81C3D3F4A1B0E8DF8073084
:107680009DF8073003F010031370002B58D09DF8BD
:107690000730DA060BD400F0A7FAFEE7029B0133AD
:1076A00002939DF807305B00DBB28DF807309DF840
:1076B00007301B06F2D4029B082B44D0029BC3F177
:1076C00007031B0203F4E0634FF050412B482C4AA0
:1076D000036012780B689A423ED04FF0E0230025F9
:1076E0004FF05044D3F8202D264942F47F02C3F8CE
:1076F000202D0E20C3F81C5D03F088FE22490B20CC
:1077000003F084FE214E2368FF211A2046F82350FF
:10771000FAF76CF91A201E49F9F746FF01211A20E1
:10772000F9F700FF00F058FA206801F06DFE0395AC
:10773000236856F82330013307D000F055FAFEE7EE
:1077400000F052FAFEE70023BEE700F04DFA039B7B
:10775000002BFCD004B070BDFFF76CFF4FF0E022AF
:10776000D2F8203D0B4943F07F43C2F8203D0F2063
:1077700003F04CFEB1E700BFB026012090250120A8
:1077800095160020117C0010A97C0010882501208E
:10779000AD7500101176001008B500F025FABDE8AF
:1077A0000840FFF75DBF00BF4FF0E0234FF080526D
:1077B000C3F8042DBFF34F8FBFF36F8F704700BF27
:1077C00008B5836913F8023C662B02D000F00CFA6E
:1077D000FEE74FF0E023D3F8882D42F47002C3F89F
:1077E000882DD3F8342F42F04042C3F8342FBDE83F
:1077F000084000F0D5B900BF2DE9F04F4FF0113E21
:107800004FF0807440E909E34FF0073340F8044C2F
:10781000164C40F8343C40E903424FF005334FF03A
:1078200006324FF0123B40E90F324FF0033A4FF06F
:1078300002394FF001384FF010374FF009364FF052
:1078400008354FF004346FF0020340E905AB40E91E
:10785000078940E90B6740F8305C40F8404C40F83D
:10786000443C40F8481DBDE8F08F00BFDD750010B6
:1078700038B5174C2378FF2B02D000F0B5F9FEE79E
:107880001020F9F701FE1120F9F7FEFD0121032078
:1078900003F088FE01234FF050414FF0000C42B23C
:1078A0000C4D93402A70C1F88C31C1F8843184F8B2
:1078B00000C00C6814B100F097F9FEE703F0D6FDA4
:1078C000054803F04BFEFFF7CBFE204638BD00BF56
:1078D00095160020941600209977001008B5EFF354
:1078E00005830F2B05D90B490B4A5B5C12789A4232
:1078F0000DD84FF0E023094AD3F80C3D126803F489
:10790000E063934200D808BD00F06EF9FEE700F096
:107910006BF9FEE7F0E300E0B0260120902501209E
:10792000094B1B78FF2B0BD0EFF30583DBB22BB198
:107930004FF05042106800EB4300704702F0D8B996
:107940004FF05043186870479516002010B582B06C
:10795000EFF3058313F0FF032AD10268002A2AD02F
:10796000164C94F800C0BCF1FF0F06D1C2E88F3F5F
:1079700081F3108820BF02B010BDC2E88F3F81F3B1
:1079800010884FF0FF34012200680D490094401A1E
:107990000C49A1FB00C1090901EB4101A0EBC101A8
:1079A000094802FA01F1006800F0D4F902B010BDF4
:1079B00000F01AF9FEE700F017F9FEE7951600202F
:1079C0009C1B0020ABAAAAAA1826012010B5204BA8
:1079D0008E461B780268FF2B82B02FD04FF0010C2F
:1079E0001C4BD21A1C4BA3FB02131B0903EB4303D2
:1079F000A2EBC3020CFA02F140BF00240368C3E803
:107A00008F4F8EF31088EFF30583DBB233B9134B3E
:107A1000186802B0BDE8104000F018BA0F4B01AA78
:107A20001868019400F050FA019B2BB14FF0E0234D
:107A30004FF08052C3F8042D02B010BD40BF0023A8
:107A40000268C2E88F3F81F3108802B010BD00BF0A
:107A5000951600209C1B0020ABAAAAAA182601207C
:107A60002DE9F04182B0EFF3058515F0FF052AD12D
:107A70001F4603680646002B64D01446334A8846E6
:107A80001278FF2A32D0FAF795FD40F2E732231A36
:107A900067EB0101981841F10001B0F57A7F71F1AF
:107AA00000032EDA00233268C2E88F3F88F3108883
:107AB000274B5A6A97420BD89B6AA34206D30120F0
:107AC00002B0BDE8F08100F08FF8FEE79742F6D1F2
:107AD0004FF0E0234FF08052C3F8042DBFF34F8FD7
:107AE000BFF36F8F002002B0BDE8F081C3E88F5F65
:107AF00081F310882046394602B0BDE8F041FAF71C
:107B000003BC4FF47A72002304F056F80028C9D061
:107B10003368C3E88F5F88F31088012200903068D3
:107B20000C492B46401A0C49A1FB0051090901EBF5
:107B30004101A0EBC101094802FA01F1006800F01F
:107B400009F9B5E700F050F8FEE700BF95160020F0
:107B500000000B409C1B0020ABAAAAAA18260120FB
:107B600008B500F0E9F8014B186008BD182601209F
:107B700008B54FF050431A68824209D0074A92F97B
:107B80000010002907DB01228A40C3F8802108BDCC
:107B900000F02AF8FEE700F027F8FEE79416002030
:107BA0000BA10CC9126853F82210086806C881F3AB
:107BB0000B88022181F31488203080F30988BFF3F9
:107BC0006F8F4FF0000080F311881047AFF30080F3
:107BD000000000D06024002062B661B6BFF34F8F72
:107BE000BFF36F8F66DF00BFEFF311804FF010011E
:107BF00081F31188BFF34F8FBFF36F8F704700BFC2
:107C000080F31188BFF34F8FBFF36F8F704700BFB2
:107C1000EFF309811EF0100F08BF21ED108AEFF37A
:107C20000B82734621E9FC0F55FC084457FC09649C
:107C300059FC0A8401E9F00319A00CC8106853F834
:107C4000203019604FF0100181F31188BFF34F8F7E
:107C5000BFF36F8F01F0D8FB4FF0000080F3118865
:107C60000FA10CC9126853F8221008681838B0E840
:107C7000F00345EC004447EC016449EC0284B0E8B1
:107C8000FC0F13F0100F08BFB0EC108A82F30B88C2
:107C900080F30988184700BFAFF30080AFF300807E
:107CA000000000D0602400201EF0040F0CBFEFF392
:107CB0000880EFF30980014908470000C1770010F0
:107CC0002DE9F843A8B3B1F1807F0D462ED20646C8
:107CD00000F10C0901F0CAFA336834692B43A1455D
:107CE00033601ED04FF0000809E037B1D30148BF20
:107CF00048EA050802F074FF3368A1450FD020461A
:107D00000268646822F07F4512F0806F43F00071D2
:107D100005EA0307E9D0BD42E8D0A145EFD123EA47
:107D200008033360BDE8F84302F00EBFFFF75CFFC5
:107D3000FEE7FFF759FFFEE710B5182003F0AEFC91
:107D4000044620B1002340F8043B00F0CBF8204665
:107D500010BD00BF2DE9F04100284FD0B1F1807F68
:107D60000C4619D211B9FFF73FFFFEE7074616464A
:107D70001D4601F0CDFF90B9069B002B41D101F0CB
:107D800075FAD7F8008075BB14EA080F2ED102F0FF
:107D9000DBFE4046BDE8F081FFF726FFFEE701F07D
:107DA00065FAD7F800807DB334EA08031ED0069B3D
:107DB000002BECD0311E18BF01211A46090641F0F4
:107DC00080612143381D01F037FD02F0BDFEB0B3E4
:107DD00003F0F6F810F0007F804621D028F07F48AD
:107DE0004046BDE8F08134EA0803D0D1002ECED061
:107DF00028EA04043C6002F0A7FECAE7FFF7F4FE9D
:107E0000FEE7FFF7F1FEFEE714EA080FEED1069B4E
:107E1000002BBCD0311E18BF01211A460906D0E73D
:107E200002F00AFAD7F8008065B914EA080F03D007
:107E300016B128EA04043C6002F0ECFACEE702F046
:107E4000DBF9C5E734EA0803F6D1F1E72DE9F84399
:107E5000B0B3B1F1807F0C462FD2064600F10C0979
:107E600001F004FA336835691C43A94534601ED01B
:107E70004FF0000809E037B1DB0148BF48EA0208CB
:107E800002F0AEFE3468A9450FD0284603686D683D
:107E900023F07F4213F0806F44F0007102EA040780
:107EA000E9D0BA42E8D0A945EFD124EA0804346009
:107EB00002F04AFE2046BDE8F883FFF795FEFEE794
:107EC000FFF792FEFEE700BF8C4600B586461346DC
:107ED0007146624602485DF804EB03F07FBA00BFCA
:107EE000C17C00104FF0FF31002200F10803C0E90F
:107EF0000131C0E903330260704700BF0023036112
:107F0000704700BFD0E9003210B494680133C1E972
:107F10000124616091605DF8044B08610360704763
:107F200030B40D686B1C10D000F108031C465B6870
:107F30001A68AA42FAD902684B60013299608C60D3
:107F40006160086130BC0260704704696368F2E7F1
:107F50000346026910B45468406899689C42816085
:107F6000486008BF5160002110685DF8044B01387B
:107F700019611060704700BF70B51646026C044668
:107F8000856B2AB9066801354EB31046A56370BDEE
:107F90008EB9406803F0FCFC6368216CA2680B4456
:107FA0009342636028BF236805F1010528BF636021
:107FB0000020A56370BDC06803F0EAFC226CE36892
:107FC00051429B1A2268E360934202D2A3680B4499
:107FD000E360022E08D001350020A56370BD8068E3
:107FE00002F01CF8A660D1E7012D38BF0125DFE7BC
:107FF00030B583B040B1A1FB0023044623B901FB97
:1080000000F010F1490F02D9FFF7EEFDFEE748300E
:10801000019103F043FB054620B3019929B300F118
:108020004803C5E90F412B6002F006F90023FF2049
:10803000AB63296CEB6B2A6801FB03F3591A6A6086
:1080400013440A4485F84400C5E9023285F8450026
:1080500005F11000FFF746FF05F12400FFF742FF8E
:1080600002F0D8F9284603B030BD0346D9E700BF77
:108070002DE9F04385B00192002800F00D810446FF
:1080800088461F46002900F0F380022F03D1E36BDE
:10809000012B40F0F48001F03BFE002800F09080BE
:1080A00002F0CAF8A26BE36B9A4279D3022F77D021
:1080B000002304F12406019A002A00F0F080002B2E
:1080C00000F0D28002F0A6F901F0D0F802F0B4F886
:1080D00094F84430FF2B04BF002384F8443094F814
:1080E0004530FF2B04BF002384F8453002F092F99D
:1080F00002A801A901F0C0FC002840F0D68002F0DF
:108100009BF8A26BE36B9A4261D002F083F902F014
:1081100093F894F8452055B2002D04DC11E06A1E56
:10812000D3B255B26BB1636A5BB1304601F034FC37
:108130000028F4D001F0D2FD6A1ED3B255B2002B54
:10814000F1D1FF2384F8453002F064F902F074F8AD
:1081500094F8442055B2002D14DD04F1100903E019
:108160006A1ED3B255B26BB123695BB1484601F0C8
:1081700013FC0028F4D001F0B1FD6A1ED3B255B251
:10818000002BF1D1FF2384F8443002F043F902F0D0
:10819000DBFC02F051F8A16BE26B012391428AD221
:1081A0003A4641462046FFF7E7FE636A002B6CD152
:1081B000002867D102F02EF9012005B0BDE8F08358
:1081C000019B002B3FF46CAFFFF70EFDFEE704F1BF
:1081D000100902F01FF94846019901F00FFB02F067
:1081E0002BF894F845305DB2002D04DC11E06B1ED5
:1081F000DAB25DB26AB1636A5BB1304601F0CCFBC2
:108200000028F4D001F06AFD6B1EDAB25DB2002ADC
:10821000F1D1FF2384F8453002F0FCF802F00CF8AD
:1082200094F844305DB2002D04DC11E06B1EDAB22C
:108230005DB26AB123695BB1484601F0ADFB00282D
:10824000F4D001F04BFD6B1EDAB25DB2002AF1D121
:10825000FF2384F8443002F0DDF802F075FC0028BA
:1082600097D101F0C9FF94E702A801F0F9FB29E7D3
:10827000036C002B3FF409AFFFF7B6FCFEE7FFF7F6
:10828000B3FCFEE701F0B8FF94E704F1240001F02D
:1082900083FB00288ED0F5E7FFF7A6FCFEE702F08F
:1082A000B9F8002005B0BDE8F08301F0C5FF94F8EF
:1082B00045305DB2002D10DD04F1240603E06B1E95
:1082C000DAB25DB24AB1636A3BB1304601F064FB99
:1082D0000028F4D001F002FDF1E7FF2384F84530D7
:1082E00002F098F801F0A8FF94F844305DB2002D38
:1082F00010DD04F1100603E06B1EDAB25DB24AB184
:1083000023693BB1304601F047FB0028F4D001F06F
:10831000E5FCF1E7FF2384F8443002F07BF802F03B
:1083200013FCBEE738B5482003F0B8F9044650B353
:10833000002501232060C0E90F3501F07DFFD4E95D
:108340000F31FF2001FB03F32268591A62601344C6
:108350000A44C4E90232A56384F8440084F8450065
:1083600004F11000FFF7BEFD04F12400FFF7BAFD91
:1083700002F050F82B462A4629462046A560256083
:10838000E560FFF775FE204638BD00BF2DE9F041DE
:1083900088B304460D4617461E4649B3022E17D130
:1083A000E36B012B2AD1FFF799FA01F0DDFF80463C
:1083B000A36B294694F84550324620466DB2A36B14
:1083C000FFF7DAFD6B1C1CD1636A2BBB012409E0AB
:1083D000FFF784FA01F0C8FFA26BE36B80469A4274
:1083E000E7D30024404602F0ABFD2046BDE8F08113
:1083F000036C002BD2D0FFF7F7FBFEE7FFF7F4FB8F
:10840000FEE700F0EBFF8542E0D27F2D0FD06B1C22
:108410005BB284F84530D9E704F1240001F0BCFADE
:108420000028D3D0002FD1D001233B60CEE7FFF747
:10843000DBFBFEE7F8B5E8B1036C0446D3B903688B
:108440000D462BB3FFF74AFA01F08EFFA36BE26BE8
:1084500006469A4222D994F845200133FF2AA363A5
:1084600057B20AD1636A13BB0124304602F068FD9B
:108470002046F8BDFFF7B8FBFEE700F0AFFF8742EC
:10848000F2D27F2F10D07B1C5BB284F84530EBE733
:108490008368002BD6D0FFF7A7FBFEE70024304609
:1084A00002F04EFD2046F8BDFFF79EFBFEE704F10B
:1084B000240001F071FA0028D6D0002DD4D0012379
:1084C0002B60D1E72DE9F04385B00192002800F040
:1084D000358104460F46002900F0228101F018FC86
:1084E000002800F0248101F0A7FEA56B002D40F0CC
:1084F0002881019B002B00F0BE8002A801F0B0FA99
:10850000A84604F1240601F085FF00F0AFFE01F05B
:1085100093FE94F84430FF2B08BF84F8448094F80D
:108520004530FF2B08BF84F8458001F073FF01A997
:1085300002A801F0A1FA00284CD101F07DFEA36B46
:10854000002B00F09E8001F065FF01F075FE94F8AD
:1085500045305DB2002D14DD04F1240903E06B1EEB
:10856000DAB25DB26AB1636A5BB1484601F014FAEF
:108570000028F4D001F0B2FB6B1EDAB25DB2002A23
:10858000F1D1FF2384F8453001F044FF01F054FE9F
:1085900094F844305DB2002D14DD04F1100903E0BD
:1085A0006B1EDAB25DB26AB123695BB1484601F075
:1085B000F3F90028F4D001F091FB6B1EDAB25DB242
:1085C000002AF1D1FF2384F8443001F023FF02F0A8
:1085D000BBFA47E001F030FE94F845305DB2002D63
:1085E00004DC11E06B1EDAB25DB26AB1636A5BB1A2
:1085F000304601F0D1F90028F4D001F06FFB6B1E7A
:10860000DAB25DB2002AF1D1FF2384F8453001F0DF
:1086100001FF01F011FE94F844305DB2002D14DD2D
:1086200004F1100903E06B1EDAB25DB26AB123698E
:108630005BB1484601F0B0F90028F4D001F04EFBE0
:108640006B1EDAB25DB2002AF1D1FF2384F8443008
:1086500001F0E0FE02F078FA01F0EEFDA36B53B1F9
:1086600001F0D8FE01F0E8FDA56B002D69D1019B5A
:10867000002B7FF448AF01F0CDFE002005B0BDE82F
:10868000F08304F1240901F0C5FE4846019901F088
:10869000B5F801F0D1FD94F845305DB2002D04DC51
:1086A00011E06B1EDAB25DB26AB1636A5BB1484633
:1086B00001F072F90028F4D001F010FB6B1EDAB261
:1086C0005DB2002AF1D1FF2384F8453001F0A2FE0B
:1086D00001F0B2FD94F844305DB2002D14DD04F1D8
:1086E000100903E06B1EDAB25DB26AB123695BB1B7
:1086F000484601F051F90028F4D001F0EFFA6B1E62
:10870000DAB25DB2002AF1D1FF2384F8443001F0DF
:1087100081FE02F019FA0028A4D101F06DFDA1E755
:10872000036C002B3FF4DAAEFFF75EFAFEE7019B25
:10873000002B3FF4D8AEFFF757FAFEE7FFF754FAE5
:10874000FEE7226C5AB1E168A36811449942E160E6
:1087500028BF2168384628BFE16003F019F9236972
:10876000013DA5631BB901F055FE012086E704F128
:10877000100001F011F90028F5D001F03DFDF2E7FD
:108780002DE9F04184B00191002800F04081076C90
:1087900004464FB901F0BCFA054640B9019B002BD5
:1087A00040F03281074603E0FFF71EFAFEE73D4640
:1087B00004F1240601F040FDA36B002B40F038814A
:1087C000019B002B00F01D81002D00F0B98001F00D
:1087D00021FE00F04BFD01F02FFD94F84430FF2BFB
:1087E00004BF002384F8443094F84530FF2B04BFC5
:1087F000002384F8453001F00DFE02A801A901F024
:108800003BF900284DD101F017FDA36B002B00F0C0
:108810009B8001F0FFFD01F00FFD94F845305DB243
:10882000002D14DD04F1240803E06B1EDAB25DB202
:108830006AB1636A5BB1404601F0AEF80028F4D03B
:1088400001F04CFA6B1EDAB25DB2002AF1D1FF23BF
:1088500084F8453001F0DEFD01F0EEFC94F8443080
:108860005DB2002D14DD04F1100803E06B1EDAB2D6
:108870005DB26AB123695BB1404601F08DF8002812
:10888000F4D001F02BFA6B1EDAB25DB2002AF1D1FE
:10889000FF2384F8443001F0BDFD02F055F90125B5
:1088A00088E701F0C9FC94F845305DB2002D04DC86
:1088B00011E06B1EDAB25DB26AB1636A5BB1304639
:1088C00001F06AF80028F4D001F008FA6B1EDAB261
:1088D0005DB2002AF1D1FF2384F8453001F09AFD02
:1088E00001F0AAFC94F844305DB2002D14DD04F1CF
:1088F000100803E06B1EDAB25DB26AB123695BB1A6
:10890000404601F049F80028F4D001F0E7F96B1E69
:10891000DAB25DB2002AF1D1FF2384F8443001F0CD
:1089200079FD02F011F901F087FCA36B002B5ED1F9
:1089300001F070FD002F5DD1002004B0BDE8F08192
:1089400002A801F08DF842E701F064FD2368002BD6
:1089500065D004F124084046019900F04FFF01F072
:108960006BFC94F845305DB2002D04DC11E06B1E09
:10897000DAB25DB26AB1636A5BB1404601F00CF8ED
:108980000028F4D001F0AAF96B1EDAB25DB2002A19
:10899000F1D1FF2384F8453001F03CFD01F04CFC9F
:1089A00094F844305DB2002D14DD04F1100803E0AA
:1089B0006B1EDAB25DB26AB123695BB1404600F06A
:1089C000EBFF0028F4D001F089F96B1EDAB25DB23A
:1089D000002AF1D1FF2384F8443001F01BFD02F09E
:1089E000B3F800287FF45BAF01F006FC57E701F015
:1089F00011FD54E701F020FC616A59B9A06801F04B
:108A00007DFB01F007FD97E7FFF7EEF8FEE7FFF7C4
:108A1000EBF8FEE7236B1968C1F10501EEE701F001
:108A20000BFCA06801F07EFA074601F0F3FC90E72A
:108A30002268013BA36372B123691BB901F0EAFC10
:108A400001207AE704F1100000F0A6FF0028F5D01D
:108A500001F0D2FBF2E702F0D5FAA060ECE700BF2C
:108A600070B505460E46144601F0E6FB95F8443015
:108A7000FF2B04BF002385F8443095F84530FF2BC9
:108A800004BF002385F8453001F0C4FCAB6B002B1C
:108A900043D001F0D1FB95F845305CB2002C14DDD9
:108AA00005F1240603E0631EDAB25CB26AB16B6AB8
:108AB0005BB1304600F070FF0028F4D001F00EF9F1
:108AC000631EDAB25CB2002AF1D1FF2385F845308B
:108AD00001F0A0FC01F0B0FB95F844305CB2002C32
:108AE00014DD05F1100603E0631EDAB25CB26AB170
:108AF0002B695BB1304600F04FFF0028F4D001F045
:108B0000EDF8631EDAB25CB2002AF1D1FF2385F8DA
:108B10004430BDE8704001F07DBC2246314605F18D
:108B2000240000F0E5FEB4E7064C08B5FEF73CFE75
:108B30002368022B00D8FEE7FEF736FE2368022BDF
:108B4000FAD8F8E77C2400204FF05042324B1268EC
:108B500070B553F82230002B3BD0836B002B02DB27
:108B6000836B012B34DD2D4C036B21682568096B69
:108B7000ED6B013BED07256848BF01F1FF31AD6B9F
:108B8000002D03DB2568AD6B012D30DD4FF0FF3587
:108B900061686668096BF66BF607666848BF01F1A5
:108BA000FF31B66B002E03DB6668B66B012E13DD5A
:108BB00075B995422AD054F825309B6B023307D003
:108BC0002846FEF7D5FF6FF0010254F825309A636E
:108BD00070BDFFF709F8FEE7114E7668002EE7D169
:108BE0009942E5DC43689B07E2D50125E1E70C4D9E
:108BF0002D68002DCAD18B42C8DB466806F00106FD
:108C0000002E14BF0B464FF0FF35C1E70122044B85
:108C100043F8252070BD00BF882501206024002076
:108C20009C260120744B2DE9F0471D6801351D601D
:108C3000002D65D0DFF8E081D8F800309D427BD36D
:108C4000DFF8C091D9F800301B68002B00F0B3802A
:108C500000266A4C6A4F45E09969DA68D3F810A09B
:108C60001846C2F808A0CAF804204A6862450A6893
:108C700008BFC1F804A0013A9E610A60D96A71B1C7
:108C8000D3E9082AC2F808A0CAF804204A68724545
:108C90000A6808BFC1F804A0013ADE620A601A6BD4
:108CA000D7F800E002EB8201724504EB810E88BF29
:108CB0003A60DEF80420D2F808A0DA60C3F810A009
:108CC000CAF804C0C2F808C054F82120C3F818E05C
:108CD000013244F82120FFF737FFD9F800301B6834
:108CE000002B69D0D9F80030DB68DB689A6803F1A3
:108CF000080C954203F11C0EAED2C8F800201CE00F
:108D0000404B1A681268002A63D13F4A18681168FC
:108D100019603E4910600A6801320A601A681268D8
:108D2000002A4ED14FF0FF33DFF8EC80C8F8003056
:108D3000D8F800309D4283D2304C354E4FF050422F
:108D400033681B6B03EB830354F82330012B85BF7F
:108D50000123304D2F4D2B6073681B6B03EB830396
:108D600054F82330012B84BF01236B602B681468F7
:108D70002BB1002C3AD033689B6B02332ED16B6839
:108D80001BB900242046BDE8F087012CFAD04FF033
:108D900050431B68012B1FD0002473689B6B023368
:108DA000F0D00120FEF7E4FE6FF001027368204668
:108DB0009A63BDE8F087114C4FF0FF33C8F80030DC
:108DC000BBE71B68DFF85080DB681B68C8F8003021
:108DD00032E7FEF709FFFEE76B60D2E70020FEF7FF
:108DE000C7FE6FF0010233689A63C8E76B6801241D
:108DF000002BD2D1C6E700BF902601207C240020A2
:108E0000B82501206C24002074240020382601207D
:108E1000602400209C260120342601204FF050437E
:108E20006C4A1B682DE9F04752F82380D8F83820A7
:108E3000023240F09980684E684F694D694C5A0083
:108E400006F1010A57F82390B9F1000F43D12A44E3
:108E50005378002B53D06378002B57D06378013BB5
:108E6000DBB26370002B4DD0D8F83830023340F0BD
:108E7000AB800020FEF7C4FEFEF7B6FE4FF0504375
:108E80001B68DAE8CF2F0121002A01D1CAE8421F6E
:108E9000BFF35F8F002A3CD15A006178002974D15A
:108EA0000120A91860704870D6E8CF1F0120002962
:108EB00001D1C6E8410FBFF35F8F002944D015F8F8
:108EC0001310002935D02178FF2974D02178013181
:108ED000C9B221703EE0002147F8231015F81310A5
:108EE000002943D0217809B321780139C9B2217012
:108EF0000029ACD105F81310C6E88F1FA7E7FEF7CD
:108F000073FEFEE75370CAE88F3FADE7FEF76CFED5
:108F1000FEE705EB430251785A0051B36178FF290F
:108F20004FD061780131C9B26170BDE7FEF75CFED8
:108F3000FEE7D6E8CF0F01210028FAD1C6E8401F8E
:108F40000028F6D1BFF35F8F217809BB0121217082
:108F500005F8131047F82390B9F1000F1BD0D8F88B
:108F6000381002313FF46EAFBDE8F087FEF73CFEEB
:108F7000FEE7DAE8CF0F01210028FAD1CAE8401F46
:108F80000028F6D1BFF35F8F87E7FEF72DFEFEE7DF
:108F9000FEF72AFEFEE715F8131079B12178B1B17A
:108FA00021780139C9B221700029D8D105F8139070
:108FB000C6E88F9FD3E7FEF717FEFEE7FEF714FE25
:108FC000FEE7FEF711FEFEE7FEF70EFEFEE7FEF7F8
:108FD0000BFEFEE760240020AC1B0020882501204A
:108FE000802501208425012070B582B0FEF7FCFDAC
:108FF0004FF050434D4A1B6852F8232012B1FEF740
:10900000F3FDFEE74A4AD2E8CF1F0124002901D12F
:10901000C2E8414FBFF35F8F464D31BB464C59000C
:109020006378002B6BD10123294463704B70434E4E
:109030003368002B69D04FF05042414B1268D3E89F
:10904000CF1F5FF0010C002901D1C3E841CFBFF36E
:109050005F8F31B315F81210B1B12178FF2962D0BA
:1090600021780131C9B2217022E0590005EB430398
:109070005B78002B34D0304C6378FF2B50D0637872
:109080000133DBB26370D2E7D3E8CFCF0121BCF16B
:10909000000FF9D1C3E84C1FBCF1000FF4D1BFF3AE
:1090A0005F8F217800292DD10121217005F8121040
:1090B00031680131316015F8121000292AD0217869
:1090C00000292AD021780139C9B2217019B905F8CF
:1090D0001210C3E88F1F02B0BDE87040FEF790BDCC
:1090E000D2E8CF4F0123002CFAD1C2E8443F002C34
:1090F000F6D1BFF35F8F104C6378002B93D0FEF74F
:1091000073FDFEE7FEF770FDFEE70190FFF786FEB8
:10911000019890E7FEF768FDFEE7FEF765FDFEE7C4
:10912000FEF762FDFEE7FEF75FFDFEE78825012002
:10913000AD1B00208025012084250120B0250120C1
:10914000AC1B00202DE9F84F4FF0504A414C424AE9
:1091500027680446414BD2F800800E46D3F80090B1
:109160003F4DFEF741FDDAF8003055F823B0FEF729
:1091700047FD0BF10800FEF7EBFE631C00D186BB38
:109180004FF050463C192CBF01270027FEF72CFD5D
:10919000336855F823A0FEF733FDCAF8084097B9A5
:1091A000FEF722FD336855F82350FEF729FD4046AF
:1091B00005F10801FEF7B4FE2A4B1A68A24288BFE7
:1091C0001C60BDE8F88FFEF70FFD336855F82340AB
:1091D000FEF716FD484604F10801BDE8F84FFEF71A
:1091E0009FBE214C6668FEF7FFFCDAF8003055F8A8
:1091F0002370FEF705FDFE60FEF7F6FCDAF800309E
:1092000055F82370FEF7FCFCB3683B61FEF7ECFCFD
:10921000DAF8003055F82370FEF7F2FCB36808372F
:109220005F60FEF7E1FCDAF8003055F82370FEF7D6
:10923000E7FC0837B760FEF7D7FCDAF8003055F8DE
:109240002350FEF7DDFC2368AC6101332360BDE8E9
:10925000F88F00BF902601206C2400207424002089
:10926000602400203426012068260120514B1B6811
:1092700003B9704770B582B0FEF7B6FC4FF05043AB
:109280004D4A1B6852F82320002A33D14B4AD2E8BA
:10929000CF1F0124002901D1C2E8414FBFF35F8FE6
:1092A000474D002955D15900464C6378002B6DD1AC
:1092B0000123294463704B70434E3368002B68D000
:1092C0004FF05042414B1268D3E8CF1F5FF0010CC2
:1092D000002901D1C3E841CFBFF35F8FD1B115F8A9
:1092E000121051B12178FF2961D021780131C9B222
:1092F000217016E0FEF778FCFEE7D3E8CFCF01211E
:10930000BCF1000FF9D1C3E84C1FBCF1000FF4D140
:10931000BFF35F8F2178002940D10121217005F82A
:10932000121031680131316015F8121000292AD06D
:109330002178002935D021780139C9B2217019B9B5
:1093400005F81210C3E88F1F02B0BDE87040FEF7A9
:1093500057BC590005EB43035B7843B1194C637864
:10936000FF2B21D063780133DBB26370A4E7D2E82E
:10937000CF4F0123002CFAD1C2E8443F002CF6D194
:10938000BFF35F8F90E7FEF72FFCFEE7FEF72CFCA4
:10939000FEE70190FFF742FD019891E7FEF724FCFC
:1093A000FEE7FEF721FCFEE7FEF71EFCFEE7FEF7F8
:1093B0001BFCFEE75C26012088250120AD1B002058
:1093C0008025012084250120B0250120AC1B002030
:1093D000014B1868704700BF90260120014B1868A8
:1093E000704700BFA8250120054B1B680BB9FFF78C
:1093F00019BC044A0020136801331360704700BF92
:10940000B0250120442601202DE9F04F0446954E59
:1094100083B0D6E8CF3F0122002B01D1C6E8432F0D
:10942000BFF35F8F904F4FEA4009BBB107EB40039A
:109430005B7843B18D4D6B78FF2B7ED06B78013319
:10944000DBB26B7013E0D6E8CF2F0123002AFAD1EC
:10945000C6E8423F002AF6D1BFF35F8F834D6B7899
:10946000002B64D1012207EB09036A705A70804A0D
:10947000D2E8CF3F0121002B01D1C2E8431FBFF347
:109480005F8FE3B117F8143073B12B78FF2B00F026
:10949000CA802B780133DBB22B70764B53F8243023
:1094A000CBB1FEF7A1FBFEE7D2E8CF1F01230029D5
:1094B000FAD1C2E8413F0029F6D1BFF35F8F2B7884
:1094C000002B37D101232B7007F81430694B53F868
:1094D0002430002BE5D1684B1B68002B33D00121D1
:1094E000664B43F8241017F814304BB32B78002B3D
:1094F00000F09C802B78013BDBB22B701BB907F886
:109500001430C2E88F3F4F447B78002B00F0D780A7
:109510006B78002B00F08D806B78013BDBB26B70B9
:1095200013B97B70C6E88F3F03B0BDE8F08FFEF73C
:109530005BFBFEE7FEF758FBFEE7FEF755FBFEE799
:10954000FEF752FBFEE74D4941F824304C4B4D49A4
:10955000D1F800A01B68012B40F0AE80DFF82C8111
:10956000494858F82410D1F818C058F82410096B4D
:1095700001EB810100EB81018C455DD04FF0010CC6
:1095800001932B4640490AEB8A0001EB80005546C7
:109590006146BE469A4608300CFA04FC09E019B14F
:1095A000384F3B68013B3B601438002D00F08A8047
:1095B000013D50F8083C002BF1D04368834200F095
:1095C0008780AB4606E058F824108F4260D05B6875
:1095D00083426ED0DF68B96B4D1CF4D17D681CEA04
:1095E000050FF4D08B467146BE460F4658F824103E
:1095F0005546C1F838B058F82410019BCEF83840D1
:1096000048F824E049B1D1F830C01F480CEB8C0E6B
:1096100000EB8E0E886970455CD04FF050431B689C
:1096200058F823305FE7FEF7DFFAFEE7FEF7DCFAD3
:10963000FEE7FEF7D9FAFEE758F824000193083058
:10964000FEF786FC58F824100F4B086B58F82410CE
:1096500000EB800003EB80000831FEF753FC044A66
:10966000019B8BE7AD1B0020802501208425012074
:10967000AC1B002088250120B02501209C2601205C
:109680005C260120B82501207C24002060240020D5
:10969000B96B8C4202D0B96B023116D179681CEAE1
:1096A000010F94D07346BE4655461F46CEF838404B
:1096B000B3E75D46002177E7FEF796FAFEE7FEF78F
:1096C00093FAFEE755467746A7E7FEF78DFAFEE7E1
:1096D000002169E7D1F83CE049681EF0010F6046BF
:1096E00018BF0CF1FF3021FA04FC1CF0010F05D06B
:1096F00058F824C0DCF804C021EA0C0111F0020F74
:1097000001F0030C23D0D8F804C0D8F804E0DCF84A
:1097100030C0DEF83CE01EF0010F01D00CF1FF3C40
:10972000844501F0010A0DDAD8F804E0DEF838E0EB
:10973000BEF1000F06DBD8F804E0DEF838E0BEF139
:10974000010F49DDBAF1000F3FF467AF03E0BCF150
:10975000000F3FF462AFD8F80010D8F800C0096BD2
:10976000DCF83CC01CF0010F18BF01F1FF3188424A
:1097700009DDD8F80010896B002904DBD8F8001047
:10978000896B01291ADD4FF05041BBF1FF3F096899
:109790003FF443AF99421AD058F82310896B023135
:1097A0003FF43BAF18460193FEF7E2F96FF0010179
:1097B000019B104A58F8233099632EE70E49096837
:1097C0000029E0D10B464FF050410968E2E7012340
:1097D000094840F8213020E70749D1F804E0BEF1FC
:1097E000000FAFD1BAF1000FEDD060464FF0010B82
:1097F000B1E700BFAC1B00209C26012070B5B0B1C2
:109800000D460446FEF7F0F94FF05042094B12683E
:1098100053F82260FEF7F4F9204606F11C01FEF72A
:109820007FFB2846BDE870400121FFF78BBCFEF7A7
:10983000DBF9FEE7602400202DE9F843002850D032
:10984000294B1B6813B9FEF7CFF9FEE74FF05047DD
:109850000D4604469046254EFEF7C6F93B6845F096
:10986000004556F82390FEF7CBF9C9F81C506568FF
:10987000FEF7BAF93B6856F82390FEF7C1F9C9F82C
:109880002050FEF7B1F93B6856F82390FEF7B8F97F
:10989000AB68C9F82430FEF7A7F93B6856F8239067
:1098A000FEF7AEF9AA6809F11C035360FEF79CF9B4
:1098B0003B6856F82390FEF7A3F909F11C03AB604F
:1098C000FEF792F93B6856F82350FEF799F901210B
:1098D000236840460B44EC622360BDE8F843FFF781
:1098E00031BCFEF781F9FEE7B0250120602400209D
:1098F0002DE9F047002849D04FF05047044615465F
:109900008846D0F80490234EFEF76EF93B6856F86F
:1099100023A0FEF775F9CAF82090FEF765F93B68B9
:1099200056F823A0FEF76CF9D9F80830CAF82430AD
:10993000FEF75AF93B6856F823A0FEF761F9D9F80B
:1099400008200AF11C035360FEF74EF93B6856F8F5
:1099500023A0FEF755F90AF11C03C9F80830FEF7F9
:1099600043F93B6856F82360FEF74AF92368002D57
:1099700003F10103F462294608BF4046236018BF83
:109980004FF0FF30BDE8F047FFF7DCBBFEF72CF9E6
:10999000FEE700BF60240020C36870B5D8680028C7
:1099A00051D0D0E908420025C36AA26054605C68C7
:1099B00000F11C018C42254C08BF5A601A682468CB
:1099C000013AC5621A60B4B1214B5C68A268C0E973
:1099D000084251601A68A1600132C3621A60FFF741
:1099E000B3F84FF050421B4B126853F82200003876
:1099F00018BF012070BD8369D0E903128A605160ED
:109A0000596800F10805A94208BF5A601A6812494E
:109A1000013A1A60036B0A689342104A88BF0B60D0
:109A200003EB83034FEA830C02EB83035C6852F879
:109A30000C10A6680131C46006617560A560836181
:109A400042F80C10CBE7FEF7CFF8FEE7B025012077
:109A5000482601209C260120B82501207C240020D6
:109A6000034A044B12681B68C0E90023704700BF1B
:109A70003826012090260120F8B5002800F09880B3
:109A80000D4600294ED00446FEF7AEF84FF0504385
:109A9000884E1B6832686AB1874A52F82310002941
:109AA00043D052F82310013142F8231052F82330EA
:109AB000012B76D02B68814A581C116830D0D4E92C
:109AC0000070DFF814E2DEF800C067451CD0884261
:109AD0001AD8002301242B604FF0504332681B68D2
:109AE00082B1754A52F82310002957D052F823103A
:109AF00041B152F82310013942F8231052F82320C3
:109B0000002A6AD02046F8BDA1EB000C6345E0D9DD
:109B10005B1A0344DEF800102B601368C4E90013DD
:109B20000024D9E7FEF760F8FEE76549D1E8CF0FDA
:109B30000127002801D1C1E8407FBFF35F8F0028D3
:109B400039D160485F00604991F801C0BCF1000F55
:109B500040F097804FF0010C074481F801C087F86E
:109B600001C05A4FD7E8CFCF5FF0010EBCF1000F14
:109B700001D1C7E84CEFBFF35F8FBCF1000F6AD093
:109B800010F813C0BCF1000F57D00878FF2800F080
:109B90008A8008780130C0B2087082E7FEF724F8A6
:109BA000FEE74B4B1B68002B84D1FFF737F981E7A9
:109BB000FEF71AF8FEE743485F0000EB430C9CF801
:109BC00001C0BCF1000F4DD03F494F78FF2F61D04D
:109BD0004F780137FFB24F70C3E73E4A394852F819
:109BE000235010F81320002A51D037490A78002A50
:109BF00053D00A78013AD2B20A7022B900F8132081
:109C0000324EC6E88F2F00EB43004378002B47D03D
:109C10004B78002B4AD04B78013BDBB24B701BB921
:109C20004370274AC2E88F3F0020FDF7E9FF002D6F
:109C30003FF468AFFDF7B8FD64E7D7E8CFEF5FF01A
:109C4000010CBEF1000FF8D1C7E84ECFBEF1000FF6
:109C5000F3D1BFF35F8F0F78B7B901270F7000F80A
:109C600013701EE7D1E8CFEF5FF0010CBEF1000FDB
:109C7000F8D1C1E84ECFBEF1000FF3D1BFF35F8F33
:109C800061E7FDF7B1FFFEE7FDF7AEFFFEE7FDF789
:109C9000ABFFFEE7FDF7A8FFFEE7FDF7A5FFFEE738
:109CA000FDF7A2FFFEE7FDF79FFFFEE7FDF79CFF34
:109CB000FEE700BF5C2601208825012090260120B8
:109CC000AD1B00208025012084250120AC1B002035
:109CD000B02501209C260120382601204FF050425B
:109CE0000121024B126843F8221070479C26012084
:109CF00010B5FDF779FF4FF05042044B126853F84E
:109D00002240FDF77DFF204610BD00BF60240020EB
:109D100070B57C4C23680BB9012070BDFDF764FF62
:109D20004FF0504322681B68002A5BD0764A52F8F5
:109D30002310002960D052F82310744D013142F8ED
:109D4000231052F82330012B00F099804FF050433C
:109D50002D6822681B68002A49D06B4A52F82310EC
:109D6000002900F0898052F8231000293FD052F8D2
:109D70002310013942F8231052F82320002A36D14B
:109D8000634A644852F8234010F81320002A00F078
:109D9000A78061490A78002A00F0A8800A78013A71
:109DA000D2B20A7022B900F813205C4EC6E88F2F99
:109DB00000EB43004378002B00F09E804B78002B93
:109DC00000F09D804B78013BDBB24B701BB94370B8
:109DD000534AC2E88F3F0020FDF712FF3CB1FDF768
:109DE000E3FC04E0494D2D682268002AB5D1B5FA9C
:109DF00085F04009400070BD4949D1E8CF0F0125E9
:109E0000002801D1C1E8405FBFF35F8F20BB41480C
:109E10005D0041494E78002E4DD14FF0010C0544B4
:109E200081F801C085F801C03C4DD5E8CF6F5FF0E7
:109E3000010E002E01D1C5E846EFBFF35F8F002E63
:109E400032D010F813600EB30878FF2851D008788C
:109E50000130C0B208706EE72E485D0000EB430C85
:109E60009CF8016056B32C494D78FF2D3BD04D78BE
:109E70000135EDB24D70D7E7FDF7B6FEFEE72B6872
:109E8000002B7FF463AFFEF7C9FF5FE7D5E8CFEFA4
:109E90005FF0010CBEF1000FF8D1C5E84ECFBEF166
:109EA000000FF3D1BFF35F8F0D78B5B901250D70A9
:109EB00000F813503FE7FDF797FEFEE7D1E8CFEF3C
:109EC0005FF0010CBEF1000FF8D1C1E84ECFBEF13A
:109ED000000FF3D1BFF35F8F9BE7FDF785FEFEE731
:109EE000FDF782FEFEE7FDF77FFEFEE7FDF77CFE55
:109EF000FEE7FDF779FEFEE7FDF776FEFEE7FDF7EC
:109F000073FEFEE75C26012088250120B025012094
:109F10009C2601208025012084250120AC1B0020E7
:109F2000AD1B00202DE9F041044688B34FF05046A8
:109F3000076B374DFDF758FE336855F82380FDF762
:109F40005FFED8F830309F4224D2E369002B0ADB51
:109F5000FDF74AFE336855F82360FDF751FE336B79
:109F6000C3F10503E361236B2A4EA26903EB83036C
:109F700006EB83039A421CD0FDF736FE4FF05043A8
:109F80001B6855F82350FDF73BFE2B6B2363012024
:109F9000BDE8F081246DFDF727FE336855F82350A6
:109FA000FDF72EFE286B84422CBF00200120BDE867
:109FB000F08104F108073846FDF7CAFFFDF714FEEB
:109FC0004FF050431B6855F82350FDF719FE124A15
:109FD0002B6B116823638B4288BF136003EB8303F1
:109FE000980006EB8303596832588D68E16025615B
:109FF0006F608F60A361A36B0132002B325002DBD4
:10A00000A36B012BC3DD2046FEF79EFDBFE700BF1B
:10A01000602400207C240020B8250120D8B1F8B5A8
:10A020000446FDF7E1FD4FF05043304D1B6855F8F5
:10A030002360FDF7E5FDB44202D0FDF7D5FDFEE754
:10A04000636D53B1216B226D013B9142636500D07A
:10A0500033B10020F8BD00207047FDF7C5FDFEE7D5
:10A0600004F108063046FDF773FF214A236D11689D
:10A0700023638B4288BF13601E4AC3F1050003EBC4
:10A08000830302EB8307E0619B007868D158D0F826
:10A0900008E00131E060C4F810E0CEF804608660AA
:10A0A000A761D150A36B002B02DBA36B012B01DD59
:10A0B0000120F8BD4FF05043A26B1B689A420FD0AD
:10A0C000A36B55F823309B6B0233F1D0A06BFDF7E7
:10A0D0004FFD6FF00102A36B55F823309A63E7E759
:10A0E0000121A26B044B43F82210E1E76024002019
:10A0F000B82501207C2400209C26012090B1F0B5D9
:10A10000436D044683B053B1006D226B814238BF6A
:10A1100001468A4201D0012B05D003B0F0BDFDF706
:10A1200063FDFEE770470191FDF75EFD4FF0504380
:10A130002D4D1B6855F82360FDF762FDB44201996F
:10A1400048D0E269236B294E002A03EB8303A269FE
:10A15000216306EB8303A4BFC1F10501E1619A42CB
:10A16000DBD104F108073846FDF7F2FE204A236BE5
:10A1700011688B4288BF136003EB830306EB8300F7
:10A1800041689B00F258D1F808C00132E160C4F880
:10A1900010C0CCF804708F60A061F250A36B002B4C
:10A1A000BBDBA36B012BB8DC4FF05043A26B1B68E9
:10A1B0009A4212D0A36B55F823309B6B0233ACD07C
:10A1C000A06BFDF7D5FC6FF00102A36B55F82330AF
:10A1D0009A63A2E7FDF708FDFEE70121A26B054B9C
:10A1E00043F8221099E700BF602400207C2400205F
:10A1F000B82501209C26012010B5FDF7F5FC4FF095
:10A2000050430B4A1B68044652F8232042B10121F7
:10A21000084A2046BDE8104042F82310FDF7F0BC84
:10A22000FDF7C2FA2046BDE81040FDF7E9BC00BFCB
:10A23000882501209C26012038B5FDF7D5FC4FF07C
:10A240005043424A1B68126862B1414A52F82310D7
:10A2500049B152F82310013142F8231052F823304B
:10A26000012B2FD038BD3B49D1E8CF0F0124002866
:10A2700001D1C1E8404FBFF35F8F00283ED136487F
:10A280004FEA430C35494C78002C53D101248444C7
:10A290004C708CF80140324CD4E8CF5F5FF0010C79
:10A2A000002D01D1C4E845CFBFF35F8FFDB110F899
:10A2B00013507DB10878FF2845D008780130C0B22E
:10A2C0000870C6E7274B1B68002BCBD1BDE8384090
:10A2D000FEF7A4BDD4E8CFCF0125BCF1000FF9D122
:10A2E000C4E84C5FBCF1000FF4D1BFF35F8F0C7872
:10A2F0001CBB01240C7000F81340AAE716484FEA73
:10A30000430C00EB4304647844B114494C78FF2CAF
:10A3100016D04C780134E4B24C70BCE7D1E8CF5F82
:10A320000124002DFAD1C1E8454F002DF6D1BFF32D
:10A330005F8FA7E7FDF758FCFEE7FDF755FCFEE74A
:10A34000FDF752FCFEE7FDF74FFCFEE75C2601201F
:10A3500088250120AD1B00208025012084250120B7
:10A36000AC1B0020B025012038B54FF05043244AE3
:10A370001C68106800B938BDFDF736FC214A52F858
:10A3800024302BB152F82430013342F8243038BD48
:10A390001D4BD3E8CF1F0125002901D1C3E8415F40
:10A3A000BFF35F8F51B91949194B1D780DBB4FF0A1
:10A3B000010C83F800C001F814C0E3E7134911F859
:10A3C000145045B112490B78FF2B15D00B7801338F
:10A3D000DBB20B70D6E7D3E8CFCF0125BCF1000F7D
:10A3E000F9D1C3E84C5FBCF1000FF4D1BFF35F8F2C
:10A3F000DAE7FDF7F9FBFEE7FDF7F6FBFEE700BF46
:10A400005C26012088250120AC1B0020802501202E
:10A410008425012038B54FF05043284A1B68126844
:10A42000002A3BD0264A52F82310002937D052F890
:10A430002310002932D052F82310013942F823109A
:10A4400052F8232052BB1F491F4A51F8234012F8EB
:10A45000131039B31D49087838B308780138C0B2F1
:10A46000087020B902F81300194DC5E88F0F02EBF0
:10A4700043025378E3B14B78EBB14B78013BDBB24D
:10A480004B701BB95370134AC2E88F3F0020FDF791
:10A49000B7FB1CB1BDE83840FDF786B938BDFDF704
:10A4A000A3FBFEE7FDF7A0FBFEE7FDF79DFBFEE744
:10A4B000FDF79AFBFEE7FDF797FBFEE75C26012020
:10A4C000882501209C26012080250120842501204B
:10A4D000AC1B0020AD1B00202DE9F0410446FFF726
:10A4E000ABFE2C4A2C4E136801331360336823B340
:10A4F0002A4D2B4A1368013313602A4A236B1168D3
:10A500008B4288BF136003EB8303980005EB830342
:10A5100059682A588F68D6F800C0013204F108063D
:10A52000E16027617E608E60A3612A50BCF1000F5C
:10A5300028D1BDE8F041FFF76DBF1368174D012B1F
:10A54000D7D12F4605F1640838461437FDF7CAFC09
:10A550004745F9D1DFF86880134F4046FDF7C2FC4C
:10A560003846FDF7BFFC1148FDF7BCFC1048FDF76D
:10A57000B9FC1048FDF7B6FC0F4BC3F800800F4B39
:10A580001F60B6E72046FEF7DFFABDE8F041FFF7AF
:10A5900041BF00BFA82501205C2601207C240020AB
:10A5A000B4250120B82501200426012048260120D9
:10A5B0007C260120682601206C24002074240020C1
:10A5C000F02501202DE9F84F970081463846904646
:10A5D0000D469A46DDF828B001F060F8002800F03A
:10A5E0008E800646602001F059F80446002800F0ED
:10A5F00083806022002101F079F96663002D3BD051
:10A600002B7884F84030002B36D06B7884F84130BA
:10A6100093B3AB7884F8423073B3EB7884F843306B
:10A6200053B32B7984F8443033B36B7984F84530D5
:10A6300013B3AB7984F84630F3B1EB7984F8473043
:10A64000D3B12B7A84F84830B3B16B7A84F84930AF
:10A6500093B1AB7A84F84A3073B1EB7A84F84B301B
:10A6600053B12B7B84F84C3033B16B7B84F84D3085
:10A6700013B1AB7B84F84E30BBF1040F34D804F136
:10A6800008003D1FC4F830B0C4F850B0FDF736FCE8
:10A69000354404F11C00FDF731FC25F00705CBF132
:10A6A00005032846E3614A465346616B6461A46230
:10A6B000FDF7A2F82D1AB8EBA50F206023D94FF0B3
:10A6C000FF32124BA263994511D0114B99450ED020
:10A6D0000B9B03B11C604FF0FF3320466360FFF714
:10A6E000FBFE0120BDE8F88FFDF77EFAFEE7E36B85
:10A6F00043F00103E363EBE7304601F083F84FF0EA
:10A70000FF30BDE8F88FFDF76FFAFEE789AC001067
:10A71000298B00102DE9F84F970081463846904666
:10A720000D469A46DDF828B000F0B8FF002800F08A
:10A730008D800646602000F0B1FF0446002800F03E
:10A7400082806022002101F0D1F86663002D3BD0A9
:10A750002B7884F84030002B36D06B7884F8413069
:10A7600093B3AB7884F8423073B3EB7884F843301A
:10A7700053B32B7984F8443033B36B7984F8453084
:10A7800013B3AB7984F84630F3B1EB7984F84730F2
:10A79000D3B12B7A84F84830B3B16B7A84F849305E
:10A7A00093B1AB7A84F84A3073B1EB7A84F84B30CA
:10A7B00053B12B7B84F84C3033B16B7B84F84D3034
:10A7C00013B1AB7B84F84E30BBF1040F33D804F1E6
:10A7D00008003D1FC4F830B0C4F850B0FDF78EFB40
:10A7E000354404F11C00FDF789FB25F00705CBF18A
:10A7F00005032846E3614A465346616B6461A462DF
:10A80000FCF7FAFF2D1AB8EBA50F206022D94FF004
:10A81000FF32124BA263994510D0114B99450DD0D0
:10A820000C9B03B11C600B9B20466360FFF754FE3A
:10A830000120BDE8F88FFDF7D7F9FEE7E36B43F0A1
:10A840000103E363ECE7304600F0DCFF4FF0FF303C
:10A85000BDE8F88FFDF7C8F9FEE700BF89AC00102E
:10A86000298B00102DE9F84FDFF804910026C84627
:10A87000394FDFF800B1DFF800A14FF4806000F03D
:10A880000DFF0546002858D0602000F007FF044661
:10A8900000284FD06022002101F028F82F4B65637B
:10A8A000236406F1300384F8443004F10800FDF716
:10A8B00025FB04F11C00FDF721FB052305F57F7541
:10A8C00025F007052846E36142460023616B646179
:10A8D000A462FCF791FF2D1AB5F57F7F20601CD88C
:10A8E0004FF0FF33C845A36312D0D84510D04FF0C6
:10A8F000FF353C6020466560FFF7EEFD57F8043BEE
:10A90000DFF870809E634AF826304EB90126B4E71E
:10A91000E36B43F00103E363E9E7FDF765F9FEE765
:10A9200000F01AFD01280BD0013006D00C4B1B683B
:10A93000BDE8F88F284600F065FFFDF755F9FEE702
:10A94000FDF752F900220749074B084805600E60E1
:10A950001A60FCF78DFFE9E72026012049444C45A9
:10A96000B4C300105C26012090260120342601206B
:10A9700089AC0010298B0010602400202DE9F047DD
:10A98000FFF75AFC4FF05042634C1568236813B927
:10A99000FDF72AF9FEE72268604B013A226003EBDB
:10A9A00045035A78002A00F081805D494A78002AE0
:10A9B00000F08C804A78013AD2B24A701AB95A70C3
:10A9C000584BC3E88F2F2668002E72D1564B1B6858
:10A9D000002B7ED0DFF864C1DCF80030002B4FD0B4
:10A9E000DFF85CE15148DCF80C30DB68DA6AD3E967
:10A9F00008178F607960516803F11C0841451168A0
:10AA000008BF57600139DE6211609A69DF68196911
:10AA1000D2F80490B9604F6003F10807B94508BF48
:10AA200051601168DEF80080013911601A6B4245EF
:10AA300002EB82014FD9CEF800200A4600EB8109D3
:10AA4000D9F8048050F82110D8F808A0C3F80C8079
:10AA5000C3F810A0CAF80470C8F80870C3F81890BA
:10AA6000DCF80030013140F82210002BBBD1304B14
:10AA70001A681268002A49D14FF0FF322D4B1A6034
:10AA80002D4FDFF8C0903E68D6B14FF0010806E0C8
:10AA9000FEF7C8F808B149F82580013E0FD02368B9
:10AAA000002BF5D03B6801333B60F6E7FDF79CF8DF
:10AAB000FEE70024FFF7AEFC2046BDE8F0873E60CD
:10AAC00059F82540003C18BF0124F3E7FDF78CF846
:10AAD000FEE71C46EEE700EB8109D9F8048050F848
:10AAE0002120D8F808A0C3F80C80C3F810A0CAF839
:10AAF0000470C8F80870C3F81890DCF80030013210
:10AB000040F82120002B7FF46EAFB0E71A68094BA4
:10AB1000D26812681A60B3E7B025012080250120B1
:10AB200084250120AD1B0020A82501207C240020C5
:10AB30006C240020342601204426012048260120D0
:10AB4000B82501209C260120024B186800B97047E7
:10AB5000FFF714BF5C26012030B583B080B11C4DD7
:10AB600004462B68F3B91B4B1B68012B02D0FDF781
:10AB70003BF8FEE700212046FEF7E4FA2B680BBB0A
:10AB8000FDF732F84FF05043134A1B6852F8232068
:10AB90007AB10121114A42F8231003B0BDE83040D8
:10ABA000FDF72EB8FEF720FA0A4B1B68012BDED109
:10ABB000E0E70190FCF7F8FD019803B0BDE83040F4
:10ABC000FDF71EB8FFF7DAFE0028D9D003B030BD7C
:10ABD0005C260120B0250120882501209C2601202B
:10ABE000F8B5264B1A68002A42D0C46841F00041EB
:10ABF00003460160002C3ED000270269D0E9010124
:10AC0000816048605068D4E90365984208BF51608C
:10AC100011681F61A369013911605A6804F10800C5
:10AC200082421A68164902F1FF32B5606E6008BFB1
:10AC30005D601A60236B0A689342124A88BF0B60FA
:10AC400003EB83039D0002EB830359688E68E16088
:10AC50002661706088605159A36101315151FFF73D
:10AC6000EBFA2046FDF770FFBDE8F840FFF7D2BBD6
:10AC7000FCF7BAFFFEE7FCF7B7FFFEE7B0250120BF
:10AC8000B82501207C2400202DE9804883B0FCF702
:10AC90008BFD4FF050469E4F9E4DDFF898B29E4C74
:10ACA000DFF894A2DFF894822368002B00F0C380C1
:10ACB000FCF79AFF3A68336862B155F82320002AFE
:10ACC0004FD055F82320013245F8232055F8233082
:10ACD000012B7CD023689BB3DAF80C30D3F80C90AE
:10ACE000D9F83830013340F0A48009F10800FDF7AD
:10ACF0002FF9D8F80030013BC8F800302368013B39
:10AD000023603A68336882B155F823101A4629B394
:10AD100055F823304BB155F82230013B45F822302D
:10AD200055F82230002B00F08E80B9F1000FBBD017
:10AD3000D9F8340000F066FD484600F063FDB3E743
:10AD40003A683168002AAFD055F821000A4628B188
:10AD500055F821100029A7D09946DCE7FCF744FFFD
:10AD6000FEE76E48D0E8CF2F0121002A01D1C0E8CC
:10AD7000421FBFF35F8F002A31D14FEA430C9BF88B
:10AD80000110002940F0A48065490CEB010201216B
:10AD90008BF8011051706348D0E8CF2F0121002AB1
:10ADA00001D1C0E8421FBFF35F8F002A36D05C4A52
:10ADB00012F8132032B39BF80020FF2A00F0A18084
:10ADC0009BF800200132D2B28BF8002079E7564B75
:10ADD0001B68002B7FF47EAFFEF720F87AE7504A1D
:10ADE0004FEA430C02EB43025178002963D09BF8F1
:10ADF0000120FF2A7FD09BF801200132D2B28BF8CC
:10AE00000120C8E74748D0E8CF1F01220029FAD126
:10AE1000C0E8412F0029F6D1BFF35F8F9BF80020D7
:10AE2000002A58D101223E498BF8002001F8132056
:10AE300047E7FFF7EFFA3D4B1B68022B7FF634AF75
:10AE4000FCF7B2FC30E73A4B53F82210344B13F8BE
:10AE50001230002B42D09BF80030002B4ED09BF8D4
:10AE60000030013BDBB28BF80030002B39D02C4B8B
:10AE700003EB42025378002B46D09BF80130002BA5
:10AE800036D09BF80130013BDBB28BF801301BB9A7
:10AE90005370224AC2E88F3F00200191FCF7B0FEB8
:10AEA000019900293FF441AFFCF77EFCB9F1000F96
:10AEB0003FF4FAAE3CE7194AD2E8CF0F012100284F
:10AEC000FAD1C2E8401F0028F6D1BFF35F8F56E7E2
:10AED000FCF78AFEFEE7FCF787FEFEE7FCF784FE40
:10AEE000FEE70F4800F812300E48C0E88F3FBEE77B
:10AEF000FCF77AFEFEE7FCF777FEFEE7FCF774FE50
:10AF0000FEE7FCF771FEFEE7FCF76EFEFEE700BF12
:10AF10005C26012088250120AC250120AD1B0020E6
:10AF200080250120AC1B0020B02501207C240020BE
:10AF30009C260120842501207C260120A8250120B3
:10AF40001A4B1B6803B970474FF05043184A1B68EF
:10AF500010B552F8231001B352F82310E1B152F8A2
:10AF60002310013942F8231052F82320A2B91149C5
:10AF700011F81320A2B1104C2278A2B12278013A24
:10AF8000D2B2227022B901F813200C4BC3E88F2FE4
:10AF9000BDE81040FCF734BE10BDFCF725FEFEE70F
:10AFA000FCF722FEFEE7FCF71FFEFEE75C26012011
:10AFB000882501208025012084250120AC1B00204C
:10AFC000F8B54FF05046FCF70FFE0D4D336855F8BD
:10AFD0002340FCF715FEE769FCF706FE336855F8D9
:10AFE0002340FCF70DFE246BFCF7FEFD3368C4F133
:10AFF000050455F82350FCF703FE3846EC61F8BD14
:10B000006024002010B5FCF7EFFD4FF05042064BD6
:10B01000126853F82240FCF7F3FD14B1636D01335D
:10B020006365204610BD00BF602400202DE9F04F6D
:10B03000DFF81483DFF814B3DFF81493DFF814A3F8
:10B0400087B0D8F800301C68002C00F01781DB684E
:10B050001C68FEF70BF9FEF7BBF9DBF8003006467B
:10B060009842C0F08D808442CBF8000040F23181DC
:10B070000022DAF80000A11BFDF7F2FCFFF764FDE7
:10B08000002800F023810023CDE90233CDE9043309
:10B090000022DAF8000002A9FDF714FA0028D0D047
:10B0A000029B0498002BC0F2CF80049D002DEFD0AE
:10B0B0006B6913B1281DFCF74BFFFEF789F9DBF82C
:10B0C00000300190984214D3DDE90123013BCBF815
:10B0D0000020082BDCD8DFE803F02D2DA790AE2D43
:10B0E0002DA7900022F0010287F8242038463B6A01
:10B0F0009847D8F800301A68002A00F0AD80DA6866
:10B10000D76814683E1D3046FCF722FF97F82420CC
:10B110005307E7D502E038463A6A9047BA693F617B
:10B12000A118A4187960F6D33146D9F80000FCF7CD
:10B13000F7FEDBE795F82410039AA869019E13181F
:10B1400041F0010485F824402CBF01240024B342BF
:10B150006B602D6100F28780B21A90425ED84C0776
:10B1600036D421F0010185F8241028462B6A98472F
:10B170008EE723F0010387F8243038463B6A98476E
:10B18000D8F800301A68002A00F08F80DB68DF688A
:10B190001C683D1D2846FCF7DBFE97F82430590754
:10B1A000E7D502E038463B6A9847BB693F61E21841
:10B1B000E4187A60F6D32946D9F80000FCF7B0FE0F
:10B1C000DBE790427CD828462B6A98472346A8693B
:10B1D000019EC4182CBF01210021A642A6EB030248
:10B1E0006C602D61EDD29E4201D20029EBD0D8F8DF
:10B1F0000000291DFCF794FEB7E795F82420039B77
:10B2000042F0010285F82420AB61002B00F092800F
:10B21000019A2D61134493426B6029D8D9F800003C
:10B22000291DFCF77DFE33E795F8243023F0010358
:10B2300085F824302CE795F824309A0731D523F08F
:10B24000010385F8243023E7039B05999847029B67
:10B25000002BFFF61DAF28E7D9F80020C9F8003011
:10B26000C8F8002030E7B24202D9002C3FF477AF93
:10B27000D8F80000291DFCF753FE09E7FDF7F6FF9B
:10B28000FEF7A6F8DBF80030064683423FF678AFBB
:10B29000D9F80030CBF800601A68B2FA82F252098D
:10B2A000E7E6284600F0AEFAF2E6D9F80020CBF83F
:10B2B0000060C8F80020C9F80030FFF745FCE2E65E
:10B2C000D9F80000291DFCF72BFE4EE7FEF794FF8E
:10B2D000D9E6FFF739FCD8F80030DB68DF683B1DA2
:10B2E00018460193FCF734FE97F824305A070DD422
:10B2F00023F0010387F8243038463B6A9847C2E6BA
:10B300008A421AD838463A6A90472C46BA69311BA5
:10B31000A5182CBF01200020B5427D603F61EFD908
:10B32000B44201D90028EDD00199D8F80000FCF70B
:10B33000F7FDE1E7FCF758FCFEE70199D9F80000BA
:10B34000FCF7EEFDD8E700BF682400202826012086
:10B350007824002094260120F0B5184C85B0FEF723
:10B360006BFF2568BDB1FFF755F8236873B14FF047
:10B37000FF3503241249002302914FF40072CDE9F6
:10B38000004510491048FFF7C5F910B9FCF72CFC2F
:10B39000FEE705B0F0BD0D4E0D4F3046FCF7A2FDA7
:10B3A0003846FCF79FFD0B4A0B4B176010212A46CD
:10B3B0000A201E60FCF71CFE2060D4E794260120C2
:10B3C0009826012078C000102DB00010C025012063
:10B3D000D425012078240020682400209C46F0B564
:10B3E00007460E4615466FF00104074B85B06946C7
:10B3F000624618680023CDE9017603950094FCF7B6
:10B40000C5FF05B0F0BD00BF94260120F8B5044685
:10B410000D46EFF3108772B60C4B9B6853F8206013
:10B42000B14204D00A4B9E420BD2F7F751FA074BB8
:10B430009B6843F82450BFF35F8F87F31088304632
:10B44000F8BD044B9E42F2D3EFE700BF00ED00E0F1
:10B45000100100102401001003BD00BF10B5044608
:10B46000F7F74CFA2346BDE8104018474FF08071BB
:10B47000144B154A10B559605368D801FCD51920F2
:10B48000F6F766F8002104461920F6F74BF84FF05E
:10B4900080714FF0000C4FF050420C4B0C4880F87C
:10B4A00001C05960136DD90703D420BF136DDB07AA
:10B4B000FBD54FF050432146BDE8104019209B6D4D
:10B4C000F6F730B800A001400080014000B0014014
:10B4D00030240020F0B5054687B0192017460E46E7
:10B4E000F6F736F8002104461920F6F71BF800217C
:10B4F000CDE9046503970026002701224FF0504351
:10B500008C46CDE900670292B9B11A6D9507FCD55A
:10B51000596540BF1A6DD00703D420BF1A6DD207FA
:10B52000FBD59A6D8A420DD04FF0000C06AA02EBB3
:10B530008C0252F8181CE7E79A6D1A6DD607FBD4F7
:10B5400040BFE2E70CF1010CBCF1060FEED1214641
:10B55000192007B0BDE8F040F5F7E4BF0C4B0D4AE9
:10B5600093420ED39C4603F2F4710B4A9268CCF8D6
:10B57000F4070A48CCF8F837CCF8FC070848FFF77E
:10B58000A9BF4FF0FF3340F2F3719C46EDE700BFD7
:10B59000000808200000082000ED00E05DB4001065
:10B5A00059B4001070B504460E46F5F7CBFE394B82
:10B5B0009D7893F9002005F00105D20F42EA45027B
:10B5C000224293F800C04ED093F90110CCF38012C0
:10B5D000C90F42EA41022242597833D0C1F38015A3
:10B5E000CCF3401242EA4502224242D0C1F3401558
:10B5F000CCF3001242EA450222423DD0C1F30015CD
:10B60000CCF3C00242EA450222422FD0C1F3C0056A
:10B61000CCF3800242EA4502224230D0C1F38005D9
:10B62000CCF3400242EA450222422ED001F002024F
:10B630000CF001010A4312EA040529D016B316489A
:10B64000F5F768FE40210625E60744BF4CEA010CE9
:10B6500083F800C0A20702D55A780A435A70F5F75A
:10B6600083FE284670BD80210725EDE708210325CC
:10B67000EAE720210525E7E710210425E4E7042176
:10B680000225E1E76FF00805E9E702210125DBE784
:10B690000121D9E71820002080C00010F8B5431E12
:10B6A0000A3311D810F0070300F108044FD0A3F1BA
:10B6B0000902A24208D31030C41AFDF7D7FD494A47
:10B6C0002646156825BB0BE0FDF7D0FD454A1368FB
:10B6D00023B1FFF739FA00252846F8BD0026344685
:10B6E000414B00205D071CBF073323F007031946B9
:10B6F0003E4D25F0070515603D4AEB1AC2E90010E2
:10B700003C4AC5E900001360C1E900533A4A13609E
:10B71000002EDEDB002CDCD0374F3E68A642D8D3AB
:10B72000334A314B116899420ED3DFF8D4E07145AA
:10B730000AD894464868A04218D20A68B2B19A4220
:10B740000FD2FCF751FAFEE7FCF74EFAFEE7FDF7E1
:10B750008DFD244A26461568002DC1D0002CDBDA69
:10B76000B7E77245EDD88C461146E3E7A942B0D061
:10B7700001F108059D422BD3754529D80A68A042DE
:10B78000CCF8002027D3A0EB040EBEF1100F08D98F
:10B790000B19580722D12046C3F804E00A51CCF80F
:10B7A00000300024134B361A1A6840F000409642CD
:10B7B000124A38BF1E601368486001330C60136082
:10B7C0003E60FFF7C1F96B0786D0FCF70DFAFEE784
:10B7D000FCF70AFAFEE7FCF707FAFEE7FCF704FAC3
:10B7E000FEE700BF7024002080250020782501207E
:10B7F00060260120302601201C2601203C26012045
:10B800007F250120B0B1F0B5324DA0F10804AC4263
:10B8100083B00CD3304EB44209D850F8043C002B0E
:10B8200009DA50F8082C4AB1FCF7DEF9FEE7FCF71C
:10B83000DBF9FEE77047FCF7D7F9FEE723F000439A
:10B84000264F40F8043C0190FDF710FD3B46DFF821
:10B8500098E00198DEF8002050F8041C0A44CEF865
:10B8600000201A461B689C42FBD8BA4206D0AA4266
:10B8700001D3B24202D9FCF7B7F9FEE75568561971
:10B88000B44210D06518AB421DD040F8083CA2422B
:10B8900018BF1460124A13680133136003B0BDE887
:10B8A000F040FFF751B92944501883425160F1D15B
:10B8B0000C48006883420BD01446D3E90050014481
:10B8C000C4E90051E3E7074D2D68AB42F5D1DCE751
:10B8D0001360DFE7802500207F25012060260120FE
:10B8E00040260120702400201C26012070B5860708
:10B8F00047D0541E002A3ED0CAB2034601E0013CA4
:10B9000039D303F8012B9D07F9D1032C2CD9CDB2E3
:10B910000F2C05EB052505EB054535D9A4F1100CD9
:10B9200003F1100E1A462CF00F064FEA1C1CB64409
:10B93000C2E90055C2E9025510327245F8D10CF146
:10B94000010214F00C0F04F00F0C03EB021213D0E1
:10B95000ACF1040323F003030433134442F8045B03
:10B960009342FBD10CF003042CB1C9B21C4403F880
:10B97000011BA342FBD170BD64461346002CF4D1D9
:10B98000F9E703461446C0E71A46A446E0E700BFBD
:10B99000844641EA000313F0030349D1403A23D31C
:10B9A0000B6803604B6843608B688360CB68C3603F
:10B9B0000B6903614B6943618B698361CB69C36127
:10B9C0000B6A03624B6A43628B6A8362CB6AC3620F
:10B9D0000B6B03634B6B43638B6B8363CB6BC363F7
:10B9E00040304031403ADBD230320BD30B68036039
:10B9F0004B6843608B688360CB68C3601030103144
:10BA0000103AF3D20C3205D351F8043B40F8043B12
:10BA1000043AF9D2043208D0D2071CBF11F8013B16
:10BA200000F8013B01D30B8803806046704700BFDC
:10BA3000082A13D38B07B1D010F00303AED0C3F1A3
:10BA40000403D21ADB071CBF11F8013B00F8013BCD
:10BA5000A4D331F8023B20F8023B9FE7043AD9D344
:10BA6000013A11F8013B00F8013BF9D20B78037061
:10BA70004B7843708B788370604670470023014693
:10BA80001A46184600F042B820F0030110F00300F7
:10BA9000C0F1000051F8043B00F1040C4FEACC0C5B
:10BAA0006FF000021CBF22FA0CF213434FF0010C9E
:10BAB0004CEA0C2C4CEA0C4CA3EB0C0222EA0302DD
:10BAC00012EACC1204BF51F8043B0430F4D0C2F1A6
:10BAD000000102EA0102B2FA82F2C2F11F0200EB97
:10BAE000D200704738B5074D074C2C1BA41005D069
:10BAF000013C55F8043D9847002CF9D1BDE8384089
:10BB000000F040B840BC001040BC001070B4164DAE
:10BB10002C681CB365681F2D23DC38B96B1C002012
:10BB20000235636044F8251070BC704704EB850C47
:10BB30000228CCF888204FF00102D4F8886102FA7C
:10BB400005F246EA0206C4F88861CCF80831E5D16E
:10BB5000D4F88C311343C4F88C31DFE7034C2C60EC
:10BB6000D8E74FF0FF30DFE7BC1A00202C19002087
:10BB7000024B13B10248FFF781BF7047000000007D
:10BB8000E5BA0010F8B500BF5FF800F0950A002094
:10BB90005FF800F0050200205FF800F00D0B0020B8
:10BBA0005FF800F0291100205FF800F07912002002
:10BBB0005FF800F07D0200205FF800F0D91100204E
:10BBC0005FF800F06D0A00205FF800F0C90A00205D
:10BBD0005FF800F0590100205FF800F0110100202B
:10BBE0005FF800F0D10D00205FF800F0B1020020F6
:10BBF000A92900101D290010512900103D2A00100C
:10BC00008929001081280010D12900106D2800100A
:10BC1000051B0010D5290010C51E0010CD280010EE
:10BC2000BD2900106D290010BD140010E51400108E
:10BC300071BB00106151001055020010617B0010B3
:10BC40004C756D696E6F7573204C696272617279A3
:10BC5000000000004842000042555454000000001B
:10BC60005357490043484D0050484F0052617720D8
:10BC700056616C75653A203078253033782C207603
:10BC80006F6C74616765203D20256620560A0000B0
:10BC900050726F67726573733A2025642525000022
:10BCA000526567697374726174696F6E0000000099
:10BCB000436F6D706C6574652100000050686F748F
:10BCC0006F3A203078253033782C20252E336620AB
:10BCD000560A000053617469726500005468726905
:10BCE0006C6C65720000000053656C662D48656CD5
:10BCF00070000000506F6574727900004472616DCD
:10BD0000610000005765737465726E004479737446
:10BD10006F7069616E0000004D7974686F6C6F67B9
:10BD2000790000004D696C6974617279000000004F
:10BD3000506F6C69746963616C00000054726176C5
:10BD4000656C000041727420262044657369676E3B
:10BD5000000000004D7573696300000053706F723E
:10BD600074730000436F6F6B696E67004E6174758A
:10BD700072650000476F6E65204769726C000000B5
:10BD80005072696465265072656A756469636500FE
:10BD90005065742053656D61746172790000000014
:10BDA0004D697374626F726E0000000046696768C7
:10BDB0007420436C7562000044756E6500000000DD
:10BDC0003139383400000000416C6C2051756965D0
:10BDD000742E2E2E00000000476F6F64204F6D659B
:10BDE0006E73000046656172265472656D626C69FF
:10BDF0006E6700004272617665204E657720576F4E
:10BE0000726C64004E69676874000000496E746F5C
:10BE1000207468652057696C64000000467269658B
:10BE200072656E00496E20436F6C6420426C6F6FC8
:10BE30006400000048656174656420526976616C35
:10BE4000727900004D79737465727900526F6D617B
:10BE50006E636500486F72726F72000046616E74A7
:10BE60006173790050737963686F6C6F67696361A0
:10BE70006C0000005363692D46690000436C6173D8
:10BE80007369637300000000486973746F726963BB
:10BE9000616C0000436F6D65647900005068696CE7
:10BEA0006F736F706879000042696F6772617068C4
:10BEB00079000000416476656E747572650000005B
:10BEC0004D616E67612F436F6D6963730000000001
:10BED00054727565204372696D6500004C47425489
:10BEE000512B00000A2A2A2A2050414E4943202A79
:10BEF0002A2A0A000A0000005370696E6C6F636B97
:10BF000020256420697320616C7265616479206307
:10BF10006C61696D656400004E6F207370696E6CB2
:10BF20006F636B732061726520617661696C616219
:10BF30006C6500004E6F2075736572204952517315
:10BF40002061726520617661696C61626C650000D8
:10BF5000486172647761726520616C61726D202541
:10BF60006420616C726561647920636C61696D65E0
:10BF7000640000004861726420617373657274002C
:10BF800052656C6561736500626F6F74325F773202
:10BF90003571303830000000322E322E3000000073
:10BFA0007069636F325F770066696E616C5F707293
:10BFB0006F6A656374000000417072202035203282
:10BFC00030323600666E692B00000000666E690034
:10BFD0006E616E00666E692D0000000055534220B0
:10BFE000737464696E202F207374646F757400001D
:10BFF00052617370626572727920506900000000AE
:10C000005069636F00000000426F61726420434416
:10C01000430000005265736574000000556E68614E
:10C020006E646C65642049525120307825780A008E
:10C03000657020253032582077617320616C7265FD
:10C0400061647920617661696C61626C65000000F1
:10C0500043616E277420636F6E74696E7565207816
:10C06000666572206F6E20696E6163746976652003
:10C070006570202530325800546D7220537663006D
:10C080004E6F206672656520646F6F7262656C6CBE
:10C0900073000000D4BC0010DCBC0010E8BC001031
:10C0A000F4BC0010FCBC001004BD00100CBD00105E
:10C0B00018BD001024BD001030BD00103CBD0010A4
:10C0C00044BD001054BD00105CBD001064BD0010E4
:10C0D0006CBD001074BD001080BD001090BD00103C
:10C0E000A0BD0010ACBD0010B8BD0010C0BD001058
:10C0F000C8BD0010D8BD0010E4BD0010F4BD001094
:10C1000004BE00100CBE00101CBE001024BE0010A7
:10C1100034BE001044BE00104CBE001054BE0010CF
:10C120005CBE001064BE001074BE00107CBE001027
:10C1300088BE001094BE00109CBE00107CBE001093
:10C14000A8BE0010B4BE0010C0BE0010D0BE0010CB
:10C15000DCBE001006005250D3F0754280BF0010C4
:10C1600006005250E182887F88BF001006005250BE
:10C17000ABB3605398BF001006005250BBFF3CB6F3
:10C18000A0BF001006005250861C0302A8BF00107A
:10C19000060052505422A29DB8BF00100500525014
:10C1A000DE65F4688CD90010000000000000F03F4C
:10C1B0000000000000002440000000000000594082
:10C1C0000000000000408F40000000000088C340D5
:10C1D00000000000006AF8400000000080842E414A
:10C1E00000000000D01263410000000084D7974196
:10C1F0000000000065CDCD410D0A000000000000E8
:10C20000DD4B001000000000E14B0010ED4B001072
:10C21000194C0010154C0010000000000A0000002E
:10C2200000000306A6000800020002009C001400A3
:10C23000030057494E555342000000000000000023
:10C240000000800004000100280044006500760022
:10C2500069006300650049006E00740065007200AB
:10C260006600610063006500470055004900440016
:10C2700000004E007B00620063003700330039008D
:10C280003800630031002D00370033006300640084
:10C290002D0034006300620037002D0039003800A3
:10C2A000620038002D003900310033006100380091
:10C2B00066006300610037006200660036007D00A2
:10C2C00000000000050F2100011C100500DF60DDEB
:10C2D000D88945C74C9CD2659D9E648A9F00000307
:10C2E00006A60001000000000600525053B4F4A15D
:10C2F000DCBF001000000000F0BF001000C0001004
:10C300009425012008C0001014C000100902540038
:10C31000030100807D080B000202020000090400F6
:10C32000000102020004052400200105240100018F
:10C3300004240206052406000107058103080010F5
:10C3400009040100020A0000000705020240000083
:10C35000070582024000000904020000FF000105F9
:10C3600012011002EF0201408A2E090000010102B1
:10C370000301000000000000256500109565001015
:10C38000C16500100D660010C966001089670010B5
:10C39000000000000000000085680010E168001047
:10C3A000FD68001021690010714C0010256A001012
:08C3B000000000000400000081
:08C3B800D8F5FF7F0100000031
:10C3C00054C1001060C100106CC1001078C1001091
:10C3D00084C1001090C100109CC10010E8C2001080
:10C3E00038B504460368EFF3108572B6D3E8CF0F73
:10C3F00001220028FAD1C3E8402F0028F6D1BFF36C
:10C400005F8F63685A1C09D001B10B6000200023C4
:10C410002268C2E88F3F85F3108838BD01F03CFAEE
:10C42000034601206360F2E72DE9F0411F46044610
:10C4300016460368EFF3108872B6D3E8CF1F0122C7
:10C440000029FAD1C3E8412F0029F6D1BFF35F8F4D
:10C4500045686B1C0CD000230268C2E88F3F88F34C
:10C46000108801F019FAA8420DD10020BDE8F08132
:10C4700001F012FA002322686060C2E88F3F88F35F
:10C4800010880120F2E701F007FA804606E0324604
:10C490003B46204601F004FA0028E6D12568EFF378
:10C4A000108172B6D5E8CF2F0123002AFAD1C5E852
:10C4B000423F002AF6D1BFF35F8F63680133E6D1B4
:10C4C00000232268C4F80480C2E88F3F81F31088FB
:10C4D000D7E700BFF8B50F46044601F0D5F94FF491
:10C4E0007A7305464FF0FF3C6FF00042E7FB0351C3
:10C4F000AC4572EB01033ABF654616460E4601F0A5
:10C50000CBF9074605E02A463346204601F0C8F934
:10C51000D0B92368EFF3108172B6D3E8CF0F0122B0
:10C520000028FAD1C3E8402F0028F6D1BFF35F8F6F
:10C5300063680133E7D1002322686760C2E88F3F58
:10C5400081F310880120F8BD0020F8BD00B5026815
:10C55000EFF3108172B6D2E8CFEF5FF0010CBEF1BD
:10C56000000FF8D1C2E84ECFBEF1000FF3D1BFF3F8
:10C570005F8F4FF0FF325DF804EB426001F094B939
:10C58000002108B5134B4FF4707299601248D960BE
:10C59000196159619961D961196259629962D962C7
:10C5A000196359639963D963196459649964D964A7
:10C5B000196559659965D965196659669966D96687
:10C5C000196759679967D96701F062F9034B044A03
:10C5D0001A6008BD0000105068200020342400209C
:10C5E000800110502DE9F04F204B85B09E6D0EB3A9
:10C5F000002401251E4F01E0202C1BD006EA050374
:10C60000621C2146AA46D4B26D00002BF4D002234E
:10C6100004F001084FEA510913FB098B154B07EB96
:10C620004B1B5846C3F858A000F00AFC28B936EA5C
:10C630000A06E1D105B0BDE8F08F4FF4E062ADF835
:10C640000420002208EB490307EB43138DF809206F
:10C650009A78DB8A01A801218DF80820039300F065
:10C660000DFC584600F092FBE1E700BF00001150BE
:10C670002820002000301150F0B5B24B85B0D3F81F
:10C68000985015F4003674D0AF4BB04C996A94F8BA
:10C690003B30AF4A022B116000F0F980002694F87D
:10C6A0007B30022B00F0D48194F8BB30022B00F0D9
:10C6B000C58194F8FB30022B00F0B68194F83B3131
:10C6C000022B00F0A68194F87B31022B00F09681BA
:10C6D00094F8BB31022B00F0868194F8FB31022BD9
:10C6E00000F0768194F83B32022B00F0658194F8DB
:10C6F0007B32022B00F0548194F8BB32022B00F005
:10C70000438194F8FB32022B00F0328194F83B33E2
:10C71000022B00F00A8194F87B33022B00F0C980D1
:10C7200094F8BB33022B00F0EC8094F8FB33022B1F
:10C7300000F0D6803EB9874B1B7823B94FF4003206
:10C74000854BC3F890204FF440727E4B01219B6CC7
:10C7500001A8C3F30A03ADF80420029300F08EFB96
:10C76000EA064FF400367D4C07D5FFF73BFF26461F
:10C7700003E0EA064FF01004F7D4EB0332D5734C14
:10C7800046F48036A37E9BB10221754B6D4A196633
:10C79000536E9F07FCD54FF4405200216B4800F0C8
:10C7A000FBFA6A4800F0F2FA02226B4B5A661A66EC
:10C7B000012394F83A20E370FAB901234FF4C061E1
:10C7C000684A84F82330ADF8041092E8030004AA04
:10C7D00002E90300194601A800F050FB4FF40032B3
:10C7E0005D4B1A65E9041DD46A0432D42B043FD48E
:10C7F000AE4240F0A58105B0F0BD594A1366A2F5DE
:10C800000052536ED807FCD54FF4405200215648D1
:10C8100000F0C2FA544800F0B9FA01224E4B5A66B1
:10C820001A66CAE70024474B46F480561C60FFF79F
:10C83000A7FE4FF48073012101A8ADF804308DF8F4
:10C84000084000F01BFB4FF40022434B1A656A04BA
:10C85000CCD54FF48063012101A8ADF8043000F07D
:10C860000DFB10223C4B46F480461A652B04BFD5C5
:10C870004FF4A063012101A8ADF8043000F0FEFAE6
:10C880004FF40062344B46F400461A65B0E794F862
:10C890003A60002E3FF403AF94F83C30002B3FF495
:10C8A000FEAE002304F1200084F83C3000F096FA3C
:10C8B000F5E694F87A73002F3FF432AF94F87C33A6
:10C8C000002B40F0368194F8BB33022B23D194F82F
:10C8D000BA33DBB994F8FB33022B7FF434AF3E4616
:10C8E00094F8FA33002B3FF425AF94F8FC33002B77
:10C8F0003FF429AF00231D4884F8FC3300F06EFAA2
:10C9000021E794F8BA33002B3FF40FAF94F8BC330F
:10C91000002B40F0A78094F8FB33022B7FF413AF79
:10C9200094F8FA33002BE0D10DE794F83A73002F16
:10C930003FF4F1AE94F83C33002B40F0F2803E46D9
:10C94000E9E600BF0000115000000B402820002045
:10C9500020200020A52601200030115010000200E8
:10C960000020115000001050482000200824002012
:10C9700094F8FA72002F3FF4C9AE94F8FC32002B01
:10C9800040F0C7803E46C1E694F8BA72002F3FF4EB
:10C99000B8AE94F8BC32002B40F0B3803E46B0E60F
:10C9A00094F87A72002F3FF4A7AE94F87C32002BF3
:10C9B00040F09F803E469FE694F83A72002F3FF485
:10C9C00096AE94F83C32002B40F08B803E468EE6CB
:10C9D00094F8FA71002F3FF485AE94F8FC31002BE7
:10C9E00077D13E467EE694F8BA71002F3FF475AEDB
:10C9F00094F8BC31002B64D13E466EE694F87A710F
:10CA0000002F3FF465AE94F87C31002B51D13E46A7
:10CA10005EE694F83A71002F3FF455AE94F83C313D
:10CA2000002B3ED13E464EE694F8FA70002F3FF4BC
:10CA300045AE94F8FC3063BB3E463FE694F8BA70CE
:10CA4000002F3FF436AE94F8BC30D3B93E4630E602
:10CA500094F87A70002F3FF427AE94F87C3043B9F5
:10CA60003E4621E60023394884F8BC3300F0B6F98D
:10CA700051E70023364884F87C303E4600F0AEF99A
:10CA800012E60023334884F8BC303E4600F0A6F995
:10CA90000FE60023304884F8FC303E4600F09EF953
:10CAA0000CE600232D4884F83C313E4600F096F910
:10CAB00009E600232A4884F87C313E4600F08EF9CE
:10CAC00006E60023274884F8BC313E4600F086F98C
:10CAD00003E60023244884F8FC313E4600F07EF94A
:10CAE00000E60023214884F83C323E4600F076F907
:10CAF000FDE500231E4884F87C323E4600F06EF9C6
:10CB0000FAE500231B4884F8BC323E4600F066F983
:10CB1000F7E50023184884F8FC323E4600F05EF941
:10CB2000F4E50023154884F83C333E4600F056F9FE
:10CB3000F1E50023124884F87C3300F04FF9C2E697
:10CB4000104886EA050100F0B7FE00BFC8230020A8
:10CB500088200020C8200020082100204821002033
:10CB600088210020C821002008220020482200201F
:10CB700088220020C822002008230020482300200B
:10CB8000882300201CC000102DE9F043828A048B0A
:10CB900003469442C07828BF1446051E18BF0125DD
:10CBA00080F00100121B5E78D87092B244F480606D
:10CBB0009A8240EA453006BBDD6804F1FF3805EB98
:10CBC000811C1D69ACB1B8F1050F05F1010203D953
:10CBD000ACEB0207022F17D80CF1FF3C254400E014
:10CBE000013212F8016CAA420CF8016FF8D11D69EC
:10CBF0009A8A25441D6140F400400AB940F48040FF
:10CC000001B10004BDE8F0832F46E6463246261FF8
:10CC1000B608013657F8049B013296424EF8049B41
:10CC2000F8D8B4EB860FA8EB860205EB860E0CEB6A
:10CC30008607DCD015F826500CF82650002AD6D0EE
:10CC40009EF80150012A7D70D1D09EF80220BA7062
:10CC50001D699A8ACDE700BF83680246186801B152
:10CC6000000C5378C0F3090013B3F0B5D2E90354B4
:10CC70008F0105EB8113461E78B1052E04D90137CB
:10CC80003D44651B022D1CD8611E1D1813F8014B75
:10CC90009D4201F8014FF9D11469D38A0444034439
:10CCA000D382138B1461834284BF00239382F0BD2F
:10CCB000D38A0344D382138B834284BF002393829D
:10CCC00070479E4625460021A0F1040C4FEA9C0CBB
:10CCD0000CF1010C5EF8047B0131614545F8047BE1
:10CCE000F8D3B0EB8C0FA6EB8C0603EB8C0504EBB2
:10CCF0008C01D1D013F82C3004F82C30002ECBD07E
:10CD00006B78012E4B70C7D0AB788B701469C4E779
:10CD100010B50446836800211B68FFF79DFF636818
:10CD20001B685B0002D5238B834200D010BD2046D8
:10CD3000BDE810400121FFF78FBF00BF084B1B6CFF
:10CD400013F0020302D18278D20901D1002070478A
:10CD5000C07EA0F10200B0FA80F04009704700BF29
:10CD60000000115008B5FFF7E9FF50B1054A064B26
:10CD7000906A1B68A0F54870C01AC6288CBF0020B6
:10CD8000012008BD00000B40202000200023C0E946
:10CD900004338376704700BF10B5836809B11C68FF
:10CDA000214082B1114352050DD51A6854050CD4A7
:10CDB000084A21F480641C60126C920703D40C238F
:10CDC000033BFDD28368196010BD8178024800F0F2
:10CDD00073FD00BF0000115030C0001030B5436833
:10CDE000002183B004461D68FFF7CEFE134B40F4CC
:10CDF00080521B6C13F0020FA3780ED05B060ED08E
:10CE000025F0A04545F000550021204663681D60CF
:10CE100003B0BDE83040FFF7BFBFDB09F0D0A38A05
:10CE2000002BEDD0012120460192FFF7ADFE019AC3
:10CE300025F00055024345F0A045E5E700001150FC
:10CE400038B5857E044695B1FFF762FFA38A0BB91A
:10CE5000284638BD2046FFF785FF20B10123237700
:10CE60000025284638BD2046FFF7B8FFF8E781784F
:10CE7000014800F021FD00BF50C000102DE9F04333
:10CE800043788146023B0D4685B0042B13D8DFE87A
:10CE900003F0034A6A73440000217B4B1A7822F0A6
:10CEA00001021A701A7822F002021A7059701A7868
:10CEB00061F382021A70754B1C686369EFF310828C
:10CEC00072B6D3E8CF0F01210028FAD1C3E8401F82
:10CED0000028F6D1BFF35F8FA2614946204600F0DB
:10CEE000CFFC00236269C2E88F3FA36983F31088F7
:10CEF00048B94FF0E023D3F8F03DDB070AD500BE78
:10CF000005B0BDE8F0832A4699F8011099F80000B1
:10CF100000F0CEFC05B0BDE8F0835D4A1378013324
:10CF2000DBB21370C7E700245A4E23463178DFF88E
:10CF30006C81594F11E03B6813EB441307D0DB6958
:10CF40002BB1D9F8041099F80000984731780134D2
:10CF5000E4B24A1CA242234617DBA142EBD85B1A7B
:10CF600008EB4313EBE7484B1A78D607D2D51A786B
:10CF700042F004021A709EE7434B1A78D407C9D5D1
:10CF80001A7822F004021A7095E73F4C237858076C
:10CF90003AD4E378DA07BDD5032300263B4A99F853
:10CFA00000101468D9F804208DF804108DF80530AD
:10CFB0006369CDF80660CDF80A60ADF80E600292A4
:10CFC000EFF3108272B6D3E8CF0F01210028FAD117
:10CFD000C3E8401F0028F6D1BFF35F8F2046A2614F
:10CFE00001A900F04DFC6369C3E88F6FA36983F367
:10CFF000108800283FF47DAF2A469DF805109DF863
:10D00000040000F055FC85E72378002723F0040393
:10D01000237005231D4A8DF80530166899F8002005
:10D02000ADF80E708DF804207369CDF80670CDF858
:10D030000A70EFF3108272B6D3E8CF0F01210028F7
:10D04000FAD1C3E8401F0028F6D1BFF35F8F304606
:10D05000B26101A900F014FC7369C3E88F7FB36962
:10D0600083F3108838B94FF0E023D3F8F03DD907A7
:10D070008FD500BE8DE72A469DF805109DF8040067
:10D0800000F016FC85E700BFC81B0020201C002014
:10D09000A6260120A4260120C01A002074C3001077
:10D0A000844610466AB3013900B501EB020EDCF884
:10D0B0000C309B07FBD511F8013F8E45CCF80830AA
:10D0C000F5D1DCF80C30590705D5DCF80830DCF870
:10D0D0000C305907F9D4DCF80C30DA0606D5DCF848
:10D0E0000C30DA06F7D401E0DCF80830DCF80C305C
:10D0F0005B07F9D40123CCF820305DF804FBDCF8A1
:10D100000830DCF80C305907F9D4DCF80C30DA06BA
:10D1100006D5DCF80C30DA06F7D401E0DCF808308C
:10D12000DCF80C305B07F9D40123CCF820307047D1
:10D1300081F0004102E000BF83F0004330B54FEAC8
:10D1400041044FEA430594EA050F08BF90EA020F35
:10D150001FBF54EA000C55EA020C7FEA645C7FEAC8
:10D16000655C00F0E2804FEA5454D4EB5555B8BFEB
:10D170006D420CDD2C4480EA020281EA030382EA5C
:10D18000000083EA010180EA020281EA0303362DEE
:10D1900088BF30BD11F0004F4FEA01314FF4801CC1
:10D1A0004CEA113102D0404261EB410113F0004FD3
:10D1B0004FEA03334CEA133302D0524263EB43038A
:10D1C00094EA050F00F0A780A4F10104D5F1200E28
:10D1D0000DDB02FA0EFC22FA05F2801841F1000183
:10D1E00003FA0EF2801843FA05F359410EE0A5F157
:10D1F00020050EF1200E012A03FA0EFC28BF4CF088
:10D20000020C43FA05F3C01851EBE37101F000453D
:10D2100007D54FF0000EDCF1000C7EEB00006EEB4A
:10D220000101B1F5801F1BD3B1F5001F0CD34908D4
:10D230005FEA30004FEA3C0C04F101044FEA44522B
:10D2400012F5800F80F09A80BCF1004F08BF5FEAB2
:10D25000500C50F1000041EB045141EA050130BD92
:10D260005FEA4C0C404141EB0101013C28BFB1F5A4
:10D27000801FE9D291F0000F04BF01460020B1FAEF
:10D2800081F308BF2033A3F10B03B3F120020CDAC2
:10D290000C3208DD02F1140CC2F10C0201FA0CF0A0
:10D2A00021FA02F10CE002F11402D8BFC2F1200C05
:10D2B00001FA02F120FA0CFCDCBF41EA0C019040BB
:10D2C000E41AA2BF01EB0451294330BD6FEA040404
:10D2D0001F3C1CDA0C340EDC04F11404C4F12002EF
:10D2E00020FA04F001FA02F340EA030021FA04F301
:10D2F00045EA030130BDC4F10C04C4F1200220FA58
:10D3000002F001FA04F340EA0300294630BD21FA95
:10D3100004F0294630BD94F0000F83F4801306BF5B
:10D3200081F480110134013D4EE77FEA645C18BF4F
:10D330007FEA655C29D094EA050F08BF90EA020FE6
:10D3400005D054EA000C04BF1946104630BD91EADE
:10D35000030F1EBF0021002030BD5FEA545C05D1E1
:10D360004000494128BF41F0004130BD14F5800420
:10D370003CBF01F5801130BD01F0004545F0FE4194
:10D3800041F470014FF0000030BD7FEA645C1ABFC9
:10D39000194610467FEA655C1CBF0B46024650EA00
:10D3A000013406BF52EA033591EA030F41F400212C
:10D3B00030BD00BF90F0000F04BF0021704730B5B2
:10D3C0004FF4806404F132044FF000054FF0000187
:10D3D00050E700BF90F0000F04BF0021704730B548
:10D3E0004FF4806404F1320410F0004548BF40421D
:10D3F0004FF000013EE700BF42004FEAE2014FEA72
:10D4000031014FEA02701FBF12F07F4393F07F4F4C
:10D4100081F06051704732F07F4208BF704793F04F
:10D420007F4F04BF41F40021704730B54FF4607462
:10D4300001F0004521F000411CE700BF50EA010265
:10D4400008BF704730B54FF000050AE050EA01020E
:10D4500008BF704730B511F0004502D5404261EB7E
:10D4600041014FF4806404F132045FEA915C3FF4BF
:10D47000D8AE4FF003025FEADC0C18BF03325FEA5C
:10D48000DC0C18BF033202EBDC02C2F1200300FA0D
:10D4900003FC20FA02F001FA03FE40EA0E0021FA32
:10D4A00002F11444BDE600BF7BB972B90029BEBFCA
:10D4B00000204FF0004106E008BF00281CBF6FF0BD
:10D4C00000414FF0FF3000F0D7B9ADF1080C6DE925
:10D4D00004CE002909DB002B1ADB00F04DF8DDF843
:10D4E00004E0DDE9022304B07047404261EB4101F2
:10D4F000002B1BDB00F040F8DDF804E0DDE902233F
:10D5000004B0404261EB4101524263EB4303704778
:10D51000524263EB430300F02FF8DDF804E0DDE94D
:10D52000022304B0404261EB41017047524263EB79
:10D53000430300F021F8DDF804E0DDE9022304B044
:10D54000524263EB4303704753B94AB9002908BFFD
:10D5500000281CBF4FF0FF314FF0FF3000F08CB9B6
:10D56000ADF1080C6DE904CE00F006F8DDF804E03A
:10D57000DDE9022304B070472DE9F04F099D0E4606
:10D5800004460F46002B47D18A429446B2FA82F3F2
:10D590005AD943B102FA03FCC3F120029F409C40D8
:10D5A00020FA02F217434FEA1C461FFA8CFE220CA7
:10D5B000B7FBF6F106FB117701FB0EF042EA0742DA
:10D5C000904208D91CEB020201F1FF3702D29042CF
:10D5D00000F23C813946121AA4B2B2FBF6F006FB07
:10D5E000102200FB0EFE44EA0244A64508D91CEBBB
:10D5F000040400F1FF3202D2A64500F22A8110464F
:10D6000040EA0140A4EB0E0400211DB1DC400023E0
:10D61000C5E90043BDE8F08F8B4205D90DB1C5E9DE
:10D62000000100210846F5E7B3FA83F100294FD144
:10D63000B342C0F00281824240F2FF800846002DD2
:10D64000E8D0C5E90047E5E7002B40F0AF808A1A33
:10D650004FEA1C4E1FFA8CF70121B2FBFEF60EFBBF
:10D660001620220C42EA004207FB06F090420FD936
:10D670001CEB020206F1FF382CBF4FF001094FF0FE
:10D680000009904203D9B9F1000F00F0DC80464652
:10D69000121AA4B2B2FBFEF00EFB102200FB07F739
:10D6A00044EA0244A7420FD91CEB040400F1FF3204
:10D6B0002CBF4FF0010E4FF0000EA74203D9BEF170
:10D6C000000F00F0C9801046E41B40EA06409CE7CA
:10D6D000C1F120048B4006FA01FC00FA01FE22FA97
:10D6E00004F7E6408A401F4320FA04F34FEA174844
:10D6F00043EA0C031FFA87FC4FEA1349B6FBF8F024
:10D7000008FB106649EA064600FB0CF9B1450ED944
:10D71000BE1900F1FF3A2CBF4FF0010B4FF0000B88
:10D72000B14503D9BBF1000F00F0A2805046A6EB33
:10D7300009061FFA83F9B6FBF8F308FB136603FB2F
:10D740000CFC49EA0646B4450ED9BE1903F1FF3870
:10D750002CBF4FF001094FF00009B44503D9B9F1CE
:10D76000000F00F08280434643EA0040A6EB0C061F
:10D77000A0FB028C66454346E14602D307D1C6456D
:10D7800005D2B8EB02036CEB070C0138E1465DB142
:10D79000BEEB030266EB090606FA04F422FA01F373
:10D7A000CE401C43C5E90046002133E702FA03FCE2
:10D7B000C3F1200299409C40D6404FEA1C4E20FA0B
:10D7C00002F21FFA8CF7B6FBFEF00A430EFB10665E
:10D7D000110C41EA064100FB07F68E420ED91CEB04
:10D7E000010100F1FF382CBF4FF001094FF0000993
:10D7F0008E4202D9B9F1000F34D04046891B92B253
:10D80000B1FBFEF60EFB161142EA014206FB07F1E0
:10D8100091420ED91CEB020206F1FF382CBF4FF0EB
:10D8200001094FF00009914202D9B9F1000F16D059
:10D830004646521A46EA00410FE7841A66EB030295
:10D8400001201746FBE6023E624421E702396244AA
:10D85000C1E664440238D3E66444023834E7023E49
:10D860006244E6E702386144C8E7023B3E447BE796
:10D8700002383E445BE700BF704700BF0000000075
:10D880005FF800F07D7000105FF800F0B525001023
:10D890005FF800F0EDB800105FF800F0217900109B
:10D8A0005FF800F0617A00105FF800F0CD790010A9
:10D8B0005FF800F08D5600105FF800F015130010AF
:10D8C0000110000000000000000001000000000046
:10D8D0000000000000000200000000000000000046
:10D8E0000000030000000000000000000000FF0036
:10D8F0000000000001B5486801318E4600477046BF
:10D9000009380149884701BD151A001000000000C0
:10D910000000000000000000000000000000000007
:10D92000881700202D4E0010D94D0010514D0010C9
:10D93000C14C00100000000000010000241C002069
:10D9400010000C00000000000000000000000000BB
:10D950000000000000000000FF000000000009407F
:10D9600000000000FFFF00000000000000000000B9
:08D970000000000000000000AF
:10D97800D3DEFFFFFE010000FF010000C027FFFF0C
:04D98800793512AB30
:040000051000014D99
:00000001FF
