
/home/sreer/Junior_Design/Microcontroller_Basics/c_files/build/mic_basics.elf:     file format elf32-littlearm

Sections:
Idx Name          Size      VMA       LMA       File off  Algn
  0 .text         00004a2c  10000000  10000000  00001000  2**3
                  CONTENTS, ALLOC, LOAD, READONLY, CODE
  1 .rodata       00000368  10004a2c  10004a2c  00005a2c  2**2
                  CONTENTS, ALLOC, LOAD, READONLY, DATA
  2 .ARM.exidx    00000008  10004d94  10004d94  00005d94  2**2
                  CONTENTS, ALLOC, LOAD, READONLY, DATA
  3 .binary_info  00000020  10004d9c  10004d9c  00005d9c  2**2
                  CONTENTS, ALLOC, LOAD, READONLY, DATA
  4 .ram_vector_table 00000110  20000000  20000000  00008000  2**2
                  ALLOC
  5 .uninitialized_data 00000000  20000110  20000110  00007b64  2**0
                  CONTENTS
  6 .data         00000d94  20000110  10004dbc  00006110  2**3
                  CONTENTS, ALLOC, LOAD, READONLY, CODE
  7 .tdata        00000000  20000ea4  20000ea4  00007b64  2**0
                  CONTENTS, ALLOC, LOAD, DATA, THREAD_LOCAL
  8 .tbss         00000000  20000ea4  20000ea4  00000000  2**0
                  ALLOC, THREAD_LOCAL
  9 .bss          00000dd0  20000ea8  10005b50  00007ea8  2**3
                  ALLOC
 10 .heap         00000800  20001c78  10005b50  00007c78  2**2
                  ALLOC, READONLY
 11 .scratch_x    00000000  20080000  20080000  00007b64  2**0
                  CONTENTS
 12 .scratch_y    00000000  20081000  20081000  00007b64  2**0
                  CONTENTS
 13 .stack_dummy  00000800  20081000  20081000  00008000  2**5
                  ALLOC, READONLY
 14 .flash_end    00000014  10005b50  10005b50  00007b50  2**2
                  CONTENTS, ALLOC, LOAD, READONLY, DATA
 15 .ARM.attributes 00000034  00000000  00000000  00007b64  2**0
                  CONTENTS, READONLY
 16 .comment      00000026  00000000  00000000  00007b98  2**0
                  CONTENTS, READONLY
 17 .debug_info   000335fa  00000000  00000000  00007bbe  2**0
                  CONTENTS, READONLY, DEBUGGING, OCTETS
 18 .debug_abbrev 0000935c  00000000  00000000  0003b1b8  2**0
                  CONTENTS, READONLY, DEBUGGING, OCTETS
 19 .debug_loclists 00018a92  00000000  00000000  00044514  2**0
                  CONTENTS, READONLY, DEBUGGING, OCTETS
 20 .debug_aranges 000012a0  00000000  00000000  0005cfa8  2**3
                  CONTENTS, READONLY, DEBUGGING, OCTETS
 21 .debug_rnglists 00004566  00000000  00000000  0005e248  2**0
                  CONTENTS, READONLY, DEBUGGING, OCTETS
 22 .debug_line   0001ebe9  00000000  00000000  000627ae  2**0
                  CONTENTS, READONLY, DEBUGGING, OCTETS
 23 .debug_str    000092ab  00000000  00000000  00081397  2**0
                  CONTENTS, READONLY, DEBUGGING, OCTETS
 24 .debug_frame  000031bc  00000000  00000000  0008a644  2**2
                  CONTENTS, READONLY, DEBUGGING, OCTETS
 25 .debug_line_str 00000113  00000000  00000000  0008d800  2**0
                  CONTENTS, READONLY, DEBUGGING, OCTETS

/home/sreer/Junior_Design/Microcontroller_Basics/c_files/build/mic_basics.elf:     file format elf32-littlearm


Disassembly of section .text:

10000000 <__VECTOR_TABLE>:
10000000:	20082000 	.word	0x20082000
10000004:	1000015d 	.word	0x1000015d
10000008:	1000011b 	.word	0x1000011b
1000000c:	1000011d 	.word	0x1000011d
10000010:	10000111 	.word	0x10000111
10000014:	10000111 	.word	0x10000111
10000018:	10000111 	.word	0x10000111
1000001c:	10000111 	.word	0x10000111
10000020:	10000119 	.word	0x10000119
10000024:	10000119 	.word	0x10000119
10000028:	10000119 	.word	0x10000119
1000002c:	1000011f 	.word	0x1000011f
10000030:	10000111 	.word	0x10000111
10000034:	10000119 	.word	0x10000119
10000038:	10000121 	.word	0x10000121
1000003c:	10000123 	.word	0x10000123
10000040:	10000111 	.word	0x10000111
10000044:	10000111 	.word	0x10000111
10000048:	10000111 	.word	0x10000111
1000004c:	10000111 	.word	0x10000111
10000050:	10000111 	.word	0x10000111
10000054:	10000111 	.word	0x10000111
10000058:	10000111 	.word	0x10000111
1000005c:	10000111 	.word	0x10000111
10000060:	10000111 	.word	0x10000111
10000064:	10000111 	.word	0x10000111
10000068:	10000111 	.word	0x10000111
1000006c:	10000111 	.word	0x10000111
10000070:	10000111 	.word	0x10000111
10000074:	10000111 	.word	0x10000111
10000078:	10000111 	.word	0x10000111
1000007c:	10000111 	.word	0x10000111
10000080:	10000111 	.word	0x10000111
10000084:	10000111 	.word	0x10000111
10000088:	10000111 	.word	0x10000111
1000008c:	10000111 	.word	0x10000111
10000090:	10000111 	.word	0x10000111
10000094:	10000111 	.word	0x10000111
10000098:	10000111 	.word	0x10000111
1000009c:	10000111 	.word	0x10000111
100000a0:	10000111 	.word	0x10000111
100000a4:	10000111 	.word	0x10000111
100000a8:	10000111 	.word	0x10000111
100000ac:	10000111 	.word	0x10000111
100000b0:	10000111 	.word	0x10000111
100000b4:	10000111 	.word	0x10000111
100000b8:	10000111 	.word	0x10000111
100000bc:	10000111 	.word	0x10000111
100000c0:	10000111 	.word	0x10000111
100000c4:	10000111 	.word	0x10000111
100000c8:	10000111 	.word	0x10000111
100000cc:	10000111 	.word	0x10000111
100000d0:	10000111 	.word	0x10000111
100000d4:	10000111 	.word	0x10000111
100000d8:	10000111 	.word	0x10000111
100000dc:	10000111 	.word	0x10000111
100000e0:	10000111 	.word	0x10000111
100000e4:	10000111 	.word	0x10000111
100000e8:	10000111 	.word	0x10000111
100000ec:	10000111 	.word	0x10000111
100000f0:	10000111 	.word	0x10000111
100000f4:	10000111 	.word	0x10000111
100000f8:	10000111 	.word	0x10000111
100000fc:	10000111 	.word	0x10000111
10000100:	10000111 	.word	0x10000111
10000104:	10000111 	.word	0x10000111
10000108:	10000111 	.word	0x10000111
1000010c:	10000111 	.word	0x10000111

10000110 <__unhandled_user_irq>:
10000110:	f3ef 8005 	mrs	r0, IPSR
10000114:	3810      	subs	r0, #16

10000116 <unhandled_user_irq_num_in_r0>:
10000116:	be00      	bkpt	0x0000

10000118 <isr_invalid>:
10000118:	be00      	bkpt	0x0000

1000011a <isr_nmi>:
1000011a:	be00      	bkpt	0x0000

1000011c <isr_hardfault>:
1000011c:	be00      	bkpt	0x0000

1000011e <isr_svcall>:
1000011e:	be00      	bkpt	0x0000

10000120 <isr_pendsv>:
10000120:	be00      	bkpt	0x0000

10000122 <isr_systick>:
10000122:	be00      	bkpt	0x0000

10000124 <__default_isrs_end>:
10000124:	7188ebf2 	.word	0x7188ebf2
10000128:	10004d9c 	.word	0x10004d9c
1000012c:	10004dbc 	.word	0x10004dbc
10000130:	100001a0 	.word	0x100001a0
10000134:	e71aa390 	.word	0xe71aa390

10000138 <__binary_info_header_end>:
10000138:	ffffded3 	.word	0xffffded3
1000013c:	10210142 	.word	0x10210142
10000140:	000001ff 	.word	0x000001ff
10000144:	00005a18 	.word	0x00005a18
10000148:	ab123579 	.word	0xab123579

1000014c <_entry_point>:
1000014c:	f04f 0000 	mov.w	r0, #0

10000150 <_enter_vtable_in_r0>:
10000150:	491e      	ldr	r1, [pc, #120]	@ (100001cc <data_cpy_table+0x2c>)
10000152:	6008      	str	r0, [r1, #0]
10000154:	c806      	ldmia	r0!, {r1, r2}
10000156:	f381 8808 	msr	MSP, r1
1000015a:	4710      	bx	r2

1000015c <_reset_handler>:
1000015c:	f04f 4050 	mov.w	r0, #3489660928	@ 0xd0000000
10000160:	6800      	ldr	r0, [r0, #0]
10000162:	b110      	cbz	r0, 1000016a <hold_non_core0_in_bootrom+0x6>

10000164 <hold_non_core0_in_bootrom>:
10000164:	f04f 0000 	mov.w	r0, #0
10000168:	e7f2      	b.n	10000150 <_enter_vtable_in_r0>
1000016a:	a40d      	add	r4, pc, #52	@ (adr r4, 100001a0 <data_cpy_table>)
1000016c:	cc0e      	ldmia	r4!, {r1, r2, r3}
1000016e:	2900      	cmp	r1, #0
10000170:	d002      	beq.n	10000178 <hold_non_core0_in_bootrom+0x14>
10000172:	f000 f812 	bl	1000019a <data_cpy>
10000176:	e7f9      	b.n	1000016c <hold_non_core0_in_bootrom+0x8>
10000178:	4915      	ldr	r1, [pc, #84]	@ (100001d0 <data_cpy_table+0x30>)
1000017a:	4a16      	ldr	r2, [pc, #88]	@ (100001d4 <data_cpy_table+0x34>)
1000017c:	2000      	movs	r0, #0
1000017e:	e000      	b.n	10000182 <bss_fill_test>

10000180 <bss_fill_loop>:
10000180:	c101      	stmia	r1!, {r0}

10000182 <bss_fill_test>:
10000182:	4291      	cmp	r1, r2
10000184:	d1fc      	bne.n	10000180 <bss_fill_loop>

10000186 <platform_entry>:
10000186:	4914      	ldr	r1, [pc, #80]	@ (100001d8 <data_cpy_table+0x38>)
10000188:	4788      	blx	r1
1000018a:	4914      	ldr	r1, [pc, #80]	@ (100001dc <data_cpy_table+0x3c>)
1000018c:	4788      	blx	r1
1000018e:	4914      	ldr	r1, [pc, #80]	@ (100001e0 <data_cpy_table+0x40>)
10000190:	4788      	blx	r1
10000192:	be00      	bkpt	0x0000
10000194:	e7fd      	b.n	10000192 <platform_entry+0xc>

10000196 <data_cpy_loop>:
10000196:	c901      	ldmia	r1!, {r0}
10000198:	c201      	stmia	r2!, {r0}

1000019a <data_cpy>:
1000019a:	429a      	cmp	r2, r3
1000019c:	d3fb      	bcc.n	10000196 <data_cpy_loop>
1000019e:	4770      	bx	lr

100001a0 <data_cpy_table>:
100001a0:	10004dbc 	.word	0x10004dbc
100001a4:	20000110 	.word	0x20000110
100001a8:	20000ea4 	.word	0x20000ea4
100001ac:	10005b50 	.word	0x10005b50
100001b0:	20080000 	.word	0x20080000
100001b4:	20080000 	.word	0x20080000
100001b8:	10005b50 	.word	0x10005b50
100001bc:	20081000 	.word	0x20081000
100001c0:	20081000 	.word	0x20081000
100001c4:	00000000 	.word	0x00000000
100001c8:	4770      	bx	lr
100001ca:	0000      	.short	0x0000
100001cc:	e000ed08 	.word	0xe000ed08
100001d0:	20000ea4 	.word	0x20000ea4
100001d4:	20001c78 	.word	0x20001c78
100001d8:	10001d31 	.word	0x10001d31
100001dc:	10000319 	.word	0x10000319
100001e0:	10001d29 	.word	0x10001d29

100001e4 <_init>:
100001e4:	b5f8      	push	{r3, r4, r5, r6, r7, lr}
100001e6:	bf00      	nop

100001e8 <deregister_tm_clones>:
100001e8:	4803      	ldr	r0, [pc, #12]	@ (100001f8 <deregister_tm_clones+0x10>)
100001ea:	4b04      	ldr	r3, [pc, #16]	@ (100001fc <deregister_tm_clones+0x14>)
100001ec:	4283      	cmp	r3, r0
100001ee:	d002      	beq.n	100001f6 <deregister_tm_clones+0xe>
100001f0:	4b03      	ldr	r3, [pc, #12]	@ (10000200 <deregister_tm_clones+0x18>)
100001f2:	b103      	cbz	r3, 100001f6 <deregister_tm_clones+0xe>
100001f4:	4718      	bx	r3
100001f6:	4770      	bx	lr
100001f8:	20000ea4 	.word	0x20000ea4
100001fc:	20000ea4 	.word	0x20000ea4
10000200:	00000000 	.word	0x00000000

10000204 <register_tm_clones>:
10000204:	4b06      	ldr	r3, [pc, #24]	@ (10000220 <register_tm_clones+0x1c>)
10000206:	4907      	ldr	r1, [pc, #28]	@ (10000224 <register_tm_clones+0x20>)
10000208:	1ac9      	subs	r1, r1, r3
1000020a:	1089      	asrs	r1, r1, #2
1000020c:	bf48      	it	mi
1000020e:	3101      	addmi	r1, #1
10000210:	1049      	asrs	r1, r1, #1
10000212:	d003      	beq.n	1000021c <register_tm_clones+0x18>
10000214:	4b04      	ldr	r3, [pc, #16]	@ (10000228 <register_tm_clones+0x24>)
10000216:	b10b      	cbz	r3, 1000021c <register_tm_clones+0x18>
10000218:	4801      	ldr	r0, [pc, #4]	@ (10000220 <register_tm_clones+0x1c>)
1000021a:	4718      	bx	r3
1000021c:	4770      	bx	lr
1000021e:	bf00      	nop
10000220:	20000ea4 	.word	0x20000ea4
10000224:	20000ea4 	.word	0x20000ea4
10000228:	00000000 	.word	0x00000000

1000022c <__do_global_dtors_aux>:
1000022c:	b510      	push	{r4, lr}
1000022e:	4c06      	ldr	r4, [pc, #24]	@ (10000248 <__do_global_dtors_aux+0x1c>)
10000230:	7823      	ldrb	r3, [r4, #0]
10000232:	b943      	cbnz	r3, 10000246 <__do_global_dtors_aux+0x1a>
10000234:	f7ff ffd8 	bl	100001e8 <deregister_tm_clones>
10000238:	4b04      	ldr	r3, [pc, #16]	@ (1000024c <__do_global_dtors_aux+0x20>)
1000023a:	b113      	cbz	r3, 10000242 <__do_global_dtors_aux+0x16>
1000023c:	4804      	ldr	r0, [pc, #16]	@ (10000250 <__do_global_dtors_aux+0x24>)
1000023e:	f3af 8000 	nop.w
10000242:	2301      	movs	r3, #1
10000244:	7023      	strb	r3, [r4, #0]
10000246:	bd10      	pop	{r4, pc}
10000248:	200010f8 	.word	0x200010f8
1000024c:	00000000 	.word	0x00000000
10000250:	10004a2c 	.word	0x10004a2c

10000254 <frame_dummy>:
10000254:	b508      	push	{r3, lr}
10000256:	4b04      	ldr	r3, [pc, #16]	@ (10000268 <frame_dummy+0x14>)
10000258:	b11b      	cbz	r3, 10000262 <frame_dummy+0xe>
1000025a:	4904      	ldr	r1, [pc, #16]	@ (1000026c <frame_dummy+0x18>)
1000025c:	4804      	ldr	r0, [pc, #16]	@ (10000270 <frame_dummy+0x1c>)
1000025e:	f3af 8000 	nop.w
10000262:	e8bd 4008 	ldmia.w	sp!, {r3, lr}
10000266:	e7cd      	b.n	10000204 <register_tm_clones>
10000268:	00000000 	.word	0x00000000
1000026c:	200010fc 	.word	0x200010fc
10000270:	10004a2c 	.word	0x10004a2c

10000274 <toggle_diode>:
10000274:	2001      	movs	r0, #1
10000276:	4b04      	ldr	r3, [pc, #16]	@ (10000288 <toggle_diode+0x14>)
10000278:	781a      	ldrb	r2, [r3, #0]
1000027a:	4042      	eors	r2, r0
1000027c:	701a      	strb	r2, [r3, #0]
1000027e:	781b      	ldrb	r3, [r3, #0]
10000280:	ec43 0040 	gpioc_bit_out_put r0, r3
10000284:	4770      	bx	lr
10000286:	bf00      	nop
10000288:	20001c73 	.word	0x20001c73

1000028c <toggle_piezo>:
1000028c:	2201      	movs	r2, #1
1000028e:	2300      	movs	r3, #0
10000290:	2000      	movs	r0, #0
10000292:	2100      	movs	r1, #0
10000294:	ec40 2010 	gpioc_hilo_out_xor r2, r0
10000298:	2001      	movs	r0, #1
1000029a:	4770      	bx	lr

1000029c <gpio_alarm_callback>:
1000029c:	b508      	push	{r3, lr}
1000029e:	2201      	movs	r2, #1
100002a0:	2104      	movs	r1, #4
100002a2:	2007      	movs	r0, #7
100002a4:	f000 f998 	bl	100005d8 <gpio_set_irq_enabled>
100002a8:	2000      	movs	r0, #0
100002aa:	2100      	movs	r1, #0
100002ac:	bd08      	pop	{r3, pc}
100002ae:	bf00      	nop

100002b0 <gpio_irq_callback>:
100002b0:	b530      	push	{r4, r5, lr}
100002b2:	2200      	movs	r2, #0
100002b4:	b085      	sub	sp, #20
100002b6:	2104      	movs	r1, #4
100002b8:	2007      	movs	r0, #7
100002ba:	f000 f98d 	bl	100005d8 <gpio_set_irq_enabled>
100002be:	2101      	movs	r1, #1
100002c0:	4b11      	ldr	r3, [pc, #68]	@ (10000308 <gpio_irq_callback+0x58>)
100002c2:	4a12      	ldr	r2, [pc, #72]	@ (1000030c <gpio_irq_callback+0x5c>)
100002c4:	7019      	strb	r1, [r3, #0]
100002c6:	7813      	ldrb	r3, [r2, #0]
100002c8:	4d11      	ldr	r5, [pc, #68]	@ (10000310 <gpio_irq_callback+0x60>)
100002ca:	404b      	eors	r3, r1
100002cc:	7013      	strb	r3, [r2, #0]
100002ce:	f001 f80f 	bl	100012f0 <alarm_pool_get_default>
100002d2:	4604      	mov	r4, r0
100002d4:	f001 fa7a 	bl	100017cc <time_us_64>
100002d8:	f04f 3eff 	mov.w	lr, #4294967295	@ 0xffffffff
100002dc:	f06f 4c00 	mvn.w	ip, #2147483648	@ 0x80000000
100002e0:	4a0c      	ldr	r2, [pc, #48]	@ (10000314 <gpio_irq_callback+0x64>)
100002e2:	9500      	str	r5, [sp, #0]
100002e4:	1882      	adds	r2, r0, r2
100002e6:	f141 0300 	adc.w	r3, r1, #0
100002ea:	4596      	cmp	lr, r2
100002ec:	eb7c 0103 	sbcs.w	r1, ip, r3
100002f0:	f04f 0100 	mov.w	r1, #0
100002f4:	bf3c      	itt	cc
100002f6:	4672      	movcc	r2, lr
100002f8:	4663      	movcc	r3, ip
100002fa:	4620      	mov	r0, r4
100002fc:	e9cd 1101 	strd	r1, r1, [sp, #4]
10000300:	f000 fffa 	bl	100012f8 <alarm_pool_add_alarm_at>
10000304:	b005      	add	sp, #20
10000306:	bd30      	pop	{r4, r5, pc}
10000308:	20000e00 	.word	0x20000e00
1000030c:	20001c70 	.word	0x20001c70
10000310:	1000029d 	.word	0x1000029d
10000314:	000186a0 	.word	0x000186a0

10000318 <main>:
10000318:	e92d 4880 	stmdb	sp!, {r7, fp, lr}
1000031c:	b08b      	sub	sp, #44	@ 0x2c
1000031e:	f001 fe03 	bl	10001f28 <stdio_init_all>
10000322:	2001      	movs	r0, #1
10000324:	f000 f9a0 	bl	10000668 <gpio_init>
10000328:	2000      	movs	r0, #0
1000032a:	f000 f99d 	bl	10000668 <gpio_init>
1000032e:	2007      	movs	r0, #7
10000330:	f000 f99a 	bl	10000668 <gpio_init>
10000334:	2701      	movs	r7, #1
10000336:	ec47 7044 	gpioc_bit_oe_put r7, r7
1000033a:	2600      	movs	r6, #0
1000033c:	ec47 6044 	gpioc_bit_oe_put r6, r7
10000340:	2407      	movs	r4, #7
10000342:	ec46 4044 	gpioc_bit_oe_put r4, r6
10000346:	f8df a0ac 	ldr.w	sl, [pc, #172]	@ 100003f4 <main+0xdc>
1000034a:	4639      	mov	r1, r7
1000034c:	4632      	mov	r2, r6
1000034e:	4620      	mov	r0, r4
10000350:	ad04      	add	r5, sp, #16
10000352:	f000 f92d 	bl	100005b0 <gpio_set_pulls>
10000356:	f000 ffcb 	bl	100012f0 <alarm_pool_get_default>
1000035a:	f04f 33ff 	mov.w	r3, #4294967295	@ 0xffffffff
1000035e:	4a21      	ldr	r2, [pc, #132]	@ (100003e4 <main+0xcc>)
10000360:	e9cd 6501 	strd	r6, r5, [sp, #4]
10000364:	f8cd a000 	str.w	sl, [sp]
10000368:	f001 f938 	bl	100015dc <alarm_pool_add_repeating_timer_us>
1000036c:	463a      	mov	r2, r7
1000036e:	2104      	movs	r1, #4
10000370:	4620      	mov	r0, r4
10000372:	f000 f931 	bl	100005d8 <gpio_set_irq_enabled>
10000376:	481c      	ldr	r0, [pc, #112]	@ (100003e8 <main+0xd0>)
10000378:	f000 f956 	bl	10000628 <gpio_set_irq_callback>
1000037c:	4639      	mov	r1, r7
1000037e:	2015      	movs	r0, #21
10000380:	f000 fa78 	bl	10000874 <irq_set_enabled>
10000384:	46b0      	mov	r8, r6
10000386:	4c19      	ldr	r4, [pc, #100]	@ (100003ec <main+0xd4>)
10000388:	f8df 906c 	ldr.w	r9, [pc, #108]	@ 100003f8 <main+0xe0>
1000038c:	7823      	ldrb	r3, [r4, #0]
1000038e:	2b00      	cmp	r3, #0
10000390:	d0fc      	beq.n	1000038c <main+0x74>
10000392:	4628      	mov	r0, r5
10000394:	f001 f9b2 	bl	100016fc <cancel_repeating_timer>
10000398:	f04f 0300 	mov.w	r3, #0
1000039c:	ec43 8040 	gpioc_bit_out_put r8, r3
100003a0:	ec43 7040 	gpioc_bit_out_put r7, r3
100003a4:	f899 3000 	ldrb.w	r3, [r9]
100003a8:	f003 0bff 	and.w	fp, r3, #255	@ 0xff
100003ac:	b963      	cbnz	r3, 100003c8 <main+0xb0>
100003ae:	f000 ff9f 	bl	100012f0 <alarm_pool_get_default>
100003b2:	f04f 33ff 	mov.w	r3, #4294967295	@ 0xffffffff
100003b6:	e9cd b501 	strd	fp, r5, [sp, #4]
100003ba:	4a0a      	ldr	r2, [pc, #40]	@ (100003e4 <main+0xcc>)
100003bc:	f8cd a000 	str.w	sl, [sp]
100003c0:	f001 f90c 	bl	100015dc <alarm_pool_add_repeating_timer_us>
100003c4:	7026      	strb	r6, [r4, #0]
100003c6:	e7e1      	b.n	1000038c <main+0x74>
100003c8:	f000 ff92 	bl	100012f0 <alarm_pool_get_default>
100003cc:	4908      	ldr	r1, [pc, #32]	@ (100003f0 <main+0xd8>)
100003ce:	f06f 02f9 	mvn.w	r2, #249	@ 0xf9
100003d2:	f04f 33ff 	mov.w	r3, #4294967295	@ 0xffffffff
100003d6:	e9cd 6501 	strd	r6, r5, [sp, #4]
100003da:	9100      	str	r1, [sp, #0]
100003dc:	f001 f8fe 	bl	100015dc <alarm_pool_add_repeating_timer_us>
100003e0:	7026      	strb	r6, [r4, #0]
100003e2:	e7d3      	b.n	1000038c <main+0x74>
100003e4:	fffc2f70 	.word	0xfffc2f70
100003e8:	100002b1 	.word	0x100002b1
100003ec:	20000e00 	.word	0x20000e00
100003f0:	1000028d 	.word	0x1000028d
100003f4:	10000275 	.word	0x10000275
100003f8:	20001c70 	.word	0x20001c70

100003fc <gpio_default_irq_handler>:
100003fc:	f04f 4050 	mov.w	r0, #3489660928	@ 0xd0000000
10000400:	e92d 4ff8 	stmdb	sp!, {r3, r4, r5, r6, r7, r8, r9, sl, fp, lr}
10000404:	4965      	ldr	r1, [pc, #404]	@ (1000059c <gpio_default_irq_handler+0x1a0>)
10000406:	f8d0 a000 	ldr.w	sl, [r0]
1000040a:	4a65      	ldr	r2, [pc, #404]	@ (100005a0 <gpio_default_irq_handler+0x1a4>)
1000040c:	4b65      	ldr	r3, [pc, #404]	@ (100005a4 <gpio_default_irq_handler+0x1a8>)
1000040e:	f851 702a 	ldr.w	r7, [r1, sl, lsl #2]
10000412:	f1ba 0f00 	cmp.w	sl, #0
10000416:	bf0c      	ite	eq
10000418:	4690      	moveq	r8, r2
1000041a:	4698      	movne	r8, r3
1000041c:	b34f      	cbz	r7, 10000472 <gpio_default_irq_handler+0x76>
1000041e:	2600      	movs	r6, #0
10000420:	f8df b184 	ldr.w	fp, [pc, #388]	@ 100005a8 <gpio_default_irq_handler+0x1ac>
10000424:	f8df 9184 	ldr.w	r9, [pc, #388]	@ 100005ac <gpio_default_irq_handler+0x1b0>
10000428:	08f3      	lsrs	r3, r6, #3
1000042a:	330c      	adds	r3, #12
1000042c:	f858 4023 	ldr.w	r4, [r8, r3, lsl #2]
10000430:	4635      	mov	r5, r6
10000432:	3608      	adds	r6, #8
10000434:	b1cc      	cbz	r4, 1000046a <gpio_default_irq_handler+0x6e>
10000436:	f014 010f 	ands.w	r1, r4, #15
1000043a:	d010      	beq.n	1000045e <gpio_default_irq_handler+0x62>
1000043c:	f85b 202a 	ldr.w	r2, [fp, sl, lsl #2]
10000440:	f005 0307 	and.w	r3, r5, #7
10000444:	40ea      	lsrs	r2, r5
10000446:	08e8      	lsrs	r0, r5, #3
10000448:	009b      	lsls	r3, r3, #2
1000044a:	07d2      	lsls	r2, r2, #31
1000044c:	fa01 f303 	lsl.w	r3, r1, r3
10000450:	f100 0c8c 	add.w	ip, r0, #140	@ 0x8c
10000454:	d403      	bmi.n	1000045e <gpio_default_irq_handler+0x62>
10000456:	4628      	mov	r0, r5
10000458:	f849 302c 	str.w	r3, [r9, ip, lsl #2]
1000045c:	47b8      	blx	r7
1000045e:	0924      	lsrs	r4, r4, #4
10000460:	f105 0501 	add.w	r5, r5, #1
10000464:	d001      	beq.n	1000046a <gpio_default_irq_handler+0x6e>
10000466:	42b5      	cmp	r5, r6
10000468:	d3e5      	bcc.n	10000436 <gpio_default_irq_handler+0x3a>
1000046a:	2e20      	cmp	r6, #32
1000046c:	d1dc      	bne.n	10000428 <gpio_default_irq_handler+0x2c>
1000046e:	e8bd 8ff8 	ldmia.w	sp!, {r3, r4, r5, r6, r7, r8, r9, sl, fp, pc}
10000472:	484d      	ldr	r0, [pc, #308]	@ (100005a8 <gpio_default_irq_handler+0x1ac>)
10000474:	08f9      	lsrs	r1, r7, #3
10000476:	f101 030c 	add.w	r3, r1, #12
1000047a:	f858 3023 	ldr.w	r3, [r8, r3, lsl #2]
1000047e:	463a      	mov	r2, r7
10000480:	3708      	adds	r7, #8
10000482:	2b00      	cmp	r3, #0
10000484:	d071      	beq.n	1000056a <gpio_default_irq_handler+0x16e>
10000486:	f013 050f 	ands.w	r5, r3, #15
1000048a:	d008      	beq.n	1000049e <gpio_default_irq_handler+0xa2>
1000048c:	f850 402a 	ldr.w	r4, [r0, sl, lsl #2]
10000490:	40d4      	lsrs	r4, r2
10000492:	07e4      	lsls	r4, r4, #31
10000494:	d403      	bmi.n	1000049e <gpio_default_irq_handler+0xa2>
10000496:	4c45      	ldr	r4, [pc, #276]	@ (100005ac <gpio_default_irq_handler+0x1b0>)
10000498:	318c      	adds	r1, #140	@ 0x8c
1000049a:	f844 5021 	str.w	r5, [r4, r1, lsl #2]
1000049e:	0919      	lsrs	r1, r3, #4
100004a0:	d063      	beq.n	1000056a <gpio_default_irq_handler+0x16e>
100004a2:	f011 010f 	ands.w	r1, r1, #15
100004a6:	d00b      	beq.n	100004c0 <gpio_default_irq_handler+0xc4>
100004a8:	f850 402a 	ldr.w	r4, [r0, sl, lsl #2]
100004ac:	1c55      	adds	r5, r2, #1
100004ae:	40ec      	lsrs	r4, r5
100004b0:	07e6      	lsls	r6, r4, #31
100004b2:	d405      	bmi.n	100004c0 <gpio_default_irq_handler+0xc4>
100004b4:	08ec      	lsrs	r4, r5, #3
100004b6:	4d3d      	ldr	r5, [pc, #244]	@ (100005ac <gpio_default_irq_handler+0x1b0>)
100004b8:	0109      	lsls	r1, r1, #4
100004ba:	348c      	adds	r4, #140	@ 0x8c
100004bc:	f845 1024 	str.w	r1, [r5, r4, lsl #2]
100004c0:	0a19      	lsrs	r1, r3, #8
100004c2:	d052      	beq.n	1000056a <gpio_default_irq_handler+0x16e>
100004c4:	f011 010f 	ands.w	r1, r1, #15
100004c8:	d00b      	beq.n	100004e2 <gpio_default_irq_handler+0xe6>
100004ca:	f850 402a 	ldr.w	r4, [r0, sl, lsl #2]
100004ce:	1c95      	adds	r5, r2, #2
100004d0:	40ec      	lsrs	r4, r5
100004d2:	07e4      	lsls	r4, r4, #31
100004d4:	d405      	bmi.n	100004e2 <gpio_default_irq_handler+0xe6>
100004d6:	08ec      	lsrs	r4, r5, #3
100004d8:	4d34      	ldr	r5, [pc, #208]	@ (100005ac <gpio_default_irq_handler+0x1b0>)
100004da:	0209      	lsls	r1, r1, #8
100004dc:	348c      	adds	r4, #140	@ 0x8c
100004de:	f845 1024 	str.w	r1, [r5, r4, lsl #2]
100004e2:	0b19      	lsrs	r1, r3, #12
100004e4:	d041      	beq.n	1000056a <gpio_default_irq_handler+0x16e>
100004e6:	f011 010f 	ands.w	r1, r1, #15
100004ea:	d005      	beq.n	100004f8 <gpio_default_irq_handler+0xfc>
100004ec:	f850 402a 	ldr.w	r4, [r0, sl, lsl #2]
100004f0:	1cd5      	adds	r5, r2, #3
100004f2:	40ec      	lsrs	r4, r5
100004f4:	07e6      	lsls	r6, r4, #31
100004f6:	d53c      	bpl.n	10000572 <gpio_default_irq_handler+0x176>
100004f8:	0c19      	lsrs	r1, r3, #16
100004fa:	d036      	beq.n	1000056a <gpio_default_irq_handler+0x16e>
100004fc:	f011 010f 	ands.w	r1, r1, #15
10000500:	d006      	beq.n	10000510 <gpio_default_irq_handler+0x114>
10000502:	4c29      	ldr	r4, [pc, #164]	@ (100005a8 <gpio_default_irq_handler+0x1ac>)
10000504:	f854 502a 	ldr.w	r5, [r4, sl, lsl #2]
10000508:	1d14      	adds	r4, r2, #4
1000050a:	40e5      	lsrs	r5, r4
1000050c:	07ed      	lsls	r5, r5, #31
1000050e:	d537      	bpl.n	10000580 <gpio_default_irq_handler+0x184>
10000510:	0d19      	lsrs	r1, r3, #20
10000512:	d02a      	beq.n	1000056a <gpio_default_irq_handler+0x16e>
10000514:	f011 010f 	ands.w	r1, r1, #15
10000518:	d006      	beq.n	10000528 <gpio_default_irq_handler+0x12c>
1000051a:	4c23      	ldr	r4, [pc, #140]	@ (100005a8 <gpio_default_irq_handler+0x1ac>)
1000051c:	f854 502a 	ldr.w	r5, [r4, sl, lsl #2]
10000520:	1d54      	adds	r4, r2, #5
10000522:	40e5      	lsrs	r5, r4
10000524:	07ee      	lsls	r6, r5, #31
10000526:	d532      	bpl.n	1000058e <gpio_default_irq_handler+0x192>
10000528:	0e19      	lsrs	r1, r3, #24
1000052a:	d01e      	beq.n	1000056a <gpio_default_irq_handler+0x16e>
1000052c:	f011 010f 	ands.w	r1, r1, #15
10000530:	d00c      	beq.n	1000054c <gpio_default_irq_handler+0x150>
10000532:	4c1d      	ldr	r4, [pc, #116]	@ (100005a8 <gpio_default_irq_handler+0x1ac>)
10000534:	f854 502a 	ldr.w	r5, [r4, sl, lsl #2]
10000538:	1d94      	adds	r4, r2, #6
1000053a:	40e5      	lsrs	r5, r4
1000053c:	07ed      	lsls	r5, r5, #31
1000053e:	d405      	bmi.n	1000054c <gpio_default_irq_handler+0x150>
10000540:	4d1a      	ldr	r5, [pc, #104]	@ (100005ac <gpio_default_irq_handler+0x1b0>)
10000542:	08e4      	lsrs	r4, r4, #3
10000544:	0609      	lsls	r1, r1, #24
10000546:	348c      	adds	r4, #140	@ 0x8c
10000548:	f845 1024 	str.w	r1, [r5, r4, lsl #2]
1000054c:	0f1b      	lsrs	r3, r3, #28
1000054e:	f102 0207 	add.w	r2, r2, #7
10000552:	d00a      	beq.n	1000056a <gpio_default_irq_handler+0x16e>
10000554:	f850 102a 	ldr.w	r1, [r0, sl, lsl #2]
10000558:	40d1      	lsrs	r1, r2
1000055a:	07c9      	lsls	r1, r1, #31
1000055c:	d405      	bmi.n	1000056a <gpio_default_irq_handler+0x16e>
1000055e:	4913      	ldr	r1, [pc, #76]	@ (100005ac <gpio_default_irq_handler+0x1b0>)
10000560:	08d2      	lsrs	r2, r2, #3
10000562:	071b      	lsls	r3, r3, #28
10000564:	328c      	adds	r2, #140	@ 0x8c
10000566:	f841 3022 	str.w	r3, [r1, r2, lsl #2]
1000056a:	2f20      	cmp	r7, #32
1000056c:	d182      	bne.n	10000474 <gpio_default_irq_handler+0x78>
1000056e:	e8bd 8ff8 	ldmia.w	sp!, {r3, r4, r5, r6, r7, r8, r9, sl, fp, pc}
10000572:	08ec      	lsrs	r4, r5, #3
10000574:	4d0d      	ldr	r5, [pc, #52]	@ (100005ac <gpio_default_irq_handler+0x1b0>)
10000576:	0309      	lsls	r1, r1, #12
10000578:	348c      	adds	r4, #140	@ 0x8c
1000057a:	f845 1024 	str.w	r1, [r5, r4, lsl #2]
1000057e:	e7bb      	b.n	100004f8 <gpio_default_irq_handler+0xfc>
10000580:	4d0a      	ldr	r5, [pc, #40]	@ (100005ac <gpio_default_irq_handler+0x1b0>)
10000582:	08e4      	lsrs	r4, r4, #3
10000584:	0409      	lsls	r1, r1, #16
10000586:	348c      	adds	r4, #140	@ 0x8c
10000588:	f845 1024 	str.w	r1, [r5, r4, lsl #2]
1000058c:	e7c0      	b.n	10000510 <gpio_default_irq_handler+0x114>
1000058e:	4d07      	ldr	r5, [pc, #28]	@ (100005ac <gpio_default_irq_handler+0x1b0>)
10000590:	08e4      	lsrs	r4, r4, #3
10000592:	0509      	lsls	r1, r1, #20
10000594:	348c      	adds	r4, #140	@ 0x8c
10000596:	f845 1024 	str.w	r1, [r5, r4, lsl #2]
1000059a:	e7c5      	b.n	10000528 <gpio_default_irq_handler+0x12c>
1000059c:	20001798 	.word	0x20001798
100005a0:	40028248 	.word	0x40028248
100005a4:	40028290 	.word	0x40028290
100005a8:	20001c40 	.word	0x20001c40
100005ac:	40028000 	.word	0x40028000

100005b0 <gpio_set_pulls>:
100005b0:	b410      	push	{r4}
100005b2:	4c08      	ldr	r4, [pc, #32]	@ (100005d4 <gpio_set_pulls+0x24>)
100005b4:	00c9      	lsls	r1, r1, #3
100005b6:	ea41 0182 	orr.w	r1, r1, r2, lsl #2
100005ba:	f854 2020 	ldr.w	r2, [r4, r0, lsl #2]
100005be:	eb04 0380 	add.w	r3, r4, r0, lsl #2
100005c2:	4051      	eors	r1, r2
100005c4:	f503 5380 	add.w	r3, r3, #4096	@ 0x1000
100005c8:	f001 010c 	and.w	r1, r1, #12
100005cc:	f85d 4b04 	ldr.w	r4, [sp], #4
100005d0:	6019      	str	r1, [r3, #0]
100005d2:	4770      	bx	lr
100005d4:	40038004 	.word	0x40038004

100005d8 <gpio_set_irq_enabled>:
100005d8:	b470      	push	{r4, r5, r6}
100005da:	f04f 4650 	mov.w	r6, #3489660928	@ 0xd0000000
100005de:	4b0f      	ldr	r3, [pc, #60]	@ (1000061c <gpio_set_irq_enabled+0x44>)
100005e0:	6836      	ldr	r6, [r6, #0]
100005e2:	4d0f      	ldr	r5, [pc, #60]	@ (10000620 <gpio_set_irq_enabled+0x48>)
100005e4:	f000 0c07 	and.w	ip, r0, #7
100005e8:	2e00      	cmp	r6, #0
100005ea:	bf18      	it	ne
100005ec:	462b      	movne	r3, r5
100005ee:	08c0      	lsrs	r0, r0, #3
100005f0:	4c0c      	ldr	r4, [pc, #48]	@ (10000624 <gpio_set_irq_enabled+0x4c>)
100005f2:	ea4f 0c8c 	mov.w	ip, ip, lsl #2
100005f6:	fa01 f10c 	lsl.w	r1, r1, ip
100005fa:	eb03 0380 	add.w	r3, r3, r0, lsl #2
100005fe:	308c      	adds	r0, #140	@ 0x8c
10000600:	f844 1020 	str.w	r1, [r4, r0, lsl #2]
10000604:	b122      	cbz	r2, 10000610 <gpio_set_irq_enabled+0x38>
10000606:	bc70      	pop	{r4, r5, r6}
10000608:	f503 5300 	add.w	r3, r3, #8192	@ 0x2000
1000060c:	6019      	str	r1, [r3, #0]
1000060e:	4770      	bx	lr
10000610:	f503 5340 	add.w	r3, r3, #12288	@ 0x3000
10000614:	6019      	str	r1, [r3, #0]
10000616:	bc70      	pop	{r4, r5, r6}
10000618:	4770      	bx	lr
1000061a:	bf00      	nop
1000061c:	40028248 	.word	0x40028248
10000620:	40028290 	.word	0x40028290
10000624:	40028000 	.word	0x40028000

10000628 <gpio_set_irq_callback>:
10000628:	f04f 4350 	mov.w	r3, #3489660928	@ 0xd0000000
1000062c:	b570      	push	{r4, r5, r6, lr}
1000062e:	4d0c      	ldr	r5, [pc, #48]	@ (10000660 <gpio_set_irq_callback+0x38>)
10000630:	681e      	ldr	r6, [r3, #0]
10000632:	4604      	mov	r4, r0
10000634:	f855 2026 	ldr.w	r2, [r5, r6, lsl #2]
10000638:	b11a      	cbz	r2, 10000642 <gpio_set_irq_callback+0x1a>
1000063a:	b160      	cbz	r0, 10000656 <gpio_set_irq_callback+0x2e>
1000063c:	f845 4026 	str.w	r4, [r5, r6, lsl #2]
10000640:	bd70      	pop	{r4, r5, r6, pc}
10000642:	2800      	cmp	r0, #0
10000644:	d0fc      	beq.n	10000640 <gpio_set_irq_callback+0x18>
10000646:	f845 4026 	str.w	r4, [r5, r6, lsl #2]
1000064a:	2015      	movs	r0, #21
1000064c:	e8bd 4070 	ldmia.w	sp!, {r4, r5, r6, lr}
10000650:	4904      	ldr	r1, [pc, #16]	@ (10000664 <gpio_set_irq_callback+0x3c>)
10000652:	f000 b981 	b.w	10000958 <irq_add_shared_handler>
10000656:	2015      	movs	r0, #21
10000658:	4902      	ldr	r1, [pc, #8]	@ (10000664 <gpio_set_irq_callback+0x3c>)
1000065a:	f000 fa71 	bl	10000b40 <irq_remove_handler>
1000065e:	e7ed      	b.n	1000063c <gpio_set_irq_callback+0x14>
10000660:	20001798 	.word	0x20001798
10000664:	100003fd 	.word	0x100003fd

10000668 <gpio_init>:
10000668:	b430      	push	{r4, r5}
1000066a:	f04f 0300 	mov.w	r3, #0
1000066e:	ec43 0044 	gpioc_bit_oe_put r0, r3
10000672:	ec43 0040 	gpioc_bit_out_put r0, r3
10000676:	2505      	movs	r5, #5
10000678:	f44f 7480 	mov.w	r4, #256	@ 0x100
1000067c:	4b0b      	ldr	r3, [pc, #44]	@ (100006ac <gpio_init+0x44>)
1000067e:	00c2      	lsls	r2, r0, #3
10000680:	f853 1020 	ldr.w	r1, [r3, r0, lsl #2]
10000684:	eb03 0080 	add.w	r0, r3, r0, lsl #2
10000688:	f081 0140 	eor.w	r1, r1, #64	@ 0x40
1000068c:	f102 4380 	add.w	r3, r2, #1073741824	@ 0x40000000
10000690:	f503 3320 	add.w	r3, r3, #163840	@ 0x28000
10000694:	f001 02c0 	and.w	r2, r1, #192	@ 0xc0
10000698:	f500 5180 	add.w	r1, r0, #4096	@ 0x1000
1000069c:	f500 5040 	add.w	r0, r0, #12288	@ 0x3000
100006a0:	600a      	str	r2, [r1, #0]
100006a2:	605d      	str	r5, [r3, #4]
100006a4:	6004      	str	r4, [r0, #0]
100006a6:	bc30      	pop	{r4, r5}
100006a8:	4770      	bx	lr
100006aa:	bf00      	nop
100006ac:	40038004 	.word	0x40038004

100006b0 <panic>:
100006b0:	b40f      	push	{r0, r1, r2, r3}
100006b2:	b500      	push	{lr}
100006b4:	b083      	sub	sp, #12
100006b6:	9c04      	ldr	r4, [sp, #16]
100006b8:	4807      	ldr	r0, [pc, #28]	@ (100006d8 <panic+0x28>)
100006ba:	f001 fc79 	bl	10001fb0 <__wrap_puts>
100006be:	b13c      	cbz	r4, 100006d0 <panic+0x20>
100006c0:	a905      	add	r1, sp, #20
100006c2:	4620      	mov	r0, r4
100006c4:	9101      	str	r1, [sp, #4]
100006c6:	f001 fb15 	bl	10001cf4 <weak_raw_vprintf>
100006ca:	4804      	ldr	r0, [pc, #16]	@ (100006dc <panic+0x2c>)
100006cc:	f001 fc70 	bl	10001fb0 <__wrap_puts>
100006d0:	2001      	movs	r0, #1
100006d2:	f001 fb27 	bl	10001d24 <_exit>
100006d6:	bf00      	nop
100006d8:	10004a2c 	.word	0x10004a2c
100006dc:	10004a3c 	.word	0x10004a3c

100006e0 <hw_claim_or_assert>:
100006e0:	b570      	push	{r4, r5, r6, lr}
100006e2:	4686      	mov	lr, r0
100006e4:	f3ef 8510 	mrs	r5, PRIMASK
100006e8:	b672      	cpsid	i
100006ea:	4c12      	ldr	r4, [pc, #72]	@ (10000734 <hw_claim_or_assert+0x54>)
100006ec:	e8d4 6fcf 	ldaexb	r6, [r4]
100006f0:	2001      	movs	r0, #1
100006f2:	2e00      	cmp	r6, #0
100006f4:	d1fa      	bne.n	100006ec <hw_claim_or_assert+0xc>
100006f6:	e8c4 0f46 	strexb	r6, r0, [r4]
100006fa:	2e00      	cmp	r6, #0
100006fc:	d1f6      	bne.n	100006ec <hw_claim_or_assert+0xc>
100006fe:	f3bf 8f5f 	dmb	sy
10000702:	f04f 0c01 	mov.w	ip, #1
10000706:	08c8      	lsrs	r0, r1, #3
10000708:	f001 0307 	and.w	r3, r1, #7
1000070c:	fa0c f303 	lsl.w	r3, ip, r3
10000710:	f81e c000 	ldrb.w	ip, [lr, r0]
10000714:	ea1c 0603 	ands.w	r6, ip, r3
10000718:	d108      	bne.n	1000072c <hw_claim_or_assert+0x4c>
1000071a:	ea4c 0c03 	orr.w	ip, ip, r3
1000071e:	f80e c000 	strb.w	ip, [lr, r0]
10000722:	e8c4 6f8f 	stlb	r6, [r4]
10000726:	f385 8810 	msr	PRIMASK, r5
1000072a:	bd70      	pop	{r4, r5, r6, pc}
1000072c:	4610      	mov	r0, r2
1000072e:	f7ff ffbf 	bl	100006b0 <panic>
10000732:	bf00      	nop
10000734:	2000138f 	.word	0x2000138f

10000738 <hw_claim_unused_from_range>:
10000738:	b5f8      	push	{r3, r4, r5, r6, r7, lr}
1000073a:	f3ef 8510 	mrs	r5, PRIMASK
1000073e:	b672      	cpsid	i
10000740:	4c23      	ldr	r4, [pc, #140]	@ (100007d0 <hw_claim_unused_from_range+0x98>)
10000742:	e8d4 7fcf 	ldaexb	r7, [r4]
10000746:	2601      	movs	r6, #1
10000748:	2f00      	cmp	r7, #0
1000074a:	d1fa      	bne.n	10000742 <hw_claim_unused_from_range+0xa>
1000074c:	e8c4 6f47 	strexb	r7, r6, [r4]
10000750:	2f00      	cmp	r7, #0
10000752:	d1f6      	bne.n	10000742 <hw_claim_unused_from_range+0xa>
10000754:	f3bf 8f5f 	dmb	sy
10000758:	429a      	cmp	r2, r3
1000075a:	d827      	bhi.n	100007ac <hw_claim_unused_from_range+0x74>
1000075c:	2601      	movs	r6, #1
1000075e:	08d7      	lsrs	r7, r2, #3
10000760:	f810 e007 	ldrb.w	lr, [r0, r7]
10000764:	f002 0c07 	and.w	ip, r2, #7
10000768:	fa06 fc0c 	lsl.w	ip, r6, ip
1000076c:	ea1e 0f0c 	tst.w	lr, ip
10000770:	eb00 07d2 	add.w	r7, r0, r2, lsr #3
10000774:	d10d      	bne.n	10000792 <hw_claim_unused_from_range+0x5a>
10000776:	e025      	b.n	100007c4 <hw_claim_unused_from_range+0x8c>
10000778:	ea4f 0ed2 	mov.w	lr, r2, lsr #3
1000077c:	f810 e00e 	ldrb.w	lr, [r0, lr]
10000780:	f002 0c07 	and.w	ip, r2, #7
10000784:	fa06 fc0c 	lsl.w	ip, r6, ip
10000788:	ea1e 0f0c 	tst.w	lr, ip
1000078c:	eb00 07d2 	add.w	r7, r0, r2, lsr #3
10000790:	d018      	beq.n	100007c4 <hw_claim_unused_from_range+0x8c>
10000792:	3201      	adds	r2, #1
10000794:	4293      	cmp	r3, r2
10000796:	d2ef      	bcs.n	10000778 <hw_claim_unused_from_range+0x40>
10000798:	f04f 30ff 	mov.w	r0, #4294967295	@ 0xffffffff
1000079c:	2300      	movs	r3, #0
1000079e:	e8c4 3f8f 	stlb	r3, [r4]
100007a2:	f385 8810 	msr	PRIMASK, r5
100007a6:	4298      	cmp	r0, r3
100007a8:	db07      	blt.n	100007ba <hw_claim_unused_from_range+0x82>
100007aa:	bdf8      	pop	{r3, r4, r5, r6, r7, pc}
100007ac:	2300      	movs	r3, #0
100007ae:	e8c4 3f8f 	stlb	r3, [r4]
100007b2:	f385 8810 	msr	PRIMASK, r5
100007b6:	f04f 30ff 	mov.w	r0, #4294967295	@ 0xffffffff
100007ba:	2900      	cmp	r1, #0
100007bc:	d0f5      	beq.n	100007aa <hw_claim_unused_from_range+0x72>
100007be:	9806      	ldr	r0, [sp, #24]
100007c0:	f7ff ff76 	bl	100006b0 <panic>
100007c4:	ea4e 0e0c 	orr.w	lr, lr, ip
100007c8:	4610      	mov	r0, r2
100007ca:	f887 e000 	strb.w	lr, [r7]
100007ce:	e7e5      	b.n	1000079c <hw_claim_unused_from_range+0x64>
100007d0:	2000138f 	.word	0x2000138f

100007d4 <next_striped_spin_lock_num>:
100007d4:	4a04      	ldr	r2, [pc, #16]	@ (100007e8 <next_striped_spin_lock_num+0x14>)
100007d6:	7810      	ldrb	r0, [r2, #0]
100007d8:	1c43      	adds	r3, r0, #1
100007da:	b2db      	uxtb	r3, r3
100007dc:	2b18      	cmp	r3, #24
100007de:	bf28      	it	cs
100007e0:	2310      	movcs	r3, #16
100007e2:	7013      	strb	r3, [r2, #0]
100007e4:	4770      	bx	lr
100007e6:	bf00      	nop
100007e8:	20000e01 	.word	0x20000e01

100007ec <spin_lock_claim_unused>:
100007ec:	b510      	push	{r4, lr}
100007ee:	4c05      	ldr	r4, [pc, #20]	@ (10000804 <spin_lock_claim_unused+0x18>)
100007f0:	b082      	sub	sp, #8
100007f2:	4601      	mov	r1, r0
100007f4:	231f      	movs	r3, #31
100007f6:	2218      	movs	r2, #24
100007f8:	9400      	str	r4, [sp, #0]
100007fa:	4803      	ldr	r0, [pc, #12]	@ (10000808 <spin_lock_claim_unused+0x1c>)
100007fc:	f7ff ff9c 	bl	10000738 <hw_claim_unused_from_range>
10000800:	b002      	add	sp, #8
10000802:	bd10      	pop	{r4, pc}
10000804:	10004a40 	.word	0x10004a40
10000808:	200017a8 	.word	0x200017a8

1000080c <spinlock_set_extexclall>:
1000080c:	f04f 22e0 	mov.w	r2, #3758153728	@ 0xe000e000
10000810:	6893      	ldr	r3, [r2, #8]
10000812:	f043 5300 	orr.w	r3, r3, #536870912	@ 0x20000000
10000816:	6093      	str	r3, [r2, #8]
10000818:	4770      	bx	lr
1000081a:	bf00      	nop

1000081c <spin_locks_reset>:
1000081c:	2100      	movs	r1, #0
1000081e:	4b04      	ldr	r3, [pc, #16]	@ (10000830 <spin_locks_reset+0x14>)
10000820:	f103 0220 	add.w	r2, r3, #32
10000824:	e8c3 1f8f 	stlb	r1, [r3]
10000828:	3301      	adds	r3, #1
1000082a:	4293      	cmp	r3, r2
1000082c:	d1fa      	bne.n	10000824 <spin_locks_reset+0x8>
1000082e:	4770      	bx	lr
10000830:	20001384 	.word	0x20001384

10000834 <runtime_init_per_core_irq_priorities>:
10000834:	f04f 23e0 	mov.w	r3, #3758153728	@ 0xe000e000
10000838:	f04f 3280 	mov.w	r2, #2155905152	@ 0x80808080
1000083c:	f8c3 2400 	str.w	r2, [r3, #1024]	@ 0x400
10000840:	f8c3 2404 	str.w	r2, [r3, #1028]	@ 0x404
10000844:	f8c3 2408 	str.w	r2, [r3, #1032]	@ 0x408
10000848:	f8c3 240c 	str.w	r2, [r3, #1036]	@ 0x40c
1000084c:	f8c3 2410 	str.w	r2, [r3, #1040]	@ 0x410
10000850:	f8c3 2414 	str.w	r2, [r3, #1044]	@ 0x414
10000854:	f8c3 2418 	str.w	r2, [r3, #1048]	@ 0x418
10000858:	f8c3 241c 	str.w	r2, [r3, #1052]	@ 0x41c
1000085c:	f8c3 2420 	str.w	r2, [r3, #1056]	@ 0x420
10000860:	f8c3 2424 	str.w	r2, [r3, #1060]	@ 0x424
10000864:	f8c3 2428 	str.w	r2, [r3, #1064]	@ 0x428
10000868:	f8c3 242c 	str.w	r2, [r3, #1068]	@ 0x42c
1000086c:	f8c3 2430 	str.w	r2, [r3, #1072]	@ 0x430
10000870:	b662      	cpsie	i
10000872:	4770      	bx	lr

10000874 <irq_set_enabled>:
10000874:	2301      	movs	r3, #1
10000876:	f000 021f 	and.w	r2, r0, #31
1000087a:	4093      	lsls	r3, r2
1000087c:	0940      	lsrs	r0, r0, #5
1000087e:	b141      	cbz	r1, 10000892 <irq_set_enabled+0x1e>
10000880:	0080      	lsls	r0, r0, #2
10000882:	f100 4060 	add.w	r0, r0, #3758096384	@ 0xe0000000
10000886:	f500 4061 	add.w	r0, r0, #57600	@ 0xe100
1000088a:	f8c0 3180 	str.w	r3, [r0, #384]	@ 0x180
1000088e:	6003      	str	r3, [r0, #0]
10000890:	4770      	bx	lr
10000892:	4a02      	ldr	r2, [pc, #8]	@ (1000089c <irq_set_enabled+0x28>)
10000894:	3020      	adds	r0, #32
10000896:	f842 3020 	str.w	r3, [r2, r0, lsl #2]
1000089a:	4770      	bx	lr
1000089c:	e000e100 	.word	0xe000e100

100008a0 <irq_is_enabled>:
100008a0:	2301      	movs	r3, #1
100008a2:	4a06      	ldr	r2, [pc, #24]	@ (100008bc <irq_is_enabled+0x1c>)
100008a4:	0941      	lsrs	r1, r0, #5
100008a6:	f852 2021 	ldr.w	r2, [r2, r1, lsl #2]
100008aa:	f000 001f 	and.w	r0, r0, #31
100008ae:	4083      	lsls	r3, r0
100008b0:	4213      	tst	r3, r2
100008b2:	bf14      	ite	ne
100008b4:	2001      	movne	r0, #1
100008b6:	2000      	moveq	r0, #0
100008b8:	4770      	bx	lr
100008ba:	bf00      	nop
100008bc:	e000e100 	.word	0xe000e100

100008c0 <irq_set_pending>:
100008c0:	2201      	movs	r2, #1
100008c2:	0943      	lsrs	r3, r0, #5
100008c4:	4903      	ldr	r1, [pc, #12]	@ (100008d4 <irq_set_pending+0x14>)
100008c6:	f000 001f 	and.w	r0, r0, #31
100008ca:	4082      	lsls	r2, r0
100008cc:	3340      	adds	r3, #64	@ 0x40
100008ce:	f841 2023 	str.w	r2, [r1, r3, lsl #2]
100008d2:	4770      	bx	lr
100008d4:	e000e100 	.word	0xe000e100

100008d8 <irq_has_shared_handler>:
100008d8:	4a05      	ldr	r2, [pc, #20]	@ (100008f0 <irq_has_shared_handler+0x18>)
100008da:	3010      	adds	r0, #16
100008dc:	6892      	ldr	r2, [r2, #8]
100008de:	4b05      	ldr	r3, [pc, #20]	@ (100008f4 <irq_has_shared_handler+0x1c>)
100008e0:	f852 0020 	ldr.w	r0, [r2, r0, lsl #2]
100008e4:	1ac0      	subs	r0, r0, r3
100008e6:	282f      	cmp	r0, #47	@ 0x2f
100008e8:	bf8c      	ite	hi
100008ea:	2000      	movhi	r0, #0
100008ec:	2001      	movls	r0, #1
100008ee:	4770      	bx	lr
100008f0:	e000ed00 	.word	0xe000ed00
100008f4:	20000e04 	.word	0x20000e04

100008f8 <irq_set_exclusive_handler>:
100008f8:	b5f8      	push	{r3, r4, r5, r6, r7, lr}
100008fa:	460d      	mov	r5, r1
100008fc:	f3ef 8710 	mrs	r7, PRIMASK
10000900:	b672      	cpsid	i
10000902:	4e12      	ldr	r6, [pc, #72]	@ (1000094c <irq_set_exclusive_handler+0x54>)
10000904:	e8d6 2fcf 	ldaexb	r2, [r6]
10000908:	2301      	movs	r3, #1
1000090a:	2a00      	cmp	r2, #0
1000090c:	d1fa      	bne.n	10000904 <irq_set_exclusive_handler+0xc>
1000090e:	e8c6 3f42 	strexb	r2, r3, [r6]
10000912:	2a00      	cmp	r2, #0
10000914:	d1f6      	bne.n	10000904 <irq_set_exclusive_handler+0xc>
10000916:	f3bf 8f5f 	dmb	sy
1000091a:	4b0d      	ldr	r3, [pc, #52]	@ (10000950 <irq_set_exclusive_handler+0x58>)
1000091c:	f100 0410 	add.w	r4, r0, #16
10000920:	689b      	ldr	r3, [r3, #8]
10000922:	4a0c      	ldr	r2, [pc, #48]	@ (10000954 <irq_set_exclusive_handler+0x5c>)
10000924:	f853 3024 	ldr.w	r3, [r3, r4, lsl #2]
10000928:	4293      	cmp	r3, r2
1000092a:	d003      	beq.n	10000934 <irq_set_exclusive_handler+0x3c>
1000092c:	4299      	cmp	r1, r3
1000092e:	d001      	beq.n	10000934 <irq_set_exclusive_handler+0x3c>
10000930:	f001 f8c8 	bl	10001ac4 <hard_assertion_failure>
10000934:	4b06      	ldr	r3, [pc, #24]	@ (10000950 <irq_set_exclusive_handler+0x58>)
10000936:	689b      	ldr	r3, [r3, #8]
10000938:	f843 5024 	str.w	r5, [r3, r4, lsl #2]
1000093c:	f3bf 8f5f 	dmb	sy
10000940:	2300      	movs	r3, #0
10000942:	e8c6 3f8f 	stlb	r3, [r6]
10000946:	f387 8810 	msr	PRIMASK, r7
1000094a:	bdf8      	pop	{r3, r4, r5, r6, r7, pc}
1000094c:	2000138d 	.word	0x2000138d
10000950:	e000ed00 	.word	0xe000ed00
10000954:	10000111 	.word	0x10000111

10000958 <irq_add_shared_handler>:
10000958:	e92d 4ff0 	stmdb	sp!, {r4, r5, r6, r7, r8, r9, sl, fp, lr}
1000095c:	4681      	mov	r9, r0
1000095e:	468b      	mov	fp, r1
10000960:	4616      	mov	r6, r2
10000962:	b083      	sub	sp, #12
10000964:	f3ef 8310 	mrs	r3, PRIMASK
10000968:	b672      	cpsid	i
1000096a:	f8df a1d0 	ldr.w	sl, [pc, #464]	@ 10000b3c <irq_add_shared_handler+0x1e4>
1000096e:	9300      	str	r3, [sp, #0]
10000970:	e8da 1fcf 	ldaexb	r1, [sl]
10000974:	2301      	movs	r3, #1
10000976:	2900      	cmp	r1, #0
10000978:	d1fa      	bne.n	10000970 <irq_add_shared_handler+0x18>
1000097a:	e8ca 3f41 	strexb	r1, r3, [sl]
1000097e:	2900      	cmp	r1, #0
10000980:	d1f6      	bne.n	10000970 <irq_add_shared_handler+0x18>
10000982:	f3bf 8f5f 	dmb	sy
10000986:	4b66      	ldr	r3, [pc, #408]	@ (10000b20 <irq_add_shared_handler+0x1c8>)
10000988:	f993 4000 	ldrsb.w	r4, [r3]
1000098c:	2c00      	cmp	r4, #0
1000098e:	f2c0 80a0 	blt.w	10000ad2 <irq_add_shared_handler+0x17a>
10000992:	4d64      	ldr	r5, [pc, #400]	@ (10000b24 <irq_add_shared_handler+0x1cc>)
10000994:	eb04 0744 	add.w	r7, r4, r4, lsl #1
10000998:	eb05 0887 	add.w	r8, r5, r7, lsl #2
1000099c:	f898 1006 	ldrb.w	r1, [r8, #6]
100009a0:	f109 0910 	add.w	r9, r9, #16
100009a4:	7019      	strb	r1, [r3, #0]
100009a6:	4b60      	ldr	r3, [pc, #384]	@ (10000b28 <irq_add_shared_handler+0x1d0>)
100009a8:	00bf      	lsls	r7, r7, #2
100009aa:	689b      	ldr	r3, [r3, #8]
100009ac:	f853 0029 	ldr.w	r0, [r3, r9, lsl #2]
100009b0:	0063      	lsls	r3, r4, #1
100009b2:	1b41      	subs	r1, r0, r5
100009b4:	292f      	cmp	r1, #47	@ 0x2f
100009b6:	d92f      	bls.n	10000a18 <irq_add_shared_handler+0xc0>
100009b8:	495c      	ldr	r1, [pc, #368]	@ (10000b2c <irq_add_shared_handler+0x1d4>)
100009ba:	4288      	cmp	r0, r1
100009bc:	f040 80a4 	bne.w	10000b08 <irq_add_shared_handler+0x1b0>
100009c0:	441c      	add	r4, r3
100009c2:	4b5b      	ldr	r3, [pc, #364]	@ (10000b30 <irq_add_shared_handler+0x1d8>)
100009c4:	3702      	adds	r7, #2
100009c6:	442f      	add	r7, r5
100009c8:	3b04      	subs	r3, #4
100009ca:	1bdb      	subs	r3, r3, r7
100009cc:	f3c3 034a 	ubfx	r3, r3, #1, #11
100009d0:	ea6f 43c3 	mvn.w	r3, r3, lsl #19
100009d4:	f44f 4121 	mov.w	r1, #41216	@ 0xa100
100009d8:	ea6f 43d3 	mvn.w	r3, r3, lsr #19
100009dc:	f825 1024 	strh.w	r1, [r5, r4, lsl #2]
100009e0:	eb05 0484 	add.w	r4, r5, r4, lsl #2
100009e4:	8063      	strh	r3, [r4, #2]
100009e6:	f64b 5301 	movw	r3, #48385	@ 0xbd01
100009ea:	80a3      	strh	r3, [r4, #4]
100009ec:	23ff      	movs	r3, #255	@ 0xff
100009ee:	f048 0001 	orr.w	r0, r8, #1
100009f2:	71e6      	strb	r6, [r4, #7]
100009f4:	f8c4 b008 	str.w	fp, [r4, #8]
100009f8:	71a3      	strb	r3, [r4, #6]
100009fa:	4b4b      	ldr	r3, [pc, #300]	@ (10000b28 <irq_add_shared_handler+0x1d0>)
100009fc:	689b      	ldr	r3, [r3, #8]
100009fe:	f843 0029 	str.w	r0, [r3, r9, lsl #2]
10000a02:	f3bf 8f5f 	dmb	sy
10000a06:	2300      	movs	r3, #0
10000a08:	e8ca 3f8f 	stlb	r3, [sl]
10000a0c:	9b00      	ldr	r3, [sp, #0]
10000a0e:	f383 8810 	msr	PRIMASK, r3
10000a12:	b003      	add	sp, #12
10000a14:	e8bd 8ff0 	ldmia.w	sp!, {r4, r5, r6, r7, r8, r9, sl, fp, pc}
10000a18:	f020 0e01 	bic.w	lr, r0, #1
10000a1c:	f89e 1007 	ldrb.w	r1, [lr, #7]
10000a20:	42b1      	cmp	r1, r6
10000a22:	d82e      	bhi.n	10000a82 <irq_add_shared_handler+0x12a>
10000a24:	f44f 4321 	mov.w	r3, #41216	@ 0xa100
10000a28:	53eb      	strh	r3, [r5, r7]
10000a2a:	4b41      	ldr	r3, [pc, #260]	@ (10000b30 <irq_add_shared_handler+0x1d8>)
10000a2c:	1cb9      	adds	r1, r7, #2
10000a2e:	4429      	add	r1, r5
10000a30:	3b04      	subs	r3, #4
10000a32:	3704      	adds	r7, #4
10000a34:	1a5b      	subs	r3, r3, r1
10000a36:	442f      	add	r7, r5
10000a38:	f1ae 0104 	sub.w	r1, lr, #4
10000a3c:	4c3d      	ldr	r4, [pc, #244]	@ (10000b34 <irq_add_shared_handler+0x1dc>)
10000a3e:	1bc9      	subs	r1, r1, r7
10000a40:	f3c1 014a 	ubfx	r1, r1, #1, #11
10000a44:	4321      	orrs	r1, r4
10000a46:	f8a8 1004 	strh.w	r1, [r8, #4]
10000a4a:	f3c3 034a 	ubfx	r3, r3, #1, #11
10000a4e:	493a      	ldr	r1, [pc, #232]	@ (10000b38 <irq_add_shared_handler+0x1e0>)
10000a50:	4323      	orrs	r3, r4
10000a52:	f8a8 3002 	strh.w	r3, [r8, #2]
10000a56:	f64a 20aa 	movw	r0, #43690	@ 0xaaaa
10000a5a:	4673      	mov	r3, lr
10000a5c:	1b5b      	subs	r3, r3, r5
10000a5e:	415b      	adcs	r3, r3
10000a60:	4358      	muls	r0, r3
10000a62:	0d00      	lsrs	r0, r0, #20
10000a64:	f888 6007 	strb.w	r6, [r8, #7]
10000a68:	f888 0006 	strb.w	r0, [r8, #6]
10000a6c:	f8c8 b008 	str.w	fp, [r8, #8]
10000a70:	f048 0001 	orr.w	r0, r8, #1
10000a74:	f8ce 1000 	str.w	r1, [lr]
10000a78:	e7bf      	b.n	100009fa <irq_add_shared_handler+0xa2>
10000a7a:	79d1      	ldrb	r1, [r2, #7]
10000a7c:	42b1      	cmp	r1, r6
10000a7e:	d92e      	bls.n	10000ade <irq_add_shared_handler+0x186>
10000a80:	4696      	mov	lr, r2
10000a82:	f99e c006 	ldrsb.w	ip, [lr, #6]
10000a86:	eb0c 024c 	add.w	r2, ip, ip, lsl #1
10000a8a:	f1bc 0f00 	cmp.w	ip, #0
10000a8e:	eb05 0282 	add.w	r2, r5, r2, lsl #2
10000a92:	daf2      	bge.n	10000a7a <irq_add_shared_handler+0x122>
10000a94:	f64b 5101 	movw	r1, #48385	@ 0xbd01
10000a98:	f10e 0204 	add.w	r2, lr, #4
10000a9c:	f1a8 0704 	sub.w	r7, r8, #4
10000aa0:	1abf      	subs	r7, r7, r2
10000aa2:	f3c7 074a 	ubfx	r7, r7, #1, #11
10000aa6:	ea6f 47c7 	mvn.w	r7, r7, lsl #19
10000aaa:	ea6f 47d7 	mvn.w	r7, r7, lsr #19
10000aae:	f88e 4006 	strb.w	r4, [lr, #6]
10000ab2:	eb03 0804 	add.w	r8, r3, r4
10000ab6:	4c20      	ldr	r4, [pc, #128]	@ (10000b38 <irq_add_shared_handler+0x1e0>)
10000ab8:	eb05 0388 	add.w	r3, r5, r8, lsl #2
10000abc:	f8ae 7004 	strh.w	r7, [lr, #4]
10000ac0:	f845 4028 	str.w	r4, [r5, r8, lsl #2]
10000ac4:	8099      	strh	r1, [r3, #4]
10000ac6:	f883 c006 	strb.w	ip, [r3, #6]
10000aca:	71de      	strb	r6, [r3, #7]
10000acc:	f8c3 b008 	str.w	fp, [r3, #8]
10000ad0:	e793      	b.n	100009fa <irq_add_shared_handler+0xa2>
10000ad2:	f000 fff7 	bl	10001ac4 <hard_assertion_failure>
10000ad6:	4b12      	ldr	r3, [pc, #72]	@ (10000b20 <irq_add_shared_handler+0x1c8>)
10000ad8:	f993 4000 	ldrsb.w	r4, [r3]
10000adc:	e759      	b.n	10000992 <irq_add_shared_handler+0x3a>
10000ade:	4672      	mov	r2, lr
10000ae0:	f832 1f04 	ldrh.w	r1, [r2, #4]!
10000ae4:	0549      	lsls	r1, r1, #21
10000ae6:	d414      	bmi.n	10000b12 <irq_add_shared_handler+0x1ba>
10000ae8:	1549      	asrs	r1, r1, #21
10000aea:	3102      	adds	r1, #2
10000aec:	eb02 0141 	add.w	r1, r2, r1, lsl #1
10000af0:	9101      	str	r1, [sp, #4]
10000af2:	f06f 0107 	mvn.w	r1, #7
10000af6:	1bc9      	subs	r1, r1, r7
10000af8:	9f01      	ldr	r7, [sp, #4]
10000afa:	1b49      	subs	r1, r1, r5
10000afc:	4439      	add	r1, r7
10000afe:	f3c1 014a 	ubfx	r1, r1, #1, #11
10000b02:	f441 4160 	orr.w	r1, r1, #57344	@ 0xe000
10000b06:	e7c9      	b.n	10000a9c <irq_add_shared_handler+0x144>
10000b08:	9301      	str	r3, [sp, #4]
10000b0a:	f000 ffdb 	bl	10001ac4 <hard_assertion_failure>
10000b0e:	9b01      	ldr	r3, [sp, #4]
10000b10:	e756      	b.n	100009c0 <irq_add_shared_handler+0x68>
10000b12:	f501 11ff 	add.w	r1, r1, #2088960	@ 0x1fe000
10000b16:	f501 51ff 	add.w	r1, r1, #8160	@ 0x1fe0
10000b1a:	311f      	adds	r1, #31
10000b1c:	e7e4      	b.n	10000ae8 <irq_add_shared_handler+0x190>
10000b1e:	bf00      	nop
10000b20:	20001c71 	.word	0x20001c71
10000b24:	20000e04 	.word	0x20000e04
10000b28:	e000ed00 	.word	0xe000ed00
10000b2c:	10000111 	.word	0x10000111
10000b30:	20000e34 	.word	0x20000e34
10000b34:	ffffe000 	.word	0xffffe000
10000b38:	47804801 	.word	0x47804801
10000b3c:	2000138d 	.word	0x2000138d

10000b40 <irq_remove_handler>:
10000b40:	e92d 4ff0 	stmdb	sp!, {r4, r5, r6, r7, r8, r9, sl, fp, lr}
10000b44:	b083      	sub	sp, #12
10000b46:	f3ef 8a10 	mrs	sl, PRIMASK
10000b4a:	b672      	cpsid	i
10000b4c:	4e74      	ldr	r6, [pc, #464]	@ (10000d20 <irq_remove_handler+0x1e0>)
10000b4e:	e8d6 2fcf 	ldaexb	r2, [r6]
10000b52:	2301      	movs	r3, #1
10000b54:	2a00      	cmp	r2, #0
10000b56:	d1fa      	bne.n	10000b4e <irq_remove_handler+0xe>
10000b58:	e8c6 3f42 	strexb	r2, r3, [r6]
10000b5c:	2a00      	cmp	r2, #0
10000b5e:	d1f6      	bne.n	10000b4e <irq_remove_handler+0xe>
10000b60:	f3bf 8f5f 	dmb	sy
10000b64:	4b6f      	ldr	r3, [pc, #444]	@ (10000d24 <irq_remove_handler+0x1e4>)
10000b66:	f100 0810 	add.w	r8, r0, #16
10000b6a:	689b      	ldr	r3, [r3, #8]
10000b6c:	4a6e      	ldr	r2, [pc, #440]	@ (10000d28 <irq_remove_handler+0x1e8>)
10000b6e:	f853 5028 	ldr.w	r5, [r3, r8, lsl #2]
10000b72:	4295      	cmp	r5, r2
10000b74:	d03f      	beq.n	10000bf6 <irq_remove_handler+0xb6>
10000b76:	428d      	cmp	r5, r1
10000b78:	460c      	mov	r4, r1
10000b7a:	d04a      	beq.n	10000c12 <irq_remove_handler+0xd2>
10000b7c:	4f6b      	ldr	r7, [pc, #428]	@ (10000d2c <irq_remove_handler+0x1ec>)
10000b7e:	1beb      	subs	r3, r5, r7
10000b80:	2b2f      	cmp	r3, #47	@ 0x2f
10000b82:	d838      	bhi.n	10000bf6 <irq_remove_handler+0xb6>
10000b84:	2101      	movs	r1, #1
10000b86:	ea4f 1950 	mov.w	r9, r0, lsr #5
10000b8a:	ea4f 0989 	mov.w	r9, r9, lsl #2
10000b8e:	f109 4960 	add.w	r9, r9, #3758096384	@ 0xe0000000
10000b92:	f509 4961 	add.w	r9, r9, #57600	@ 0xe100
10000b96:	f000 031f 	and.w	r3, r0, #31
10000b9a:	fa01 f003 	lsl.w	r0, r1, r3
10000b9e:	f8d9 3000 	ldr.w	r3, [r9]
10000ba2:	f8c9 0080 	str.w	r0, [r9, #128]	@ 0x80
10000ba6:	ea00 0b03 	and.w	fp, r0, r3
10000baa:	f3bf 8f5f 	dmb	sy
10000bae:	f3ef 8105 	mrs	r1, IPSR
10000bb2:	b2c9      	uxtb	r1, r1
10000bb4:	b379      	cbz	r1, 10000c16 <irq_remove_handler+0xd6>
10000bb6:	4588      	cmp	r8, r1
10000bb8:	d177      	bne.n	10000caa <irq_remove_handler+0x16a>
10000bba:	f025 0e01 	bic.w	lr, r5, #1
10000bbe:	f8de c008 	ldr.w	ip, [lr, #8]
10000bc2:	4564      	cmp	r4, ip
10000bc4:	d105      	bne.n	10000bd2 <irq_remove_handler+0x92>
10000bc6:	e07c      	b.n	10000cc2 <irq_remove_handler+0x182>
10000bc8:	f8d3 c008 	ldr.w	ip, [r3, #8]
10000bcc:	4564      	cmp	r4, ip
10000bce:	d032      	beq.n	10000c36 <irq_remove_handler+0xf6>
10000bd0:	469e      	mov	lr, r3
10000bd2:	f99e 2006 	ldrsb.w	r2, [lr, #6]
10000bd6:	eb02 0342 	add.w	r3, r2, r2, lsl #1
10000bda:	2a00      	cmp	r2, #0
10000bdc:	eb07 0383 	add.w	r3, r7, r3, lsl #2
10000be0:	daf2      	bge.n	10000bc8 <irq_remove_handler+0x88>
10000be2:	4564      	cmp	r4, ip
10000be4:	f000 8081 	beq.w	10000cea <irq_remove_handler+0x1aa>
10000be8:	f1bb 0f00 	cmp.w	fp, #0
10000bec:	d020      	beq.n	10000c30 <irq_remove_handler+0xf0>
10000bee:	f8c9 0180 	str.w	r0, [r9, #384]	@ 0x180
10000bf2:	f8c9 0000 	str.w	r0, [r9]
10000bf6:	4b4b      	ldr	r3, [pc, #300]	@ (10000d24 <irq_remove_handler+0x1e4>)
10000bf8:	689b      	ldr	r3, [r3, #8]
10000bfa:	f843 5028 	str.w	r5, [r3, r8, lsl #2]
10000bfe:	f3bf 8f5f 	dmb	sy
10000c02:	2300      	movs	r3, #0
10000c04:	e8c6 3f8f 	stlb	r3, [r6]
10000c08:	f38a 8810 	msr	PRIMASK, sl
10000c0c:	b003      	add	sp, #12
10000c0e:	e8bd 8ff0 	ldmia.w	sp!, {r4, r5, r6, r7, r8, r9, sl, fp, pc}
10000c12:	4615      	mov	r5, r2
10000c14:	e7ef      	b.n	10000bf6 <irq_remove_handler+0xb6>
10000c16:	f025 0e01 	bic.w	lr, r5, #1
10000c1a:	f8de c008 	ldr.w	ip, [lr, #8]
10000c1e:	4564      	cmp	r4, ip
10000c20:	d1d7      	bne.n	10000bd2 <irq_remove_handler+0x92>
10000c22:	f99e 4006 	ldrsb.w	r4, [lr, #6]
10000c26:	4673      	mov	r3, lr
10000c28:	2c00      	cmp	r4, #0
10000c2a:	da08      	bge.n	10000c3e <irq_remove_handler+0xfe>
10000c2c:	4615      	mov	r5, r2
10000c2e:	e066      	b.n	10000cfe <irq_remove_handler+0x1be>
10000c30:	f8c9 0080 	str.w	r0, [r9, #128]	@ 0x80
10000c34:	e7df      	b.n	10000bf6 <irq_remove_handler+0xb6>
10000c36:	f993 4006 	ldrsb.w	r4, [r3, #6]
10000c3a:	2c00      	cmp	r4, #0
10000c3c:	db56      	blt.n	10000cec <irq_remove_handler+0x1ac>
10000c3e:	eb04 0c44 	add.w	ip, r4, r4, lsl #1
10000c42:	eb07 0c8c 	add.w	ip, r7, ip, lsl #2
10000c46:	f8dc 2008 	ldr.w	r2, [ip, #8]
10000c4a:	0061      	lsls	r1, r4, #1
10000c4c:	609a      	str	r2, [r3, #8]
10000c4e:	f89c 2007 	ldrb.w	r2, [ip, #7]
10000c52:	71da      	strb	r2, [r3, #7]
10000c54:	f99c 2006 	ldrsb.w	r2, [ip, #6]
10000c58:	2a00      	cmp	r2, #0
10000c5a:	719a      	strb	r2, [r3, #6]
10000c5c:	db5d      	blt.n	10000d1a <irq_remove_handler+0x1da>
10000c5e:	f8bc 2004 	ldrh.w	r2, [ip, #4]
10000c62:	0552      	lsls	r2, r2, #21
10000c64:	d504      	bpl.n	10000c70 <irq_remove_handler+0x130>
10000c66:	f502 12ff 	add.w	r2, r2, #2088960	@ 0x1fe000
10000c6a:	f502 52ff 	add.w	r2, r2, #8160	@ 0x1fe0
10000c6e:	321f      	adds	r2, #31
10000c70:	1552      	asrs	r2, r2, #21
10000c72:	f102 0c02 	add.w	ip, r2, #2
10000c76:	f04f 0e04 	mov.w	lr, #4
10000c7a:	220c      	movs	r2, #12
10000c7c:	fb12 e204 	smlabb	r2, r2, r4, lr
10000c80:	eb02 024c 	add.w	r2, r2, ip, lsl #1
10000c84:	f06f 0c07 	mvn.w	ip, #7
10000c88:	443a      	add	r2, r7
10000c8a:	ebac 0c03 	sub.w	ip, ip, r3
10000c8e:	4462      	add	r2, ip
10000c90:	f3c2 024a 	ubfx	r2, r2, #1, #11
10000c94:	f442 4260 	orr.w	r2, r2, #57344	@ 0xe000
10000c98:	809a      	strh	r2, [r3, #4]
10000c9a:	4b25      	ldr	r3, [pc, #148]	@ (10000d30 <irq_remove_handler+0x1f0>)
10000c9c:	4421      	add	r1, r4
10000c9e:	781a      	ldrb	r2, [r3, #0]
10000ca0:	eb07 0181 	add.w	r1, r7, r1, lsl #2
10000ca4:	701c      	strb	r4, [r3, #0]
10000ca6:	718a      	strb	r2, [r1, #6]
10000ca8:	e79e      	b.n	10000be8 <irq_remove_handler+0xa8>
10000caa:	e9cd 0100 	strd	r0, r1, [sp]
10000cae:	f000 ff09 	bl	10001ac4 <hard_assertion_failure>
10000cb2:	e9dd 0100 	ldrd	r0, r1, [sp]
10000cb6:	f025 0e01 	bic.w	lr, r5, #1
10000cba:	f8de c008 	ldr.w	ip, [lr, #8]
10000cbe:	4564      	cmp	r4, ip
10000cc0:	d187      	bne.n	10000bd2 <irq_remove_handler+0x92>
10000cc2:	f99e 4006 	ldrsb.w	r4, [lr, #6]
10000cc6:	4673      	mov	r3, lr
10000cc8:	2c00      	cmp	r4, #0
10000cca:	dab8      	bge.n	10000c3e <irq_remove_handler+0xfe>
10000ccc:	4a19      	ldr	r2, [pc, #100]	@ (10000d34 <irq_remove_handler+0x1f4>)
10000cce:	4c1a      	ldr	r4, [pc, #104]	@ (10000d38 <irq_remove_handler+0x1f8>)
10000cd0:	1ad2      	subs	r2, r2, r3
10000cd2:	3a08      	subs	r2, #8
10000cd4:	f3c2 310a 	ubfx	r1, r2, #12, #11
10000cd8:	ea6f 5101 	mvn.w	r1, r1, lsl #20
10000cdc:	ea6f 5111 	mvn.w	r1, r1, lsr #20
10000ce0:	ea44 0252 	orr.w	r2, r4, r2, lsr #1
10000ce4:	80da      	strh	r2, [r3, #6]
10000ce6:	8099      	strh	r1, [r3, #4]
10000ce8:	e77e      	b.n	10000be8 <irq_remove_handler+0xa8>
10000cea:	4673      	mov	r3, lr
10000cec:	2900      	cmp	r1, #0
10000cee:	d1ed      	bne.n	10000ccc <irq_remove_handler+0x18c>
10000cf0:	22ff      	movs	r2, #255	@ 0xff
10000cf2:	f88e 2006 	strb.w	r2, [lr, #6]
10000cf6:	f64b 5201 	movw	r2, #48385	@ 0xbd01
10000cfa:	f8ae 2004 	strh.w	r2, [lr, #4]
10000cfe:	4c0c      	ldr	r4, [pc, #48]	@ (10000d30 <irq_remove_handler+0x1f0>)
10000d00:	f64a 22aa 	movw	r2, #43690	@ 0xaaaa
10000d04:	f894 c000 	ldrb.w	ip, [r4]
10000d08:	4619      	mov	r1, r3
10000d0a:	1bc9      	subs	r1, r1, r7
10000d0c:	4149      	adcs	r1, r1
10000d0e:	434a      	muls	r2, r1
10000d10:	0d12      	lsrs	r2, r2, #20
10000d12:	f883 c006 	strb.w	ip, [r3, #6]
10000d16:	7022      	strb	r2, [r4, #0]
10000d18:	e766      	b.n	10000be8 <irq_remove_handler+0xa8>
10000d1a:	f64b 5201 	movw	r2, #48385	@ 0xbd01
10000d1e:	e7bb      	b.n	10000c98 <irq_remove_handler+0x158>
10000d20:	2000138d 	.word	0x2000138d
10000d24:	e000ed00 	.word	0xe000ed00
10000d28:	10000111 	.word	0x10000111
10000d2c:	20000e04 	.word	0x20000e04
10000d30:	20001c71 	.word	0x20001c71
10000d34:	20000e3e 	.word	0x20000e3e
10000d38:	fffff800 	.word	0xfffff800

10000d3c <irq_add_tail_to_free_list>:
10000d3c:	b5f0      	push	{r4, r5, r6, r7, lr}
10000d3e:	f3ef 8505 	mrs	r5, IPSR
10000d42:	b2ed      	uxtb	r5, r5
10000d44:	f3ef 8c10 	mrs	ip, PRIMASK
10000d48:	b672      	cpsid	i
10000d4a:	4926      	ldr	r1, [pc, #152]	@ (10000de4 <irq_add_tail_to_free_list+0xa8>)
10000d4c:	e8d1 2fcf 	ldaexb	r2, [r1]
10000d50:	2301      	movs	r3, #1
10000d52:	2a00      	cmp	r2, #0
10000d54:	d1fa      	bne.n	10000d4c <irq_add_tail_to_free_list+0x10>
10000d56:	e8c1 3f42 	strexb	r2, r3, [r1]
10000d5a:	2a00      	cmp	r2, #0
10000d5c:	d1f6      	bne.n	10000d4c <irq_add_tail_to_free_list+0x10>
10000d5e:	f3bf 8f5f 	dmb	sy
10000d62:	4e21      	ldr	r6, [pc, #132]	@ (10000de8 <irq_add_tail_to_free_list+0xac>)
10000d64:	f040 0e01 	orr.w	lr, r0, #1
10000d68:	68b4      	ldr	r4, [r6, #8]
10000d6a:	f64a 23aa 	movw	r3, #43690	@ 0xaaaa
10000d6e:	f854 7025 	ldr.w	r7, [r4, r5, lsl #2]
10000d72:	4a1e      	ldr	r2, [pc, #120]	@ (10000dec <irq_add_tail_to_free_list+0xb0>)
10000d74:	4604      	mov	r4, r0
10000d76:	1aa4      	subs	r4, r4, r2
10000d78:	4164      	adcs	r4, r4
10000d7a:	4363      	muls	r3, r4
10000d7c:	0d1b      	lsrs	r3, r3, #20
10000d7e:	4577      	cmp	r7, lr
10000d80:	b25b      	sxtb	r3, r3
10000d82:	d01b      	beq.n	10000dbc <irq_add_tail_to_free_list+0x80>
10000d84:	f992 4006 	ldrsb.w	r4, [r2, #6]
10000d88:	429c      	cmp	r4, r3
10000d8a:	d01c      	beq.n	10000dc6 <irq_add_tail_to_free_list+0x8a>
10000d8c:	f992 4012 	ldrsb.w	r4, [r2, #18]
10000d90:	429c      	cmp	r4, r3
10000d92:	d023      	beq.n	10000ddc <irq_add_tail_to_free_list+0xa0>
10000d94:	f992 401e 	ldrsb.w	r4, [r2, #30]
10000d98:	429c      	cmp	r4, r3
10000d9a:	d021      	beq.n	10000de0 <irq_add_tail_to_free_list+0xa4>
10000d9c:	f992 402a 	ldrsb.w	r4, [r2, #42]	@ 0x2a
10000da0:	429c      	cmp	r4, r3
10000da2:	bf08      	it	eq
10000da4:	2403      	moveq	r4, #3
10000da6:	d00f      	beq.n	10000dc8 <irq_add_tail_to_free_list+0x8c>
10000da8:	4a11      	ldr	r2, [pc, #68]	@ (10000df0 <irq_add_tail_to_free_list+0xb4>)
10000daa:	2400      	movs	r4, #0
10000dac:	7815      	ldrb	r5, [r2, #0]
10000dae:	7013      	strb	r3, [r2, #0]
10000db0:	7185      	strb	r5, [r0, #6]
10000db2:	e8c1 4f8f 	stlb	r4, [r1]
10000db6:	f38c 8810 	msr	PRIMASK, ip
10000dba:	bdf0      	pop	{r4, r5, r6, r7, pc}
10000dbc:	68b2      	ldr	r2, [r6, #8]
10000dbe:	4c0d      	ldr	r4, [pc, #52]	@ (10000df4 <irq_add_tail_to_free_list+0xb8>)
10000dc0:	f842 4025 	str.w	r4, [r2, r5, lsl #2]
10000dc4:	e7f0      	b.n	10000da8 <irq_add_tail_to_free_list+0x6c>
10000dc6:	2400      	movs	r4, #0
10000dc8:	eb04 0444 	add.w	r4, r4, r4, lsl #1
10000dcc:	eb02 0284 	add.w	r2, r2, r4, lsl #2
10000dd0:	24ff      	movs	r4, #255	@ 0xff
10000dd2:	7194      	strb	r4, [r2, #6]
10000dd4:	f64b 5401 	movw	r4, #48385	@ 0xbd01
10000dd8:	8094      	strh	r4, [r2, #4]
10000dda:	e7e5      	b.n	10000da8 <irq_add_tail_to_free_list+0x6c>
10000ddc:	2401      	movs	r4, #1
10000dde:	e7f3      	b.n	10000dc8 <irq_add_tail_to_free_list+0x8c>
10000de0:	2402      	movs	r4, #2
10000de2:	e7f1      	b.n	10000dc8 <irq_add_tail_to_free_list+0x8c>
10000de4:	2000138d 	.word	0x2000138d
10000de8:	e000ed00 	.word	0xe000ed00
10000dec:	20000e04 	.word	0x20000e04
10000df0:	20001c71 	.word	0x20001c71
10000df4:	10000111 	.word	0x10000111

10000df8 <user_irq_claim_unused>:
10000df8:	b510      	push	{r4, lr}
10000dfa:	4c07      	ldr	r4, [pc, #28]	@ (10000e18 <user_irq_claim_unused+0x20>)
10000dfc:	b082      	sub	sp, #8
10000dfe:	4601      	mov	r1, r0
10000e00:	2305      	movs	r3, #5
10000e02:	2200      	movs	r2, #0
10000e04:	9400      	str	r4, [sp, #0]
10000e06:	4805      	ldr	r0, [pc, #20]	@ (10000e1c <user_irq_claim_unused+0x24>)
10000e08:	f7ff fc96 	bl	10000738 <hw_claim_unused_from_range>
10000e0c:	2800      	cmp	r0, #0
10000e0e:	bfa8      	it	ge
10000e10:	f1c0 0033 	rsbge	r0, r0, #51	@ 0x33
10000e14:	b002      	add	sp, #8
10000e16:	bd10      	pop	{r4, pc}
10000e18:	10004a5c 	.word	0x10004a5c
10000e1c:	20001c76 	.word	0x20001c76

10000e20 <lock_init>:
10000e20:	4b01      	ldr	r3, [pc, #4]	@ (10000e28 <lock_init+0x8>)
10000e22:	440b      	add	r3, r1
10000e24:	6003      	str	r3, [r0, #0]
10000e26:	4770      	bx	lr
10000e28:	20001384 	.word	0x20001384

10000e2c <runtime_init_mutex>:
10000e2c:	b570      	push	{r4, r5, r6, lr}
10000e2e:	4c10      	ldr	r4, [pc, #64]	@ (10000e70 <runtime_init_mutex+0x44>)
10000e30:	4d10      	ldr	r5, [pc, #64]	@ (10000e74 <runtime_init_mutex+0x48>)
10000e32:	42ac      	cmp	r4, r5
10000e34:	d20e      	bcs.n	10000e54 <runtime_init_mutex+0x28>
10000e36:	26ff      	movs	r6, #255	@ 0xff
10000e38:	6823      	ldr	r3, [r4, #0]
10000e3a:	b163      	cbz	r3, 10000e56 <runtime_init_mutex+0x2a>
10000e3c:	f7ff fcca 	bl	100007d4 <next_striped_spin_lock_num>
10000e40:	4601      	mov	r1, r0
10000e42:	4620      	mov	r0, r4
10000e44:	f7ff ffec 	bl	10000e20 <lock_init>
10000e48:	80a6      	strh	r6, [r4, #4]
10000e4a:	f3bf 8f5f 	dmb	sy
10000e4e:	3408      	adds	r4, #8
10000e50:	42ac      	cmp	r4, r5
10000e52:	d3f1      	bcc.n	10000e38 <runtime_init_mutex+0xc>
10000e54:	bd70      	pop	{r4, r5, r6, pc}
10000e56:	f7ff fcbd 	bl	100007d4 <next_striped_spin_lock_num>
10000e5a:	4601      	mov	r1, r0
10000e5c:	4620      	mov	r0, r4
10000e5e:	f7ff ffdf 	bl	10000e20 <lock_init>
10000e62:	7126      	strb	r6, [r4, #4]
10000e64:	f3bf 8f5f 	dmb	sy
10000e68:	3408      	adds	r4, #8
10000e6a:	42ac      	cmp	r4, r5
10000e6c:	d3e4      	bcc.n	10000e38 <runtime_init_mutex+0xc>
10000e6e:	bd70      	pop	{r4, r5, r6, pc}
10000e70:	20000e9c 	.word	0x20000e9c
10000e74:	20000ea4 	.word	0x20000ea4

10000e78 <mutex_init>:
10000e78:	b510      	push	{r4, lr}
10000e7a:	4604      	mov	r4, r0
10000e7c:	f7ff fcaa 	bl	100007d4 <next_striped_spin_lock_num>
10000e80:	4601      	mov	r1, r0
10000e82:	4620      	mov	r0, r4
10000e84:	f7ff ffcc 	bl	10000e20 <lock_init>
10000e88:	23ff      	movs	r3, #255	@ 0xff
10000e8a:	7123      	strb	r3, [r4, #4]
10000e8c:	f3bf 8f5f 	dmb	sy
10000e90:	bd10      	pop	{r4, pc}
10000e92:	bf00      	nop

10000e94 <critical_section_init>:
10000e94:	b510      	push	{r4, lr}
10000e96:	4604      	mov	r4, r0
10000e98:	2001      	movs	r0, #1
10000e9a:	f7ff fca7 	bl	100007ec <spin_lock_claim_unused>
10000e9e:	4b03      	ldr	r3, [pc, #12]	@ (10000eac <critical_section_init+0x18>)
10000ea0:	4403      	add	r3, r0
10000ea2:	6023      	str	r3, [r4, #0]
10000ea4:	f3bf 8f5f 	dmb	sy
10000ea8:	bd10      	pop	{r4, pc}
10000eaa:	bf00      	nop
10000eac:	20001384 	.word	0x20001384

10000eb0 <critical_section_init_with_lock_num>:
10000eb0:	4b02      	ldr	r3, [pc, #8]	@ (10000ebc <critical_section_init_with_lock_num+0xc>)
10000eb2:	440b      	add	r3, r1
10000eb4:	6003      	str	r3, [r0, #0]
10000eb6:	f3bf 8f5f 	dmb	sy
10000eba:	4770      	bx	lr
10000ebc:	20001384 	.word	0x20001384

10000ec0 <sleep_until_callback>:
10000ec0:	4b0d      	ldr	r3, [pc, #52]	@ (10000ef8 <sleep_until_callback+0x38>)
10000ec2:	681a      	ldr	r2, [r3, #0]
10000ec4:	f3ef 8110 	mrs	r1, PRIMASK
10000ec8:	b672      	cpsid	i
10000eca:	e8d2 cfcf 	ldaexb	ip, [r2]
10000ece:	2001      	movs	r0, #1
10000ed0:	f1bc 0f00 	cmp.w	ip, #0
10000ed4:	d1f9      	bne.n	10000eca <sleep_until_callback+0xa>
10000ed6:	e8c2 0f4c 	strexb	ip, r0, [r2]
10000eda:	f1bc 0f00 	cmp.w	ip, #0
10000ede:	d1f4      	bne.n	10000eca <sleep_until_callback+0xa>
10000ee0:	f3bf 8f5f 	dmb	sy
10000ee4:	2200      	movs	r2, #0
10000ee6:	681b      	ldr	r3, [r3, #0]
10000ee8:	e8c3 2f8f 	stlb	r2, [r3]
10000eec:	f381 8810 	msr	PRIMASK, r1
10000ef0:	bf40      	sev
10000ef2:	2000      	movs	r0, #0
10000ef4:	2100      	movs	r1, #0
10000ef6:	4770      	bx	lr
10000ef8:	20001c50 	.word	0x20001c50
10000efc:	00000000 	.word	0x00000000

10000f00 <alarm_pool_irq_handler>:
10000f00:	e92d 4ff0 	stmdb	sp!, {r4, r5, r6, r7, r8, r9, sl, fp, lr}
10000f04:	ed2d 8b02 	vpush	{d8}
10000f08:	b085      	sub	sp, #20
10000f0a:	f3ef 8305 	mrs	r3, IPSR
10000f0e:	b2db      	uxtb	r3, r3
10000f10:	3b10      	subs	r3, #16
10000f12:	089a      	lsrs	r2, r3, #2
10000f14:	bf18      	it	ne
10000f16:	2201      	movne	r2, #1
10000f18:	f04f 0101 	mov.w	r1, #1
10000f1c:	f003 0003 	and.w	r0, r3, #3
10000f20:	bf18      	it	ne
10000f22:	4daf      	ldrne	r5, [pc, #700]	@ (100011e0 <alarm_pool_irq_handler+0x2e0>)
10000f24:	4baf      	ldr	r3, [pc, #700]	@ (100011e4 <alarm_pool_irq_handler+0x2e4>)
10000f26:	bf08      	it	eq
10000f28:	4daf      	ldreq	r5, [pc, #700]	@ (100011e8 <alarm_pool_irq_handler+0x2e8>)
10000f2a:	eb00 0282 	add.w	r2, r0, r2, lsl #2
10000f2e:	f853 6022 	ldr.w	r6, [r3, r2, lsl #2]
10000f32:	fa01 fb00 	lsl.w	fp, r1, r0
10000f36:	f505 5341 	add.w	r3, r5, #12352	@ 0x3040
10000f3a:	ed9f 8ba7 	vldr	d8, [pc, #668]	@ 100011d8 <alarm_pool_irq_handler+0x2d8>
10000f3e:	9001      	str	r0, [sp, #4]
10000f40:	f8c3 b004 	str.w	fp, [r3, #4]
10000f44:	e02e      	b.n	10000fa4 <alarm_pool_irq_handler+0xa4>
10000f46:	88b3      	ldrh	r3, [r6, #4]
10000f48:	0418      	lsls	r0, r3, #16
10000f4a:	f140 8092 	bpl.w	10001072 <alarm_pool_irq_handler+0x172>
10000f4e:	79b3      	ldrb	r3, [r6, #6]
10000f50:	2b00      	cmp	r3, #0
10000f52:	f040 80dc 	bne.w	1000110e <alarm_pool_irq_handler+0x20e>
10000f56:	f9b6 1008 	ldrsh.w	r1, [r6, #8]
10000f5a:	2900      	cmp	r1, #0
10000f5c:	f2c0 811d 	blt.w	1000119a <alarm_pool_irq_handler+0x29a>
10000f60:	6973      	ldr	r3, [r6, #20]
10000f62:	eb01 0141 	add.w	r1, r1, r1, lsl #1
10000f66:	eb03 03c1 	add.w	r3, r3, r1, lsl #3
10000f6a:	e9d3 4702 	ldrd	r4, r7, [r3, #8]
10000f6e:	f1b7 3fff 	cmp.w	r7, #4294967295	@ 0xffffffff
10000f72:	bf08      	it	eq
10000f74:	f1b4 3fff 	cmpeq.w	r4, #4294967295	@ 0xffffffff
10000f78:	d00d      	beq.n	10000f96 <alarm_pool_irq_handler+0x96>
10000f7a:	9b01      	ldr	r3, [sp, #4]
10000f7c:	eb05 0183 	add.w	r1, r5, r3, lsl #2
10000f80:	6aab      	ldr	r3, [r5, #40]	@ 0x28
10000f82:	690a      	ldr	r2, [r1, #16]
10000f84:	1ad2      	subs	r2, r2, r3
10000f86:	1ae3      	subs	r3, r4, r3
10000f88:	4293      	cmp	r3, r2
10000f8a:	d303      	bcc.n	10000f94 <alarm_pool_irq_handler+0x94>
10000f8c:	6a2b      	ldr	r3, [r5, #32]
10000f8e:	ea13 0f0b 	tst.w	r3, fp
10000f92:	d100      	bne.n	10000f96 <alarm_pool_irq_handler+0x96>
10000f94:	610c      	str	r4, [r1, #16]
10000f96:	4628      	mov	r0, r5
10000f98:	f000 fc10 	bl	100017bc <timer_time_us_64>
10000f9c:	42a0      	cmp	r0, r4
10000f9e:	41b9      	sbcs	r1, r7
10000fa0:	f2c0 80fb 	blt.w	1000119a <alarm_pool_irq_handler+0x29a>
10000fa4:	f9b6 3008 	ldrsh.w	r3, [r6, #8]
10000fa8:	f8c5 b03c 	str.w	fp, [r5, #60]	@ 0x3c
10000fac:	2b00      	cmp	r3, #0
10000fae:	9300      	str	r3, [sp, #0]
10000fb0:	dbc9      	blt.n	10000f46 <alarm_pool_irq_handler+0x46>
10000fb2:	f8d6 9014 	ldr.w	r9, [r6, #20]
10000fb6:	eb03 0a43 	add.w	sl, r3, r3, lsl #1
10000fba:	4628      	mov	r0, r5
10000fbc:	eb09 07ca 	add.w	r7, r9, sl, lsl #3
10000fc0:	e9d7 4802 	ldrd	r4, r8, [r7, #8]
10000fc4:	f000 fbfa 	bl	100017bc <timer_time_us_64>
10000fc8:	42a0      	cmp	r0, r4
10000fca:	eb71 0108 	sbcs.w	r1, r1, r8
10000fce:	dbba      	blt.n	10000f46 <alarm_pool_irq_handler+0x46>
10000fd0:	f1b8 0f00 	cmp.w	r8, #0
10000fd4:	f2c0 80c3 	blt.w	1000115e <alarm_pool_irq_handler+0x25e>
10000fd8:	e9d7 3104 	ldrd	r3, r1, [r7, #16]
10000fdc:	4a83      	ldr	r2, [pc, #524]	@ (100011ec <alarm_pool_irq_handler+0x2ec>)
10000fde:	4293      	cmp	r3, r2
10000fe0:	f000 80ed 	beq.w	100011be <alarm_pool_irq_handler+0x2be>
10000fe4:	887a      	ldrh	r2, [r7, #2]
10000fe6:	f9b6 0008 	ldrsh.w	r0, [r6, #8]
10000fea:	b292      	uxth	r2, r2
10000fec:	ea42 4000 	orr.w	r0, r2, r0, lsl #16
10000ff0:	4798      	blx	r3
10000ff2:	4602      	mov	r2, r0
10000ff4:	460b      	mov	r3, r1
10000ff6:	ea52 0103 	orrs.w	r1, r2, r3
10000ffa:	f000 80b0 	beq.w	1000115e <alarm_pool_irq_handler+0x25e>
10000ffe:	2b00      	cmp	r3, #0
10001000:	f280 80d1 	bge.w	100011a6 <alarm_pool_irq_handler+0x2a6>
10001004:	ebb4 0e02 	subs.w	lr, r4, r2
10001008:	eb68 0803 	sbc.w	r8, r8, r3
1000100c:	f939 303a 	ldrsh.w	r3, [r9, sl, lsl #3]
10001010:	e9c7 e802 	strd	lr, r8, [r7, #8]
10001014:	2b00      	cmp	r3, #0
10001016:	db96      	blt.n	10000f46 <alarm_pool_irq_handler+0x46>
10001018:	6971      	ldr	r1, [r6, #20]
1000101a:	eb03 0243 	add.w	r2, r3, r3, lsl #1
1000101e:	eb01 02c2 	add.w	r2, r1, r2, lsl #3
10001022:	e9d2 7002 	ldrd	r7, r0, [r2, #8]
10001026:	45be      	cmp	lr, r7
10001028:	eb78 0c00 	sbcs.w	ip, r8, r0
1000102c:	ea4f 0243 	mov.w	r2, r3, lsl #1
10001030:	db89      	blt.n	10000f46 <alarm_pool_irq_handler+0x46>
10001032:	46b4      	mov	ip, r6
10001034:	f82c 3f08 	strh.w	r3, [ip, #8]!
10001038:	e00b      	b.n	10001052 <alarm_pool_irq_handler+0x152>
1000103a:	f931 3032 	ldrsh.w	r3, [r1, r2, lsl #3]
1000103e:	46a4      	mov	ip, r4
10001040:	2b00      	cmp	r3, #0
10001042:	db0d      	blt.n	10001060 <alarm_pool_irq_handler+0x160>
10001044:	eb03 0043 	add.w	r0, r3, r3, lsl #1
10001048:	eb01 00c0 	add.w	r0, r1, r0, lsl #3
1000104c:	005a      	lsls	r2, r3, #1
1000104e:	e9d0 7002 	ldrd	r7, r0, [r0, #8]
10001052:	45be      	cmp	lr, r7
10001054:	441a      	add	r2, r3
10001056:	eb78 0000 	sbcs.w	r0, r8, r0
1000105a:	eb01 04c2 	add.w	r4, r1, r2, lsl #3
1000105e:	daec      	bge.n	1000103a <alarm_pool_irq_handler+0x13a>
10001060:	f829 303a 	strh.w	r3, [r9, sl, lsl #3]
10001064:	9b00      	ldr	r3, [sp, #0]
10001066:	f8ac 3000 	strh.w	r3, [ip]
1000106a:	88b3      	ldrh	r3, [r6, #4]
1000106c:	0418      	lsls	r0, r3, #16
1000106e:	f53f af6e 	bmi.w	10000f4e <alarm_pool_irq_handler+0x4e>
10001072:	6933      	ldr	r3, [r6, #16]
10001074:	f3ef 8210 	mrs	r2, PRIMASK
10001078:	b672      	cpsid	i
1000107a:	e8d3 0fcf 	ldaexb	r0, [r3]
1000107e:	2101      	movs	r1, #1
10001080:	2800      	cmp	r0, #0
10001082:	d1fa      	bne.n	1000107a <alarm_pool_irq_handler+0x17a>
10001084:	e8c3 1f40 	strexb	r0, r1, [r3]
10001088:	2800      	cmp	r0, #0
1000108a:	d1f6      	bne.n	1000107a <alarm_pool_irq_handler+0x17a>
1000108c:	f3bf 8f5f 	dmb	sy
10001090:	f64f 74ff 	movw	r4, #65535	@ 0xffff
10001094:	88b0      	ldrh	r0, [r6, #4]
10001096:	2300      	movs	r3, #0
10001098:	6931      	ldr	r1, [r6, #16]
1000109a:	b200      	sxth	r0, r0
1000109c:	80b4      	strh	r4, [r6, #4]
1000109e:	e8c1 3f8f 	stlb	r3, [r1]
100010a2:	f382 8810 	msr	PRIMASK, r2
100010a6:	4298      	cmp	r0, r3
100010a8:	f6ff af51 	blt.w	10000f4e <alarm_pool_irq_handler+0x4e>
100010ac:	4607      	mov	r7, r0
100010ae:	46a9      	mov	r9, r5
100010b0:	6974      	ldr	r4, [r6, #20]
100010b2:	f106 0808 	add.w	r8, r6, #8
100010b6:	eb07 0e47 	add.w	lr, r7, r7, lsl #1
100010ba:	eb04 03ce 	add.w	r3, r4, lr, lsl #3
100010be:	e9d3 5002 	ldrd	r5, r0, [r3, #8]
100010c2:	f9b6 3008 	ldrsh.w	r3, [r6, #8]
100010c6:	46c4      	mov	ip, r8
100010c8:	2b00      	cmp	r3, #0
100010ca:	db13      	blt.n	100010f4 <alarm_pool_irq_handler+0x1f4>
100010cc:	46b2      	mov	sl, r6
100010ce:	9700      	str	r7, [sp, #0]
100010d0:	e004      	b.n	100010dc <alarm_pool_irq_handler+0x1dc>
100010d2:	f934 3036 	ldrsh.w	r3, [r4, r6, lsl #3]
100010d6:	4694      	mov	ip, r2
100010d8:	2b00      	cmp	r3, #0
100010da:	db09      	blt.n	100010f0 <alarm_pool_irq_handler+0x1f0>
100010dc:	eb03 0643 	add.w	r6, r3, r3, lsl #1
100010e0:	eb04 02c6 	add.w	r2, r4, r6, lsl #3
100010e4:	e9d2 7102 	ldrd	r7, r1, [r2, #8]
100010e8:	42bd      	cmp	r5, r7
100010ea:	eb70 0101 	sbcs.w	r1, r0, r1
100010ee:	daf0      	bge.n	100010d2 <alarm_pool_irq_handler+0x1d2>
100010f0:	4656      	mov	r6, sl
100010f2:	9f00      	ldr	r7, [sp, #0]
100010f4:	f8ac 7000 	strh.w	r7, [ip]
100010f8:	f934 703e 	ldrsh.w	r7, [r4, lr, lsl #3]
100010fc:	f824 303e 	strh.w	r3, [r4, lr, lsl #3]
10001100:	2f00      	cmp	r7, #0
10001102:	dad8      	bge.n	100010b6 <alarm_pool_irq_handler+0x1b6>
10001104:	79b3      	ldrb	r3, [r6, #6]
10001106:	464d      	mov	r5, r9
10001108:	2b00      	cmp	r3, #0
1000110a:	f43f af24 	beq.w	10000f56 <alarm_pool_irq_handler+0x56>
1000110e:	2300      	movs	r3, #0
10001110:	71b3      	strb	r3, [r6, #6]
10001112:	f9b6 3008 	ldrsh.w	r3, [r6, #8]
10001116:	f106 0808 	add.w	r8, r6, #8
1000111a:	1c59      	adds	r1, r3, #1
1000111c:	d03d      	beq.n	1000119a <alarm_pool_irq_handler+0x29a>
1000111e:	4619      	mov	r1, r3
10001120:	6977      	ldr	r7, [r6, #20]
10001122:	e003      	b.n	1000112c <alarm_pool_irq_handler+0x22c>
10001124:	4680      	mov	r8, r0
10001126:	1c5a      	adds	r2, r3, #1
10001128:	f43f af17 	beq.w	10000f5a <alarm_pool_irq_handler+0x5a>
1000112c:	eb03 0243 	add.w	r2, r3, r3, lsl #1
10001130:	eb07 00c2 	add.w	r0, r7, r2, lsl #3
10001134:	f8b0 c002 	ldrh.w	ip, [r0, #2]
10001138:	461c      	mov	r4, r3
1000113a:	f41c 4f00 	tst.w	ip, #32768	@ 0x8000
1000113e:	469e      	mov	lr, r3
10001140:	f937 3032 	ldrsh.w	r3, [r7, r2, lsl #3]
10001144:	d0ee      	beq.n	10001124 <alarm_pool_irq_handler+0x224>
10001146:	428c      	cmp	r4, r1
10001148:	ed80 8b02 	vstr	d8, [r0, #8]
1000114c:	d005      	beq.n	1000115a <alarm_pool_irq_handler+0x25a>
1000114e:	f8a8 3000 	strh.w	r3, [r8]
10001152:	8931      	ldrh	r1, [r6, #8]
10001154:	f827 1032 	strh.w	r1, [r7, r2, lsl #3]
10001158:	8134      	strh	r4, [r6, #8]
1000115a:	4671      	mov	r1, lr
1000115c:	e7e3      	b.n	10001126 <alarm_pool_irq_handler+0x226>
1000115e:	f839 303a 	ldrh.w	r3, [r9, sl, lsl #3]
10001162:	8133      	strh	r3, [r6, #8]
10001164:	6933      	ldr	r3, [r6, #16]
10001166:	f3ef 8210 	mrs	r2, PRIMASK
1000116a:	b672      	cpsid	i
1000116c:	e8d3 0fcf 	ldaexb	r0, [r3]
10001170:	2101      	movs	r1, #1
10001172:	2800      	cmp	r0, #0
10001174:	d1fa      	bne.n	1000116c <alarm_pool_irq_handler+0x26c>
10001176:	e8c3 1f40 	strexb	r0, r1, [r3]
1000117a:	2800      	cmp	r0, #0
1000117c:	d1f6      	bne.n	1000116c <alarm_pool_irq_handler+0x26c>
1000117e:	f3bf 8f5f 	dmb	sy
10001182:	8873      	ldrh	r3, [r6, #2]
10001184:	6931      	ldr	r1, [r6, #16]
10001186:	f829 303a 	strh.w	r3, [r9, sl, lsl #3]
1000118a:	9b00      	ldr	r3, [sp, #0]
1000118c:	8073      	strh	r3, [r6, #2]
1000118e:	2300      	movs	r3, #0
10001190:	e8c1 3f8f 	stlb	r3, [r1]
10001194:	f382 8810 	msr	PRIMASK, r2
10001198:	e6d5      	b.n	10000f46 <alarm_pool_irq_handler+0x46>
1000119a:	bf40      	sev
1000119c:	b005      	add	sp, #20
1000119e:	ecbd 8b02 	vpop	{d8}
100011a2:	e8bd 8ff0 	ldmia.w	sp!, {r4, r5, r6, r7, r8, r9, sl, fp, pc}
100011a6:	4628      	mov	r0, r5
100011a8:	e9cd 2302 	strd	r2, r3, [sp, #8]
100011ac:	f000 fb06 	bl	100017bc <timer_time_us_64>
100011b0:	9a02      	ldr	r2, [sp, #8]
100011b2:	9b03      	ldr	r3, [sp, #12]
100011b4:	eb10 0e02 	adds.w	lr, r0, r2
100011b8:	eb43 0801 	adc.w	r8, r3, r1
100011bc:	e726      	b.n	1000100c <alarm_pool_irq_handler+0x10c>
100011be:	4608      	mov	r0, r1
100011c0:	690b      	ldr	r3, [r1, #16]
100011c2:	9102      	str	r1, [sp, #8]
100011c4:	4798      	blx	r3
100011c6:	2800      	cmp	r0, #0
100011c8:	d0c9      	beq.n	1000115e <alarm_pool_irq_handler+0x25e>
100011ca:	9902      	ldr	r1, [sp, #8]
100011cc:	e9d1 2300 	ldrd	r2, r3, [r1]
100011d0:	e711      	b.n	10000ff6 <alarm_pool_irq_handler+0xf6>
100011d2:	bf00      	nop
100011d4:	f3af 8000 	nop.w
100011d8:	ffffffff 	.word	0xffffffff
100011dc:	ffffffff 	.word	0xffffffff
100011e0:	400b8000 	.word	0x400b8000
100011e4:	20001c20 	.word	0x20001c20
100011e8:	400b0000 	.word	0x400b0000
100011ec:	10000f01 	.word	0x10000f01

100011f0 <runtime_init_default_alarm_pool>:
100011f0:	e92d 4ff8 	stmdb	sp!, {r3, r4, r5, r6, r7, r8, r9, sl, fp, lr}
100011f4:	4c36      	ldr	r4, [pc, #216]	@ (100012d0 <runtime_init_default_alarm_pool+0xe0>)
100011f6:	6925      	ldr	r5, [r4, #16]
100011f8:	b12d      	cbz	r5, 10001206 <runtime_init_default_alarm_pool+0x16>
100011fa:	e8bd 4ff8 	ldmia.w	sp!, {r3, r4, r5, r6, r7, r8, r9, sl, fp, lr}
100011fe:	210a      	movs	r1, #10
10001200:	4834      	ldr	r0, [pc, #208]	@ (100012d4 <runtime_init_default_alarm_pool+0xe4>)
10001202:	f7ff be0d 	b.w	10000e20 <lock_init>
10001206:	f8df 80e4 	ldr.w	r8, [pc, #228]	@ 100012ec <runtime_init_default_alarm_pool+0xfc>
1000120a:	2103      	movs	r1, #3
1000120c:	4640      	mov	r0, r8
1000120e:	f000 fac3 	bl	10001798 <timer_hardware_alarm_claim>
10001212:	2603      	movs	r6, #3
10001214:	f8c4 800c 	str.w	r8, [r4, #12]
10001218:	f7ff fadc 	bl	100007d4 <next_striped_spin_lock_num>
1000121c:	f04f 4c50 	mov.w	ip, #3489660928	@ 0xd0000000
10001220:	4b2d      	ldr	r3, [pc, #180]	@ (100012d8 <runtime_init_default_alarm_pool+0xe8>)
10001222:	7026      	strb	r6, [r4, #0]
10001224:	4403      	add	r3, r0
10001226:	6123      	str	r3, [r4, #16]
10001228:	f8dc 3000 	ldr.w	r3, [ip]
1000122c:	210f      	movs	r1, #15
1000122e:	7063      	strb	r3, [r4, #1]
10001230:	6963      	ldr	r3, [r4, #20]
10001232:	8061      	strh	r1, [r4, #2]
10001234:	831d      	strh	r5, [r3, #24]
10001236:	f04f 0504 	mov.w	r5, #4
1000123a:	f8a3 5078 	strh.w	r5, [r3, #120]	@ 0x78
1000123e:	f04f 0505 	mov.w	r5, #5
10001242:	f8a3 5090 	strh.w	r5, [r3, #144]	@ 0x90
10001246:	f04f 0506 	mov.w	r5, #6
1000124a:	f8a3 50a8 	strh.w	r5, [r3, #168]	@ 0xa8
1000124e:	f04f 0507 	mov.w	r5, #7
10001252:	210e      	movs	r1, #14
10001254:	f64f 72ff 	movw	r2, #65535	@ 0xffff
10001258:	2708      	movs	r7, #8
1000125a:	f04f 0e0a 	mov.w	lr, #10
1000125e:	f8a3 50c0 	strh.w	r5, [r3, #192]	@ 0xc0
10001262:	f04f 0901 	mov.w	r9, #1
10001266:	f04f 0c0c 	mov.w	ip, #12
1000126a:	f04f 0b02 	mov.w	fp, #2
1000126e:	f04f 0a09 	mov.w	sl, #9
10001272:	200d      	movs	r0, #13
10001274:	f04f 050b 	mov.w	r5, #11
10001278:	f8a3 1168 	strh.w	r1, [r3, #360]	@ 0x168
1000127c:	4917      	ldr	r1, [pc, #92]	@ (100012dc <runtime_init_default_alarm_pool+0xec>)
1000127e:	80a2      	strh	r2, [r4, #4]
10001280:	f8a3 e108 	strh.w	lr, [r3, #264]	@ 0x108
10001284:	60a1      	str	r1, [r4, #8]
10001286:	f8a3 b048 	strh.w	fp, [r3, #72]	@ 0x48
1000128a:	f8a3 a0f0 	strh.w	sl, [r3, #240]	@ 0xf0
1000128e:	f8a3 5120 	strh.w	r5, [r3, #288]	@ 0x120
10001292:	f8a3 c138 	strh.w	ip, [r3, #312]	@ 0x138
10001296:	f8a3 0150 	strh.w	r0, [r3, #336]	@ 0x150
1000129a:	f8a3 9030 	strh.w	r9, [r3, #48]	@ 0x30
1000129e:	f8a3 6060 	strh.w	r6, [r3, #96]	@ 0x60
100012a2:	f8a3 70d8 	strh.w	r7, [r3, #216]	@ 0xd8
100012a6:	801a      	strh	r2, [r3, #0]
100012a8:	4b0d      	ldr	r3, [pc, #52]	@ (100012e0 <runtime_init_default_alarm_pool+0xf0>)
100012aa:	4630      	mov	r0, r6
100012ac:	f8c8 7020 	str.w	r7, [r8, #32]
100012b0:	490c      	ldr	r1, [pc, #48]	@ (100012e4 <runtime_init_default_alarm_pool+0xf4>)
100012b2:	60dc      	str	r4, [r3, #12]
100012b4:	f7ff fb20 	bl	100008f8 <irq_set_exclusive_handler>
100012b8:	4649      	mov	r1, r9
100012ba:	4630      	mov	r0, r6
100012bc:	f7ff fada 	bl	10000874 <irq_set_enabled>
100012c0:	4b09      	ldr	r3, [pc, #36]	@ (100012e8 <runtime_init_default_alarm_pool+0xf8>)
100012c2:	210a      	movs	r1, #10
100012c4:	641f      	str	r7, [r3, #64]	@ 0x40
100012c6:	4803      	ldr	r0, [pc, #12]	@ (100012d4 <runtime_init_default_alarm_pool+0xe4>)
100012c8:	e8bd 4ff8 	ldmia.w	sp!, {r3, r4, r5, r6, r7, r8, r9, sl, fp, lr}
100012cc:	f7ff bda8 	b.w	10000e20 <lock_init>
100012d0:	20000e4c 	.word	0x20000e4c
100012d4:	20001c50 	.word	0x20001c50
100012d8:	20001384 	.word	0x20001384
100012dc:	0010ffff 	.word	0x0010ffff
100012e0:	20001c20 	.word	0x20001c20
100012e4:	10000f01 	.word	0x10000f01
100012e8:	400b2000 	.word	0x400b2000
100012ec:	400b0000 	.word	0x400b0000

100012f0 <alarm_pool_get_default>:
100012f0:	4800      	ldr	r0, [pc, #0]	@ (100012f4 <alarm_pool_get_default+0x4>)
100012f2:	4770      	bx	lr
100012f4:	20000e4c 	.word	0x20000e4c

100012f8 <alarm_pool_add_alarm_at>:
100012f8:	b5f8      	push	{r3, r4, r5, r6, r7, lr}
100012fa:	f89d 7020 	ldrb.w	r7, [sp, #32]
100012fe:	4604      	mov	r4, r0
10001300:	4616      	mov	r6, r2
10001302:	461d      	mov	r5, r3
10001304:	b937      	cbnz	r7, 10001314 <alarm_pool_add_alarm_at+0x1c>
10001306:	f000 fa61 	bl	100017cc <time_us_64>
1000130a:	4286      	cmp	r6, r0
1000130c:	eb65 0101 	sbc.w	r1, r5, r1
10001310:	2900      	cmp	r1, #0
10001312:	db5c      	blt.n	100013ce <alarm_pool_add_alarm_at+0xd6>
10001314:	6923      	ldr	r3, [r4, #16]
10001316:	f3ef 8710 	mrs	r7, PRIMASK
1000131a:	b672      	cpsid	i
1000131c:	e8d3 1fcf 	ldaexb	r1, [r3]
10001320:	2201      	movs	r2, #1
10001322:	2900      	cmp	r1, #0
10001324:	d1fa      	bne.n	1000131c <alarm_pool_add_alarm_at+0x24>
10001326:	e8c3 2f41 	strexb	r1, r2, [r3]
1000132a:	2900      	cmp	r1, #0
1000132c:	d1f6      	bne.n	1000131c <alarm_pool_add_alarm_at+0x24>
1000132e:	f3bf 8f5f 	dmb	sy
10001332:	f9b4 c002 	ldrsh.w	ip, [r4, #2]
10001336:	6963      	ldr	r3, [r4, #20]
10001338:	eb0c 014c 	add.w	r1, ip, ip, lsl #1
1000133c:	f1bc 0f00 	cmp.w	ip, #0
10001340:	ea4f 02c1 	mov.w	r2, r1, lsl #3
10001344:	eb03 01c1 	add.w	r1, r3, r1, lsl #3
10001348:	db38      	blt.n	100013bc <alarm_pool_add_alarm_at+0xc4>
1000134a:	5a98      	ldrh	r0, [r3, r2]
1000134c:	f04f 0e00 	mov.w	lr, #0
10001350:	8060      	strh	r0, [r4, #2]
10001352:	6920      	ldr	r0, [r4, #16]
10001354:	e8c0 ef8f 	stlb	lr, [r0]
10001358:	f387 8810 	msr	PRIMASK, r7
1000135c:	9806      	ldr	r0, [sp, #24]
1000135e:	e9c1 6502 	strd	r6, r5, [r1, #8]
10001362:	6108      	str	r0, [r1, #16]
10001364:	9807      	ldr	r0, [sp, #28]
10001366:	6148      	str	r0, [r1, #20]
10001368:	8848      	ldrh	r0, [r1, #2]
1000136a:	3001      	adds	r0, #1
1000136c:	f3c0 000e 	ubfx	r0, r0, #0, #15
10001370:	2801      	cmp	r0, #1
10001372:	bf38      	it	cc
10001374:	2001      	movcc	r0, #1
10001376:	8048      	strh	r0, [r1, #2]
10001378:	ea40 400c 	orr.w	r0, r0, ip, lsl #16
1000137c:	6921      	ldr	r1, [r4, #16]
1000137e:	f3ef 8510 	mrs	r5, PRIMASK
10001382:	b672      	cpsid	i
10001384:	e8d1 7fcf 	ldaexb	r7, [r1]
10001388:	2601      	movs	r6, #1
1000138a:	2f00      	cmp	r7, #0
1000138c:	d1fa      	bne.n	10001384 <alarm_pool_add_alarm_at+0x8c>
1000138e:	e8c1 6f47 	strexb	r7, r6, [r1]
10001392:	2f00      	cmp	r7, #0
10001394:	d1f6      	bne.n	10001384 <alarm_pool_add_alarm_at+0x8c>
10001396:	f3bf 8f5f 	dmb	sy
1000139a:	88a1      	ldrh	r1, [r4, #4]
1000139c:	5299      	strh	r1, [r3, r2]
1000139e:	f8a4 c004 	strh.w	ip, [r4, #4]
100013a2:	6923      	ldr	r3, [r4, #16]
100013a4:	e8c3 ef8f 	stlb	lr, [r3]
100013a8:	f385 8810 	msr	PRIMASK, r5
100013ac:	2201      	movs	r2, #1
100013ae:	68e3      	ldr	r3, [r4, #12]
100013b0:	7821      	ldrb	r1, [r4, #0]
100013b2:	f503 5301 	add.w	r3, r3, #8256	@ 0x2040
100013b6:	408a      	lsls	r2, r1
100013b8:	605a      	str	r2, [r3, #4]
100013ba:	bdf8      	pop	{r3, r4, r5, r6, r7, pc}
100013bc:	2300      	movs	r3, #0
100013be:	6922      	ldr	r2, [r4, #16]
100013c0:	e8c2 3f8f 	stlb	r3, [r2]
100013c4:	f387 8810 	msr	PRIMASK, r7
100013c8:	f04f 30ff 	mov.w	r0, #4294967295	@ 0xffffffff
100013cc:	bdf8      	pop	{r3, r4, r5, r6, r7, pc}
100013ce:	4638      	mov	r0, r7
100013d0:	bdf8      	pop	{r3, r4, r5, r6, r7, pc}
100013d2:	bf00      	nop

100013d4 <alarm_pool_add_alarm_at_force_in_context>:
100013d4:	4601      	mov	r1, r0
100013d6:	b5f0      	push	{r4, r5, r6, r7, lr}
100013d8:	6900      	ldr	r0, [r0, #16]
100013da:	f3ef 8710 	mrs	r7, PRIMASK
100013de:	b672      	cpsid	i
100013e0:	e8d0 5fcf 	ldaexb	r5, [r0]
100013e4:	2401      	movs	r4, #1
100013e6:	2d00      	cmp	r5, #0
100013e8:	d1fa      	bne.n	100013e0 <alarm_pool_add_alarm_at_force_in_context+0xc>
100013ea:	e8c0 4f45 	strexb	r5, r4, [r0]
100013ee:	2d00      	cmp	r5, #0
100013f0:	d1f6      	bne.n	100013e0 <alarm_pool_add_alarm_at_force_in_context+0xc>
100013f2:	f3bf 8f5f 	dmb	sy
100013f6:	f9b1 e002 	ldrsh.w	lr, [r1, #2]
100013fa:	694c      	ldr	r4, [r1, #20]
100013fc:	eb0e 0c4e 	add.w	ip, lr, lr, lsl #1
10001400:	f1be 0f00 	cmp.w	lr, #0
10001404:	ea4f 05cc 	mov.w	r5, ip, lsl #3
10001408:	eb04 0ccc 	add.w	ip, r4, ip, lsl #3
1000140c:	db3d      	blt.n	1000148a <alarm_pool_add_alarm_at_force_in_context+0xb6>
1000140e:	5b60      	ldrh	r0, [r4, r5]
10001410:	2600      	movs	r6, #0
10001412:	8048      	strh	r0, [r1, #2]
10001414:	6908      	ldr	r0, [r1, #16]
10001416:	e8c0 6f8f 	stlb	r6, [r0]
1000141a:	f387 8810 	msr	PRIMASK, r7
1000141e:	f8bc 0002 	ldrh.w	r0, [ip, #2]
10001422:	e9cc 2302 	strd	r2, r3, [ip, #8]
10001426:	3001      	adds	r0, #1
10001428:	f3c0 000e 	ubfx	r0, r0, #0, #15
1000142c:	2801      	cmp	r0, #1
1000142e:	bf38      	it	cc
10001430:	2001      	movcc	r0, #1
10001432:	9b05      	ldr	r3, [sp, #20]
10001434:	f8ac 0002 	strh.w	r0, [ip, #2]
10001438:	f8cc 3010 	str.w	r3, [ip, #16]
1000143c:	9b06      	ldr	r3, [sp, #24]
1000143e:	ea40 400e 	orr.w	r0, r0, lr, lsl #16
10001442:	f8cc 3014 	str.w	r3, [ip, #20]
10001446:	690b      	ldr	r3, [r1, #16]
10001448:	f3ef 8210 	mrs	r2, PRIMASK
1000144c:	b672      	cpsid	i
1000144e:	e8d3 cfcf 	ldaexb	ip, [r3]
10001452:	2701      	movs	r7, #1
10001454:	f1bc 0f00 	cmp.w	ip, #0
10001458:	d1f9      	bne.n	1000144e <alarm_pool_add_alarm_at_force_in_context+0x7a>
1000145a:	e8c3 7f4c 	strexb	ip, r7, [r3]
1000145e:	f1bc 0f00 	cmp.w	ip, #0
10001462:	d1f4      	bne.n	1000144e <alarm_pool_add_alarm_at_force_in_context+0x7a>
10001464:	f3bf 8f5f 	dmb	sy
10001468:	888b      	ldrh	r3, [r1, #4]
1000146a:	5363      	strh	r3, [r4, r5]
1000146c:	f8a1 e004 	strh.w	lr, [r1, #4]
10001470:	690b      	ldr	r3, [r1, #16]
10001472:	e8c3 6f8f 	stlb	r6, [r3]
10001476:	f382 8810 	msr	PRIMASK, r2
1000147a:	2201      	movs	r2, #1
1000147c:	68cb      	ldr	r3, [r1, #12]
1000147e:	7809      	ldrb	r1, [r1, #0]
10001480:	f503 5301 	add.w	r3, r3, #8256	@ 0x2040
10001484:	408a      	lsls	r2, r1
10001486:	605a      	str	r2, [r3, #4]
10001488:	bdf0      	pop	{r4, r5, r6, r7, pc}
1000148a:	2300      	movs	r3, #0
1000148c:	690a      	ldr	r2, [r1, #16]
1000148e:	e8c2 3f8f 	stlb	r3, [r2]
10001492:	f387 8810 	msr	PRIMASK, r7
10001496:	f04f 30ff 	mov.w	r0, #4294967295	@ 0xffffffff
1000149a:	bdf0      	pop	{r4, r5, r6, r7, pc}

1000149c <alarm_pool_cancel_alarm>:
1000149c:	4603      	mov	r3, r0
1000149e:	8940      	ldrh	r0, [r0, #10]
100014a0:	ebb0 4f21 	cmp.w	r0, r1, asr #16
100014a4:	dd37      	ble.n	10001516 <alarm_pool_cancel_alarm+0x7a>
100014a6:	6958      	ldr	r0, [r3, #20]
100014a8:	140a      	asrs	r2, r1, #16
100014aa:	eb02 0242 	add.w	r2, r2, r2, lsl #1
100014ae:	b510      	push	{r4, lr}
100014b0:	eb00 00c2 	add.w	r0, r0, r2, lsl #3
100014b4:	691c      	ldr	r4, [r3, #16]
100014b6:	f3ef 8c10 	mrs	ip, PRIMASK
100014ba:	b672      	cpsid	i
100014bc:	e8d4 efcf 	ldaexb	lr, [r4]
100014c0:	2201      	movs	r2, #1
100014c2:	f1be 0f00 	cmp.w	lr, #0
100014c6:	d1f9      	bne.n	100014bc <alarm_pool_cancel_alarm+0x20>
100014c8:	e8c4 2f4e 	strexb	lr, r2, [r4]
100014cc:	f1be 0f00 	cmp.w	lr, #0
100014d0:	d1f4      	bne.n	100014bc <alarm_pool_cancel_alarm+0x20>
100014d2:	f3bf 8f5f 	dmb	sy
100014d6:	8842      	ldrh	r2, [r0, #2]
100014d8:	b289      	uxth	r1, r1
100014da:	b292      	uxth	r2, r2
100014dc:	428a      	cmp	r2, r1
100014de:	d007      	beq.n	100014f0 <alarm_pool_cancel_alarm+0x54>
100014e0:	2200      	movs	r2, #0
100014e2:	691b      	ldr	r3, [r3, #16]
100014e4:	e8c3 2f8f 	stlb	r2, [r3]
100014e8:	f38c 8810 	msr	PRIMASK, ip
100014ec:	2000      	movs	r0, #0
100014ee:	bd10      	pop	{r4, pc}
100014f0:	f442 4200 	orr.w	r2, r2, #32768	@ 0x8000
100014f4:	8042      	strh	r2, [r0, #2]
100014f6:	2101      	movs	r1, #1
100014f8:	2200      	movs	r2, #0
100014fa:	6918      	ldr	r0, [r3, #16]
100014fc:	7199      	strb	r1, [r3, #6]
100014fe:	e8c0 2f8f 	stlb	r2, [r0]
10001502:	f38c 8810 	msr	PRIMASK, ip
10001506:	781c      	ldrb	r4, [r3, #0]
10001508:	68da      	ldr	r2, [r3, #12]
1000150a:	4608      	mov	r0, r1
1000150c:	f502 5301 	add.w	r3, r2, #8256	@ 0x2040
10001510:	40a1      	lsls	r1, r4
10001512:	6059      	str	r1, [r3, #4]
10001514:	bd10      	pop	{r4, pc}
10001516:	2000      	movs	r0, #0
10001518:	4770      	bx	lr
1000151a:	bf00      	nop

1000151c <alarm_pool_core_num>:
1000151c:	7840      	ldrb	r0, [r0, #1]
1000151e:	4770      	bx	lr

10001520 <best_effort_wfe_or_timeout>:
10001520:	e92d 43f0 	stmdb	sp!, {r4, r5, r6, r7, r8, r9, lr}
10001524:	4606      	mov	r6, r0
10001526:	460d      	mov	r5, r1
10001528:	b083      	sub	sp, #12
1000152a:	f3ef 8405 	mrs	r4, IPSR
1000152e:	b2e4      	uxtb	r4, r4
10001530:	b13c      	cbz	r4, 10001542 <best_effort_wfe_or_timeout+0x22>
10001532:	4b27      	ldr	r3, [pc, #156]	@ (100015d0 <best_effort_wfe_or_timeout+0xb0>)
10001534:	6a58      	ldr	r0, [r3, #36]	@ 0x24
10001536:	42a8      	cmp	r0, r5
10001538:	d21c      	bcs.n	10001574 <best_effort_wfe_or_timeout+0x54>
1000153a:	2000      	movs	r0, #0
1000153c:	b003      	add	sp, #12
1000153e:	e8bd 83f0 	ldmia.w	sp!, {r4, r5, r6, r7, r8, r9, pc}
10001542:	4f24      	ldr	r7, [pc, #144]	@ (100015d4 <best_effort_wfe_or_timeout+0xb4>)
10001544:	f8d7 900c 	ldr.w	r9, [r7, #12]
10001548:	f897 8000 	ldrb.w	r8, [r7]
1000154c:	4648      	mov	r0, r9
1000154e:	f000 f935 	bl	100017bc <timer_time_us_64>
10001552:	f108 0804 	add.w	r8, r8, #4
10001556:	f859 3028 	ldr.w	r3, [r9, r8, lsl #2]
1000155a:	1a1b      	subs	r3, r3, r0
1000155c:	1a30      	subs	r0, r6, r0
1000155e:	eb65 0101 	sbc.w	r1, r5, r1
10001562:	4298      	cmp	r0, r3
10001564:	f171 0100 	sbcs.w	r1, r1, #0
10001568:	db11      	blt.n	1000158e <best_effort_wfe_or_timeout+0x6e>
1000156a:	bf20      	wfe
1000156c:	4b18      	ldr	r3, [pc, #96]	@ (100015d0 <best_effort_wfe_or_timeout+0xb0>)
1000156e:	6a58      	ldr	r0, [r3, #36]	@ 0x24
10001570:	42a8      	cmp	r0, r5
10001572:	d3e2      	bcc.n	1000153a <best_effort_wfe_or_timeout+0x1a>
10001574:	6a9b      	ldr	r3, [r3, #40]	@ 0x28
10001576:	42b3      	cmp	r3, r6
10001578:	d303      	bcc.n	10001582 <best_effort_wfe_or_timeout+0x62>
1000157a:	2001      	movs	r0, #1
1000157c:	b003      	add	sp, #12
1000157e:	e8bd 83f0 	ldmia.w	sp!, {r4, r5, r6, r7, r8, r9, pc}
10001582:	1b40      	subs	r0, r0, r5
10001584:	bf18      	it	ne
10001586:	2001      	movne	r0, #1
10001588:	b003      	add	sp, #12
1000158a:	e8bd 83f0 	ldmia.w	sp!, {r4, r5, r6, r7, r8, r9, pc}
1000158e:	f000 f91d 	bl	100017cc <time_us_64>
10001592:	4286      	cmp	r6, r0
10001594:	eb65 0101 	sbc.w	r1, r5, r1
10001598:	2900      	cmp	r1, #0
1000159a:	dbca      	blt.n	10001532 <best_effort_wfe_or_timeout+0x12>
1000159c:	4b0e      	ldr	r3, [pc, #56]	@ (100015d8 <best_effort_wfe_or_timeout+0xb8>)
1000159e:	4638      	mov	r0, r7
100015a0:	e9cd 3400 	strd	r3, r4, [sp]
100015a4:	4632      	mov	r2, r6
100015a6:	462b      	mov	r3, r5
100015a8:	f7ff ff14 	bl	100013d4 <alarm_pool_add_alarm_at_force_in_context>
100015ac:	1e01      	subs	r1, r0, #0
100015ae:	ddc0      	ble.n	10001532 <best_effort_wfe_or_timeout+0x12>
100015b0:	4b07      	ldr	r3, [pc, #28]	@ (100015d0 <best_effort_wfe_or_timeout+0xb0>)
100015b2:	6a5a      	ldr	r2, [r3, #36]	@ 0x24
100015b4:	42aa      	cmp	r2, r5
100015b6:	d308      	bcc.n	100015ca <best_effort_wfe_or_timeout+0xaa>
100015b8:	6a9b      	ldr	r3, [r3, #40]	@ 0x28
100015ba:	42b3      	cmp	r3, r6
100015bc:	d303      	bcc.n	100015c6 <best_effort_wfe_or_timeout+0xa6>
100015be:	4805      	ldr	r0, [pc, #20]	@ (100015d4 <best_effort_wfe_or_timeout+0xb4>)
100015c0:	f7ff ff6c 	bl	1000149c <alarm_pool_cancel_alarm>
100015c4:	e7b5      	b.n	10001532 <best_effort_wfe_or_timeout+0x12>
100015c6:	42aa      	cmp	r2, r5
100015c8:	d1f9      	bne.n	100015be <best_effort_wfe_or_timeout+0x9e>
100015ca:	bf20      	wfe
100015cc:	e7f7      	b.n	100015be <best_effort_wfe_or_timeout+0x9e>
100015ce:	bf00      	nop
100015d0:	400b0000 	.word	0x400b0000
100015d4:	20000e4c 	.word	0x20000e4c
100015d8:	10000ec1 	.word	0x10000ec1

100015dc <alarm_pool_add_repeating_timer_us>:
100015dc:	e92d 41f0 	stmdb	sp!, {r4, r5, r6, r7, r8, lr}
100015e0:	4604      	mov	r4, r0
100015e2:	e9dd 1507 	ldrd	r1, r5, [sp, #28]
100015e6:	ea52 0003 	orrs.w	r0, r2, r3
100015ea:	d070      	beq.n	100016ce <alarm_pool_add_repeating_timer_us+0xf2>
100015ec:	2b00      	cmp	r3, #0
100015ee:	4616      	mov	r6, r2
100015f0:	461f      	mov	r7, r3
100015f2:	db71      	blt.n	100016d8 <alarm_pool_add_repeating_timer_us+0xfc>
100015f4:	9806      	ldr	r0, [sp, #24]
100015f6:	e9c5 2300 	strd	r2, r3, [r5]
100015fa:	6128      	str	r0, [r5, #16]
100015fc:	60ac      	str	r4, [r5, #8]
100015fe:	6169      	str	r1, [r5, #20]
10001600:	f000 f8e4 	bl	100017cc <time_us_64>
10001604:	f04f 32ff 	mov.w	r2, #4294967295	@ 0xffffffff
10001608:	f06f 4300 	mvn.w	r3, #2147483648	@ 0x80000000
1000160c:	1980      	adds	r0, r0, r6
1000160e:	eb47 0701 	adc.w	r7, r7, r1
10001612:	4282      	cmp	r2, r0
10001614:	eb73 0107 	sbcs.w	r1, r3, r7
10001618:	bf3c      	itt	cc
1000161a:	461f      	movcc	r7, r3
1000161c:	4610      	movcc	r0, r2
1000161e:	6923      	ldr	r3, [r4, #16]
10001620:	f3ef 8810 	mrs	r8, PRIMASK
10001624:	b672      	cpsid	i
10001626:	e8d3 1fcf 	ldaexb	r1, [r3]
1000162a:	2201      	movs	r2, #1
1000162c:	2900      	cmp	r1, #0
1000162e:	d1fa      	bne.n	10001626 <alarm_pool_add_repeating_timer_us+0x4a>
10001630:	e8c3 2f41 	strexb	r1, r2, [r3]
10001634:	2900      	cmp	r1, #0
10001636:	d1f6      	bne.n	10001626 <alarm_pool_add_repeating_timer_us+0x4a>
10001638:	f3bf 8f5f 	dmb	sy
1000163c:	f9b4 6002 	ldrsh.w	r6, [r4, #2]
10001640:	6961      	ldr	r1, [r4, #20]
10001642:	eb06 0346 	add.w	r3, r6, r6, lsl #1
10001646:	2e00      	cmp	r6, #0
10001648:	ea4f 0cc3 	mov.w	ip, r3, lsl #3
1000164c:	eb01 03c3 	add.w	r3, r1, r3, lsl #3
10001650:	db46      	blt.n	100016e0 <alarm_pool_add_repeating_timer_us+0x104>
10001652:	f831 200c 	ldrh.w	r2, [r1, ip]
10001656:	f04f 0e00 	mov.w	lr, #0
1000165a:	8062      	strh	r2, [r4, #2]
1000165c:	6922      	ldr	r2, [r4, #16]
1000165e:	e8c2 ef8f 	stlb	lr, [r2]
10001662:	f388 8810 	msr	PRIMASK, r8
10001666:	885a      	ldrh	r2, [r3, #2]
10001668:	e9c3 0702 	strd	r0, r7, [r3, #8]
1000166c:	3201      	adds	r2, #1
1000166e:	f3c2 020e 	ubfx	r2, r2, #0, #15
10001672:	2a01      	cmp	r2, #1
10001674:	bf38      	it	cc
10001676:	2201      	movcc	r2, #1
10001678:	481f      	ldr	r0, [pc, #124]	@ (100016f8 <alarm_pool_add_repeating_timer_us+0x11c>)
1000167a:	805a      	strh	r2, [r3, #2]
1000167c:	615d      	str	r5, [r3, #20]
1000167e:	6118      	str	r0, [r3, #16]
10001680:	ea42 4206 	orr.w	r2, r2, r6, lsl #16
10001684:	6923      	ldr	r3, [r4, #16]
10001686:	f3ef 8010 	mrs	r0, PRIMASK
1000168a:	b672      	cpsid	i
1000168c:	e8d3 8fcf 	ldaexb	r8, [r3]
10001690:	2701      	movs	r7, #1
10001692:	f1b8 0f00 	cmp.w	r8, #0
10001696:	d1f9      	bne.n	1000168c <alarm_pool_add_repeating_timer_us+0xb0>
10001698:	e8c3 7f48 	strexb	r8, r7, [r3]
1000169c:	f1b8 0f00 	cmp.w	r8, #0
100016a0:	d1f4      	bne.n	1000168c <alarm_pool_add_repeating_timer_us+0xb0>
100016a2:	f3bf 8f5f 	dmb	sy
100016a6:	88a3      	ldrh	r3, [r4, #4]
100016a8:	f821 300c 	strh.w	r3, [r1, ip]
100016ac:	80a6      	strh	r6, [r4, #4]
100016ae:	6923      	ldr	r3, [r4, #16]
100016b0:	e8c3 ef8f 	stlb	lr, [r3]
100016b4:	f380 8810 	msr	PRIMASK, r0
100016b8:	2001      	movs	r0, #1
100016ba:	7821      	ldrb	r1, [r4, #0]
100016bc:	68e3      	ldr	r3, [r4, #12]
100016be:	fa00 f101 	lsl.w	r1, r0, r1
100016c2:	f503 5301 	add.w	r3, r3, #8256	@ 0x2040
100016c6:	6059      	str	r1, [r3, #4]
100016c8:	60ea      	str	r2, [r5, #12]
100016ca:	e8bd 81f0 	ldmia.w	sp!, {r4, r5, r6, r7, r8, pc}
100016ce:	2601      	movs	r6, #1
100016d0:	2700      	movs	r7, #0
100016d2:	4632      	mov	r2, r6
100016d4:	463b      	mov	r3, r7
100016d6:	e78d      	b.n	100015f4 <alarm_pool_add_repeating_timer_us+0x18>
100016d8:	4256      	negs	r6, r2
100016da:	eb63 0743 	sbc.w	r7, r3, r3, lsl #1
100016de:	e789      	b.n	100015f4 <alarm_pool_add_repeating_timer_us+0x18>
100016e0:	2000      	movs	r0, #0
100016e2:	6923      	ldr	r3, [r4, #16]
100016e4:	e8c3 0f8f 	stlb	r0, [r3]
100016e8:	f388 8810 	msr	PRIMASK, r8
100016ec:	f04f 32ff 	mov.w	r2, #4294967295	@ 0xffffffff
100016f0:	60ea      	str	r2, [r5, #12]
100016f2:	e8bd 81f0 	ldmia.w	sp!, {r4, r5, r6, r7, r8, pc}
100016f6:	bf00      	nop
100016f8:	10000f01 	.word	0x10000f01

100016fc <cancel_repeating_timer>:
100016fc:	4602      	mov	r2, r0
100016fe:	68c0      	ldr	r0, [r0, #12]
10001700:	b900      	cbnz	r0, 10001704 <cancel_repeating_timer+0x8>
10001702:	4770      	bx	lr
10001704:	6891      	ldr	r1, [r2, #8]
10001706:	1403      	asrs	r3, r0, #16
10001708:	f8b1 c00a 	ldrh.w	ip, [r1, #10]
1000170c:	ebbc 4f20 	cmp.w	ip, r0, asr #16
10001710:	dd3d      	ble.n	1000178e <cancel_repeating_timer+0x92>
10001712:	b530      	push	{r4, r5, lr}
10001714:	694c      	ldr	r4, [r1, #20]
10001716:	eb03 0343 	add.w	r3, r3, r3, lsl #1
1000171a:	eb04 0cc3 	add.w	ip, r4, r3, lsl #3
1000171e:	690b      	ldr	r3, [r1, #16]
10001720:	f3ef 8e10 	mrs	lr, PRIMASK
10001724:	b672      	cpsid	i
10001726:	e8d3 5fcf 	ldaexb	r5, [r3]
1000172a:	2401      	movs	r4, #1
1000172c:	2d00      	cmp	r5, #0
1000172e:	d1fa      	bne.n	10001726 <cancel_repeating_timer+0x2a>
10001730:	e8c3 4f45 	strexb	r5, r4, [r3]
10001734:	2d00      	cmp	r5, #0
10001736:	d1f6      	bne.n	10001726 <cancel_repeating_timer+0x2a>
10001738:	f3bf 8f5f 	dmb	sy
1000173c:	b283      	uxth	r3, r0
1000173e:	f8bc 0002 	ldrh.w	r0, [ip, #2]
10001742:	b280      	uxth	r0, r0
10001744:	4283      	cmp	r3, r0
10001746:	d009      	beq.n	1000175c <cancel_repeating_timer+0x60>
10001748:	2300      	movs	r3, #0
1000174a:	6909      	ldr	r1, [r1, #16]
1000174c:	e8c1 3f8f 	stlb	r3, [r1]
10001750:	f38e 8810 	msr	PRIMASK, lr
10001754:	2300      	movs	r3, #0
10001756:	2000      	movs	r0, #0
10001758:	60d3      	str	r3, [r2, #12]
1000175a:	bd30      	pop	{r4, r5, pc}
1000175c:	f443 4300 	orr.w	r3, r3, #32768	@ 0x8000
10001760:	f8ac 3002 	strh.w	r3, [ip, #2]
10001764:	f04f 0c01 	mov.w	ip, #1
10001768:	2300      	movs	r3, #0
1000176a:	6908      	ldr	r0, [r1, #16]
1000176c:	f881 c006 	strb.w	ip, [r1, #6]
10001770:	e8c0 3f8f 	stlb	r3, [r0]
10001774:	f38e 8810 	msr	PRIMASK, lr
10001778:	68cb      	ldr	r3, [r1, #12]
1000177a:	7809      	ldrb	r1, [r1, #0]
1000177c:	f503 5301 	add.w	r3, r3, #8256	@ 0x2040
10001780:	fa0c f101 	lsl.w	r1, ip, r1
10001784:	6059      	str	r1, [r3, #4]
10001786:	2300      	movs	r3, #0
10001788:	4660      	mov	r0, ip
1000178a:	60d3      	str	r3, [r2, #12]
1000178c:	bd30      	pop	{r4, r5, pc}
1000178e:	2300      	movs	r3, #0
10001790:	2000      	movs	r0, #0
10001792:	60d3      	str	r3, [r2, #12]
10001794:	4770      	bx	lr
10001796:	bf00      	nop

10001798 <timer_hardware_alarm_claim>:
10001798:	b410      	push	{r4}
1000179a:	4b05      	ldr	r3, [pc, #20]	@ (100017b0 <timer_hardware_alarm_claim+0x18>)
1000179c:	4c05      	ldr	r4, [pc, #20]	@ (100017b4 <timer_hardware_alarm_claim+0x1c>)
1000179e:	4a06      	ldr	r2, [pc, #24]	@ (100017b8 <timer_hardware_alarm_claim+0x20>)
100017a0:	42a0      	cmp	r0, r4
100017a2:	bf14      	ite	ne
100017a4:	4618      	movne	r0, r3
100017a6:	1c58      	addeq	r0, r3, #1
100017a8:	f85d 4b04 	ldr.w	r4, [sp], #4
100017ac:	f7fe bf98 	b.w	100006e0 <hw_claim_or_assert>
100017b0:	200017ac 	.word	0x200017ac
100017b4:	400b8000 	.word	0x400b8000
100017b8:	10004a78 	.word	0x10004a78

100017bc <timer_time_us_64>:
100017bc:	4603      	mov	r3, r0
100017be:	6a41      	ldr	r1, [r0, #36]	@ 0x24
100017c0:	460a      	mov	r2, r1
100017c2:	6a98      	ldr	r0, [r3, #40]	@ 0x28
100017c4:	6a59      	ldr	r1, [r3, #36]	@ 0x24
100017c6:	428a      	cmp	r2, r1
100017c8:	d1fa      	bne.n	100017c0 <timer_time_us_64+0x4>
100017ca:	4770      	bx	lr

100017cc <time_us_64>:
100017cc:	4b03      	ldr	r3, [pc, #12]	@ (100017dc <time_us_64+0x10>)
100017ce:	6a59      	ldr	r1, [r3, #36]	@ 0x24
100017d0:	460a      	mov	r2, r1
100017d2:	6a98      	ldr	r0, [r3, #40]	@ 0x28
100017d4:	6a59      	ldr	r1, [r3, #36]	@ 0x24
100017d6:	4291      	cmp	r1, r2
100017d8:	d1fa      	bne.n	100017d0 <time_us_64+0x4>
100017da:	4770      	bx	lr
100017dc:	400b0000 	.word	0x400b0000

100017e0 <clock_configure_undivided>:
100017e0:	eb00 0c40 	add.w	ip, r0, r0, lsl #1
100017e4:	ea4f 0c8c 	mov.w	ip, ip, lsl #2
100017e8:	f10c 4c80 	add.w	ip, ip, #1073741824	@ 0x40000000
100017ec:	f50c 3c80 	add.w	ip, ip, #65536	@ 0x10000
100017f0:	b5f0      	push	{r4, r5, r6, r7, lr}
100017f2:	4616      	mov	r6, r2
100017f4:	f8dc 2004 	ldr.w	r2, [ip, #4]
100017f8:	1f05      	subs	r5, r0, #4
100017fa:	f5b2 3f80 	cmp.w	r2, #65536	@ 0x10000
100017fe:	bf38      	it	cc
10001800:	f44f 3280 	movcc.w	r2, #65536	@ 0x10000
10001804:	b2ed      	uxtb	r5, r5
10001806:	bf38      	it	cc
10001808:	f8cc 2004 	strcc.w	r2, [ip, #4]
1000180c:	2d01      	cmp	r5, #1
1000180e:	d92a      	bls.n	10001866 <clock_configure_undivided+0x86>
10001810:	f44f 6700 	mov.w	r7, #2048	@ 0x800
10001814:	4c25      	ldr	r4, [pc, #148]	@ (100018ac <clock_configure_undivided+0xcc>)
10001816:	f50c 5240 	add.w	r2, ip, #12288	@ 0x3000
1000181a:	6017      	str	r7, [r2, #0]
1000181c:	f854 2020 	ldr.w	r2, [r4, r0, lsl #2]
10001820:	b9b2      	cbnz	r2, 10001850 <clock_configure_undivided+0x70>
10001822:	f8dc 2000 	ldr.w	r2, [ip]
10001826:	2d01      	cmp	r5, #1
10001828:	ea82 1246 	eor.w	r2, r2, r6, lsl #5
1000182c:	f002 02e0 	and.w	r2, r2, #224	@ 0xe0
10001830:	f50c 5680 	add.w	r6, ip, #4096	@ 0x1000
10001834:	6032      	str	r2, [r6, #0]
10001836:	d92a      	bls.n	1000188e <clock_configure_undivided+0xae>
10001838:	f44f 6100 	mov.w	r1, #2048	@ 0x800
1000183c:	f844 3020 	str.w	r3, [r4, r0, lsl #2]
10001840:	f44f 3380 	mov.w	r3, #65536	@ 0x10000
10001844:	f50c 5200 	add.w	r2, ip, #8192	@ 0x2000
10001848:	6011      	str	r1, [r2, #0]
1000184a:	f8cc 3004 	str.w	r3, [ip, #4]
1000184e:	bdf0      	pop	{r4, r5, r6, r7, pc}
10001850:	6967      	ldr	r7, [r4, #20]
10001852:	fbb7 fef2 	udiv	lr, r7, r2
10001856:	f10e 0e01 	add.w	lr, lr, #1
1000185a:	eb0e 0e4e 	add.w	lr, lr, lr, lsl #1
1000185e:	f1be 0e03 	subs.w	lr, lr, #3
10001862:	d2fc      	bcs.n	1000185e <clock_configure_undivided+0x7e>
10001864:	e7dd      	b.n	10001822 <clock_configure_undivided+0x42>
10001866:	2901      	cmp	r1, #1
10001868:	d1d2      	bne.n	10001810 <clock_configure_undivided+0x30>
1000186a:	2403      	movs	r4, #3
1000186c:	f50c 5240 	add.w	r2, ip, #12288	@ 0x3000
10001870:	6014      	str	r4, [r2, #0]
10001872:	f8dc 2008 	ldr.w	r2, [ip, #8]
10001876:	07d2      	lsls	r2, r2, #31
10001878:	d5fb      	bpl.n	10001872 <clock_configure_undivided+0x92>
1000187a:	f8dc 2000 	ldr.w	r2, [ip]
1000187e:	4c0b      	ldr	r4, [pc, #44]	@ (100018ac <clock_configure_undivided+0xcc>)
10001880:	ea82 1246 	eor.w	r2, r2, r6, lsl #5
10001884:	f002 02e0 	and.w	r2, r2, #224	@ 0xe0
10001888:	f50c 5680 	add.w	r6, ip, #4096	@ 0x1000
1000188c:	6032      	str	r2, [r6, #0]
1000188e:	2201      	movs	r2, #1
10001890:	f8dc 5000 	ldr.w	r5, [ip]
10001894:	404d      	eors	r5, r1
10001896:	f005 0503 	and.w	r5, r5, #3
1000189a:	6035      	str	r5, [r6, #0]
1000189c:	fa02 f101 	lsl.w	r1, r2, r1
100018a0:	f8dc 2008 	ldr.w	r2, [ip, #8]
100018a4:	420a      	tst	r2, r1
100018a6:	d0fb      	beq.n	100018a0 <clock_configure_undivided+0xc0>
100018a8:	e7c6      	b.n	10001838 <clock_configure_undivided+0x58>
100018aa:	bf00      	nop
100018ac:	200017b0 	.word	0x200017b0

100018b0 <clock_get_hz>:
100018b0:	4b01      	ldr	r3, [pc, #4]	@ (100018b8 <clock_get_hz+0x8>)
100018b2:	f853 0020 	ldr.w	r0, [r3, r0, lsl #2]
100018b6:	4770      	bx	lr
100018b8:	200017b0 	.word	0x200017b0

100018bc <pll_init>:
100018bc:	b470      	push	{r4, r5, r6}
100018be:	9d03      	ldr	r5, [sp, #12]
100018c0:	6804      	ldr	r4, [r0, #0]
100018c2:	032d      	lsls	r5, r5, #12
100018c4:	ea45 4503 	orr.w	r5, r5, r3, lsl #16
100018c8:	4b1b      	ldr	r3, [pc, #108]	@ (10001938 <pll_init+0x7c>)
100018ca:	2c00      	cmp	r4, #0
100018cc:	fbb3 f3f1 	udiv	r3, r3, r1
100018d0:	fbb2 f6f3 	udiv	r6, r2, r3
100018d4:	db1f      	blt.n	10001916 <pll_init+0x5a>
100018d6:	4a19      	ldr	r2, [pc, #100]	@ (1000193c <pll_init+0x80>)
100018d8:	4b19      	ldr	r3, [pc, #100]	@ (10001940 <pll_init+0x84>)
100018da:	4290      	cmp	r0, r2
100018dc:	bf14      	ite	ne
100018de:	f44f 4280 	movne.w	r2, #16384	@ 0x4000
100018e2:	f44f 4200 	moveq.w	r2, #32768	@ 0x8000
100018e6:	4c17      	ldr	r4, [pc, #92]	@ (10001944 <pll_init+0x88>)
100018e8:	601a      	str	r2, [r3, #0]
100018ea:	f503 5380 	add.w	r3, r3, #4096	@ 0x1000
100018ee:	601a      	str	r2, [r3, #0]
100018f0:	68a3      	ldr	r3, [r4, #8]
100018f2:	ea32 0303 	bics.w	r3, r2, r3
100018f6:	d1fb      	bne.n	100018f0 <pll_init+0x34>
100018f8:	2221      	movs	r2, #33	@ 0x21
100018fa:	f500 5340 	add.w	r3, r0, #12288	@ 0x3000
100018fe:	3304      	adds	r3, #4
10001900:	6001      	str	r1, [r0, #0]
10001902:	6086      	str	r6, [r0, #8]
10001904:	601a      	str	r2, [r3, #0]
10001906:	6802      	ldr	r2, [r0, #0]
10001908:	2a00      	cmp	r2, #0
1000190a:	dafc      	bge.n	10001906 <pll_init+0x4a>
1000190c:	2208      	movs	r2, #8
1000190e:	60c5      	str	r5, [r0, #12]
10001910:	601a      	str	r2, [r3, #0]
10001912:	bc70      	pop	{r4, r5, r6}
10001914:	4770      	bx	lr
10001916:	6803      	ldr	r3, [r0, #0]
10001918:	f003 033f 	and.w	r3, r3, #63	@ 0x3f
1000191c:	428b      	cmp	r3, r1
1000191e:	d1da      	bne.n	100018d6 <pll_init+0x1a>
10001920:	6883      	ldr	r3, [r0, #8]
10001922:	f3c3 030b 	ubfx	r3, r3, #0, #12
10001926:	42b3      	cmp	r3, r6
10001928:	d1d5      	bne.n	100018d6 <pll_init+0x1a>
1000192a:	68c3      	ldr	r3, [r0, #12]
1000192c:	f403 23ee 	and.w	r3, r3, #487424	@ 0x77000
10001930:	42ab      	cmp	r3, r5
10001932:	d1d0      	bne.n	100018d6 <pll_init+0x1a>
10001934:	e7ed      	b.n	10001912 <pll_init+0x56>
10001936:	bf00      	nop
10001938:	00b71b00 	.word	0x00b71b00
1000193c:	40058000 	.word	0x40058000
10001940:	40022000 	.word	0x40022000
10001944:	40020000 	.word	0x40020000

10001948 <watchdog_reboot>:
10001948:	b430      	push	{r4, r5}
1000194a:	f04f 4480 	mov.w	r4, #1073741824	@ 0x40000000
1000194e:	4b1c      	ldr	r3, [pc, #112]	@ (100019c0 <watchdog_reboot+0x78>)
10001950:	601c      	str	r4, [r3, #0]
10001952:	b1e0      	cbz	r0, 1000198e <watchdog_reboot+0x46>
10001954:	4c1b      	ldr	r4, [pc, #108]	@ (100019c4 <watchdog_reboot+0x7c>)
10001956:	f5a3 5340 	sub.w	r3, r3, #12288	@ 0x3000
1000195a:	61dc      	str	r4, [r3, #28]
1000195c:	4c1a      	ldr	r4, [pc, #104]	@ (100019c8 <watchdog_reboot+0x80>)
1000195e:	f040 0001 	orr.w	r0, r0, #1
10001962:	4044      	eors	r4, r0
10001964:	621c      	str	r4, [r3, #32]
10001966:	6259      	str	r1, [r3, #36]	@ 0x24
10001968:	6298      	str	r0, [r3, #40]	@ 0x28
1000196a:	f04f 4580 	mov.w	r5, #1073741824	@ 0x40000000
1000196e:	f04f 61e0 	mov.w	r1, #117440512	@ 0x7000000
10001972:	4b13      	ldr	r3, [pc, #76]	@ (100019c0 <watchdog_reboot+0x78>)
10001974:	4815      	ldr	r0, [pc, #84]	@ (100019cc <watchdog_reboot+0x84>)
10001976:	4c16      	ldr	r4, [pc, #88]	@ (100019d0 <watchdog_reboot+0x88>)
10001978:	601d      	str	r5, [r3, #0]
1000197a:	6084      	str	r4, [r0, #8]
1000197c:	6019      	str	r1, [r3, #0]
1000197e:	b94a      	cbnz	r2, 10001994 <watchdog_reboot+0x4c>
10001980:	bc30      	pop	{r4, r5}
10001982:	f04f 4200 	mov.w	r2, #2147483648	@ 0x80000000
10001986:	f5a3 5380 	sub.w	r3, r3, #4096	@ 0x1000
1000198a:	601a      	str	r2, [r3, #0]
1000198c:	4770      	bx	lr
1000198e:	4b11      	ldr	r3, [pc, #68]	@ (100019d4 <watchdog_reboot+0x8c>)
10001990:	61d8      	str	r0, [r3, #28]
10001992:	e7ea      	b.n	1000196a <watchdog_reboot+0x22>
10001994:	f44f 737a 	mov.w	r3, #1000	@ 0x3e8
10001998:	fb03 f202 	mul.w	r2, r3, r2
1000199c:	f1b2 7f80 	cmp.w	r2, #16777216	@ 0x1000000
100019a0:	bf2a      	itet	cs
100019a2:	f06f 437f 	mvncs.w	r3, #4278190080	@ 0xff000000
100019a6:	4613      	movcc	r3, r2
100019a8:	461a      	movcs	r2, r3
100019aa:	f04f 4180 	mov.w	r1, #1073741824	@ 0x40000000
100019ae:	4c0a      	ldr	r4, [pc, #40]	@ (100019d8 <watchdog_reboot+0x90>)
100019b0:	4808      	ldr	r0, [pc, #32]	@ (100019d4 <watchdog_reboot+0x8c>)
100019b2:	6023      	str	r3, [r4, #0]
100019b4:	4b09      	ldr	r3, [pc, #36]	@ (100019dc <watchdog_reboot+0x94>)
100019b6:	6042      	str	r2, [r0, #4]
100019b8:	bc30      	pop	{r4, r5}
100019ba:	6019      	str	r1, [r3, #0]
100019bc:	4770      	bx	lr
100019be:	bf00      	nop
100019c0:	400db000 	.word	0x400db000
100019c4:	b007c0d3 	.word	0xb007c0d3
100019c8:	4ff83f2d 	.word	0x4ff83f2d
100019cc:	4001a000 	.word	0x4001a000
100019d0:	01fffff3 	.word	0x01fffff3
100019d4:	400d8000 	.word	0x400d8000
100019d8:	20001c10 	.word	0x20001c10
100019dc:	400da000 	.word	0x400da000

100019e0 <tick_start>:
100019e0:	2301      	movs	r3, #1
100019e2:	eb00 0040 	add.w	r0, r0, r0, lsl #1
100019e6:	0080      	lsls	r0, r0, #2
100019e8:	f100 4080 	add.w	r0, r0, #1073741824	@ 0x40000000
100019ec:	f500 1084 	add.w	r0, r0, #1081344	@ 0x108000
100019f0:	6041      	str	r1, [r0, #4]
100019f2:	6003      	str	r3, [r0, #0]
100019f4:	4770      	bx	lr
100019f6:	bf00      	nop

100019f8 <rom_reboot.constprop.0.isra.0>:
100019f8:	2300      	movs	r3, #0
100019fa:	b570      	push	{r4, r5, r6, lr}
100019fc:	8adb      	ldrh	r3, [r3, #22]
100019fe:	4604      	mov	r4, r0
10001a00:	460d      	mov	r5, r1
10001a02:	2200      	movs	r2, #0
10001a04:	e842 f200 	tt	r2, r2
10001a08:	0252      	lsls	r2, r2, #9
10001a0a:	bf54      	ite	pl
10001a0c:	2110      	movpl	r1, #16
10001a0e:	2104      	movmi	r1, #4
10001a10:	f244 2052 	movw	r0, #16978	@ 0x4252
10001a14:	4798      	blx	r3
10001a16:	4686      	mov	lr, r0
10001a18:	462b      	mov	r3, r5
10001a1a:	4622      	mov	r2, r4
10001a1c:	46f4      	mov	ip, lr
10001a1e:	e8bd 4070 	ldmia.w	sp!, {r4, r5, r6, lr}
10001a22:	210a      	movs	r1, #10
10001a24:	f44f 7081 	mov.w	r0, #258	@ 0x102
10001a28:	4760      	bx	ip
10001a2a:	bf00      	nop

10001a2c <rom_func_lookup>:
10001a2c:	2300      	movs	r3, #0
10001a2e:	8adb      	ldrh	r3, [r3, #22]
10001a30:	2200      	movs	r2, #0
10001a32:	e842 f200 	tt	r2, r2
10001a36:	0252      	lsls	r2, r2, #9
10001a38:	d401      	bmi.n	10001a3e <rom_func_lookup+0x12>
10001a3a:	2110      	movs	r1, #16
10001a3c:	4718      	bx	r3
10001a3e:	2104      	movs	r1, #4
10001a40:	4718      	bx	r3
10001a42:	bf00      	nop

10001a44 <rom_reset_usb_boot_extra>:
10001a44:	b508      	push	{r3, lr}
10001a46:	4603      	mov	r3, r0
10001a48:	4608      	mov	r0, r1
10001a4a:	1e19      	subs	r1, r3, #0
10001a4c:	db02      	blt.n	10001a54 <rom_reset_usb_boot_extra+0x10>
10001a4e:	b11a      	cbz	r2, 10001a58 <rom_reset_usb_boot_extra+0x14>
10001a50:	f040 0030 	orr.w	r0, r0, #48	@ 0x30
10001a54:	f7ff ffd0 	bl	100019f8 <rom_reboot.constprop.0.isra.0>
10001a58:	f040 0020 	orr.w	r0, r0, #32
10001a5c:	e7fa      	b.n	10001a54 <rom_reset_usb_boot_extra+0x10>
10001a5e:	bf00      	nop

10001a60 <runtime_init_bootrom_locking_enable>:
10001a60:	4a03      	ldr	r2, [pc, #12]	@ (10001a70 <runtime_init_bootrom_locking_enable+0x10>)
10001a62:	f8d2 3828 	ldr.w	r3, [r2, #2088]	@ 0x828
10001a66:	2b00      	cmp	r3, #0
10001a68:	d0fb      	beq.n	10001a62 <runtime_init_bootrom_locking_enable+0x2>
10001a6a:	f3bf 8f5f 	dmb	sy
10001a6e:	4770      	bx	lr
10001a70:	400e0000 	.word	0x400e0000

10001a74 <runtime_init_boot_locks_reset>:
10001a74:	2100      	movs	r1, #0
10001a76:	4b04      	ldr	r3, [pc, #16]	@ (10001a88 <runtime_init_boot_locks_reset+0x14>)
10001a78:	4a04      	ldr	r2, [pc, #16]	@ (10001a8c <runtime_init_boot_locks_reset+0x18>)
10001a7a:	f3bf 8f5f 	dmb	sy
10001a7e:	f843 1b04 	str.w	r1, [r3], #4
10001a82:	4293      	cmp	r3, r2
10001a84:	d1f9      	bne.n	10001a7a <runtime_init_boot_locks_reset+0x6>
10001a86:	4770      	bx	lr
10001a88:	400e080c 	.word	0x400e080c
10001a8c:	400e082c 	.word	0x400e082c

10001a90 <xosc_init>:
10001a90:	b410      	push	{r4}
10001a92:	f44f 708d 	mov.w	r0, #282	@ 0x11a
10001a96:	f44f 642a 	mov.w	r4, #2720	@ 0xaa0
10001a9a:	4a06      	ldr	r2, [pc, #24]	@ (10001ab4 <xosc_init+0x24>)
10001a9c:	4b06      	ldr	r3, [pc, #24]	@ (10001ab8 <xosc_init+0x28>)
10001a9e:	4907      	ldr	r1, [pc, #28]	@ (10001abc <xosc_init+0x2c>)
10001aa0:	6014      	str	r4, [r2, #0]
10001aa2:	60d0      	str	r0, [r2, #12]
10001aa4:	6019      	str	r1, [r3, #0]
10001aa6:	6853      	ldr	r3, [r2, #4]
10001aa8:	2b00      	cmp	r3, #0
10001aaa:	dafc      	bge.n	10001aa6 <xosc_init+0x16>
10001aac:	f85d 4b04 	ldr.w	r4, [sp], #4
10001ab0:	4770      	bx	lr
10001ab2:	bf00      	nop
10001ab4:	40048000 	.word	0x40048000
10001ab8:	4004a000 	.word	0x4004a000
10001abc:	00fab000 	.word	0x00fab000

10001ac0 <first_per_core_initializer>:
10001ac0:	4770      	bx	lr
10001ac2:	bf00      	nop

10001ac4 <hard_assertion_failure>:
10001ac4:	b508      	push	{r3, lr}
10001ac6:	4801      	ldr	r0, [pc, #4]	@ (10001acc <hard_assertion_failure+0x8>)
10001ac8:	f7fe fdf2 	bl	100006b0 <panic>
10001acc:	10004a9c 	.word	0x10004a9c

10001ad0 <runtime_run_initializers>:
10001ad0:	b538      	push	{r3, r4, r5, lr}
10001ad2:	4c05      	ldr	r4, [pc, #20]	@ (10001ae8 <runtime_run_initializers+0x18>)
10001ad4:	4d05      	ldr	r5, [pc, #20]	@ (10001aec <runtime_run_initializers+0x1c>)
10001ad6:	42ac      	cmp	r4, r5
10001ad8:	d204      	bcs.n	10001ae4 <runtime_run_initializers+0x14>
10001ada:	f854 3b04 	ldr.w	r3, [r4], #4
10001ade:	4798      	blx	r3
10001ae0:	42ac      	cmp	r4, r5
10001ae2:	d3fa      	bcc.n	10001ada <runtime_run_initializers+0xa>
10001ae4:	bd38      	pop	{r3, r4, r5, pc}
10001ae6:	bf00      	nop
10001ae8:	100049e0 	.word	0x100049e0
10001aec:	10004a20 	.word	0x10004a20

10001af0 <runtime_init_early_resets>:
10001af0:	b410      	push	{r4}
10001af2:	4807      	ldr	r0, [pc, #28]	@ (10001b10 <runtime_init_early_resets+0x20>)
10001af4:	4c07      	ldr	r4, [pc, #28]	@ (10001b14 <runtime_init_early_resets+0x24>)
10001af6:	4b08      	ldr	r3, [pc, #32]	@ (10001b18 <runtime_init_early_resets+0x28>)
10001af8:	4a08      	ldr	r2, [pc, #32]	@ (10001b1c <runtime_init_early_resets+0x2c>)
10001afa:	4909      	ldr	r1, [pc, #36]	@ (10001b20 <runtime_init_early_resets+0x30>)
10001afc:	6004      	str	r4, [r0, #0]
10001afe:	601a      	str	r2, [r3, #0]
10001b00:	688b      	ldr	r3, [r1, #8]
10001b02:	ea32 0303 	bics.w	r3, r2, r3
10001b06:	d1fb      	bne.n	10001b00 <runtime_init_early_resets+0x10>
10001b08:	f85d 4b04 	ldr.w	r4, [sp], #4
10001b0c:	4770      	bx	lr
10001b0e:	bf00      	nop
10001b10:	40022000 	.word	0x40022000
10001b14:	efef3b7f 	.word	0xefef3b7f
10001b18:	40023000 	.word	0x40023000
10001b1c:	03f3fff6 	.word	0x03f3fff6
10001b20:	40020000 	.word	0x40020000

10001b24 <runtime_init_usb_power_down>:
10001b24:	4b04      	ldr	r3, [pc, #16]	@ (10001b38 <runtime_init_usb_power_down+0x14>)
10001b26:	6cdb      	ldr	r3, [r3, #76]	@ 0x4c
10001b28:	f5b3 4f00 	cmp.w	r3, #32768	@ 0x8000
10001b2c:	d103      	bne.n	10001b36 <runtime_init_usb_power_down+0x12>
10001b2e:	f44f 2280 	mov.w	r2, #262144	@ 0x40000
10001b32:	4b02      	ldr	r3, [pc, #8]	@ (10001b3c <runtime_init_usb_power_down+0x18>)
10001b34:	64da      	str	r2, [r3, #76]	@ 0x4c
10001b36:	4770      	bx	lr
10001b38:	50110000 	.word	0x50110000
10001b3c:	50112000 	.word	0x50112000

10001b40 <runtime_init_per_core_enable_coprocessors>:
10001b40:	f04f 22e0 	mov.w	r2, #3758153728	@ 0xe000e000
10001b44:	4b04      	ldr	r3, [pc, #16]	@ (10001b58 <runtime_init_per_core_enable_coprocessors+0x18>)
10001b46:	f8d2 1d88 	ldr.w	r1, [r2, #3464]	@ 0xd88
10001b4a:	430b      	orrs	r3, r1
10001b4c:	f8c2 3d88 	str.w	r3, [r2, #3464]	@ 0xd88
10001b50:	ee10 0430 	dcp_rcmp r0
10001b54:	4770      	bx	lr
10001b56:	bf00      	nop
10001b58:	00300303 	.word	0x00300303

10001b5c <runtime_init_post_clock_resets>:
10001b5c:	f06f 4160 	mvn.w	r1, #3758096384	@ 0xe0000000
10001b60:	4b04      	ldr	r3, [pc, #16]	@ (10001b74 <runtime_init_post_clock_resets+0x18>)
10001b62:	4a05      	ldr	r2, [pc, #20]	@ (10001b78 <runtime_init_post_clock_resets+0x1c>)
10001b64:	6019      	str	r1, [r3, #0]
10001b66:	6893      	ldr	r3, [r2, #8]
10001b68:	43db      	mvns	r3, r3
10001b6a:	f033 4360 	bics.w	r3, r3, #3758096384	@ 0xe0000000
10001b6e:	d1fa      	bne.n	10001b66 <runtime_init_post_clock_resets+0xa>
10001b70:	4770      	bx	lr
10001b72:	bf00      	nop
10001b74:	40023000 	.word	0x40023000
10001b78:	40020000 	.word	0x40020000

10001b7c <runtime_init_bootrom_reset>:
10001b7c:	b510      	push	{r4, lr}
10001b7e:	f245 2053 	movw	r0, #21075	@ 0x5253
10001b82:	f7ff ff53 	bl	10001a2c <rom_func_lookup>
10001b86:	e8bd 4010 	ldmia.w	sp!, {r4, lr}
10001b8a:	4603      	mov	r3, r0
10001b8c:	2004      	movs	r0, #4
10001b8e:	4718      	bx	r3

10001b90 <runtime_init_per_core_bootrom_reset>:
10001b90:	b510      	push	{r4, lr}
10001b92:	f245 2053 	movw	r0, #21075	@ 0x5253
10001b96:	f7ff ff49 	bl	10001a2c <rom_func_lookup>
10001b9a:	e8bd 4010 	ldmia.w	sp!, {r4, lr}
10001b9e:	4603      	mov	r3, r0
10001ba0:	2001      	movs	r0, #1
10001ba2:	4718      	bx	r3

10001ba4 <runtime_init_spin_locks_reset>:
10001ba4:	f7fe be3a 	b.w	1000081c <spin_locks_reset>

10001ba8 <runtime_init_install_ram_vector_table>:
10001ba8:	b570      	push	{r4, r5, r6, lr}
10001baa:	4914      	ldr	r1, [pc, #80]	@ (10001bfc <runtime_init_install_ram_vector_table+0x54>)
10001bac:	4c14      	ldr	r4, [pc, #80]	@ (10001c00 <runtime_init_install_ram_vector_table+0x58>)
10001bae:	4d15      	ldr	r5, [pc, #84]	@ (10001c04 <runtime_init_install_ram_vector_table+0x5c>)
10001bb0:	1a64      	subs	r4, r4, r1
10001bb2:	10a6      	asrs	r6, r4, #2
10001bb4:	2e44      	cmp	r6, #68	@ 0x44
10001bb6:	4632      	mov	r2, r6
10001bb8:	bf28      	it	cs
10001bba:	2244      	movcs	r2, #68	@ 0x44
10001bbc:	4628      	mov	r0, r5
10001bbe:	0092      	lsls	r2, r2, #2
10001bc0:	f002 fdec 	bl	1000479c <memcpy>
10001bc4:	f5b4 7f86 	cmp.w	r4, #268	@ 0x10c
10001bc8:	d813      	bhi.n	10001bf2 <runtime_init_install_ram_vector_table+0x4a>
10001bca:	4a0f      	ldr	r2, [pc, #60]	@ (10001c08 <runtime_init_install_ram_vector_table+0x60>)
10001bcc:	f1c6 0144 	rsb	r1, r6, #68	@ 0x44
10001bd0:	d012      	beq.n	10001bf8 <runtime_init_install_ram_vector_table+0x50>
10001bd2:	192b      	adds	r3, r5, r4
10001bd4:	0848      	lsrs	r0, r1, #1
10001bd6:	eb03 00c0 	add.w	r0, r3, r0, lsl #3
10001bda:	e9c3 2200 	strd	r2, r2, [r3]
10001bde:	3308      	adds	r3, #8
10001be0:	4283      	cmp	r3, r0
10001be2:	d1fa      	bne.n	10001bda <runtime_init_install_ram_vector_table+0x32>
10001be4:	07cb      	lsls	r3, r1, #31
10001be6:	d504      	bpl.n	10001bf2 <runtime_init_install_ram_vector_table+0x4a>
10001be8:	f021 0301 	bic.w	r3, r1, #1
10001bec:	4433      	add	r3, r6
10001bee:	f845 2023 	str.w	r2, [r5, r3, lsl #2]
10001bf2:	4b06      	ldr	r3, [pc, #24]	@ (10001c0c <runtime_init_install_ram_vector_table+0x64>)
10001bf4:	609d      	str	r5, [r3, #8]
10001bf6:	bd70      	pop	{r4, r5, r6, pc}
10001bf8:	2343      	movs	r3, #67	@ 0x43
10001bfa:	e7f8      	b.n	10001bee <runtime_init_install_ram_vector_table+0x46>
10001bfc:	10000000 	.word	0x10000000
10001c00:	10000110 	.word	0x10000110
10001c04:	20000000 	.word	0x20000000
10001c08:	10000111 	.word	0x10000111
10001c0c:	e000ed00 	.word	0xe000ed00

10001c10 <runtime_init_clocks>:
10001c10:	2300      	movs	r3, #0
10001c12:	b570      	push	{r4, r5, r6, lr}
10001c14:	4c2b      	ldr	r4, [pc, #172]	@ (10001cc4 <runtime_init_clocks+0xb4>)
10001c16:	b082      	sub	sp, #8
10001c18:	f8c4 3084 	str.w	r3, [r4, #132]	@ 0x84
10001c1c:	f7ff ff38 	bl	10001a90 <xosc_init>
10001c20:	2201      	movs	r2, #1
10001c22:	4b29      	ldr	r3, [pc, #164]	@ (10001cc8 <runtime_init_clocks+0xb8>)
10001c24:	63da      	str	r2, [r3, #60]	@ 0x3c
10001c26:	6c63      	ldr	r3, [r4, #68]	@ 0x44
10001c28:	2b01      	cmp	r3, #1
10001c2a:	d1fc      	bne.n	10001c26 <runtime_init_clocks+0x16>
10001c2c:	2103      	movs	r1, #3
10001c2e:	4a26      	ldr	r2, [pc, #152]	@ (10001cc8 <runtime_init_clocks+0xb8>)
10001c30:	4b24      	ldr	r3, [pc, #144]	@ (10001cc4 <runtime_init_clocks+0xb4>)
10001c32:	6311      	str	r1, [r2, #48]	@ 0x30
10001c34:	6b9c      	ldr	r4, [r3, #56]	@ 0x38
10001c36:	2c01      	cmp	r4, #1
10001c38:	d1fc      	bne.n	10001c34 <runtime_init_clocks+0x24>
10001c3a:	2602      	movs	r6, #2
10001c3c:	2505      	movs	r5, #5
10001c3e:	4621      	mov	r1, r4
10001c40:	2305      	movs	r3, #5
10001c42:	4a22      	ldr	r2, [pc, #136]	@ (10001ccc <runtime_init_clocks+0xbc>)
10001c44:	4822      	ldr	r0, [pc, #136]	@ (10001cd0 <runtime_init_clocks+0xc0>)
10001c46:	9600      	str	r6, [sp, #0]
10001c48:	f7ff fe38 	bl	100018bc <pll_init>
10001c4c:	4621      	mov	r1, r4
10001c4e:	462b      	mov	r3, r5
10001c50:	4a20      	ldr	r2, [pc, #128]	@ (10001cd4 <runtime_init_clocks+0xc4>)
10001c52:	4821      	ldr	r0, [pc, #132]	@ (10001cd8 <runtime_init_clocks+0xc8>)
10001c54:	9500      	str	r5, [sp, #0]
10001c56:	f7ff fe31 	bl	100018bc <pll_init>
10001c5a:	2200      	movs	r2, #0
10001c5c:	2004      	movs	r0, #4
10001c5e:	4631      	mov	r1, r6
10001c60:	4b1e      	ldr	r3, [pc, #120]	@ (10001cdc <runtime_init_clocks+0xcc>)
10001c62:	f7ff fdbd 	bl	100017e0 <clock_configure_undivided>
10001c66:	4621      	mov	r1, r4
10001c68:	4628      	mov	r0, r5
10001c6a:	2200      	movs	r2, #0
10001c6c:	4b1c      	ldr	r3, [pc, #112]	@ (10001ce0 <runtime_init_clocks+0xd0>)
10001c6e:	f7ff fdb7 	bl	100017e0 <clock_configure_undivided>
10001c72:	2200      	movs	r2, #0
10001c74:	2008      	movs	r0, #8
10001c76:	4611      	mov	r1, r2
10001c78:	4b1a      	ldr	r3, [pc, #104]	@ (10001ce4 <runtime_init_clocks+0xd4>)
10001c7a:	f7ff fdb1 	bl	100017e0 <clock_configure_undivided>
10001c7e:	2200      	movs	r2, #0
10001c80:	2009      	movs	r0, #9
10001c82:	4611      	mov	r1, r2
10001c84:	4b17      	ldr	r3, [pc, #92]	@ (10001ce4 <runtime_init_clocks+0xd4>)
10001c86:	f7ff fdab 	bl	100017e0 <clock_configure_undivided>
10001c8a:	2200      	movs	r2, #0
10001c8c:	2006      	movs	r0, #6
10001c8e:	4611      	mov	r1, r2
10001c90:	4b13      	ldr	r3, [pc, #76]	@ (10001ce0 <runtime_init_clocks+0xd0>)
10001c92:	f7ff fda5 	bl	100017e0 <clock_configure_undivided>
10001c96:	2200      	movs	r2, #0
10001c98:	4b11      	ldr	r3, [pc, #68]	@ (10001ce0 <runtime_init_clocks+0xd0>)
10001c9a:	2007      	movs	r0, #7
10001c9c:	4611      	mov	r1, r2
10001c9e:	f7ff fd9f 	bl	100017e0 <clock_configure_undivided>
10001ca2:	2004      	movs	r0, #4
10001ca4:	f7ff fe04 	bl	100018b0 <clock_get_hz>
10001ca8:	2400      	movs	r4, #0
10001caa:	4b0f      	ldr	r3, [pc, #60]	@ (10001ce8 <runtime_init_clocks+0xd8>)
10001cac:	fba3 3500 	umull	r3, r5, r3, r0
10001cb0:	0cad      	lsrs	r5, r5, #18
10001cb2:	b2e0      	uxtb	r0, r4
10001cb4:	4629      	mov	r1, r5
10001cb6:	3401      	adds	r4, #1
10001cb8:	f7ff fe92 	bl	100019e0 <tick_start>
10001cbc:	2c06      	cmp	r4, #6
10001cbe:	d1f8      	bne.n	10001cb2 <runtime_init_clocks+0xa2>
10001cc0:	b002      	add	sp, #8
10001cc2:	bd70      	pop	{r4, r5, r6, pc}
10001cc4:	40010000 	.word	0x40010000
10001cc8:	40013000 	.word	0x40013000
10001ccc:	59682f00 	.word	0x59682f00
10001cd0:	40050000 	.word	0x40050000
10001cd4:	47868c00 	.word	0x47868c00
10001cd8:	40058000 	.word	0x40058000
10001cdc:	00b71b00 	.word	0x00b71b00
10001ce0:	08f0d180 	.word	0x08f0d180
10001ce4:	02dc6c00 	.word	0x02dc6c00
10001ce8:	431bde83 	.word	0x431bde83

10001cec <_out_char>:
10001cec:	b900      	cbnz	r0, 10001cf0 <_out_char+0x4>
10001cee:	4770      	bx	lr
10001cf0:	f000 b91c 	b.w	10001f2c <__wrap_putchar>

10001cf4 <weak_raw_vprintf>:
10001cf4:	b510      	push	{r4, lr}
10001cf6:	4b09      	ldr	r3, [pc, #36]	@ (10001d1c <weak_raw_vprintf+0x28>)
10001cf8:	b084      	sub	sp, #16
10001cfa:	681c      	ldr	r4, [r3, #0]
10001cfc:	b14c      	cbz	r4, 10001d12 <weak_raw_vprintf+0x1e>
10001cfe:	4603      	mov	r3, r0
10001d00:	9100      	str	r1, [sp, #0]
10001d02:	f04f 32ff 	mov.w	r2, #4294967295	@ 0xffffffff
10001d06:	a903      	add	r1, sp, #12
10001d08:	4805      	ldr	r0, [pc, #20]	@ (10001d20 <weak_raw_vprintf+0x2c>)
10001d0a:	47a0      	blx	r4
10001d0c:	2001      	movs	r0, #1
10001d0e:	b004      	add	sp, #16
10001d10:	bd10      	pop	{r4, pc}
10001d12:	f000 f94d 	bl	10001fb0 <__wrap_puts>
10001d16:	4620      	mov	r0, r4
10001d18:	b004      	add	sp, #16
10001d1a:	bd10      	pop	{r4, pc}
10001d1c:	20001c0c 	.word	0x20001c0c
10001d20:	10001ced 	.word	0x10001ced

10001d24 <_exit>:
10001d24:	be00      	bkpt	0x0000
10001d26:	e7fd      	b.n	10001d24 <_exit>

10001d28 <exit>:
10001d28:	b508      	push	{r3, lr}
10001d2a:	f7ff fffb 	bl	10001d24 <_exit>
10001d2e:	bf00      	nop

10001d30 <runtime_init>:
10001d30:	b538      	push	{r3, r4, r5, lr}
10001d32:	4c06      	ldr	r4, [pc, #24]	@ (10001d4c <runtime_init+0x1c>)
10001d34:	4d06      	ldr	r5, [pc, #24]	@ (10001d50 <runtime_init+0x20>)
10001d36:	f7ff fecb 	bl	10001ad0 <runtime_run_initializers>
10001d3a:	42ac      	cmp	r4, r5
10001d3c:	d204      	bcs.n	10001d48 <runtime_init+0x18>
10001d3e:	f854 3b04 	ldr.w	r3, [r4], #4
10001d42:	4798      	blx	r3
10001d44:	42ac      	cmp	r4, r5
10001d46:	d3fa      	bcc.n	10001d3e <runtime_init+0xe>
10001d48:	bd38      	pop	{r3, r4, r5, pc}
10001d4a:	bf00      	nop
10001d4c:	10004a20 	.word	0x10004a20
10001d50:	10004a2c 	.word	0x10004a2c

10001d54 <stdio_out_chars_no_crlf>:
10001d54:	6803      	ldr	r3, [r0, #0]
10001d56:	4608      	mov	r0, r1
10001d58:	4611      	mov	r1, r2
10001d5a:	4718      	bx	r3

10001d5c <stdio_out_chars_crlf>:
10001d5c:	7d43      	ldrb	r3, [r0, #21]
10001d5e:	e92d 47f0 	stmdb	sp!, {r4, r5, r6, r7, r8, r9, sl, lr}
10001d62:	4681      	mov	r9, r0
10001d64:	460f      	mov	r7, r1
10001d66:	4616      	mov	r6, r2
10001d68:	2b00      	cmp	r3, #0
10001d6a:	d043      	beq.n	10001df4 <stdio_out_chars_crlf+0x98>
10001d6c:	2a00      	cmp	r2, #0
10001d6e:	dd3b      	ble.n	10001de8 <stdio_out_chars_crlf+0x8c>
10001d70:	7d03      	ldrb	r3, [r0, #20]
10001d72:	2000      	movs	r0, #0
10001d74:	1e4d      	subs	r5, r1, #1
10001d76:	4601      	mov	r1, r0
10001d78:	f815 2f01 	ldrb.w	r2, [r5, #1]!
10001d7c:	f8df 8084 	ldr.w	r8, [pc, #132]	@ 10001e04 <stdio_out_chars_crlf+0xa8>
10001d80:	2a0a      	cmp	r2, #10
10001d82:	f101 0401 	add.w	r4, r1, #1
10001d86:	d00e      	beq.n	10001da6 <stdio_out_chars_crlf+0x4a>
10001d88:	42a6      	cmp	r6, r4
10001d8a:	d01c      	beq.n	10001dc6 <stdio_out_chars_crlf+0x6a>
10001d8c:	782b      	ldrb	r3, [r5, #0]
10001d8e:	4621      	mov	r1, r4
10001d90:	f1a3 030d 	sub.w	r3, r3, #13
10001d94:	fab3 f383 	clz	r3, r3
10001d98:	f815 2f01 	ldrb.w	r2, [r5, #1]!
10001d9c:	095b      	lsrs	r3, r3, #5
10001d9e:	2a0a      	cmp	r2, #10
10001da0:	f101 0401 	add.w	r4, r1, #1
10001da4:	d1f0      	bne.n	10001d88 <stdio_out_chars_crlf+0x2c>
10001da6:	2b00      	cmp	r3, #0
10001da8:	d1ee      	bne.n	10001d88 <stdio_out_chars_crlf+0x2c>
10001daa:	4281      	cmp	r1, r0
10001dac:	eba1 0100 	sub.w	r1, r1, r0
10001db0:	4438      	add	r0, r7
10001db2:	dc1b      	bgt.n	10001dec <stdio_out_chars_crlf+0x90>
10001db4:	2102      	movs	r1, #2
10001db6:	4640      	mov	r0, r8
10001db8:	f8d9 3000 	ldr.w	r3, [r9]
10001dbc:	4798      	blx	r3
10001dbe:	42a6      	cmp	r6, r4
10001dc0:	d008      	beq.n	10001dd4 <stdio_out_chars_crlf+0x78>
10001dc2:	4620      	mov	r0, r4
10001dc4:	e7e2      	b.n	10001d8c <stdio_out_chars_crlf+0x30>
10001dc6:	4286      	cmp	r6, r0
10001dc8:	dd04      	ble.n	10001dd4 <stdio_out_chars_crlf+0x78>
10001dca:	1a31      	subs	r1, r6, r0
10001dcc:	f8d9 3000 	ldr.w	r3, [r9]
10001dd0:	4438      	add	r0, r7
10001dd2:	4798      	blx	r3
10001dd4:	4437      	add	r7, r6
10001dd6:	f817 3c01 	ldrb.w	r3, [r7, #-1]
10001dda:	f1a3 030d 	sub.w	r3, r3, #13
10001dde:	fab3 f383 	clz	r3, r3
10001de2:	095b      	lsrs	r3, r3, #5
10001de4:	f889 3014 	strb.w	r3, [r9, #20]
10001de8:	e8bd 87f0 	ldmia.w	sp!, {r4, r5, r6, r7, r8, r9, sl, pc}
10001dec:	f8d9 3000 	ldr.w	r3, [r9]
10001df0:	4798      	blx	r3
10001df2:	e7df      	b.n	10001db4 <stdio_out_chars_crlf+0x58>
10001df4:	4638      	mov	r0, r7
10001df6:	f8d9 3000 	ldr.w	r3, [r9]
10001dfa:	4611      	mov	r1, r2
10001dfc:	e8bd 47f0 	ldmia.w	sp!, {r4, r5, r6, r7, r8, r9, sl, lr}
10001e00:	4718      	bx	r3
10001e02:	bf00      	nop
10001e04:	10004bd8 	.word	0x10004bd8

10001e08 <stdio_put_string>:
10001e08:	e92d 47f0 	stmdb	sp!, {r4, r5, r6, r7, r8, r9, sl, lr}
10001e0c:	b082      	sub	sp, #8
10001e0e:	460d      	mov	r5, r1
10001e10:	4692      	mov	sl, r2
10001e12:	4699      	mov	r9, r3
10001e14:	4607      	mov	r7, r0
10001e16:	f7ff fcd9 	bl	100017cc <time_us_64>
10001e1a:	f04f 36ff 	mov.w	r6, #4294967295	@ 0xffffffff
10001e1e:	f06f 4400 	mvn.w	r4, #2147483648	@ 0x80000000
10001e22:	4a2f      	ldr	r2, [pc, #188]	@ (10001ee0 <stdio_put_string+0xd8>)
10001e24:	1882      	adds	r2, r0, r2
10001e26:	f141 0300 	adc.w	r3, r1, #0
10001e2a:	4296      	cmp	r6, r2
10001e2c:	eb74 0103 	sbcs.w	r1, r4, r3
10001e30:	bf3c      	itt	cc
10001e32:	4632      	movcc	r2, r6
10001e34:	4623      	movcc	r3, r4
10001e36:	482b      	ldr	r0, [pc, #172]	@ (10001ee4 <stdio_put_string+0xdc>)
10001e38:	f002 fdc6 	bl	100049c8 <__mutex_try_enter_block_until_veneer>
10001e3c:	1c6b      	adds	r3, r5, #1
10001e3e:	4680      	mov	r8, r0
10001e40:	d103      	bne.n	10001e4a <stdio_put_string+0x42>
10001e42:	4638      	mov	r0, r7
10001e44:	f002 fd26 	bl	10004894 <strlen>
10001e48:	4605      	mov	r5, r0
10001e4a:	4b27      	ldr	r3, [pc, #156]	@ (10001ee8 <stdio_put_string+0xe0>)
10001e4c:	4e27      	ldr	r6, [pc, #156]	@ (10001eec <stdio_put_string+0xe4>)
10001e4e:	681c      	ldr	r4, [r3, #0]
10001e50:	4b27      	ldr	r3, [pc, #156]	@ (10001ef0 <stdio_put_string+0xe8>)
10001e52:	f1b9 0f00 	cmp.w	r9, #0
10001e56:	bf18      	it	ne
10001e58:	461e      	movne	r6, r3
10001e5a:	b1b4      	cbz	r4, 10001e8a <stdio_put_string+0x82>
10001e5c:	f1ba 0f00 	cmp.w	sl, #0
10001e60:	d11a      	bne.n	10001e98 <stdio_put_string+0x90>
10001e62:	f8df 9090 	ldr.w	r9, [pc, #144]	@ 10001ef4 <stdio_put_string+0xec>
10001e66:	e001      	b.n	10001e6c <stdio_put_string+0x64>
10001e68:	6924      	ldr	r4, [r4, #16]
10001e6a:	b174      	cbz	r4, 10001e8a <stdio_put_string+0x82>
10001e6c:	6823      	ldr	r3, [r4, #0]
10001e6e:	2b00      	cmp	r3, #0
10001e70:	d0fa      	beq.n	10001e68 <stdio_put_string+0x60>
10001e72:	f8d9 3000 	ldr.w	r3, [r9]
10001e76:	b10b      	cbz	r3, 10001e7c <stdio_put_string+0x74>
10001e78:	429c      	cmp	r4, r3
10001e7a:	d1f5      	bne.n	10001e68 <stdio_put_string+0x60>
10001e7c:	4620      	mov	r0, r4
10001e7e:	462a      	mov	r2, r5
10001e80:	4639      	mov	r1, r7
10001e82:	47b0      	blx	r6
10001e84:	6924      	ldr	r4, [r4, #16]
10001e86:	2c00      	cmp	r4, #0
10001e88:	d1f0      	bne.n	10001e6c <stdio_put_string+0x64>
10001e8a:	f1b8 0f00 	cmp.w	r8, #0
10001e8e:	d11f      	bne.n	10001ed0 <stdio_put_string+0xc8>
10001e90:	4628      	mov	r0, r5
10001e92:	b002      	add	sp, #8
10001e94:	e8bd 87f0 	ldmia.w	sp!, {r4, r5, r6, r7, r8, r9, sl, pc}
10001e98:	f04f 0a0a 	mov.w	sl, #10
10001e9c:	f8df 9054 	ldr.w	r9, [pc, #84]	@ 10001ef4 <stdio_put_string+0xec>
10001ea0:	e002      	b.n	10001ea8 <stdio_put_string+0xa0>
10001ea2:	6924      	ldr	r4, [r4, #16]
10001ea4:	2c00      	cmp	r4, #0
10001ea6:	d0f0      	beq.n	10001e8a <stdio_put_string+0x82>
10001ea8:	6823      	ldr	r3, [r4, #0]
10001eaa:	2b00      	cmp	r3, #0
10001eac:	d0f9      	beq.n	10001ea2 <stdio_put_string+0x9a>
10001eae:	f8d9 3000 	ldr.w	r3, [r9]
10001eb2:	b10b      	cbz	r3, 10001eb8 <stdio_put_string+0xb0>
10001eb4:	42a3      	cmp	r3, r4
10001eb6:	d1f4      	bne.n	10001ea2 <stdio_put_string+0x9a>
10001eb8:	462a      	mov	r2, r5
10001eba:	4639      	mov	r1, r7
10001ebc:	4620      	mov	r0, r4
10001ebe:	47b0      	blx	r6
10001ec0:	2201      	movs	r2, #1
10001ec2:	4620      	mov	r0, r4
10001ec4:	f10d 0107 	add.w	r1, sp, #7
10001ec8:	f88d a007 	strb.w	sl, [sp, #7]
10001ecc:	47b0      	blx	r6
10001ece:	e7e8      	b.n	10001ea2 <stdio_put_string+0x9a>
10001ed0:	4804      	ldr	r0, [pc, #16]	@ (10001ee4 <stdio_put_string+0xdc>)
10001ed2:	f002 fd6d 	bl	100049b0 <__mutex_exit_veneer>
10001ed6:	4628      	mov	r0, r5
10001ed8:	b002      	add	sp, #8
10001eda:	e8bd 87f0 	ldmia.w	sp!, {r4, r5, r6, r7, r8, r9, sl, pc}
10001ede:	bf00      	nop
10001ee0:	000f4240 	.word	0x000f4240
10001ee4:	20000e9c 	.word	0x20000e9c
10001ee8:	20001800 	.word	0x20001800
10001eec:	10001d55 	.word	0x10001d55
10001ef0:	10001d5d 	.word	0x10001d5d
10001ef4:	20001808 	.word	0x20001808

10001ef8 <stdio_set_driver_enabled>:
10001ef8:	4a0a      	ldr	r2, [pc, #40]	@ (10001f24 <stdio_set_driver_enabled+0x2c>)
10001efa:	6813      	ldr	r3, [r2, #0]
10001efc:	b14b      	cbz	r3, 10001f12 <stdio_set_driver_enabled+0x1a>
10001efe:	4283      	cmp	r3, r0
10001f00:	d102      	bne.n	10001f08 <stdio_set_driver_enabled+0x10>
10001f02:	e009      	b.n	10001f18 <stdio_set_driver_enabled+0x20>
10001f04:	4298      	cmp	r0, r3
10001f06:	d007      	beq.n	10001f18 <stdio_set_driver_enabled+0x20>
10001f08:	f103 0210 	add.w	r2, r3, #16
10001f0c:	691b      	ldr	r3, [r3, #16]
10001f0e:	2b00      	cmp	r3, #0
10001f10:	d1f8      	bne.n	10001f04 <stdio_set_driver_enabled+0xc>
10001f12:	b101      	cbz	r1, 10001f16 <stdio_set_driver_enabled+0x1e>
10001f14:	6010      	str	r0, [r2, #0]
10001f16:	4770      	bx	lr
10001f18:	2900      	cmp	r1, #0
10001f1a:	d1fc      	bne.n	10001f16 <stdio_set_driver_enabled+0x1e>
10001f1c:	6903      	ldr	r3, [r0, #16]
10001f1e:	6013      	str	r3, [r2, #0]
10001f20:	6101      	str	r1, [r0, #16]
10001f22:	4770      	bx	lr
10001f24:	20001800 	.word	0x20001800

10001f28 <stdio_init_all>:
10001f28:	f000 ba6e 	b.w	10002408 <stdio_usb_init>

10001f2c <__wrap_putchar>:
10001f2c:	b5f0      	push	{r4, r5, r6, r7, lr}
10001f2e:	b083      	sub	sp, #12
10001f30:	4606      	mov	r6, r0
10001f32:	f88d 0007 	strb.w	r0, [sp, #7]
10001f36:	f7ff fc49 	bl	100017cc <time_us_64>
10001f3a:	f04f 35ff 	mov.w	r5, #4294967295	@ 0xffffffff
10001f3e:	f06f 4400 	mvn.w	r4, #2147483648	@ 0x80000000
10001f42:	4a17      	ldr	r2, [pc, #92]	@ (10001fa0 <__wrap_putchar+0x74>)
10001f44:	1882      	adds	r2, r0, r2
10001f46:	f141 0300 	adc.w	r3, r1, #0
10001f4a:	4295      	cmp	r5, r2
10001f4c:	eb74 0103 	sbcs.w	r1, r4, r3
10001f50:	bf3c      	itt	cc
10001f52:	4623      	movcc	r3, r4
10001f54:	462a      	movcc	r2, r5
10001f56:	4813      	ldr	r0, [pc, #76]	@ (10001fa4 <__wrap_putchar+0x78>)
10001f58:	f002 fd36 	bl	100049c8 <__mutex_try_enter_block_until_veneer>
10001f5c:	4b12      	ldr	r3, [pc, #72]	@ (10001fa8 <__wrap_putchar+0x7c>)
10001f5e:	4607      	mov	r7, r0
10001f60:	681c      	ldr	r4, [r3, #0]
10001f62:	b19c      	cbz	r4, 10001f8c <__wrap_putchar+0x60>
10001f64:	4d11      	ldr	r5, [pc, #68]	@ (10001fac <__wrap_putchar+0x80>)
10001f66:	e001      	b.n	10001f6c <__wrap_putchar+0x40>
10001f68:	6924      	ldr	r4, [r4, #16]
10001f6a:	b17c      	cbz	r4, 10001f8c <__wrap_putchar+0x60>
10001f6c:	6823      	ldr	r3, [r4, #0]
10001f6e:	2b00      	cmp	r3, #0
10001f70:	d0fa      	beq.n	10001f68 <__wrap_putchar+0x3c>
10001f72:	682b      	ldr	r3, [r5, #0]
10001f74:	b10b      	cbz	r3, 10001f7a <__wrap_putchar+0x4e>
10001f76:	429c      	cmp	r4, r3
10001f78:	d1f6      	bne.n	10001f68 <__wrap_putchar+0x3c>
10001f7a:	4620      	mov	r0, r4
10001f7c:	2201      	movs	r2, #1
10001f7e:	f10d 0107 	add.w	r1, sp, #7
10001f82:	f7ff feeb 	bl	10001d5c <stdio_out_chars_crlf>
10001f86:	6924      	ldr	r4, [r4, #16]
10001f88:	2c00      	cmp	r4, #0
10001f8a:	d1ef      	bne.n	10001f6c <__wrap_putchar+0x40>
10001f8c:	b917      	cbnz	r7, 10001f94 <__wrap_putchar+0x68>
10001f8e:	4630      	mov	r0, r6
10001f90:	b003      	add	sp, #12
10001f92:	bdf0      	pop	{r4, r5, r6, r7, pc}
10001f94:	4803      	ldr	r0, [pc, #12]	@ (10001fa4 <__wrap_putchar+0x78>)
10001f96:	f002 fd0b 	bl	100049b0 <__mutex_exit_veneer>
10001f9a:	4630      	mov	r0, r6
10001f9c:	b003      	add	sp, #12
10001f9e:	bdf0      	pop	{r4, r5, r6, r7, pc}
10001fa0:	000f4240 	.word	0x000f4240
10001fa4:	20000e9c 	.word	0x20000e9c
10001fa8:	20001800 	.word	0x20001800
10001fac:	20001808 	.word	0x20001808

10001fb0 <__wrap_puts>:
10001fb0:	b538      	push	{r3, r4, r5, lr}
10001fb2:	4604      	mov	r4, r0
10001fb4:	f002 fc6e 	bl	10004894 <strlen>
10001fb8:	2301      	movs	r3, #1
10001fba:	4605      	mov	r5, r0
10001fbc:	461a      	mov	r2, r3
10001fbe:	4620      	mov	r0, r4
10001fc0:	4629      	mov	r1, r5
10001fc2:	f7ff ff21 	bl	10001e08 <stdio_put_string>
10001fc6:	4b08      	ldr	r3, [pc, #32]	@ (10001fe8 <__wrap_puts+0x38>)
10001fc8:	681c      	ldr	r4, [r3, #0]
10001fca:	b12c      	cbz	r4, 10001fd8 <__wrap_puts+0x28>
10001fcc:	6863      	ldr	r3, [r4, #4]
10001fce:	b12b      	cbz	r3, 10001fdc <__wrap_puts+0x2c>
10001fd0:	4798      	blx	r3
10001fd2:	6924      	ldr	r4, [r4, #16]
10001fd4:	2c00      	cmp	r4, #0
10001fd6:	d1f9      	bne.n	10001fcc <__wrap_puts+0x1c>
10001fd8:	4628      	mov	r0, r5
10001fda:	bd38      	pop	{r3, r4, r5, pc}
10001fdc:	6924      	ldr	r4, [r4, #16]
10001fde:	2c00      	cmp	r4, #0
10001fe0:	d1f4      	bne.n	10001fcc <__wrap_puts+0x1c>
10001fe2:	4628      	mov	r0, r5
10001fe4:	bd38      	pop	{r3, r4, r5, pc}
10001fe6:	bf00      	nop
10001fe8:	20001800 	.word	0x20001800

10001fec <resetd_init>:
10001fec:	4770      	bx	lr
10001fee:	bf00      	nop

10001ff0 <resetd_reset>:
10001ff0:	2200      	movs	r2, #0
10001ff2:	4b01      	ldr	r3, [pc, #4]	@ (10001ff8 <resetd_reset+0x8>)
10001ff4:	701a      	strb	r2, [r3, #0]
10001ff6:	4770      	bx	lr
10001ff8:	20001c72 	.word	0x20001c72

10001ffc <resetd_open>:
10001ffc:	794b      	ldrb	r3, [r1, #5]
10001ffe:	2bff      	cmp	r3, #255	@ 0xff
10002000:	d10b      	bne.n	1000201a <resetd_open+0x1e>
10002002:	7988      	ldrb	r0, [r1, #6]
10002004:	b948      	cbnz	r0, 1000201a <resetd_open+0x1e>
10002006:	79cb      	ldrb	r3, [r1, #7]
10002008:	2b01      	cmp	r3, #1
1000200a:	d107      	bne.n	1000201c <resetd_open+0x20>
1000200c:	2a08      	cmp	r2, #8
1000200e:	d905      	bls.n	1000201c <resetd_open+0x20>
10002010:	4b03      	ldr	r3, [pc, #12]	@ (10002020 <resetd_open+0x24>)
10002012:	788a      	ldrb	r2, [r1, #2]
10002014:	2009      	movs	r0, #9
10002016:	701a      	strb	r2, [r3, #0]
10002018:	4770      	bx	lr
1000201a:	2000      	movs	r0, #0
1000201c:	4770      	bx	lr
1000201e:	bf00      	nop
10002020:	20001c72 	.word	0x20001c72

10002024 <resetd_xfer_cb>:
10002024:	2001      	movs	r0, #1
10002026:	4770      	bx	lr

10002028 <resetd_control_xfer_cb>:
10002028:	2901      	cmp	r1, #1
1000202a:	d001      	beq.n	10002030 <resetd_control_xfer_cb+0x8>
1000202c:	2001      	movs	r0, #1
1000202e:	4770      	bx	lr
10002030:	b508      	push	{r3, lr}
10002032:	4b10      	ldr	r3, [pc, #64]	@ (10002074 <resetd_control_xfer_cb+0x4c>)
10002034:	8891      	ldrh	r1, [r2, #4]
10002036:	781b      	ldrb	r3, [r3, #0]
10002038:	4299      	cmp	r1, r3
1000203a:	d001      	beq.n	10002040 <resetd_control_xfer_cb+0x18>
1000203c:	2000      	movs	r0, #0
1000203e:	bd08      	pop	{r3, pc}
10002040:	7853      	ldrb	r3, [r2, #1]
10002042:	2b01      	cmp	r3, #1
10002044:	d008      	beq.n	10002058 <resetd_control_xfer_cb+0x30>
10002046:	2b02      	cmp	r3, #2
10002048:	d1f8      	bne.n	1000203c <resetd_control_xfer_cb+0x14>
1000204a:	2100      	movs	r1, #0
1000204c:	2264      	movs	r2, #100	@ 0x64
1000204e:	4608      	mov	r0, r1
10002050:	f7ff fc7a 	bl	10001948 <watchdog_reboot>
10002054:	2001      	movs	r0, #1
10002056:	bd08      	pop	{r3, pc}
10002058:	8851      	ldrh	r1, [r2, #2]
1000205a:	05cb      	lsls	r3, r1, #23
1000205c:	bf4b      	itete	mi
1000205e:	0a4a      	lsrmi	r2, r1, #9
10002060:	0a4a      	lsrpl	r2, r1, #9
10002062:	4610      	movmi	r0, r2
10002064:	f04f 30ff 	movpl.w	r0, #4294967295	@ 0xffffffff
10002068:	f002 0201 	and.w	r2, r2, #1
1000206c:	f001 017f 	and.w	r1, r1, #127	@ 0x7f
10002070:	f7ff fce8 	bl	10001a44 <rom_reset_usb_boot_extra>
10002074:	20001c72 	.word	0x20001c72

10002078 <tud_descriptor_bos_cb>:
10002078:	4800      	ldr	r0, [pc, #0]	@ (1000207c <tud_descriptor_bos_cb+0x4>)
1000207a:	4770      	bx	lr
1000207c:	10004ca4 	.word	0x10004ca4

10002080 <tud_vendor_control_xfer_cb>:
10002080:	2901      	cmp	r1, #1
10002082:	d107      	bne.n	10002094 <tud_vendor_control_xfer_cb+0x14>
10002084:	7853      	ldrb	r3, [r2, #1]
10002086:	2b01      	cmp	r3, #1
10002088:	d102      	bne.n	10002090 <tud_vendor_control_xfer_cb+0x10>
1000208a:	8893      	ldrh	r3, [r2, #4]
1000208c:	2b07      	cmp	r3, #7
1000208e:	d003      	beq.n	10002098 <tud_vendor_control_xfer_cb+0x18>
10002090:	2000      	movs	r0, #0
10002092:	4770      	bx	lr
10002094:	2001      	movs	r0, #1
10002096:	4770      	bx	lr
10002098:	4611      	mov	r1, r2
1000209a:	23a6      	movs	r3, #166	@ 0xa6
1000209c:	4a01      	ldr	r2, [pc, #4]	@ (100020a4 <tud_vendor_control_xfer_cb+0x24>)
1000209e:	f001 ba41 	b.w	10003524 <tud_control_xfer>
100020a2:	bf00      	nop
100020a4:	10004bfc 	.word	0x10004bfc

100020a8 <usbd_app_driver_get_cb>:
100020a8:	4603      	mov	r3, r0
100020aa:	2201      	movs	r2, #1
100020ac:	4801      	ldr	r0, [pc, #4]	@ (100020b4 <usbd_app_driver_get_cb+0xc>)
100020ae:	701a      	strb	r2, [r3, #0]
100020b0:	4770      	bx	lr
100020b2:	bf00      	nop
100020b4:	10004bdc 	.word	0x10004bdc

100020b8 <tud_cdc_line_coding_cb>:
100020b8:	b508      	push	{r3, lr}
100020ba:	680b      	ldr	r3, [r1, #0]
100020bc:	f5b3 6f96 	cmp.w	r3, #1200	@ 0x4b0
100020c0:	d000      	beq.n	100020c4 <tud_cdc_line_coding_cb+0xc>
100020c2:	bd08      	pop	{r3, pc}
100020c4:	2200      	movs	r2, #0
100020c6:	f04f 30ff 	mov.w	r0, #4294967295	@ 0xffffffff
100020ca:	4611      	mov	r1, r2
100020cc:	f7ff fcba 	bl	10001a44 <rom_reset_usb_boot_extra>

100020d0 <stdio_usb_set_chars_available_callback>:
100020d0:	4a02      	ldr	r2, [pc, #8]	@ (100020dc <stdio_usb_set_chars_available_callback+0xc>)
100020d2:	4b03      	ldr	r3, [pc, #12]	@ (100020e0 <stdio_usb_set_chars_available_callback+0x10>)
100020d4:	6010      	str	r0, [r2, #0]
100020d6:	6019      	str	r1, [r3, #0]
100020d8:	4770      	bx	lr
100020da:	bf00      	nop
100020dc:	200017a0 	.word	0x200017a0
100020e0:	200017a4 	.word	0x200017a4

100020e4 <timer_task>:
100020e4:	4b18      	ldr	r3, [pc, #96]	@ (10002148 <timer_task+0x64>)
100020e6:	b570      	push	{r4, r5, r6, lr}
100020e8:	681a      	ldr	r2, [r3, #0]
100020ea:	2a00      	cmp	r2, #0
100020ec:	d028      	beq.n	10002140 <timer_task+0x5c>
100020ee:	f3ef 8110 	mrs	r1, PRIMASK
100020f2:	b672      	cpsid	i
100020f4:	e8d2 4fcf 	ldaexb	r4, [r2]
100020f8:	2001      	movs	r0, #1
100020fa:	2c00      	cmp	r4, #0
100020fc:	d1fa      	bne.n	100020f4 <timer_task+0x10>
100020fe:	e8c2 0f44 	strexb	r4, r0, [r2]
10002102:	2c00      	cmp	r4, #0
10002104:	d1f6      	bne.n	100020f4 <timer_task+0x10>
10002106:	f3bf 8f5f 	dmb	sy
1000210a:	2200      	movs	r2, #0
1000210c:	4c0f      	ldr	r4, [pc, #60]	@ (1000214c <timer_task+0x68>)
1000210e:	6818      	ldr	r0, [r3, #0]
10002110:	6059      	str	r1, [r3, #4]
10002112:	7022      	strb	r2, [r4, #0]
10002114:	e8c0 2f8f 	stlb	r2, [r0]
10002118:	f381 8810 	msr	PRIMASK, r1
1000211c:	2400      	movs	r4, #0
1000211e:	2500      	movs	r5, #0
10002120:	4e0b      	ldr	r6, [pc, #44]	@ (10002150 <timer_task+0x6c>)
10002122:	7830      	ldrb	r0, [r6, #0]
10002124:	f7fe fbbc 	bl	100008a0 <irq_is_enabled>
10002128:	b920      	cbnz	r0, 10002134 <timer_task+0x50>
1000212a:	2400      	movs	r4, #0
1000212c:	2500      	movs	r5, #0
1000212e:	4620      	mov	r0, r4
10002130:	4629      	mov	r1, r5
10002132:	bd70      	pop	{r4, r5, r6, pc}
10002134:	7830      	ldrb	r0, [r6, #0]
10002136:	f7fe fbc3 	bl	100008c0 <irq_set_pending>
1000213a:	4620      	mov	r0, r4
1000213c:	4629      	mov	r1, r5
1000213e:	bd70      	pop	{r4, r5, r6, pc}
10002140:	f44f 747a 	mov.w	r4, #1000	@ 0x3e8
10002144:	2500      	movs	r5, #0
10002146:	e7eb      	b.n	10002120 <timer_task+0x3c>
10002148:	20001c18 	.word	0x20001c18
1000214c:	20001c75 	.word	0x20001c75
10002150:	20001c74 	.word	0x20001c74

10002154 <usb_irq>:
10002154:	4b01      	ldr	r3, [pc, #4]	@ (1000215c <usb_irq+0x8>)
10002156:	7818      	ldrb	r0, [r3, #0]
10002158:	f7fe bbb2 	b.w	100008c0 <irq_set_pending>
1000215c:	20001c74 	.word	0x20001c74

10002160 <stdio_usb_in_chars>:
10002160:	b538      	push	{r3, r4, r5, lr}
10002162:	4604      	mov	r4, r0
10002164:	2000      	movs	r0, #0
10002166:	460d      	mov	r5, r1
10002168:	f001 fb08 	bl	1000377c <tud_cdc_n_connected>
1000216c:	b3a8      	cbz	r0, 100021da <stdio_usb_in_chars+0x7a>
1000216e:	2000      	movs	r0, #0
10002170:	f001 fb1a 	bl	100037a8 <tud_cdc_n_available>
10002174:	b388      	cbz	r0, 100021da <stdio_usb_in_chars+0x7a>
10002176:	f7ff fb29 	bl	100017cc <time_us_64>
1000217a:	f04f 3eff 	mov.w	lr, #4294967295	@ 0xffffffff
1000217e:	f06f 4c00 	mvn.w	ip, #2147483648	@ 0x80000000
10002182:	4a17      	ldr	r2, [pc, #92]	@ (100021e0 <stdio_usb_in_chars+0x80>)
10002184:	1882      	adds	r2, r0, r2
10002186:	f141 0300 	adc.w	r3, r1, #0
1000218a:	4596      	cmp	lr, r2
1000218c:	eb7c 0103 	sbcs.w	r1, ip, r3
10002190:	bf3c      	itt	cc
10002192:	4672      	movcc	r2, lr
10002194:	4663      	movcc	r3, ip
10002196:	4813      	ldr	r0, [pc, #76]	@ (100021e4 <stdio_usb_in_chars+0x84>)
10002198:	f002 fc16 	bl	100049c8 <__mutex_try_enter_block_until_veneer>
1000219c:	b1e8      	cbz	r0, 100021da <stdio_usb_in_chars+0x7a>
1000219e:	2000      	movs	r0, #0
100021a0:	f001 faec 	bl	1000377c <tud_cdc_n_connected>
100021a4:	b958      	cbnz	r0, 100021be <stdio_usb_in_chars+0x5e>
100021a6:	2100      	movs	r1, #0
100021a8:	f04f 30ff 	mov.w	r0, #4294967295	@ 0xffffffff
100021ac:	f000 fd12 	bl	10002bd4 <tud_task_ext>
100021b0:	f06f 0402 	mvn.w	r4, #2
100021b4:	480b      	ldr	r0, [pc, #44]	@ (100021e4 <stdio_usb_in_chars+0x84>)
100021b6:	f002 fbfb 	bl	100049b0 <__mutex_exit_veneer>
100021ba:	4620      	mov	r0, r4
100021bc:	bd38      	pop	{r3, r4, r5, pc}
100021be:	2000      	movs	r0, #0
100021c0:	f001 faf2 	bl	100037a8 <tud_cdc_n_available>
100021c4:	2800      	cmp	r0, #0
100021c6:	d0ee      	beq.n	100021a6 <stdio_usb_in_chars+0x46>
100021c8:	4621      	mov	r1, r4
100021ca:	462a      	mov	r2, r5
100021cc:	2000      	movs	r0, #0
100021ce:	f001 faf7 	bl	100037c0 <tud_cdc_n_read>
100021d2:	4604      	mov	r4, r0
100021d4:	2800      	cmp	r0, #0
100021d6:	d1ed      	bne.n	100021b4 <stdio_usb_in_chars+0x54>
100021d8:	e7ea      	b.n	100021b0 <stdio_usb_in_chars+0x50>
100021da:	f06f 0402 	mvn.w	r4, #2
100021de:	e7ec      	b.n	100021ba <stdio_usb_in_chars+0x5a>
100021e0:	000f4240 	.word	0x000f4240
100021e4:	20001c54 	.word	0x20001c54

100021e8 <stdio_usb_out_flush>:
100021e8:	b508      	push	{r3, lr}
100021ea:	f7ff faef 	bl	100017cc <time_us_64>
100021ee:	f04f 3eff 	mov.w	lr, #4294967295	@ 0xffffffff
100021f2:	f06f 4c00 	mvn.w	ip, #2147483648	@ 0x80000000
100021f6:	4a0f      	ldr	r2, [pc, #60]	@ (10002234 <stdio_usb_out_flush+0x4c>)
100021f8:	1882      	adds	r2, r0, r2
100021fa:	f141 0300 	adc.w	r3, r1, #0
100021fe:	4596      	cmp	lr, r2
10002200:	eb7c 0103 	sbcs.w	r1, ip, r3
10002204:	bf3c      	itt	cc
10002206:	4672      	movcc	r2, lr
10002208:	4663      	movcc	r3, ip
1000220a:	480b      	ldr	r0, [pc, #44]	@ (10002238 <stdio_usb_out_flush+0x50>)
1000220c:	f002 fbdc 	bl	100049c8 <__mutex_try_enter_block_until_veneer>
10002210:	b170      	cbz	r0, 10002230 <stdio_usb_out_flush+0x48>
10002212:	f04f 30ff 	mov.w	r0, #4294967295	@ 0xffffffff
10002216:	2100      	movs	r1, #0
10002218:	f000 fcdc 	bl	10002bd4 <tud_task_ext>
1000221c:	2000      	movs	r0, #0
1000221e:	f001 fb15 	bl	1000384c <tud_cdc_n_write_flush>
10002222:	2800      	cmp	r0, #0
10002224:	d1f5      	bne.n	10002212 <stdio_usb_out_flush+0x2a>
10002226:	e8bd 4008 	ldmia.w	sp!, {r3, lr}
1000222a:	4803      	ldr	r0, [pc, #12]	@ (10002238 <stdio_usb_out_flush+0x50>)
1000222c:	f002 bbc0 	b.w	100049b0 <__mutex_exit_veneer>
10002230:	bd08      	pop	{r3, pc}
10002232:	bf00      	nop
10002234:	000f4240 	.word	0x000f4240
10002238:	20001c54 	.word	0x20001c54

1000223c <stdio_usb_out_chars>:
1000223c:	e92d 43f8 	stmdb	sp!, {r3, r4, r5, r6, r7, r8, r9, lr}
10002240:	4607      	mov	r7, r0
10002242:	460e      	mov	r6, r1
10002244:	f7ff fac2 	bl	100017cc <time_us_64>
10002248:	f04f 35ff 	mov.w	r5, #4294967295	@ 0xffffffff
1000224c:	f06f 4400 	mvn.w	r4, #2147483648	@ 0x80000000
10002250:	4a33      	ldr	r2, [pc, #204]	@ (10002320 <stdio_usb_out_chars+0xe4>)
10002252:	1882      	adds	r2, r0, r2
10002254:	f141 0300 	adc.w	r3, r1, #0
10002258:	4295      	cmp	r5, r2
1000225a:	eb74 0103 	sbcs.w	r1, r4, r3
1000225e:	bf3c      	itt	cc
10002260:	462a      	movcc	r2, r5
10002262:	4623      	movcc	r3, r4
10002264:	482f      	ldr	r0, [pc, #188]	@ (10002324 <stdio_usb_out_chars+0xe8>)
10002266:	f002 fbaf 	bl	100049c8 <__mutex_try_enter_block_until_veneer>
1000226a:	b908      	cbnz	r0, 10002270 <stdio_usb_out_chars+0x34>
1000226c:	e8bd 83f8 	ldmia.w	sp!, {r3, r4, r5, r6, r7, r8, r9, pc}
10002270:	2000      	movs	r0, #0
10002272:	f001 fa83 	bl	1000377c <tud_cdc_n_connected>
10002276:	2800      	cmp	r0, #0
10002278:	d048      	beq.n	1000230c <stdio_usb_out_chars+0xd0>
1000227a:	2e00      	cmp	r6, #0
1000227c:	dd41      	ble.n	10002302 <stdio_usb_out_chars+0xc6>
1000227e:	2500      	movs	r5, #0
10002280:	f8df 80a4 	ldr.w	r8, [pc, #164]	@ 10002328 <stdio_usb_out_chars+0xec>
10002284:	f8df 90a4 	ldr.w	r9, [pc, #164]	@ 1000232c <stdio_usb_out_chars+0xf0>
10002288:	e013      	b.n	100022b2 <stdio_usb_out_chars+0x76>
1000228a:	4622      	mov	r2, r4
1000228c:	2000      	movs	r0, #0
1000228e:	f001 fb23 	bl	100038d8 <tud_cdc_n_write>
10002292:	2100      	movs	r1, #0
10002294:	4604      	mov	r4, r0
10002296:	f04f 30ff 	mov.w	r0, #4294967295	@ 0xffffffff
1000229a:	f000 fc9b 	bl	10002bd4 <tud_task_ext>
1000229e:	2000      	movs	r0, #0
100022a0:	f001 fad4 	bl	1000384c <tud_cdc_n_write_flush>
100022a4:	f7ff fa92 	bl	100017cc <time_us_64>
100022a8:	e9c8 0100 	strd	r0, r1, [r8]
100022ac:	4425      	add	r5, r4
100022ae:	42ae      	cmp	r6, r5
100022b0:	dd27      	ble.n	10002302 <stdio_usb_out_chars+0xc6>
100022b2:	2000      	movs	r0, #0
100022b4:	f001 fb32 	bl	1000391c <tud_cdc_n_write_available>
100022b8:	1b74      	subs	r4, r6, r5
100022ba:	4284      	cmp	r4, r0
100022bc:	bfa8      	it	ge
100022be:	4604      	movge	r4, r0
100022c0:	1979      	adds	r1, r7, r5
100022c2:	2c00      	cmp	r4, #0
100022c4:	d1e1      	bne.n	1000228a <stdio_usb_out_chars+0x4e>
100022c6:	4621      	mov	r1, r4
100022c8:	f04f 30ff 	mov.w	r0, #4294967295	@ 0xffffffff
100022cc:	f000 fc82 	bl	10002bd4 <tud_task_ext>
100022d0:	4620      	mov	r0, r4
100022d2:	f001 fabb 	bl	1000384c <tud_cdc_n_write_flush>
100022d6:	4620      	mov	r0, r4
100022d8:	f001 fa50 	bl	1000377c <tud_cdc_n_connected>
100022dc:	b188      	cbz	r0, 10002302 <stdio_usb_out_chars+0xc6>
100022de:	4620      	mov	r0, r4
100022e0:	f001 fb1c 	bl	1000391c <tud_cdc_n_write_available>
100022e4:	2800      	cmp	r0, #0
100022e6:	d1e2      	bne.n	100022ae <stdio_usb_out_chars+0x72>
100022e8:	f7ff fa70 	bl	100017cc <time_us_64>
100022ec:	f8d8 3000 	ldr.w	r3, [r8]
100022f0:	f8d8 2004 	ldr.w	r2, [r8, #4]
100022f4:	eb13 0309 	adds.w	r3, r3, r9
100022f8:	f142 0200 	adc.w	r2, r2, #0
100022fc:	4283      	cmp	r3, r0
100022fe:	418a      	sbcs	r2, r1
10002300:	d2d5      	bcs.n	100022ae <stdio_usb_out_chars+0x72>
10002302:	4808      	ldr	r0, [pc, #32]	@ (10002324 <stdio_usb_out_chars+0xe8>)
10002304:	e8bd 43f8 	ldmia.w	sp!, {r3, r4, r5, r6, r7, r8, r9, lr}
10002308:	f002 bb52 	b.w	100049b0 <__mutex_exit_veneer>
1000230c:	2000      	movs	r0, #0
1000230e:	2100      	movs	r1, #0
10002310:	4b05      	ldr	r3, [pc, #20]	@ (10002328 <stdio_usb_out_chars+0xec>)
10002312:	e9c3 0100 	strd	r0, r1, [r3]
10002316:	e8bd 43f8 	ldmia.w	sp!, {r3, r4, r5, r6, r7, r8, r9, lr}
1000231a:	4802      	ldr	r0, [pc, #8]	@ (10002324 <stdio_usb_out_chars+0xe8>)
1000231c:	f002 bb48 	b.w	100049b0 <__mutex_exit_veneer>
10002320:	000f4240 	.word	0x000f4240
10002324:	20001c54 	.word	0x20001c54
10002328:	200010f0 	.word	0x200010f0
1000232c:	0007a120 	.word	0x0007a120

10002330 <low_priority_worker_irq>:
10002330:	b530      	push	{r4, r5, lr}
10002332:	2100      	movs	r1, #0
10002334:	b085      	sub	sp, #20
10002336:	482e      	ldr	r0, [pc, #184]	@ (100023f0 <low_priority_worker_irq+0xc0>)
10002338:	f002 fb4e 	bl	100049d8 <__mutex_try_enter_veneer>
1000233c:	b9f0      	cbnz	r0, 1000237c <low_priority_worker_irq+0x4c>
1000233e:	4b2d      	ldr	r3, [pc, #180]	@ (100023f4 <low_priority_worker_irq+0xc4>)
10002340:	681a      	ldr	r2, [r3, #0]
10002342:	b1ca      	cbz	r2, 10002378 <low_priority_worker_irq+0x48>
10002344:	f3ef 8110 	mrs	r1, PRIMASK
10002348:	b672      	cpsid	i
1000234a:	e8d2 5fcf 	ldaexb	r5, [r2]
1000234e:	2401      	movs	r4, #1
10002350:	2d00      	cmp	r5, #0
10002352:	d1fa      	bne.n	1000234a <low_priority_worker_irq+0x1a>
10002354:	e8c2 4f45 	strexb	r5, r4, [r2]
10002358:	2d00      	cmp	r5, #0
1000235a:	d1f6      	bne.n	1000234a <low_priority_worker_irq+0x1a>
1000235c:	f3bf 8f5f 	dmb	sy
10002360:	4c25      	ldr	r4, [pc, #148]	@ (100023f8 <low_priority_worker_irq+0xc8>)
10002362:	681d      	ldr	r5, [r3, #0]
10002364:	7822      	ldrb	r2, [r4, #0]
10002366:	6059      	str	r1, [r3, #4]
10002368:	b2d3      	uxtb	r3, r2
1000236a:	2201      	movs	r2, #1
1000236c:	7022      	strb	r2, [r4, #0]
1000236e:	e8c5 0f8f 	stlb	r0, [r5]
10002372:	f381 8810 	msr	PRIMASK, r1
10002376:	b1cb      	cbz	r3, 100023ac <low_priority_worker_irq+0x7c>
10002378:	b005      	add	sp, #20
1000237a:	bd30      	pop	{r4, r5, pc}
1000237c:	2100      	movs	r1, #0
1000237e:	f04f 30ff 	mov.w	r0, #4294967295	@ 0xffffffff
10002382:	f000 fc27 	bl	10002bd4 <tud_task_ext>
10002386:	2000      	movs	r0, #0
10002388:	f001 fa0e 	bl	100037a8 <tud_cdc_n_available>
1000238c:	4604      	mov	r4, r0
1000238e:	4818      	ldr	r0, [pc, #96]	@ (100023f0 <low_priority_worker_irq+0xc0>)
10002390:	f002 fb0e 	bl	100049b0 <__mutex_exit_veneer>
10002394:	2c00      	cmp	r4, #0
10002396:	d0ef      	beq.n	10002378 <low_priority_worker_irq+0x48>
10002398:	4b18      	ldr	r3, [pc, #96]	@ (100023fc <low_priority_worker_irq+0xcc>)
1000239a:	681b      	ldr	r3, [r3, #0]
1000239c:	2b00      	cmp	r3, #0
1000239e:	d0eb      	beq.n	10002378 <low_priority_worker_irq+0x48>
100023a0:	4a17      	ldr	r2, [pc, #92]	@ (10002400 <low_priority_worker_irq+0xd0>)
100023a2:	6810      	ldr	r0, [r2, #0]
100023a4:	b005      	add	sp, #20
100023a6:	e8bd 4030 	ldmia.w	sp!, {r4, r5, lr}
100023aa:	4718      	bx	r3
100023ac:	f7fe ffa0 	bl	100012f0 <alarm_pool_get_default>
100023b0:	4604      	mov	r4, r0
100023b2:	f7ff fa0b 	bl	100017cc <time_us_64>
100023b6:	f04f 3cff 	mov.w	ip, #4294967295	@ 0xffffffff
100023ba:	f06f 4500 	mvn.w	r5, #2147483648	@ 0x80000000
100023be:	f510 727a 	adds.w	r2, r0, #1000	@ 0x3e8
100023c2:	f141 0300 	adc.w	r3, r1, #0
100023c6:	4594      	cmp	ip, r2
100023c8:	eb75 0103 	sbcs.w	r1, r5, r3
100023cc:	bf38      	it	cc
100023ce:	462b      	movcc	r3, r5
100023d0:	f04f 0100 	mov.w	r1, #0
100023d4:	f04f 0501 	mov.w	r5, #1
100023d8:	4620      	mov	r0, r4
100023da:	4c0a      	ldr	r4, [pc, #40]	@ (10002404 <low_priority_worker_irq+0xd4>)
100023dc:	bf38      	it	cc
100023de:	4662      	movcc	r2, ip
100023e0:	e9cd 1501 	strd	r1, r5, [sp, #4]
100023e4:	9400      	str	r4, [sp, #0]
100023e6:	f7fe ff87 	bl	100012f8 <alarm_pool_add_alarm_at>
100023ea:	b005      	add	sp, #20
100023ec:	bd30      	pop	{r4, r5, pc}
100023ee:	bf00      	nop
100023f0:	20001c54 	.word	0x20001c54
100023f4:	20001c18 	.word	0x20001c18
100023f8:	20001c75 	.word	0x20001c75
100023fc:	200017a0 	.word	0x200017a0
10002400:	200017a4 	.word	0x200017a4
10002404:	100020e5 	.word	0x100020e5

10002408 <stdio_usb_init>:
10002408:	f04f 4350 	mov.w	r3, #3489660928	@ 0xd0000000
1000240c:	b530      	push	{r4, r5, lr}
1000240e:	b085      	sub	sp, #20
10002410:	681c      	ldr	r4, [r3, #0]
10002412:	f7fe ff6d 	bl	100012f0 <alarm_pool_get_default>
10002416:	f7ff f881 	bl	1000151c <alarm_pool_core_num>
1000241a:	42a0      	cmp	r0, r4
1000241c:	d002      	beq.n	10002424 <stdio_usb_init+0x1c>
1000241e:	2000      	movs	r0, #0
10002420:	b005      	add	sp, #20
10002422:	bd30      	pop	{r4, r5, pc}
10002424:	2100      	movs	r1, #0
10002426:	4b2a      	ldr	r3, [pc, #168]	@ (100024d0 <stdio_usb_init+0xc8>)
10002428:	4608      	mov	r0, r1
1000242a:	781b      	ldrb	r3, [r3, #0]
1000242c:	f001 fd46 	bl	10003ebc <tusb_rhport_init>
10002430:	4828      	ldr	r0, [pc, #160]	@ (100024d4 <stdio_usb_init+0xcc>)
10002432:	6803      	ldr	r3, [r0, #0]
10002434:	2b00      	cmp	r3, #0
10002436:	d047      	beq.n	100024c8 <stdio_usb_init+0xc0>
10002438:	2001      	movs	r0, #1
1000243a:	f7fe fcdd 	bl	10000df8 <user_irq_claim_unused>
1000243e:	4603      	mov	r3, r0
10002440:	4c25      	ldr	r4, [pc, #148]	@ (100024d8 <stdio_usb_init+0xd0>)
10002442:	4926      	ldr	r1, [pc, #152]	@ (100024dc <stdio_usb_init+0xd4>)
10002444:	b2c0      	uxtb	r0, r0
10002446:	7023      	strb	r3, [r4, #0]
10002448:	f7fe fa56 	bl	100008f8 <irq_set_exclusive_handler>
1000244c:	7820      	ldrb	r0, [r4, #0]
1000244e:	2101      	movs	r1, #1
10002450:	f7fe fa10 	bl	10000874 <irq_set_enabled>
10002454:	200e      	movs	r0, #14
10002456:	f7fe fa3f 	bl	100008d8 <irq_has_shared_handler>
1000245a:	bb40      	cbnz	r0, 100024ae <stdio_usb_init+0xa6>
1000245c:	4b20      	ldr	r3, [pc, #128]	@ (100024e0 <stdio_usb_init+0xd8>)
1000245e:	2501      	movs	r5, #1
10002460:	e9c3 0000 	strd	r0, r0, [r3]
10002464:	f7fe ff44 	bl	100012f0 <alarm_pool_get_default>
10002468:	4604      	mov	r4, r0
1000246a:	f7ff f9af 	bl	100017cc <time_us_64>
1000246e:	f04f 3eff 	mov.w	lr, #4294967295	@ 0xffffffff
10002472:	f06f 4c00 	mvn.w	ip, #2147483648	@ 0x80000000
10002476:	f510 727a 	adds.w	r2, r0, #1000	@ 0x3e8
1000247a:	f141 0300 	adc.w	r3, r1, #0
1000247e:	4596      	cmp	lr, r2
10002480:	eb7c 0103 	sbcs.w	r1, ip, r3
10002484:	f04f 0100 	mov.w	r1, #0
10002488:	4620      	mov	r0, r4
1000248a:	4c16      	ldr	r4, [pc, #88]	@ (100024e4 <stdio_usb_init+0xdc>)
1000248c:	bf3c      	itt	cc
1000248e:	4672      	movcc	r2, lr
10002490:	4663      	movcc	r3, ip
10002492:	e9cd 1501 	strd	r1, r5, [sp, #4]
10002496:	9400      	str	r4, [sp, #0]
10002498:	f7fe ff2e 	bl	100012f8 <alarm_pool_add_alarm_at>
1000249c:	2800      	cmp	r0, #0
1000249e:	dbbe      	blt.n	1000241e <stdio_usb_init+0x16>
100024a0:	2101      	movs	r1, #1
100024a2:	4811      	ldr	r0, [pc, #68]	@ (100024e8 <stdio_usb_init+0xe0>)
100024a4:	f7ff fd28 	bl	10001ef8 <stdio_set_driver_enabled>
100024a8:	2001      	movs	r0, #1
100024aa:	b005      	add	sp, #20
100024ac:	bd30      	pop	{r4, r5, pc}
100024ae:	2001      	movs	r0, #1
100024b0:	f7fe f99c 	bl	100007ec <spin_lock_claim_unused>
100024b4:	4601      	mov	r1, r0
100024b6:	480a      	ldr	r0, [pc, #40]	@ (100024e0 <stdio_usb_init+0xd8>)
100024b8:	f7fe fcfa 	bl	10000eb0 <critical_section_init_with_lock_num>
100024bc:	2200      	movs	r2, #0
100024be:	200e      	movs	r0, #14
100024c0:	490a      	ldr	r1, [pc, #40]	@ (100024ec <stdio_usb_init+0xe4>)
100024c2:	f7fe fa49 	bl	10000958 <irq_add_shared_handler>
100024c6:	e7eb      	b.n	100024a0 <stdio_usb_init+0x98>
100024c8:	f7fe fcd6 	bl	10000e78 <mutex_init>
100024cc:	e7b4      	b.n	10002438 <stdio_usb_init+0x30>
100024ce:	bf00      	nop
100024d0:	10004db8 	.word	0x10004db8
100024d4:	20001c54 	.word	0x20001c54
100024d8:	20001c74 	.word	0x20001c74
100024dc:	10002331 	.word	0x10002331
100024e0:	20001c18 	.word	0x20001c18
100024e4:	100020e5 	.word	0x100020e5
100024e8:	20000e64 	.word	0x20000e64
100024ec:	10002155 	.word	0x10002155

100024f0 <tud_descriptor_device_cb>:
100024f0:	4800      	ldr	r0, [pc, #0]	@ (100024f4 <tud_descriptor_device_cb+0x4>)
100024f2:	4770      	bx	lr
100024f4:	10004d40 	.word	0x10004d40

100024f8 <tud_descriptor_configuration_cb>:
100024f8:	4800      	ldr	r0, [pc, #0]	@ (100024fc <tud_descriptor_configuration_cb+0x4>)
100024fa:	4770      	bx	lr
100024fc:	10004cec 	.word	0x10004cec

10002500 <tud_descriptor_string_cb>:
10002500:	b538      	push	{r3, r4, r5, lr}
10002502:	4b18      	ldr	r3, [pc, #96]	@ (10002564 <tud_descriptor_string_cb+0x64>)
10002504:	4604      	mov	r4, r0
10002506:	781a      	ldrb	r2, [r3, #0]
10002508:	b30a      	cbz	r2, 1000254e <tud_descriptor_string_cb+0x4e>
1000250a:	b944      	cbnz	r4, 1000251e <tud_descriptor_string_cb+0x1e>
1000250c:	f240 4209 	movw	r2, #1033	@ 0x409
10002510:	f44f 7341 	mov.w	r3, #772	@ 0x304
10002514:	4d14      	ldr	r5, [pc, #80]	@ (10002568 <tud_descriptor_string_cb+0x68>)
10002516:	806a      	strh	r2, [r5, #2]
10002518:	4813      	ldr	r0, [pc, #76]	@ (10002568 <tud_descriptor_string_cb+0x68>)
1000251a:	802b      	strh	r3, [r5, #0]
1000251c:	bd38      	pop	{r3, r4, r5, pc}
1000251e:	2c05      	cmp	r4, #5
10002520:	d81a      	bhi.n	10002558 <tud_descriptor_string_cb+0x58>
10002522:	4b12      	ldr	r3, [pc, #72]	@ (1000256c <tud_descriptor_string_cb+0x6c>)
10002524:	4d10      	ldr	r5, [pc, #64]	@ (10002568 <tud_descriptor_string_cb+0x68>)
10002526:	f853 1024 	ldr.w	r1, [r3, r4, lsl #2]
1000252a:	4628      	mov	r0, r5
1000252c:	2300      	movs	r3, #0
1000252e:	3901      	subs	r1, #1
10002530:	e003      	b.n	1000253a <tud_descriptor_string_cb+0x3a>
10002532:	2b13      	cmp	r3, #19
10002534:	f820 2f02 	strh.w	r2, [r0, #2]!
10002538:	d010      	beq.n	1000255c <tud_descriptor_string_cb+0x5c>
1000253a:	f811 2f01 	ldrb.w	r2, [r1, #1]!
1000253e:	3301      	adds	r3, #1
10002540:	b2db      	uxtb	r3, r3
10002542:	2a00      	cmp	r2, #0
10002544:	d1f5      	bne.n	10002532 <tud_descriptor_string_cb+0x32>
10002546:	005b      	lsls	r3, r3, #1
10002548:	f443 7340 	orr.w	r3, r3, #768	@ 0x300
1000254c:	e7e4      	b.n	10002518 <tud_descriptor_string_cb+0x18>
1000254e:	2111      	movs	r1, #17
10002550:	4618      	mov	r0, r3
10002552:	f000 f825 	bl	100025a0 <pico_get_unique_board_id_string>
10002556:	e7d8      	b.n	1000250a <tud_descriptor_string_cb+0xa>
10002558:	2000      	movs	r0, #0
1000255a:	bd38      	pop	{r3, r4, r5, pc}
1000255c:	f44f 734a 	mov.w	r3, #808	@ 0x328
10002560:	e7da      	b.n	10002518 <tud_descriptor_string_cb+0x18>
10002562:	bf00      	nop
10002564:	20001c5c 	.word	0x20001c5c
10002568:	200017d8 	.word	0x200017d8
1000256c:	10004cd4 	.word	0x10004cd4

10002570 <_retrieve_unique_id_on_boot>:
10002570:	b500      	push	{lr}
10002572:	f245 3047 	movw	r0, #21319	@ 0x5347
10002576:	b08b      	sub	sp, #44	@ 0x2c
10002578:	f7ff fa58 	bl	10001a2c <rom_func_lookup>
1000257c:	2201      	movs	r2, #1
1000257e:	4603      	mov	r3, r0
10002580:	2109      	movs	r1, #9
10002582:	a801      	add	r0, sp, #4
10002584:	4798      	blx	r3
10002586:	e9dd 3203 	ldrd	r3, r2, [sp, #12]
1000258a:	4904      	ldr	r1, [pc, #16]	@ (1000259c <_retrieve_unique_id_on_boot+0x2c>)
1000258c:	ba12      	rev	r2, r2
1000258e:	ba1b      	rev	r3, r3
10002590:	e9c1 2300 	strd	r2, r3, [r1]
10002594:	b00b      	add	sp, #44	@ 0x2c
10002596:	f85d fb04 	ldr.w	pc, [sp], #4
1000259a:	bf00      	nop
1000259c:	20001c48 	.word	0x20001c48

100025a0 <pico_get_unique_board_id_string>:
100025a0:	2901      	cmp	r1, #1
100025a2:	f101 33ff 	add.w	r3, r1, #4294967295	@ 0xffffffff
100025a6:	f000 80b3 	beq.w	10002710 <pico_get_unique_board_id_string+0x170>
100025aa:	495d      	ldr	r1, [pc, #372]	@ (10002720 <pico_get_unique_board_id_string+0x180>)
100025ac:	780a      	ldrb	r2, [r1, #0]
100025ae:	ea4f 1c12 	mov.w	ip, r2, lsr #4
100025b2:	2a9f      	cmp	r2, #159	@ 0x9f
100025b4:	bf8c      	ite	hi
100025b6:	f10c 0c37 	addhi.w	ip, ip, #55	@ 0x37
100025ba:	f10c 0c30 	addls.w	ip, ip, #48	@ 0x30
100025be:	2b01      	cmp	r3, #1
100025c0:	f880 c000 	strb.w	ip, [r0]
100025c4:	f000 80a7 	beq.w	10002716 <pico_get_unique_board_id_string+0x176>
100025c8:	f002 020f 	and.w	r2, r2, #15
100025cc:	2a09      	cmp	r2, #9
100025ce:	bf8c      	ite	hi
100025d0:	3237      	addhi	r2, #55	@ 0x37
100025d2:	3230      	addls	r2, #48	@ 0x30
100025d4:	2b02      	cmp	r3, #2
100025d6:	7042      	strb	r2, [r0, #1]
100025d8:	f000 809d 	beq.w	10002716 <pico_get_unique_board_id_string+0x176>
100025dc:	784a      	ldrb	r2, [r1, #1]
100025de:	ea4f 1c12 	mov.w	ip, r2, lsr #4
100025e2:	2a9f      	cmp	r2, #159	@ 0x9f
100025e4:	bf8c      	ite	hi
100025e6:	f10c 0c37 	addhi.w	ip, ip, #55	@ 0x37
100025ea:	f10c 0c30 	addls.w	ip, ip, #48	@ 0x30
100025ee:	2b03      	cmp	r3, #3
100025f0:	f880 c002 	strb.w	ip, [r0, #2]
100025f4:	f000 808f 	beq.w	10002716 <pico_get_unique_board_id_string+0x176>
100025f8:	f002 020f 	and.w	r2, r2, #15
100025fc:	2a09      	cmp	r2, #9
100025fe:	bf8c      	ite	hi
10002600:	3237      	addhi	r2, #55	@ 0x37
10002602:	3230      	addls	r2, #48	@ 0x30
10002604:	2b04      	cmp	r3, #4
10002606:	70c2      	strb	r2, [r0, #3]
10002608:	f000 8085 	beq.w	10002716 <pico_get_unique_board_id_string+0x176>
1000260c:	788a      	ldrb	r2, [r1, #2]
1000260e:	ea4f 1c12 	mov.w	ip, r2, lsr #4
10002612:	2a9f      	cmp	r2, #159	@ 0x9f
10002614:	bf8c      	ite	hi
10002616:	f10c 0c37 	addhi.w	ip, ip, #55	@ 0x37
1000261a:	f10c 0c30 	addls.w	ip, ip, #48	@ 0x30
1000261e:	2b05      	cmp	r3, #5
10002620:	f880 c004 	strb.w	ip, [r0, #4]
10002624:	d077      	beq.n	10002716 <pico_get_unique_board_id_string+0x176>
10002626:	f002 020f 	and.w	r2, r2, #15
1000262a:	2a09      	cmp	r2, #9
1000262c:	bf8c      	ite	hi
1000262e:	3237      	addhi	r2, #55	@ 0x37
10002630:	3230      	addls	r2, #48	@ 0x30
10002632:	2b06      	cmp	r3, #6
10002634:	7142      	strb	r2, [r0, #5]
10002636:	d06e      	beq.n	10002716 <pico_get_unique_board_id_string+0x176>
10002638:	78ca      	ldrb	r2, [r1, #3]
1000263a:	ea4f 1c12 	mov.w	ip, r2, lsr #4
1000263e:	2a9f      	cmp	r2, #159	@ 0x9f
10002640:	bf8c      	ite	hi
10002642:	f10c 0c37 	addhi.w	ip, ip, #55	@ 0x37
10002646:	f10c 0c30 	addls.w	ip, ip, #48	@ 0x30
1000264a:	2b07      	cmp	r3, #7
1000264c:	f880 c006 	strb.w	ip, [r0, #6]
10002650:	d061      	beq.n	10002716 <pico_get_unique_board_id_string+0x176>
10002652:	f002 020f 	and.w	r2, r2, #15
10002656:	2a09      	cmp	r2, #9
10002658:	bf8c      	ite	hi
1000265a:	3237      	addhi	r2, #55	@ 0x37
1000265c:	3230      	addls	r2, #48	@ 0x30
1000265e:	2b08      	cmp	r3, #8
10002660:	71c2      	strb	r2, [r0, #7]
10002662:	d058      	beq.n	10002716 <pico_get_unique_board_id_string+0x176>
10002664:	790a      	ldrb	r2, [r1, #4]
10002666:	ea4f 1c12 	mov.w	ip, r2, lsr #4
1000266a:	2a9f      	cmp	r2, #159	@ 0x9f
1000266c:	bf8c      	ite	hi
1000266e:	f10c 0c37 	addhi.w	ip, ip, #55	@ 0x37
10002672:	f10c 0c30 	addls.w	ip, ip, #48	@ 0x30
10002676:	2b09      	cmp	r3, #9
10002678:	f880 c008 	strb.w	ip, [r0, #8]
1000267c:	d04b      	beq.n	10002716 <pico_get_unique_board_id_string+0x176>
1000267e:	f002 020f 	and.w	r2, r2, #15
10002682:	2a09      	cmp	r2, #9
10002684:	bf8c      	ite	hi
10002686:	3237      	addhi	r2, #55	@ 0x37
10002688:	3230      	addls	r2, #48	@ 0x30
1000268a:	2b0a      	cmp	r3, #10
1000268c:	7242      	strb	r2, [r0, #9]
1000268e:	d042      	beq.n	10002716 <pico_get_unique_board_id_string+0x176>
10002690:	794a      	ldrb	r2, [r1, #5]
10002692:	ea4f 1c12 	mov.w	ip, r2, lsr #4
10002696:	2a9f      	cmp	r2, #159	@ 0x9f
10002698:	bf8c      	ite	hi
1000269a:	f10c 0c37 	addhi.w	ip, ip, #55	@ 0x37
1000269e:	f10c 0c30 	addls.w	ip, ip, #48	@ 0x30
100026a2:	2b0b      	cmp	r3, #11
100026a4:	f880 c00a 	strb.w	ip, [r0, #10]
100026a8:	d035      	beq.n	10002716 <pico_get_unique_board_id_string+0x176>
100026aa:	f002 020f 	and.w	r2, r2, #15
100026ae:	2a09      	cmp	r2, #9
100026b0:	bf8c      	ite	hi
100026b2:	3237      	addhi	r2, #55	@ 0x37
100026b4:	3230      	addls	r2, #48	@ 0x30
100026b6:	2b0c      	cmp	r3, #12
100026b8:	72c2      	strb	r2, [r0, #11]
100026ba:	d02c      	beq.n	10002716 <pico_get_unique_board_id_string+0x176>
100026bc:	798a      	ldrb	r2, [r1, #6]
100026be:	ea4f 1c12 	mov.w	ip, r2, lsr #4
100026c2:	2a9f      	cmp	r2, #159	@ 0x9f
100026c4:	bf8c      	ite	hi
100026c6:	f10c 0c37 	addhi.w	ip, ip, #55	@ 0x37
100026ca:	f10c 0c30 	addls.w	ip, ip, #48	@ 0x30
100026ce:	2b0d      	cmp	r3, #13
100026d0:	f880 c00c 	strb.w	ip, [r0, #12]
100026d4:	d01f      	beq.n	10002716 <pico_get_unique_board_id_string+0x176>
100026d6:	f002 020f 	and.w	r2, r2, #15
100026da:	2a09      	cmp	r2, #9
100026dc:	bf8c      	ite	hi
100026de:	3237      	addhi	r2, #55	@ 0x37
100026e0:	3230      	addls	r2, #48	@ 0x30
100026e2:	2b0e      	cmp	r3, #14
100026e4:	7342      	strb	r2, [r0, #13]
100026e6:	d016      	beq.n	10002716 <pico_get_unique_board_id_string+0x176>
100026e8:	79ca      	ldrb	r2, [r1, #7]
100026ea:	0911      	lsrs	r1, r2, #4
100026ec:	2a9f      	cmp	r2, #159	@ 0x9f
100026ee:	bf8c      	ite	hi
100026f0:	3137      	addhi	r1, #55	@ 0x37
100026f2:	3130      	addls	r1, #48	@ 0x30
100026f4:	2b0f      	cmp	r3, #15
100026f6:	7381      	strb	r1, [r0, #14]
100026f8:	d00d      	beq.n	10002716 <pico_get_unique_board_id_string+0x176>
100026fa:	f002 020f 	and.w	r2, r2, #15
100026fe:	2a09      	cmp	r2, #9
10002700:	bf94      	ite	ls
10002702:	3230      	addls	r2, #48	@ 0x30
10002704:	3237      	addhi	r2, #55	@ 0x37
10002706:	2b10      	cmp	r3, #16
10002708:	73c2      	strb	r2, [r0, #15]
1000270a:	bf18      	it	ne
1000270c:	3010      	addne	r0, #16
1000270e:	d002      	beq.n	10002716 <pico_get_unique_board_id_string+0x176>
10002710:	2300      	movs	r3, #0
10002712:	7003      	strb	r3, [r0, #0]
10002714:	4770      	bx	lr
10002716:	4418      	add	r0, r3
10002718:	2300      	movs	r3, #0
1000271a:	7003      	strb	r3, [r0, #0]
1000271c:	4770      	bx	lr
1000271e:	bf00      	nop
10002720:	20001c48 	.word	0x20001c48

10002724 <dcd_init>:
10002724:	b570      	push	{r4, r5, r6, lr}
10002726:	f000 f933 	bl	10002990 <rp2040_usb_init>
1000272a:	230c      	movs	r3, #12
1000272c:	2640      	movs	r6, #64	@ 0x40
1000272e:	4c1b      	ldr	r4, [pc, #108]	@ (1000279c <dcd_init+0x78>)
10002730:	22ff      	movs	r2, #255	@ 0xff
10002732:	67a3      	str	r3, [r4, #120]	@ 0x78
10002734:	200e      	movs	r0, #14
10002736:	491a      	ldr	r1, [pc, #104]	@ (100027a0 <dcd_init+0x7c>)
10002738:	f7fe f90e 	bl	10000958 <irq_add_shared_handler>
1000273c:	4b19      	ldr	r3, [pc, #100]	@ (100027a4 <dcd_init+0x80>)
1000273e:	4632      	mov	r2, r6
10002740:	2100      	movs	r1, #0
10002742:	4618      	mov	r0, r3
10002744:	f001 ffd8 	bl	100046f8 <memset>
10002748:	4603      	mov	r3, r0
1000274a:	2100      	movs	r1, #0
1000274c:	2501      	movs	r5, #1
1000274e:	2080      	movs	r0, #128	@ 0x80
10002750:	4a15      	ldr	r2, [pc, #84]	@ (100027a8 <dcd_init+0x84>)
10002752:	8458      	strh	r0, [r3, #34]	@ 0x22
10002754:	609a      	str	r2, [r3, #8]
10002756:	3a84      	subs	r2, #132	@ 0x84
10002758:	705d      	strb	r5, [r3, #1]
1000275a:	831e      	strh	r6, [r3, #24]
1000275c:	871e      	strh	r6, [r3, #56]	@ 0x38
1000275e:	6059      	str	r1, [r3, #4]
10002760:	f8c2 1084 	str.w	r1, [r2, #132]	@ 0x84
10002764:	f8c2 1080 	str.w	r1, [r2, #128]	@ 0x80
10002768:	f502 7280 	add.w	r2, r2, #256	@ 0x100
1000276c:	60da      	str	r2, [r3, #12]
1000276e:	62da      	str	r2, [r3, #44]	@ 0x2c
10002770:	3a80      	subs	r2, #128	@ 0x80
10002772:	f883 1021 	strb.w	r1, [r3, #33]	@ 0x21
10002776:	f883 103b 	strb.w	r1, [r3, #59]	@ 0x3b
1000277a:	6259      	str	r1, [r3, #36]	@ 0x24
1000277c:	629a      	str	r2, [r3, #40]	@ 0x28
1000277e:	f04f 5600 	mov.w	r6, #536870912	@ 0x20000000
10002782:	f002 f911 	bl	100049a8 <__reset_non_control_endpoints_veneer>
10002786:	f44f 3280 	mov.w	r2, #65536	@ 0x10000
1000278a:	4908      	ldr	r1, [pc, #32]	@ (100027ac <dcd_init+0x88>)
1000278c:	4b08      	ldr	r3, [pc, #32]	@ (100027b0 <dcd_init+0x8c>)
1000278e:	6425      	str	r5, [r4, #64]	@ 0x40
10002790:	4628      	mov	r0, r5
10002792:	64e6      	str	r6, [r4, #76]	@ 0x4c
10002794:	f8c4 1090 	str.w	r1, [r4, #144]	@ 0x90
10002798:	64da      	str	r2, [r3, #76]	@ 0x4c
1000279a:	bd70      	pop	{r4, r5, r6, pc}
1000279c:	50110000 	.word	0x50110000
100027a0:	200003a9 	.word	0x200003a9
100027a4:	2000180c 	.word	0x2000180c
100027a8:	50100084 	.word	0x50100084
100027ac:	0001d010 	.word	0x0001d010
100027b0:	50112000 	.word	0x50112000

100027b4 <dcd_int_enable>:
100027b4:	2101      	movs	r1, #1
100027b6:	200e      	movs	r0, #14
100027b8:	f7fe b85c 	b.w	10000874 <irq_set_enabled>

100027bc <dcd_set_address>:
100027bc:	2200      	movs	r2, #0
100027be:	4802      	ldr	r0, [pc, #8]	@ (100027c8 <dcd_set_address+0xc>)
100027c0:	4611      	mov	r1, r2
100027c2:	f000 b905 	b.w	100029d0 <hw_endpoint_xfer_start>
100027c6:	bf00      	nop
100027c8:	2000182c 	.word	0x2000182c

100027cc <dcd_sof_enable>:
100027cc:	4b04      	ldr	r3, [pc, #16]	@ (100027e0 <dcd_sof_enable+0x14>)
100027ce:	7019      	strb	r1, [r3, #0]
100027d0:	b121      	cbz	r1, 100027dc <dcd_sof_enable+0x10>
100027d2:	f44f 3200 	mov.w	r2, #131072	@ 0x20000
100027d6:	4b03      	ldr	r3, [pc, #12]	@ (100027e4 <dcd_sof_enable+0x18>)
100027d8:	f8c3 2090 	str.w	r2, [r3, #144]	@ 0x90
100027dc:	4770      	bx	lr
100027de:	bf00      	nop
100027e0:	20001c6e 	.word	0x20001c6e
100027e4:	50112000 	.word	0x50112000

100027e8 <dcd_edpt0_status_complete>:
100027e8:	780b      	ldrb	r3, [r1, #0]
100027ea:	065b      	lsls	r3, r3, #25
100027ec:	d102      	bne.n	100027f4 <dcd_edpt0_status_complete+0xc>
100027ee:	784b      	ldrb	r3, [r1, #1]
100027f0:	2b05      	cmp	r3, #5
100027f2:	d000      	beq.n	100027f6 <dcd_edpt0_status_complete+0xe>
100027f4:	4770      	bx	lr
100027f6:	884b      	ldrh	r3, [r1, #2]
100027f8:	4a01      	ldr	r2, [pc, #4]	@ (10002800 <dcd_edpt0_status_complete+0x18>)
100027fa:	b2db      	uxtb	r3, r3
100027fc:	6013      	str	r3, [r2, #0]
100027fe:	4770      	bx	lr
10002800:	50110000 	.word	0x50110000

10002804 <dcd_edpt_open>:
10002804:	78cb      	ldrb	r3, [r1, #3]
10002806:	e92d 41f0 	stmdb	sp!, {r4, r5, r6, r7, r8, lr}
1000280a:	f003 0e03 	and.w	lr, r3, #3
1000280e:	f1be 0f01 	cmp.w	lr, #1
10002812:	f3c3 0001 	ubfx	r0, r3, #0, #2
10002816:	d05d      	beq.n	100028d4 <dcd_edpt_open+0xd0>
10002818:	2700      	movs	r7, #0
1000281a:	f891 c002 	ldrb.w	ip, [r1, #2]
1000281e:	4c35      	ldr	r4, [pc, #212]	@ (100028f4 <dcd_edpt_open+0xf0>)
10002820:	f00c 037f 	and.w	r3, ip, #127	@ 0x7f
10002824:	005e      	lsls	r6, r3, #1
10002826:	8889      	ldrh	r1, [r1, #4]
10002828:	eb06 12dc 	add.w	r2, r6, ip, lsr #7
1000282c:	eb04 1242 	add.w	r2, r4, r2, lsl #5
10002830:	ea4f 15dc 	mov.w	r5, ip, lsr #7
10002834:	76d0      	strb	r0, [r2, #27]
10002836:	f3c1 010a 	ubfx	r1, r1, #0, #11
1000283a:	f085 0001 	eor.w	r0, r5, #1
1000283e:	7050      	strb	r0, [r2, #1]
10002840:	f882 c002 	strb.w	ip, [r2, #2]
10002844:	8311      	strh	r1, [r2, #24]
10002846:	70d7      	strb	r7, [r2, #3]
10002848:	b218      	sxth	r0, r3
1000284a:	00da      	lsls	r2, r3, #3
1000284c:	bb8d      	cbnz	r5, 100028b2 <dcd_edpt_open+0xae>
1000284e:	482a      	ldr	r0, [pc, #168]	@ (100028f8 <dcd_edpt_open+0xf4>)
10002850:	3204      	adds	r2, #4
10002852:	eb04 1c83 	add.w	ip, r4, r3, lsl #6
10002856:	eb02 0800 	add.w	r8, r2, r0
1000285a:	f8cc 8008 	str.w	r8, [ip, #8]
1000285e:	5017      	str	r7, [r2, r0]
10002860:	b38b      	cbz	r3, 100028c6 <dcd_edpt_open+0xc2>
10002862:	4a26      	ldr	r2, [pc, #152]	@ (100028fc <dcd_edpt_open+0xf8>)
10002864:	00db      	lsls	r3, r3, #3
10002866:	441a      	add	r2, r3
10002868:	f8cc 2004 	str.w	r2, [ip, #4]
1000286c:	4b24      	ldr	r3, [pc, #144]	@ (10002900 <dcd_edpt_open+0xfc>)
1000286e:	313f      	adds	r1, #63	@ 0x3f
10002870:	681a      	ldr	r2, [r3, #0]
10002872:	f021 013f 	bic.w	r1, r1, #63	@ 0x3f
10002876:	f1be 0f02 	cmp.w	lr, #2
1000287a:	bf08      	it	eq
1000287c:	0049      	lsleq	r1, r1, #1
1000287e:	4411      	add	r1, r2
10002880:	6019      	str	r1, [r3, #0]
10002882:	4b20      	ldr	r3, [pc, #128]	@ (10002904 <dcd_edpt_open+0x100>)
10002884:	1977      	adds	r7, r6, r5
10002886:	eb04 1747 	add.w	r7, r4, r7, lsl #5
1000288a:	4299      	cmp	r1, r3
1000288c:	60fa      	str	r2, [r7, #12]
1000288e:	d82c      	bhi.n	100028ea <dcd_edpt_open+0xe6>
10002890:	442e      	add	r6, r5
10002892:	eb04 1346 	add.w	r3, r4, r6, lsl #5
10002896:	7ed9      	ldrb	r1, [r3, #27]
10002898:	f082 42a0 	eor.w	r2, r2, #1342177280	@ 0x50000000
1000289c:	f482 1280 	eor.w	r2, r2, #1048576	@ 0x100000
100028a0:	685b      	ldr	r3, [r3, #4]
100028a2:	ea42 6281 	orr.w	r2, r2, r1, lsl #26
100028a6:	f042 4200 	orr.w	r2, r2, #2147483648	@ 0x80000000
100028aa:	601a      	str	r2, [r3, #0]
100028ac:	2001      	movs	r0, #1
100028ae:	e8bd 81f0 	ldmia.w	sp!, {r4, r5, r6, r7, r8, pc}
100028b2:	f8df c044 	ldr.w	ip, [pc, #68]	@ 100028f8 <dcd_edpt_open+0xf4>
100028b6:	eb04 1883 	add.w	r8, r4, r3, lsl #6
100028ba:	4462      	add	r2, ip
100028bc:	f8c8 2028 	str.w	r2, [r8, #40]	@ 0x28
100028c0:	f84c 7030 	str.w	r7, [ip, r0, lsl #3]
100028c4:	b94b      	cbnz	r3, 100028da <dcd_edpt_open+0xd6>
100028c6:	2200      	movs	r2, #0
100028c8:	490f      	ldr	r1, [pc, #60]	@ (10002908 <dcd_edpt_open+0x104>)
100028ca:	eb04 1345 	add.w	r3, r4, r5, lsl #5
100028ce:	60d9      	str	r1, [r3, #12]
100028d0:	605a      	str	r2, [r3, #4]
100028d2:	e7eb      	b.n	100028ac <dcd_edpt_open+0xa8>
100028d4:	2000      	movs	r0, #0
100028d6:	e8bd 81f0 	ldmia.w	sp!, {r4, r5, r6, r7, r8, pc}
100028da:	00db      	lsls	r3, r3, #3
100028dc:	f103 43a0 	add.w	r3, r3, #1342177280	@ 0x50000000
100028e0:	f503 1380 	add.w	r3, r3, #1048576	@ 0x100000
100028e4:	f8c8 3024 	str.w	r3, [r8, #36]	@ 0x24
100028e8:	e7c0      	b.n	1000286c <dcd_edpt_open+0x68>
100028ea:	f7ff f8eb 	bl	10001ac4 <hard_assertion_failure>
100028ee:	68fa      	ldr	r2, [r7, #12]
100028f0:	e7ce      	b.n	10002890 <dcd_edpt_open+0x8c>
100028f2:	bf00      	nop
100028f4:	2000180c 	.word	0x2000180c
100028f8:	50100080 	.word	0x50100080
100028fc:	50100004 	.word	0x50100004
10002900:	20001c14 	.word	0x20001c14
10002904:	50100fff 	.word	0x50100fff
10002908:	50100100 	.word	0x50100100

1000290c <dcd_edpt_close_all>:
1000290c:	f002 b84c 	b.w	100049a8 <__reset_non_control_endpoints_veneer>

10002910 <dcd_edpt_xfer>:
10002910:	468c      	mov	ip, r1
10002912:	b508      	push	{r3, lr}
10002914:	4611      	mov	r1, r2
10002916:	4807      	ldr	r0, [pc, #28]	@ (10002934 <dcd_edpt_xfer+0x24>)
10002918:	461a      	mov	r2, r3
1000291a:	f00c 037f 	and.w	r3, ip, #127	@ 0x7f
1000291e:	ea4f 1cdc 	mov.w	ip, ip, lsr #7
10002922:	eb0c 0c43 	add.w	ip, ip, r3, lsl #1
10002926:	eb00 104c 	add.w	r0, r0, ip, lsl #5
1000292a:	f000 f851 	bl	100029d0 <hw_endpoint_xfer_start>
1000292e:	2001      	movs	r0, #1
10002930:	bd08      	pop	{r3, pc}
10002932:	bf00      	nop
10002934:	2000180c 	.word	0x2000180c

10002938 <dcd_edpt_stall>:
10002938:	09cb      	lsrs	r3, r1, #7
1000293a:	f011 017f 	ands.w	r1, r1, #127	@ 0x7f
1000293e:	d103      	bne.n	10002948 <dcd_edpt_stall+0x10>
10002940:	4a06      	ldr	r2, [pc, #24]	@ (1000295c <dcd_edpt_stall+0x24>)
10002942:	f1c3 0002 	rsb	r0, r3, #2
10002946:	6690      	str	r0, [r2, #104]	@ 0x68
10002948:	4805      	ldr	r0, [pc, #20]	@ (10002960 <dcd_edpt_stall+0x28>)
1000294a:	eb03 0341 	add.w	r3, r3, r1, lsl #1
1000294e:	f44f 6200 	mov.w	r2, #2048	@ 0x800
10002952:	2100      	movs	r1, #0
10002954:	eb00 1043 	add.w	r0, r0, r3, lsl #5
10002958:	f002 b832 	b.w	100049c0 <___hw_endpoint_buffer_control_update32_veneer>
1000295c:	50112000 	.word	0x50112000
10002960:	2000180c 	.word	0x2000180c

10002964 <dcd_edpt_clear_stall>:
10002964:	f011 037f 	ands.w	r3, r1, #127	@ 0x7f
10002968:	d100      	bne.n	1000296c <dcd_edpt_clear_stall+0x8>
1000296a:	4770      	bx	lr
1000296c:	2200      	movs	r2, #0
1000296e:	b410      	push	{r4}
10002970:	09c8      	lsrs	r0, r1, #7
10002972:	4c06      	ldr	r4, [pc, #24]	@ (1000298c <dcd_edpt_clear_stall+0x28>)
10002974:	eb00 0043 	add.w	r0, r0, r3, lsl #1
10002978:	eb04 1340 	add.w	r3, r4, r0, lsl #5
1000297c:	f46f 6100 	mvn.w	r1, #2048	@ 0x800
10002980:	4618      	mov	r0, r3
10002982:	f85d 4b04 	ldr.w	r4, [sp], #4
10002986:	70da      	strb	r2, [r3, #3]
10002988:	f002 b81a 	b.w	100049c0 <___hw_endpoint_buffer_control_update32_veneer>
1000298c:	2000180c 	.word	0x2000180c

10002990 <rp2040_usb_init>:
10002990:	f04f 5280 	mov.w	r2, #268435456	@ 0x10000000
10002994:	4809      	ldr	r0, [pc, #36]	@ (100029bc <rp2040_usb_init+0x2c>)
10002996:	490a      	ldr	r1, [pc, #40]	@ (100029c0 <rp2040_usb_init+0x30>)
10002998:	b508      	push	{r3, lr}
1000299a:	4b0a      	ldr	r3, [pc, #40]	@ (100029c4 <rp2040_usb_init+0x34>)
1000299c:	6002      	str	r2, [r0, #0]
1000299e:	600a      	str	r2, [r1, #0]
100029a0:	6899      	ldr	r1, [r3, #8]
100029a2:	43c9      	mvns	r1, r1
100029a4:	f011 5180 	ands.w	r1, r1, #268435456	@ 0x10000000
100029a8:	d1fa      	bne.n	100029a0 <rp2040_usb_init+0x10>
100029aa:	f44f 5280 	mov.w	r2, #4096	@ 0x1000
100029ae:	4806      	ldr	r0, [pc, #24]	@ (100029c8 <rp2040_usb_init+0x38>)
100029b0:	f001 fea2 	bl	100046f8 <memset>
100029b4:	2209      	movs	r2, #9
100029b6:	4b05      	ldr	r3, [pc, #20]	@ (100029cc <rp2040_usb_init+0x3c>)
100029b8:	675a      	str	r2, [r3, #116]	@ 0x74
100029ba:	bd08      	pop	{r3, pc}
100029bc:	40022000 	.word	0x40022000
100029c0:	40023000 	.word	0x40023000
100029c4:	40020000 	.word	0x40020000
100029c8:	50100000 	.word	0x50100000
100029cc:	50110000 	.word	0x50110000

100029d0 <hw_endpoint_xfer_start>:
100029d0:	2300      	movs	r3, #0
100029d2:	f04f 0c01 	mov.w	ip, #1
100029d6:	b510      	push	{r4, lr}
100029d8:	f880 c01a 	strb.w	ip, [r0, #26]
100029dc:	8282      	strh	r2, [r0, #20]
100029de:	82c3      	strh	r3, [r0, #22]
100029e0:	6101      	str	r1, [r0, #16]
100029e2:	4604      	mov	r4, r0
100029e4:	f001 ffe8 	bl	100049b8 <__e15_is_bulkin_ep_veneer>
100029e8:	b120      	cbz	r0, 100029f4 <hw_endpoint_xfer_start+0x24>
100029ea:	f44f 3200 	mov.w	r2, #131072	@ 0x20000
100029ee:	4b07      	ldr	r3, [pc, #28]	@ (10002a0c <hw_endpoint_xfer_start+0x3c>)
100029f0:	f8c3 2090 	str.w	r2, [r3, #144]	@ 0x90
100029f4:	4620      	mov	r0, r4
100029f6:	f001 ffeb 	bl	100049d0 <__e15_is_critical_frame_period_veneer>
100029fa:	b110      	cbz	r0, 10002a02 <hw_endpoint_xfer_start+0x32>
100029fc:	2301      	movs	r3, #1
100029fe:	7723      	strb	r3, [r4, #28]
10002a00:	bd10      	pop	{r4, pc}
10002a02:	4620      	mov	r0, r4
10002a04:	e8bd 4010 	ldmia.w	sp!, {r4, lr}
10002a08:	f001 bfca 	b.w	100049a0 <__hw_endpoint_start_next_buffer_veneer>
10002a0c:	50112000 	.word	0x50112000

10002a10 <configuration_reset>:
10002a10:	e92d 41f0 	stmdb	sp!, {r4, r5, r6, r7, r8, lr}
10002a14:	2400      	movs	r4, #0
10002a16:	4e1d      	ldr	r6, [pc, #116]	@ (10002a8c <configuration_reset+0x7c>)
10002a18:	4605      	mov	r5, r0
10002a1a:	4623      	mov	r3, r4
10002a1c:	7832      	ldrb	r2, [r6, #0]
10002a1e:	f8df 8078 	ldr.w	r8, [pc, #120]	@ 10002a98 <configuration_reset+0x88>
10002a22:	4f1b      	ldr	r7, [pc, #108]	@ (10002a90 <configuration_reset+0x80>)
10002a24:	e00d      	b.n	10002a42 <configuration_reset+0x32>
10002a26:	683b      	ldr	r3, [r7, #0]
10002a28:	eb13 1344 	adds.w	r3, r3, r4, lsl #5
10002a2c:	d025      	beq.n	10002a7a <configuration_reset+0x6a>
10002a2e:	68db      	ldr	r3, [r3, #12]
10002a30:	4628      	mov	r0, r5
10002a32:	4798      	blx	r3
10002a34:	7832      	ldrb	r2, [r6, #0]
10002a36:	3401      	adds	r4, #1
10002a38:	b2e4      	uxtb	r4, r4
10002a3a:	1c51      	adds	r1, r2, #1
10002a3c:	42a1      	cmp	r1, r4
10002a3e:	4623      	mov	r3, r4
10002a40:	db06      	blt.n	10002a50 <configuration_reset+0x40>
10002a42:	42a2      	cmp	r2, r4
10002a44:	eba3 0302 	sub.w	r3, r3, r2
10002a48:	d8ed      	bhi.n	10002a26 <configuration_reset+0x16>
10002a4a:	eb08 1343 	add.w	r3, r8, r3, lsl #5
10002a4e:	e7ee      	b.n	10002a2e <configuration_reset+0x1e>
10002a50:	4c10      	ldr	r4, [pc, #64]	@ (10002a94 <configuration_reset+0x84>)
10002a52:	2254      	movs	r2, #84	@ 0x54
10002a54:	2100      	movs	r1, #0
10002a56:	4620      	mov	r0, r4
10002a58:	f001 fe4e 	bl	100046f8 <memset>
10002a5c:	f04f 33ff 	mov.w	r3, #4294967295	@ 0xffffffff
10002a60:	1d25      	adds	r5, r4, #4
10002a62:	6063      	str	r3, [r4, #4]
10002a64:	e9c5 3301 	strd	r3, r3, [r5, #4]
10002a68:	60eb      	str	r3, [r5, #12]
10002a6a:	f104 0014 	add.w	r0, r4, #20
10002a6e:	2220      	movs	r2, #32
10002a70:	e8bd 41f0 	ldmia.w	sp!, {r4, r5, r6, r7, r8, lr}
10002a74:	21ff      	movs	r1, #255	@ 0xff
10002a76:	f001 be3f 	b.w	100046f8 <memset>
10002a7a:	f04f 23e0 	mov.w	r3, #3758153728	@ 0xe000e000
10002a7e:	f8d3 3df0 	ldr.w	r3, [r3, #3568]	@ 0xdf0
10002a82:	07db      	lsls	r3, r3, #31
10002a84:	d500      	bpl.n	10002a88 <configuration_reset+0x78>
10002a86:	be00      	bkpt	0x0000
10002a88:	e8bd 81f0 	ldmia.w	sp!, {r4, r5, r6, r7, r8, pc}
10002a8c:	20001c6d 	.word	0x20001c6d
10002a90:	200012a8 	.word	0x200012a8
10002a94:	200013b0 	.word	0x200013b0
10002a98:	10004d54 	.word	0x10004d54

10002a9c <tud_event_hook_cb>:
10002a9c:	4770      	bx	lr
10002a9e:	bf00      	nop

10002aa0 <tud_sof_cb>:
10002aa0:	4770      	bx	lr
10002aa2:	bf00      	nop

10002aa4 <tud_descriptor_device_qualifier_cb>:
10002aa4:	2000      	movs	r0, #0
10002aa6:	4770      	bx	lr

10002aa8 <tud_descriptor_other_speed_configuration_cb>:
10002aa8:	2000      	movs	r0, #0
10002aaa:	4770      	bx	lr

10002aac <tud_mount_cb>:
10002aac:	4770      	bx	lr
10002aae:	bf00      	nop

10002ab0 <tud_umount_cb>:
10002ab0:	4770      	bx	lr
10002ab2:	bf00      	nop

10002ab4 <tud_suspend_cb>:
10002ab4:	4770      	bx	lr
10002ab6:	bf00      	nop

10002ab8 <tud_resume_cb>:
10002ab8:	4770      	bx	lr
10002aba:	bf00      	nop

10002abc <tud_mounted>:
10002abc:	4b02      	ldr	r3, [pc, #8]	@ (10002ac8 <tud_mounted+0xc>)
10002abe:	7858      	ldrb	r0, [r3, #1]
10002ac0:	3800      	subs	r0, #0
10002ac2:	bf18      	it	ne
10002ac4:	2001      	movne	r0, #1
10002ac6:	4770      	bx	lr
10002ac8:	200013b0 	.word	0x200013b0

10002acc <tud_suspended>:
10002acc:	4b02      	ldr	r3, [pc, #8]	@ (10002ad8 <tud_suspended+0xc>)
10002ace:	7818      	ldrb	r0, [r3, #0]
10002ad0:	f3c0 0080 	ubfx	r0, r0, #2, #1
10002ad4:	4770      	bx	lr
10002ad6:	bf00      	nop
10002ad8:	200013b0 	.word	0x200013b0

10002adc <tud_rhport_init>:
10002adc:	e92d 47f0 	stmdb	sp!, {r4, r5, r6, r7, r8, r9, sl, lr}
10002ae0:	f8df a0e8 	ldr.w	sl, [pc, #232]	@ 10002bcc <tud_rhport_init+0xf0>
10002ae4:	f89a 3000 	ldrb.w	r3, [sl]
10002ae8:	2bff      	cmp	r3, #255	@ 0xff
10002aea:	d002      	beq.n	10002af2 <tud_rhport_init+0x16>
10002aec:	2001      	movs	r0, #1
10002aee:	e8bd 87f0 	ldmia.w	sp!, {r4, r5, r6, r7, r8, r9, sl, pc}
10002af2:	460e      	mov	r6, r1
10002af4:	2900      	cmp	r1, #0
10002af6:	d03e      	beq.n	10002b76 <tud_rhport_init+0x9a>
10002af8:	2100      	movs	r1, #0
10002afa:	2254      	movs	r2, #84	@ 0x54
10002afc:	4607      	mov	r7, r0
10002afe:	4829      	ldr	r0, [pc, #164]	@ (10002ba4 <tud_rhport_init+0xc8>)
10002b00:	f001 fdfa 	bl	100046f8 <memset>
10002b04:	2200      	movs	r2, #0
10002b06:	4c28      	ldr	r4, [pc, #160]	@ (10002ba8 <tud_rhport_init+0xcc>)
10002b08:	4b28      	ldr	r3, [pc, #160]	@ (10002bac <tud_rhport_init+0xd0>)
10002b0a:	4620      	mov	r0, r4
10002b0c:	701a      	strb	r2, [r3, #0]
10002b0e:	f7fe f9b3 	bl	10000e78 <mutex_init>
10002b12:	4b27      	ldr	r3, [pc, #156]	@ (10002bb0 <tud_rhport_init+0xd4>)
10002b14:	4827      	ldr	r0, [pc, #156]	@ (10002bb4 <tud_rhport_init+0xd8>)
10002b16:	601c      	str	r4, [r3, #0]
10002b18:	4c27      	ldr	r4, [pc, #156]	@ (10002bb8 <tud_rhport_init+0xdc>)
10002b1a:	f7fe f9bb 	bl	10000e94 <critical_section_init>
10002b1e:	4620      	mov	r0, r4
10002b20:	f001 fdb0 	bl	10004684 <tu_fifo_clear>
10002b24:	4a25      	ldr	r2, [pc, #148]	@ (10002bbc <tud_rhport_init+0xe0>)
10002b26:	4b26      	ldr	r3, [pc, #152]	@ (10002bc0 <tud_rhport_init+0xe4>)
10002b28:	4d26      	ldr	r5, [pc, #152]	@ (10002bc4 <tud_rhport_init+0xe8>)
10002b2a:	6014      	str	r4, [r2, #0]
10002b2c:	b363      	cbz	r3, 10002b88 <tud_rhport_init+0xac>
10002b2e:	4628      	mov	r0, r5
10002b30:	f7ff faba 	bl	100020a8 <usbd_app_driver_get_cb>
10002b34:	4b24      	ldr	r3, [pc, #144]	@ (10002bc8 <tud_rhport_init+0xec>)
10002b36:	782a      	ldrb	r2, [r5, #0]
10002b38:	6018      	str	r0, [r3, #0]
10002b3a:	2400      	movs	r4, #0
10002b3c:	f8df 9090 	ldr.w	r9, [pc, #144]	@ 10002bd0 <tud_rhport_init+0xf4>
10002b40:	4623      	mov	r3, r4
10002b42:	f8df 8084 	ldr.w	r8, [pc, #132]	@ 10002bc8 <tud_rhport_init+0xec>
10002b46:	e00e      	b.n	10002b66 <tud_rhport_init+0x8a>
10002b48:	f8d8 3000 	ldr.w	r3, [r8]
10002b4c:	eb13 1344 	adds.w	r3, r3, r4, lsl #5
10002b50:	d011      	beq.n	10002b76 <tud_rhport_init+0x9a>
10002b52:	685b      	ldr	r3, [r3, #4]
10002b54:	b17b      	cbz	r3, 10002b76 <tud_rhport_init+0x9a>
10002b56:	4798      	blx	r3
10002b58:	782a      	ldrb	r2, [r5, #0]
10002b5a:	3401      	adds	r4, #1
10002b5c:	b2e4      	uxtb	r4, r4
10002b5e:	1c51      	adds	r1, r2, #1
10002b60:	42a1      	cmp	r1, r4
10002b62:	4623      	mov	r3, r4
10002b64:	db12      	blt.n	10002b8c <tud_rhport_init+0xb0>
10002b66:	42a2      	cmp	r2, r4
10002b68:	d8ee      	bhi.n	10002b48 <tud_rhport_init+0x6c>
10002b6a:	1a9b      	subs	r3, r3, r2
10002b6c:	eb09 1343 	add.w	r3, r9, r3, lsl #5
10002b70:	685b      	ldr	r3, [r3, #4]
10002b72:	2b00      	cmp	r3, #0
10002b74:	d1ef      	bne.n	10002b56 <tud_rhport_init+0x7a>
10002b76:	f04f 23e0 	mov.w	r3, #3758153728	@ 0xe000e000
10002b7a:	f8d3 3df0 	ldr.w	r3, [r3, #3568]	@ 0xdf0
10002b7e:	07db      	lsls	r3, r3, #31
10002b80:	d500      	bpl.n	10002b84 <tud_rhport_init+0xa8>
10002b82:	be00      	bkpt	0x0000
10002b84:	2000      	movs	r0, #0
10002b86:	e7b2      	b.n	10002aee <tud_rhport_init+0x12>
10002b88:	782a      	ldrb	r2, [r5, #0]
10002b8a:	e7d6      	b.n	10002b3a <tud_rhport_init+0x5e>
10002b8c:	4631      	mov	r1, r6
10002b8e:	4638      	mov	r0, r7
10002b90:	f88a 7000 	strb.w	r7, [sl]
10002b94:	f7ff fdc6 	bl	10002724 <dcd_init>
10002b98:	2800      	cmp	r0, #0
10002b9a:	d0ec      	beq.n	10002b76 <tud_rhport_init+0x9a>
10002b9c:	4638      	mov	r0, r7
10002b9e:	f7ff fe09 	bl	100027b4 <dcd_int_enable>
10002ba2:	e7a3      	b.n	10002aec <tud_rhport_init+0x10>
10002ba4:	200013b0 	.word	0x200013b0
10002ba8:	200013a8 	.word	0x200013a8
10002bac:	20001c6f 	.word	0x20001c6f
10002bb0:	20001404 	.word	0x20001404
10002bb4:	20000e90 	.word	0x20000e90
10002bb8:	20000e7c 	.word	0x20000e7c
10002bbc:	20001408 	.word	0x20001408
10002bc0:	100020a9 	.word	0x100020a9
10002bc4:	20001c6d 	.word	0x20001c6d
10002bc8:	200012a8 	.word	0x200012a8
10002bcc:	20000e98 	.word	0x20000e98
10002bd0:	10004d54 	.word	0x10004d54

10002bd4 <tud_task_ext>:
10002bd4:	e92d 4ff0 	stmdb	sp!, {r4, r5, r6, r7, r8, r9, sl, fp, lr}
10002bd8:	f8df 92c8 	ldr.w	r9, [pc, #712]	@ 10002ea4 <tud_task_ext+0x2d0>
10002bdc:	b08b      	sub	sp, #44	@ 0x2c
10002bde:	f899 3000 	ldrb.w	r3, [r9]
10002be2:	2bff      	cmp	r3, #255	@ 0xff
10002be4:	f000 80f1 	beq.w	10002dca <tud_task_ext+0x1f6>
10002be8:	4ca8      	ldr	r4, [pc, #672]	@ (10002e8c <tud_task_ext+0x2b8>)
10002bea:	4da9      	ldr	r5, [pc, #676]	@ (10002e90 <tud_task_ext+0x2bc>)
10002bec:	f8df a2b0 	ldr.w	sl, [pc, #688]	@ 10002ea0 <tud_task_ext+0x2cc>
10002bf0:	f8df b2b4 	ldr.w	fp, [pc, #692]	@ 10002ea8 <tud_task_ext+0x2d4>
10002bf4:	6826      	ldr	r6, [r4, #0]
10002bf6:	6973      	ldr	r3, [r6, #20]
10002bf8:	f3ef 8210 	mrs	r2, PRIMASK
10002bfc:	b672      	cpsid	i
10002bfe:	e8d3 0fcf 	ldaexb	r0, [r3]
10002c02:	2101      	movs	r1, #1
10002c04:	2800      	cmp	r0, #0
10002c06:	d1fa      	bne.n	10002bfe <tud_task_ext+0x2a>
10002c08:	e8c3 1f40 	strexb	r0, r1, [r3]
10002c0c:	2800      	cmp	r0, #0
10002c0e:	d1f6      	bne.n	10002bfe <tud_task_ext+0x2a>
10002c10:	f3bf 8f5f 	dmb	sy
10002c14:	61b2      	str	r2, [r6, #24]
10002c16:	4630      	mov	r0, r6
10002c18:	a907      	add	r1, sp, #28
10002c1a:	f001 fb81 	bl	10004320 <tu_fifo_read>
10002c1e:	2300      	movs	r3, #0
10002c20:	6972      	ldr	r2, [r6, #20]
10002c22:	e8c2 3f8f 	stlb	r3, [r2]
10002c26:	69b3      	ldr	r3, [r6, #24]
10002c28:	f383 8810 	msr	PRIMASK, r3
10002c2c:	2800      	cmp	r0, #0
10002c2e:	f000 80cc 	beq.w	10002dca <tud_task_ext+0x1f6>
10002c32:	f89d 301d 	ldrb.w	r3, [sp, #29]
10002c36:	3b01      	subs	r3, #1
10002c38:	2b07      	cmp	r3, #7
10002c3a:	f200 837d 	bhi.w	10003338 <tud_task_ext+0x764>
10002c3e:	e8df f003 	tbb	[pc, r3]
10002c42:	b1a7      	.short	0xb1a7
10002c44:	358e9d95 	.word	0x358e9d95
10002c48:	040a      	.short	0x040a
10002c4a:	9b08      	ldr	r3, [sp, #32]
10002c4c:	2b00      	cmp	r3, #0
10002c4e:	d0d1      	beq.n	10002bf4 <tud_task_ext+0x20>
10002c50:	9809      	ldr	r0, [sp, #36]	@ 0x24
10002c52:	4798      	blx	r3
10002c54:	e7ce      	b.n	10002bf4 <tud_task_ext+0x20>
10002c56:	f89d 1020 	ldrb.w	r1, [sp, #32]
10002c5a:	f001 067f 	and.w	r6, r1, #127	@ 0x7f
10002c5e:	eb05 0046 	add.w	r0, r5, r6, lsl #1
10002c62:	eb00 10d1 	add.w	r0, r0, r1, lsr #7
10002c66:	f890 3034 	ldrb.w	r3, [r0, #52]	@ 0x34
10002c6a:	f023 0301 	bic.w	r3, r3, #1
10002c6e:	f880 3034 	strb.w	r3, [r0, #52]	@ 0x34
10002c72:	f890 3034 	ldrb.w	r3, [r0, #52]	@ 0x34
10002c76:	f023 0304 	bic.w	r3, r3, #4
10002c7a:	f880 3034 	strb.w	r3, [r0, #52]	@ 0x34
10002c7e:	2e00      	cmp	r6, #0
10002c80:	f000 80a6 	beq.w	10002dd0 <tud_task_ext+0x1fc>
10002c84:	7d03      	ldrb	r3, [r0, #20]
10002c86:	f89a 2000 	ldrb.w	r2, [sl]
10002c8a:	4293      	cmp	r3, r2
10002c8c:	f080 8093 	bcs.w	10002db6 <tud_task_ext+0x1e2>
10002c90:	4a80      	ldr	r2, [pc, #512]	@ (10002e94 <tud_task_ext+0x2c0>)
10002c92:	6812      	ldr	r2, [r2, #0]
10002c94:	eb12 1343 	adds.w	r3, r2, r3, lsl #5
10002c98:	f000 8090 	beq.w	10002dbc <tud_task_ext+0x1e8>
10002c9c:	699e      	ldr	r6, [r3, #24]
10002c9e:	f89d 2021 	ldrb.w	r2, [sp, #33]	@ 0x21
10002ca2:	9b09      	ldr	r3, [sp, #36]	@ 0x24
10002ca4:	f89d 001c 	ldrb.w	r0, [sp, #28]
10002ca8:	47b0      	blx	r6
10002caa:	e7a3      	b.n	10002bf4 <tud_task_ext+0x20>
10002cac:	f89b 3000 	ldrb.w	r3, [fp]
10002cb0:	2b00      	cmp	r3, #0
10002cb2:	f000 8083 	beq.w	10002dbc <tud_task_ext+0x1e8>
10002cb6:	f89b 3000 	ldrb.w	r3, [fp]
10002cba:	3b01      	subs	r3, #1
10002cbc:	b2db      	uxtb	r3, r3
10002cbe:	f88b 3000 	strb.w	r3, [fp]
10002cc2:	f89b 3000 	ldrb.w	r3, [fp]
10002cc6:	f003 00ff 	and.w	r0, r3, #255	@ 0xff
10002cca:	2b00      	cmp	r3, #0
10002ccc:	d192      	bne.n	10002bf4 <tud_task_ext+0x20>
10002cce:	4f70      	ldr	r7, [pc, #448]	@ (10002e90 <tud_task_ext+0x2bc>)
10002cd0:	f89d 801c 	ldrb.w	r8, [sp, #28]
10002cd4:	783b      	ldrb	r3, [r7, #0]
10002cd6:	f043 0301 	orr.w	r3, r3, #1
10002cda:	703b      	strb	r3, [r7, #0]
10002cdc:	f897 3034 	ldrb.w	r3, [r7, #52]	@ 0x34
10002ce0:	f360 0300 	bfi	r3, r0, #0, #1
10002ce4:	f887 3034 	strb.w	r3, [r7, #52]	@ 0x34
10002ce8:	f897 3034 	ldrb.w	r3, [r7, #52]	@ 0x34
10002cec:	f360 0382 	bfi	r3, r0, #2, #1
10002cf0:	f887 3034 	strb.w	r3, [r7, #52]	@ 0x34
10002cf4:	f897 3035 	ldrb.w	r3, [r7, #53]	@ 0x35
10002cf8:	f360 0300 	bfi	r3, r0, #0, #1
10002cfc:	f887 3035 	strb.w	r3, [r7, #53]	@ 0x35
10002d00:	f897 3035 	ldrb.w	r3, [r7, #53]	@ 0x35
10002d04:	f360 0382 	bfi	r3, r0, #2, #1
10002d08:	f887 3035 	strb.w	r3, [r7, #53]	@ 0x35
10002d0c:	f000 fc6a 	bl	100035e4 <usbd_control_set_complete_callback>
10002d10:	f89d 3020 	ldrb.w	r3, [sp, #32]
10002d14:	f003 0260 	and.w	r2, r3, #96	@ 0x60
10002d18:	2a60      	cmp	r2, #96	@ 0x60
10002d1a:	d06c      	beq.n	10002df6 <tud_task_ext+0x222>
10002d1c:	2a40      	cmp	r2, #64	@ 0x40
10002d1e:	d07c      	beq.n	10002e1a <tud_task_ext+0x246>
10002d20:	f003 031f 	and.w	r3, r3, #31
10002d24:	2b01      	cmp	r3, #1
10002d26:	f000 80c1 	beq.w	10002eac <tud_task_ext+0x2d8>
10002d2a:	2b02      	cmp	r3, #2
10002d2c:	f000 8081 	beq.w	10002e32 <tud_task_ext+0x25e>
10002d30:	2b00      	cmp	r3, #0
10002d32:	d160      	bne.n	10002df6 <tud_task_ext+0x222>
10002d34:	2a20      	cmp	r2, #32
10002d36:	f000 81e9 	beq.w	1000310c <tud_task_ext+0x538>
10002d3a:	2a00      	cmp	r2, #0
10002d3c:	d15b      	bne.n	10002df6 <tud_task_ext+0x222>
10002d3e:	f89d 3021 	ldrb.w	r3, [sp, #33]	@ 0x21
10002d42:	2b09      	cmp	r3, #9
10002d44:	d857      	bhi.n	10002df6 <tud_task_ext+0x222>
10002d46:	e8df f013 	tbh	[pc, r3, lsl #1]
10002d4a:	01b0      	.short	0x01b0
10002d4c:	005601a2 	.word	0x005601a2
10002d50:	005601c1 	.word	0x005601c1
10002d54:	016b0195 	.word	0x016b0195
10002d58:	01600056 	.word	0x01600056
10002d5c:	00f4      	.short	0x00f4
10002d5e:	782b      	ldrb	r3, [r5, #0]
10002d60:	07d9      	lsls	r1, r3, #31
10002d62:	f57f af47 	bpl.w	10002bf4 <tud_task_ext+0x20>
10002d66:	f7ff fea7 	bl	10002ab8 <tud_resume_cb>
10002d6a:	e743      	b.n	10002bf4 <tud_task_ext+0x20>
10002d6c:	78eb      	ldrb	r3, [r5, #3]
10002d6e:	07da      	lsls	r2, r3, #31
10002d70:	f57f af40 	bpl.w	10002bf4 <tud_task_ext+0x20>
10002d74:	9808      	ldr	r0, [sp, #32]
10002d76:	f7ff fe93 	bl	10002aa0 <tud_sof_cb>
10002d7a:	e73b      	b.n	10002bf4 <tud_task_ext+0x20>
10002d7c:	782b      	ldrb	r3, [r5, #0]
10002d7e:	07d8      	lsls	r0, r3, #31
10002d80:	f57f af38 	bpl.w	10002bf4 <tud_task_ext+0x20>
10002d84:	7828      	ldrb	r0, [r5, #0]
10002d86:	f3c0 00c0 	ubfx	r0, r0, #3, #1
10002d8a:	f7ff fe93 	bl	10002ab4 <tud_suspend_cb>
10002d8e:	e731      	b.n	10002bf4 <tud_task_ext+0x20>
10002d90:	f89d 001c 	ldrb.w	r0, [sp, #28]
10002d94:	f7ff fe3c 	bl	10002a10 <configuration_reset>
10002d98:	f000 fc1a 	bl	100035d0 <usbd_control_reset>
10002d9c:	f89d 3020 	ldrb.w	r3, [sp, #32]
10002da0:	70ab      	strb	r3, [r5, #2]
10002da2:	e727      	b.n	10002bf4 <tud_task_ext+0x20>
10002da4:	f89d 001c 	ldrb.w	r0, [sp, #28]
10002da8:	f7ff fe32 	bl	10002a10 <configuration_reset>
10002dac:	f000 fc10 	bl	100035d0 <usbd_control_reset>
10002db0:	f7ff fe7e 	bl	10002ab0 <tud_umount_cb>
10002db4:	e71e      	b.n	10002bf4 <tud_task_ext+0x20>
10002db6:	1c50      	adds	r0, r2, #1
10002db8:	4298      	cmp	r0, r3
10002dba:	da11      	bge.n	10002de0 <tud_task_ext+0x20c>
10002dbc:	f04f 23e0 	mov.w	r3, #3758153728	@ 0xe000e000
10002dc0:	f8d3 3df0 	ldr.w	r3, [r3, #3568]	@ 0xdf0
10002dc4:	07dc      	lsls	r4, r3, #31
10002dc6:	d500      	bpl.n	10002dca <tud_task_ext+0x1f6>
10002dc8:	be00      	bkpt	0x0000
10002dca:	b00b      	add	sp, #44	@ 0x2c
10002dcc:	e8bd 8ff0 	ldmia.w	sp!, {r4, r5, r6, r7, r8, r9, sl, fp, pc}
10002dd0:	9b09      	ldr	r3, [sp, #36]	@ 0x24
10002dd2:	f89d 2021 	ldrb.w	r2, [sp, #33]	@ 0x21
10002dd6:	f89d 001c 	ldrb.w	r0, [sp, #28]
10002dda:	f000 fc17 	bl	1000360c <usbd_control_xfer_cb>
10002dde:	e709      	b.n	10002bf4 <tud_task_ext+0x20>
10002de0:	1a9b      	subs	r3, r3, r2
10002de2:	4a2d      	ldr	r2, [pc, #180]	@ (10002e98 <tud_task_ext+0x2c4>)
10002de4:	eb02 1343 	add.w	r3, r2, r3, lsl #5
10002de8:	e758      	b.n	10002c9c <tud_task_ext+0xc8>
10002dea:	f7ff fb85 	bl	100024f8 <tud_descriptor_configuration_cb>
10002dee:	4602      	mov	r2, r0
10002df0:	2800      	cmp	r0, #0
10002df2:	f040 8182 	bne.w	100030fa <tud_task_ext+0x526>
10002df6:	f04f 23e0 	mov.w	r3, #3758153728	@ 0xe000e000
10002dfa:	f8d3 3df0 	ldr.w	r3, [r3, #3568]	@ 0xdf0
10002dfe:	07de      	lsls	r6, r3, #31
10002e00:	d500      	bpl.n	10002e04 <tud_task_ext+0x230>
10002e02:	be00      	bkpt	0x0000
10002e04:	f89d 001c 	ldrb.w	r0, [sp, #28]
10002e08:	2100      	movs	r1, #0
10002e0a:	f7ff fd95 	bl	10002938 <dcd_edpt_stall>
10002e0e:	2180      	movs	r1, #128	@ 0x80
10002e10:	f89d 001c 	ldrb.w	r0, [sp, #28]
10002e14:	f7ff fd90 	bl	10002938 <dcd_edpt_stall>
10002e18:	e6ec      	b.n	10002bf4 <tud_task_ext+0x20>
10002e1a:	4820      	ldr	r0, [pc, #128]	@ (10002e9c <tud_task_ext+0x2c8>)
10002e1c:	f000 fbe2 	bl	100035e4 <usbd_control_set_complete_callback>
10002e20:	2101      	movs	r1, #1
10002e22:	4640      	mov	r0, r8
10002e24:	aa08      	add	r2, sp, #32
10002e26:	f7ff f92b 	bl	10002080 <tud_vendor_control_xfer_cb>
10002e2a:	2800      	cmp	r0, #0
10002e2c:	f47f aee2 	bne.w	10002bf4 <tud_task_ext+0x20>
10002e30:	e7e8      	b.n	10002e04 <tud_task_ext+0x230>
10002e32:	f89d 1024 	ldrb.w	r1, [sp, #36]	@ 0x24
10002e36:	f011 0f70 	tst.w	r1, #112	@ 0x70
10002e3a:	d1dc      	bne.n	10002df6 <tud_task_ext+0x222>
10002e3c:	f001 067f 	and.w	r6, r1, #127	@ 0x7f
10002e40:	eb07 0046 	add.w	r0, r7, r6, lsl #1
10002e44:	4b16      	ldr	r3, [pc, #88]	@ (10002ea0 <tud_task_ext+0x2cc>)
10002e46:	eb00 10d1 	add.w	r0, r0, r1, lsr #7
10002e4a:	781b      	ldrb	r3, [r3, #0]
10002e4c:	7d00      	ldrb	r0, [r0, #20]
10002e4e:	0076      	lsls	r6, r6, #1
10002e50:	9601      	str	r6, [sp, #4]
10002e52:	4298      	cmp	r0, r3
10002e54:	ea4f 16d1 	mov.w	r6, r1, lsr #7
10002e58:	9600      	str	r6, [sp, #0]
10002e5a:	d359      	bcc.n	10002f10 <tud_task_ext+0x33c>
10002e5c:	1c5e      	adds	r6, r3, #1
10002e5e:	4286      	cmp	r6, r0
10002e60:	f2c0 8166 	blt.w	10003130 <tud_task_ext+0x55c>
10002e64:	1ac0      	subs	r0, r0, r3
10002e66:	4b0c      	ldr	r3, [pc, #48]	@ (10002e98 <tud_task_ext+0x2c4>)
10002e68:	eb03 1640 	add.w	r6, r3, r0, lsl #5
10002e6c:	2a00      	cmp	r2, #0
10002e6e:	f000 8163 	beq.w	10003138 <tud_task_ext+0x564>
10002e72:	6970      	ldr	r0, [r6, #20]
10002e74:	f000 fbb6 	bl	100035e4 <usbd_control_set_complete_callback>
10002e78:	2101      	movs	r1, #1
10002e7a:	4640      	mov	r0, r8
10002e7c:	6973      	ldr	r3, [r6, #20]
10002e7e:	aa08      	add	r2, sp, #32
10002e80:	4798      	blx	r3
10002e82:	2800      	cmp	r0, #0
10002e84:	f47f aeb6 	bne.w	10002bf4 <tud_task_ext+0x20>
10002e88:	e7bc      	b.n	10002e04 <tud_task_ext+0x230>
10002e8a:	bf00      	nop
10002e8c:	20001408 	.word	0x20001408
10002e90:	200013b0 	.word	0x200013b0
10002e94:	200012a8 	.word	0x200012a8
10002e98:	10004d54 	.word	0x10004d54
10002e9c:	10002081 	.word	0x10002081
10002ea0:	20001c6d 	.word	0x20001c6d
10002ea4:	20000e98 	.word	0x20000e98
10002ea8:	20001c6f 	.word	0x20001c6f
10002eac:	f89d 3024 	ldrb.w	r3, [sp, #36]	@ 0x24
10002eb0:	2b0f      	cmp	r3, #15
10002eb2:	d8a7      	bhi.n	10002e04 <tud_task_ext+0x230>
10002eb4:	4aae      	ldr	r2, [pc, #696]	@ (10003170 <tud_task_ext+0x59c>)
10002eb6:	443b      	add	r3, r7
10002eb8:	791b      	ldrb	r3, [r3, #4]
10002eba:	7812      	ldrb	r2, [r2, #0]
10002ebc:	4293      	cmp	r3, r2
10002ebe:	d332      	bcc.n	10002f26 <tud_task_ext+0x352>
10002ec0:	1c51      	adds	r1, r2, #1
10002ec2:	4299      	cmp	r1, r3
10002ec4:	db9e      	blt.n	10002e04 <tud_task_ext+0x230>
10002ec6:	4eab      	ldr	r6, [pc, #684]	@ (10003174 <tud_task_ext+0x5a0>)
10002ec8:	1a9b      	subs	r3, r3, r2
10002eca:	eb06 1643 	add.w	r6, r6, r3, lsl #5
10002ece:	6970      	ldr	r0, [r6, #20]
10002ed0:	f000 fb88 	bl	100035e4 <usbd_control_set_complete_callback>
10002ed4:	2101      	movs	r1, #1
10002ed6:	4640      	mov	r0, r8
10002ed8:	6973      	ldr	r3, [r6, #20]
10002eda:	aa08      	add	r2, sp, #32
10002edc:	4798      	blx	r3
10002ede:	2800      	cmp	r0, #0
10002ee0:	f47f ae88 	bne.w	10002bf4 <tud_task_ext+0x20>
10002ee4:	f89d 3020 	ldrb.w	r3, [sp, #32]
10002ee8:	f013 0660 	ands.w	r6, r3, #96	@ 0x60
10002eec:	d18a      	bne.n	10002e04 <tud_task_ext+0x230>
10002eee:	f89d 3021 	ldrb.w	r3, [sp, #33]	@ 0x21
10002ef2:	3b0a      	subs	r3, #10
10002ef4:	2b01      	cmp	r3, #1
10002ef6:	d885      	bhi.n	10002e04 <tud_task_ext+0x230>
10002ef8:	f000 fb74 	bl	100035e4 <usbd_control_set_complete_callback>
10002efc:	f89d 3021 	ldrb.w	r3, [sp, #33]	@ 0x21
10002f00:	2b0a      	cmp	r3, #10
10002f02:	f000 81f2 	beq.w	100032ea <tud_task_ext+0x716>
10002f06:	4640      	mov	r0, r8
10002f08:	a908      	add	r1, sp, #32
10002f0a:	f000 faf1 	bl	100034f0 <tud_control_status>
10002f0e:	e671      	b.n	10002bf4 <tud_task_ext+0x20>
10002f10:	4b99      	ldr	r3, [pc, #612]	@ (10003178 <tud_task_ext+0x5a4>)
10002f12:	681b      	ldr	r3, [r3, #0]
10002f14:	eb03 1640 	add.w	r6, r3, r0, lsl #5
10002f18:	2a00      	cmp	r2, #0
10002f1a:	f000 810d 	beq.w	10003138 <tud_task_ext+0x564>
10002f1e:	2e00      	cmp	r6, #0
10002f20:	f43f af70 	beq.w	10002e04 <tud_task_ext+0x230>
10002f24:	e7a5      	b.n	10002e72 <tud_task_ext+0x29e>
10002f26:	4a94      	ldr	r2, [pc, #592]	@ (10003178 <tud_task_ext+0x5a4>)
10002f28:	6816      	ldr	r6, [r2, #0]
10002f2a:	eb16 1643 	adds.w	r6, r6, r3, lsl #5
10002f2e:	d1ce      	bne.n	10002ece <tud_task_ext+0x2fa>
10002f30:	e768      	b.n	10002e04 <tud_task_ext+0x230>
10002f32:	787b      	ldrb	r3, [r7, #1]
10002f34:	f89d 6022 	ldrb.w	r6, [sp, #34]	@ 0x22
10002f38:	429e      	cmp	r6, r3
10002f3a:	f000 814f 	beq.w	100031dc <tud_task_ext+0x608>
10002f3e:	787b      	ldrb	r3, [r7, #1]
10002f40:	2b00      	cmp	r3, #0
10002f42:	f040 81be 	bne.w	100032c2 <tud_task_ext+0x6ee>
10002f46:	707e      	strb	r6, [r7, #1]
10002f48:	2e00      	cmp	r6, #0
10002f4a:	f000 8145 	beq.w	100031d8 <tud_task_ext+0x604>
10002f4e:	1e70      	subs	r0, r6, #1
10002f50:	b2c0      	uxtb	r0, r0
10002f52:	f7ff fad1 	bl	100024f8 <tud_descriptor_configuration_cb>
10002f56:	4603      	mov	r3, r0
10002f58:	2800      	cmp	r0, #0
10002f5a:	f000 815f 	beq.w	1000321c <tud_task_ext+0x648>
10002f5e:	7842      	ldrb	r2, [r0, #1]
10002f60:	2a02      	cmp	r2, #2
10002f62:	f040 815b 	bne.w	1000321c <tud_task_ext+0x648>
10002f66:	79c1      	ldrb	r1, [r0, #7]
10002f68:	f103 0609 	add.w	r6, r3, #9
10002f6c:	f3c1 1240 	ubfx	r2, r1, #5, #1
10002f70:	0112      	lsls	r2, r2, #4
10002f72:	f3c1 1180 	ubfx	r1, r1, #6, #1
10002f76:	ea42 1241 	orr.w	r2, r2, r1, lsl #5
10002f7a:	4631      	mov	r1, r6
10002f7c:	7838      	ldrb	r0, [r7, #0]
10002f7e:	f020 0030 	bic.w	r0, r0, #48	@ 0x30
10002f82:	4302      	orrs	r2, r0
10002f84:	703a      	strb	r2, [r7, #0]
10002f86:	885a      	ldrh	r2, [r3, #2]
10002f88:	f8cd 800c 	str.w	r8, [sp, #12]
10002f8c:	189a      	adds	r2, r3, r2
10002f8e:	9201      	str	r2, [sp, #4]
10002f90:	9b01      	ldr	r3, [sp, #4]
10002f92:	428b      	cmp	r3, r1
10002f94:	f240 81a4 	bls.w	100032e0 <tud_task_ext+0x70c>
10002f98:	784a      	ldrb	r2, [r1, #1]
10002f9a:	2a0b      	cmp	r2, #11
10002f9c:	f000 81af 	beq.w	100032fe <tud_task_ext+0x72a>
10002fa0:	2301      	movs	r3, #1
10002fa2:	2a04      	cmp	r2, #4
10002fa4:	f040 813a 	bne.w	1000321c <tud_task_ext+0x648>
10002fa8:	2600      	movs	r6, #0
10002faa:	9a01      	ldr	r2, [sp, #4]
10002fac:	9600      	str	r6, [sp, #0]
10002fae:	1a52      	subs	r2, r2, r1
10002fb0:	b292      	uxth	r2, r2
10002fb2:	9202      	str	r2, [sp, #8]
10002fb4:	4a6e      	ldr	r2, [pc, #440]	@ (10003170 <tud_task_ext+0x59c>)
10002fb6:	9304      	str	r3, [sp, #16]
10002fb8:	7812      	ldrb	r2, [r2, #0]
10002fba:	e01d      	b.n	10002ff8 <tud_task_ext+0x424>
10002fbc:	4b6e      	ldr	r3, [pc, #440]	@ (10003178 <tud_task_ext+0x5a4>)
10002fbe:	681b      	ldr	r3, [r3, #0]
10002fc0:	eb13 1846 	adds.w	r8, r3, r6, lsl #5
10002fc4:	f000 812a 	beq.w	1000321c <tud_task_ext+0x648>
10002fc8:	9a02      	ldr	r2, [sp, #8]
10002fca:	f8d8 3010 	ldr.w	r3, [r8, #16]
10002fce:	9803      	ldr	r0, [sp, #12]
10002fd0:	9105      	str	r1, [sp, #20]
10002fd2:	4798      	blx	r3
10002fd4:	2808      	cmp	r0, #8
10002fd6:	4602      	mov	r2, r0
10002fd8:	9905      	ldr	r1, [sp, #20]
10002fda:	f106 0301 	add.w	r3, r6, #1
10002fde:	d903      	bls.n	10002fe8 <tud_task_ext+0x414>
10002fe0:	9802      	ldr	r0, [sp, #8]
10002fe2:	4290      	cmp	r0, r2
10002fe4:	f080 80ff 	bcs.w	100031e6 <tud_task_ext+0x612>
10002fe8:	b2de      	uxtb	r6, r3
10002fea:	4b61      	ldr	r3, [pc, #388]	@ (10003170 <tud_task_ext+0x59c>)
10002fec:	9600      	str	r6, [sp, #0]
10002fee:	781a      	ldrb	r2, [r3, #0]
10002ff0:	1c53      	adds	r3, r2, #1
10002ff2:	429e      	cmp	r6, r3
10002ff4:	f300 8112 	bgt.w	1000321c <tud_task_ext+0x648>
10002ff8:	9b00      	ldr	r3, [sp, #0]
10002ffa:	42b2      	cmp	r2, r6
10002ffc:	eba3 0202 	sub.w	r2, r3, r2
10003000:	d8dc      	bhi.n	10002fbc <tud_task_ext+0x3e8>
10003002:	4b5c      	ldr	r3, [pc, #368]	@ (10003174 <tud_task_ext+0x5a0>)
10003004:	eb03 1842 	add.w	r8, r3, r2, lsl #5
10003008:	e7de      	b.n	10002fc8 <tud_task_ext+0x3f4>
1000300a:	787b      	ldrb	r3, [r7, #1]
1000300c:	4640      	mov	r0, r8
1000300e:	f88d 301a 	strb.w	r3, [sp, #26]
10003012:	f10d 021a 	add.w	r2, sp, #26
10003016:	2301      	movs	r3, #1
10003018:	a908      	add	r1, sp, #32
1000301a:	f000 fa83 	bl	10003524 <tud_control_xfer>
1000301e:	e5e9      	b.n	10002bf4 <tud_task_ext+0x20>
10003020:	f8bd 0022 	ldrh.w	r0, [sp, #34]	@ 0x22
10003024:	0a03      	lsrs	r3, r0, #8
10003026:	3b01      	subs	r3, #1
10003028:	0a02      	lsrs	r2, r0, #8
1000302a:	b2c0      	uxtb	r0, r0
1000302c:	2b0e      	cmp	r3, #14
1000302e:	f63f aee9 	bhi.w	10002e04 <tud_task_ext+0x230>
10003032:	a101      	add	r1, pc, #4	@ (adr r1, 10003038 <tud_task_ext+0x464>)
10003034:	f851 f023 	ldr.w	pc, [r1, r3, lsl #2]
10003038:	1000324d 	.word	0x1000324d
1000303c:	100030e9 	.word	0x100030e9
10003040:	10003289 	.word	0x10003289
10003044:	10002e05 	.word	0x10002e05
10003048:	10002e05 	.word	0x10002e05
1000304c:	1000326b 	.word	0x1000326b
10003050:	100030e9 	.word	0x100030e9
10003054:	10002e05 	.word	0x10002e05
10003058:	10002e05 	.word	0x10002e05
1000305c:	10002e05 	.word	0x10002e05
10003060:	10002e05 	.word	0x10002e05
10003064:	10002e05 	.word	0x10002e05
10003068:	10002e05 	.word	0x10002e05
1000306c:	10002e05 	.word	0x10002e05
10003070:	1000323f 	.word	0x1000323f
10003074:	a808      	add	r0, sp, #32
10003076:	f000 fabb 	bl	100035f0 <usbd_control_set_request>
1000307a:	4640      	mov	r0, r8
1000307c:	f89d 1022 	ldrb.w	r1, [sp, #34]	@ 0x22
10003080:	f7ff fb9c 	bl	100027bc <dcd_set_address>
10003084:	783b      	ldrb	r3, [r7, #0]
10003086:	f043 0302 	orr.w	r3, r3, #2
1000308a:	703b      	strb	r3, [r7, #0]
1000308c:	e5b2      	b.n	10002bf4 <tud_task_ext+0x20>
1000308e:	f8bd 3022 	ldrh.w	r3, [sp, #34]	@ 0x22
10003092:	2b01      	cmp	r3, #1
10003094:	f47f aeb6 	bne.w	10002e04 <tud_task_ext+0x230>
10003098:	783b      	ldrb	r3, [r7, #0]
1000309a:	4640      	mov	r0, r8
1000309c:	f023 0308 	bic.w	r3, r3, #8
100030a0:	a908      	add	r1, sp, #32
100030a2:	703b      	strb	r3, [r7, #0]
100030a4:	f000 fa24 	bl	100034f0 <tud_control_status>
100030a8:	e5a4      	b.n	10002bf4 <tud_task_ext+0x20>
100030aa:	4640      	mov	r0, r8
100030ac:	783b      	ldrb	r3, [r7, #0]
100030ae:	089a      	lsrs	r2, r3, #2
100030b0:	f002 0202 	and.w	r2, r2, #2
100030b4:	f3c3 1340 	ubfx	r3, r3, #5, #1
100030b8:	4313      	orrs	r3, r2
100030ba:	f8ad 301a 	strh.w	r3, [sp, #26]
100030be:	f10d 021a 	add.w	r2, sp, #26
100030c2:	2302      	movs	r3, #2
100030c4:	a908      	add	r1, sp, #32
100030c6:	f000 fa2d 	bl	10003524 <tud_control_xfer>
100030ca:	e593      	b.n	10002bf4 <tud_task_ext+0x20>
100030cc:	f8bd 3022 	ldrh.w	r3, [sp, #34]	@ 0x22
100030d0:	2b01      	cmp	r3, #1
100030d2:	f47f ae97 	bne.w	10002e04 <tud_task_ext+0x230>
100030d6:	783b      	ldrb	r3, [r7, #0]
100030d8:	4640      	mov	r0, r8
100030da:	f043 0308 	orr.w	r3, r3, #8
100030de:	a908      	add	r1, sp, #32
100030e0:	703b      	strb	r3, [r7, #0]
100030e2:	f000 fa05 	bl	100034f0 <tud_control_status>
100030e6:	e585      	b.n	10002bf4 <tud_task_ext+0x20>
100030e8:	2a02      	cmp	r2, #2
100030ea:	f43f ae7e 	beq.w	10002dea <tud_task_ext+0x216>
100030ee:	f7ff fcdb 	bl	10002aa8 <tud_descriptor_other_speed_configuration_cb>
100030f2:	4602      	mov	r2, r0
100030f4:	2800      	cmp	r0, #0
100030f6:	f43f ae85 	beq.w	10002e04 <tud_task_ext+0x230>
100030fa:	4640      	mov	r0, r8
100030fc:	8853      	ldrh	r3, [r2, #2]
100030fe:	a908      	add	r1, sp, #32
10003100:	f000 fa10 	bl	10003524 <tud_control_xfer>
10003104:	2800      	cmp	r0, #0
10003106:	f47f ad75 	bne.w	10002bf4 <tud_task_ext+0x20>
1000310a:	e67b      	b.n	10002e04 <tud_task_ext+0x230>
1000310c:	f89d 3024 	ldrb.w	r3, [sp, #36]	@ 0x24
10003110:	2b0f      	cmp	r3, #15
10003112:	f63f ae77 	bhi.w	10002e04 <tud_task_ext+0x230>
10003116:	4a16      	ldr	r2, [pc, #88]	@ (10003170 <tud_task_ext+0x59c>)
10003118:	443b      	add	r3, r7
1000311a:	791b      	ldrb	r3, [r3, #4]
1000311c:	7812      	ldrb	r2, [r2, #0]
1000311e:	4293      	cmp	r3, r2
10003120:	d21d      	bcs.n	1000315e <tud_task_ext+0x58a>
10003122:	4a15      	ldr	r2, [pc, #84]	@ (10003178 <tud_task_ext+0x5a4>)
10003124:	6816      	ldr	r6, [r2, #0]
10003126:	eb16 1643 	adds.w	r6, r6, r3, lsl #5
1000312a:	f47f aea2 	bne.w	10002e72 <tud_task_ext+0x29e>
1000312e:	e669      	b.n	10002e04 <tud_task_ext+0x230>
10003130:	2a00      	cmp	r2, #0
10003132:	f47f ae67 	bne.w	10002e04 <tud_task_ext+0x230>
10003136:	2600      	movs	r6, #0
10003138:	f89d 2021 	ldrb.w	r2, [sp, #33]	@ 0x21
1000313c:	f002 03fd 	and.w	r3, r2, #253	@ 0xfd
10003140:	2b01      	cmp	r3, #1
10003142:	d01b      	beq.n	1000317c <tud_task_ext+0x5a8>
10003144:	2a00      	cmp	r2, #0
10003146:	f47f ae56 	bne.w	10002df6 <tud_task_ext+0x222>
1000314a:	9b01      	ldr	r3, [sp, #4]
1000314c:	9a00      	ldr	r2, [sp, #0]
1000314e:	443b      	add	r3, r7
10003150:	4413      	add	r3, r2
10003152:	f893 3034 	ldrb.w	r3, [r3, #52]	@ 0x34
10003156:	4640      	mov	r0, r8
10003158:	f3c3 0340 	ubfx	r3, r3, #1, #1
1000315c:	e7ad      	b.n	100030ba <tud_task_ext+0x4e6>
1000315e:	1c51      	adds	r1, r2, #1
10003160:	4299      	cmp	r1, r3
10003162:	f6ff ae4f 	blt.w	10002e04 <tud_task_ext+0x230>
10003166:	4e03      	ldr	r6, [pc, #12]	@ (10003174 <tud_task_ext+0x5a0>)
10003168:	1a9b      	subs	r3, r3, r2
1000316a:	eb06 1643 	add.w	r6, r6, r3, lsl #5
1000316e:	e680      	b.n	10002e72 <tud_task_ext+0x29e>
10003170:	20001c6d 	.word	0x20001c6d
10003174:	10004d54 	.word	0x10004d54
10003178:	200012a8 	.word	0x200012a8
1000317c:	f8bd 3022 	ldrh.w	r3, [sp, #34]	@ 0x22
10003180:	b9b3      	cbnz	r3, 100031b0 <tud_task_ext+0x5dc>
10003182:	2a01      	cmp	r2, #1
10003184:	f899 0000 	ldrb.w	r0, [r9]
10003188:	f000 8086 	beq.w	10003298 <tud_task_ext+0x6c4>
1000318c:	f7ff fbd4 	bl	10002938 <dcd_edpt_stall>
10003190:	9b01      	ldr	r3, [sp, #4]
10003192:	9a00      	ldr	r2, [sp, #0]
10003194:	443b      	add	r3, r7
10003196:	4413      	add	r3, r2
10003198:	f893 2034 	ldrb.w	r2, [r3, #52]	@ 0x34
1000319c:	f042 0202 	orr.w	r2, r2, #2
100031a0:	f883 2034 	strb.w	r2, [r3, #52]	@ 0x34
100031a4:	f893 2034 	ldrb.w	r2, [r3, #52]	@ 0x34
100031a8:	f042 0201 	orr.w	r2, r2, #1
100031ac:	f883 2034 	strb.w	r2, [r3, #52]	@ 0x34
100031b0:	2e00      	cmp	r6, #0
100031b2:	f43f ad1f 	beq.w	10002bf4 <tud_task_ext+0x20>
100031b6:	6970      	ldr	r0, [r6, #20]
100031b8:	f000 fa14 	bl	100035e4 <usbd_control_set_complete_callback>
100031bc:	6973      	ldr	r3, [r6, #20]
100031be:	2101      	movs	r1, #1
100031c0:	aa08      	add	r2, sp, #32
100031c2:	4640      	mov	r0, r8
100031c4:	4798      	blx	r3
100031c6:	2000      	movs	r0, #0
100031c8:	f000 fa0c 	bl	100035e4 <usbd_control_set_complete_callback>
100031cc:	f897 3035 	ldrb.w	r3, [r7, #53]	@ 0x35
100031d0:	07df      	lsls	r7, r3, #31
100031d2:	f53f ad0f 	bmi.w	10002bf4 <tud_task_ext+0x20>
100031d6:	e696      	b.n	10002f06 <tud_task_ext+0x332>
100031d8:	f7ff fc6a 	bl	10002ab0 <tud_umount_cb>
100031dc:	4640      	mov	r0, r8
100031de:	a908      	add	r1, sp, #32
100031e0:	f000 f986 	bl	100034f0 <tud_control_status>
100031e4:	e506      	b.n	10002bf4 <tud_task_ext+0x20>
100031e6:	9b04      	ldr	r3, [sp, #16]
100031e8:	2b01      	cmp	r3, #1
100031ea:	f000 809e 	beq.w	1000332a <tud_task_ext+0x756>
100031ee:	2b00      	cmp	r3, #0
100031f0:	f000 808a 	beq.w	10003308 <tud_task_ext+0x734>
100031f4:	2000      	movs	r0, #0
100031f6:	f891 8002 	ldrb.w	r8, [r1, #2]
100031fa:	e005      	b.n	10003208 <tud_task_ext+0x634>
100031fc:	f88c 6004 	strb.w	r6, [ip, #4]
10003200:	fa5f fc80 	uxtb.w	ip, r0
10003204:	4563      	cmp	r3, ip
10003206:	d97f      	bls.n	10003308 <tud_task_ext+0x734>
10003208:	eb08 0c00 	add.w	ip, r8, r0
1000320c:	fa57 fc8c 	uxtab	ip, r7, ip
10003210:	f89c e004 	ldrb.w	lr, [ip, #4]
10003214:	3001      	adds	r0, #1
10003216:	f1be 0fff 	cmp.w	lr, #255	@ 0xff
1000321a:	d0ef      	beq.n	100031fc <tud_task_ext+0x628>
1000321c:	f04f 23e0 	mov.w	r3, #3758153728	@ 0xe000e000
10003220:	f8d3 3df0 	ldr.w	r3, [r3, #3568]	@ 0xdf0
10003224:	07da      	lsls	r2, r3, #31
10003226:	d500      	bpl.n	1000322a <tud_task_ext+0x656>
10003228:	be00      	bkpt	0x0000
1000322a:	f04f 23e0 	mov.w	r3, #3758153728	@ 0xe000e000
1000322e:	f8d3 3df0 	ldr.w	r3, [r3, #3568]	@ 0xdf0
10003232:	07db      	lsls	r3, r3, #31
10003234:	d500      	bpl.n	10003238 <tud_task_ext+0x664>
10003236:	be00      	bkpt	0x0000
10003238:	2300      	movs	r3, #0
1000323a:	707b      	strb	r3, [r7, #1]
1000323c:	e5e2      	b.n	10002e04 <tud_task_ext+0x230>
1000323e:	f7fe ff1b 	bl	10002078 <tud_descriptor_bos_cb>
10003242:	4602      	mov	r2, r0
10003244:	2800      	cmp	r0, #0
10003246:	f47f af58 	bne.w	100030fa <tud_task_ext+0x526>
1000324a:	e5db      	b.n	10002e04 <tud_task_ext+0x230>
1000324c:	f7ff f950 	bl	100024f0 <tud_descriptor_device_cb>
10003250:	4602      	mov	r2, r0
10003252:	2800      	cmp	r0, #0
10003254:	f43f adcf 	beq.w	10002df6 <tud_task_ext+0x222>
10003258:	4640      	mov	r0, r8
1000325a:	2312      	movs	r3, #18
1000325c:	a908      	add	r1, sp, #32
1000325e:	f000 f961 	bl	10003524 <tud_control_xfer>
10003262:	2800      	cmp	r0, #0
10003264:	f47f acc6 	bne.w	10002bf4 <tud_task_ext+0x20>
10003268:	e5cc      	b.n	10002e04 <tud_task_ext+0x230>
1000326a:	f7ff fc1b 	bl	10002aa4 <tud_descriptor_device_qualifier_cb>
1000326e:	4602      	mov	r2, r0
10003270:	2800      	cmp	r0, #0
10003272:	f43f adc7 	beq.w	10002e04 <tud_task_ext+0x230>
10003276:	4640      	mov	r0, r8
10003278:	7813      	ldrb	r3, [r2, #0]
1000327a:	a908      	add	r1, sp, #32
1000327c:	f000 f952 	bl	10003524 <tud_control_xfer>
10003280:	2800      	cmp	r0, #0
10003282:	f47f acb7 	bne.w	10002bf4 <tud_task_ext+0x20>
10003286:	e5bd      	b.n	10002e04 <tud_task_ext+0x230>
10003288:	f8bd 1024 	ldrh.w	r1, [sp, #36]	@ 0x24
1000328c:	f7ff f938 	bl	10002500 <tud_descriptor_string_cb>
10003290:	4602      	mov	r2, r0
10003292:	2800      	cmp	r0, #0
10003294:	d1ef      	bne.n	10003276 <tud_task_ext+0x6a2>
10003296:	e5b5      	b.n	10002e04 <tud_task_ext+0x230>
10003298:	9302      	str	r3, [sp, #8]
1000329a:	f7ff fb63 	bl	10002964 <dcd_edpt_clear_stall>
1000329e:	9a01      	ldr	r2, [sp, #4]
100032a0:	9b00      	ldr	r3, [sp, #0]
100032a2:	443a      	add	r2, r7
100032a4:	441a      	add	r2, r3
100032a6:	f892 1034 	ldrb.w	r1, [r2, #52]	@ 0x34
100032aa:	9b02      	ldr	r3, [sp, #8]
100032ac:	f363 0141 	bfi	r1, r3, #1, #1
100032b0:	f882 1034 	strb.w	r1, [r2, #52]	@ 0x34
100032b4:	f892 1034 	ldrb.w	r1, [r2, #52]	@ 0x34
100032b8:	f363 0100 	bfi	r1, r3, #0, #1
100032bc:	f882 1034 	strb.w	r1, [r2, #52]	@ 0x34
100032c0:	e776      	b.n	100031b0 <tud_task_ext+0x5dc>
100032c2:	2100      	movs	r1, #0
100032c4:	4640      	mov	r0, r8
100032c6:	f7ff fa81 	bl	100027cc <dcd_sof_enable>
100032ca:	4640      	mov	r0, r8
100032cc:	f7ff fb1e 	bl	1000290c <dcd_edpt_close_all>
100032d0:	78bb      	ldrb	r3, [r7, #2]
100032d2:	4640      	mov	r0, r8
100032d4:	9300      	str	r3, [sp, #0]
100032d6:	f7ff fb9b 	bl	10002a10 <configuration_reset>
100032da:	9b00      	ldr	r3, [sp, #0]
100032dc:	70bb      	strb	r3, [r7, #2]
100032de:	e632      	b.n	10002f46 <tud_task_ext+0x372>
100032e0:	f8dd 800c 	ldr.w	r8, [sp, #12]
100032e4:	f7ff fbe2 	bl	10002aac <tud_mount_cb>
100032e8:	e778      	b.n	100031dc <tud_task_ext+0x608>
100032ea:	4640      	mov	r0, r8
100032ec:	2301      	movs	r3, #1
100032ee:	a908      	add	r1, sp, #32
100032f0:	f10d 021a 	add.w	r2, sp, #26
100032f4:	f88d 601a 	strb.w	r6, [sp, #26]
100032f8:	f000 f914 	bl	10003524 <tud_control_xfer>
100032fc:	e47a      	b.n	10002bf4 <tud_task_ext+0x20>
100032fe:	780a      	ldrb	r2, [r1, #0]
10003300:	78cb      	ldrb	r3, [r1, #3]
10003302:	4411      	add	r1, r2
10003304:	784a      	ldrb	r2, [r1, #1]
10003306:	e64c      	b.n	10002fa2 <tud_task_ext+0x3ce>
10003308:	4633      	mov	r3, r6
1000330a:	4810      	ldr	r0, [pc, #64]	@ (1000334c <tud_task_ext+0x778>)
1000330c:	9204      	str	r2, [sp, #16]
1000330e:	9102      	str	r1, [sp, #8]
10003310:	f000 fe7c 	bl	1000400c <tu_edpt_bind_driver>
10003314:	4b0e      	ldr	r3, [pc, #56]	@ (10003350 <tud_task_ext+0x77c>)
10003316:	9a04      	ldr	r2, [sp, #16]
10003318:	9902      	ldr	r1, [sp, #8]
1000331a:	781b      	ldrb	r3, [r3, #0]
1000331c:	4411      	add	r1, r2
1000331e:	9a00      	ldr	r2, [sp, #0]
10003320:	3301      	adds	r3, #1
10003322:	4293      	cmp	r3, r2
10003324:	f6bf ae34 	bge.w	10002f90 <tud_task_ext+0x3bc>
10003328:	e778      	b.n	1000321c <tud_task_ext+0x648>
1000332a:	f8d8 c010 	ldr.w	ip, [r8, #16]
1000332e:	4809      	ldr	r0, [pc, #36]	@ (10003354 <tud_task_ext+0x780>)
10003330:	4584      	cmp	ip, r0
10003332:	bf08      	it	eq
10003334:	2302      	moveq	r3, #2
10003336:	e75d      	b.n	100031f4 <tud_task_ext+0x620>
10003338:	f04f 23e0 	mov.w	r3, #3758153728	@ 0xe000e000
1000333c:	f8d3 3df0 	ldr.w	r3, [r3, #3568]	@ 0xdf0
10003340:	07db      	lsls	r3, r3, #31
10003342:	f57f ac57 	bpl.w	10002bf4 <tud_task_ext+0x20>
10003346:	be00      	bkpt	0x0000
10003348:	e454      	b.n	10002bf4 <tud_task_ext+0x20>
1000334a:	bf00      	nop
1000334c:	200013c4 	.word	0x200013c4
10003350:	20001c6d 	.word	0x20001c6d
10003354:	10003a1d 	.word	0x10003a1d

10003358 <usbd_open_edpt_pair>:
10003358:	e92d 4ff8 	stmdb	sp!, {r3, r4, r5, r6, r7, r8, r9, sl, fp, lr}
1000335c:	f8dd 8028 	ldr.w	r8, [sp, #40]	@ 0x28
10003360:	2a00      	cmp	r2, #0
10003362:	d03f      	beq.n	100033e4 <usbd_open_edpt_pair+0x8c>
10003364:	460c      	mov	r4, r1
10003366:	461e      	mov	r6, r3
10003368:	4615      	mov	r5, r2
1000336a:	f04f 0b00 	mov.w	fp, #0
1000336e:	4f1f      	ldr	r7, [pc, #124]	@ (100033ec <usbd_open_edpt_pair+0x94>)
10003370:	f8df 907c 	ldr.w	r9, [pc, #124]	@ 100033f0 <usbd_open_edpt_pair+0x98>
10003374:	e017      	b.n	100033a6 <usbd_open_edpt_pair+0x4e>
10003376:	4620      	mov	r0, r4
10003378:	f899 1002 	ldrb.w	r1, [r9, #2]
1000337c:	f000 fe14 	bl	10003fa8 <tu_edpt_validate>
10003380:	b1f8      	cbz	r0, 100033c2 <usbd_open_edpt_pair+0x6a>
10003382:	4621      	mov	r1, r4
10003384:	4650      	mov	r0, sl
10003386:	f7ff fa3d 	bl	10002804 <dcd_edpt_open>
1000338a:	b308      	cbz	r0, 100033d0 <usbd_open_edpt_pair+0x78>
1000338c:	78a3      	ldrb	r3, [r4, #2]
1000338e:	f10b 0b01 	add.w	fp, fp, #1
10003392:	09da      	lsrs	r2, r3, #7
10003394:	bf16      	itet	ne
10003396:	9a0b      	ldrne	r2, [sp, #44]	@ 0x2c
10003398:	f888 3000 	strbeq.w	r3, [r8]
1000339c:	7013      	strbne	r3, [r2, #0]
1000339e:	7823      	ldrb	r3, [r4, #0]
100033a0:	45ab      	cmp	fp, r5
100033a2:	441c      	add	r4, r3
100033a4:	d01e      	beq.n	100033e4 <usbd_open_edpt_pair+0x8c>
100033a6:	7863      	ldrb	r3, [r4, #1]
100033a8:	2b05      	cmp	r3, #5
100033aa:	d111      	bne.n	100033d0 <usbd_open_edpt_pair+0x78>
100033ac:	78e1      	ldrb	r1, [r4, #3]
100033ae:	f001 0103 	and.w	r1, r1, #3
100033b2:	42b1      	cmp	r1, r6
100033b4:	d10c      	bne.n	100033d0 <usbd_open_edpt_pair+0x78>
100033b6:	78a3      	ldrb	r3, [r4, #2]
100033b8:	f897 a000 	ldrb.w	sl, [r7]
100033bc:	f013 0f70 	tst.w	r3, #112	@ 0x70
100033c0:	d0d9      	beq.n	10003376 <usbd_open_edpt_pair+0x1e>
100033c2:	f04f 23e0 	mov.w	r3, #3758153728	@ 0xe000e000
100033c6:	f8d3 3df0 	ldr.w	r3, [r3, #3568]	@ 0xdf0
100033ca:	07da      	lsls	r2, r3, #31
100033cc:	d500      	bpl.n	100033d0 <usbd_open_edpt_pair+0x78>
100033ce:	be00      	bkpt	0x0000
100033d0:	f04f 23e0 	mov.w	r3, #3758153728	@ 0xe000e000
100033d4:	f8d3 3df0 	ldr.w	r3, [r3, #3568]	@ 0xdf0
100033d8:	07db      	lsls	r3, r3, #31
100033da:	d500      	bpl.n	100033de <usbd_open_edpt_pair+0x86>
100033dc:	be00      	bkpt	0x0000
100033de:	2000      	movs	r0, #0
100033e0:	e8bd 8ff8 	ldmia.w	sp!, {r3, r4, r5, r6, r7, r8, r9, sl, fp, pc}
100033e4:	2001      	movs	r0, #1
100033e6:	e8bd 8ff8 	ldmia.w	sp!, {r3, r4, r5, r6, r7, r8, r9, sl, fp, pc}
100033ea:	bf00      	nop
100033ec:	20000e98 	.word	0x20000e98
100033f0:	200013b0 	.word	0x200013b0

100033f4 <usbd_edpt_open>:
100033f4:	b538      	push	{r3, r4, r5, lr}
100033f6:	4b0e      	ldr	r3, [pc, #56]	@ (10003430 <usbd_edpt_open+0x3c>)
100033f8:	781d      	ldrb	r5, [r3, #0]
100033fa:	788b      	ldrb	r3, [r1, #2]
100033fc:	f013 0f70 	tst.w	r3, #112	@ 0x70
10003400:	d008      	beq.n	10003414 <usbd_edpt_open+0x20>
10003402:	f04f 23e0 	mov.w	r3, #3758153728	@ 0xe000e000
10003406:	f8d3 3df0 	ldr.w	r3, [r3, #3568]	@ 0xdf0
1000340a:	07db      	lsls	r3, r3, #31
1000340c:	d500      	bpl.n	10003410 <usbd_edpt_open+0x1c>
1000340e:	be00      	bkpt	0x0000
10003410:	2000      	movs	r0, #0
10003412:	bd38      	pop	{r3, r4, r5, pc}
10003414:	4b07      	ldr	r3, [pc, #28]	@ (10003434 <usbd_edpt_open+0x40>)
10003416:	460c      	mov	r4, r1
10003418:	4608      	mov	r0, r1
1000341a:	7899      	ldrb	r1, [r3, #2]
1000341c:	f000 fdc4 	bl	10003fa8 <tu_edpt_validate>
10003420:	2800      	cmp	r0, #0
10003422:	d0ee      	beq.n	10003402 <usbd_edpt_open+0xe>
10003424:	4621      	mov	r1, r4
10003426:	4628      	mov	r0, r5
10003428:	e8bd 4038 	ldmia.w	sp!, {r3, r4, r5, lr}
1000342c:	f7ff b9ea 	b.w	10002804 <dcd_edpt_open>
10003430:	20000e98 	.word	0x20000e98
10003434:	200013b0 	.word	0x200013b0

10003438 <usbd_edpt_claim>:
10003438:	460b      	mov	r3, r1
1000343a:	4a06      	ldr	r2, [pc, #24]	@ (10003454 <usbd_edpt_claim+0x1c>)
1000343c:	4806      	ldr	r0, [pc, #24]	@ (10003458 <usbd_edpt_claim+0x20>)
1000343e:	6811      	ldr	r1, [r2, #0]
10003440:	09da      	lsrs	r2, r3, #7
10003442:	3234      	adds	r2, #52	@ 0x34
10003444:	f003 037f 	and.w	r3, r3, #127	@ 0x7f
10003448:	eb02 0343 	add.w	r3, r2, r3, lsl #1
1000344c:	4418      	add	r0, r3
1000344e:	f000 bd65 	b.w	10003f1c <tu_edpt_claim>
10003452:	bf00      	nop
10003454:	20001404 	.word	0x20001404
10003458:	200013b0 	.word	0x200013b0

1000345c <usbd_edpt_release>:
1000345c:	460b      	mov	r3, r1
1000345e:	4a06      	ldr	r2, [pc, #24]	@ (10003478 <usbd_edpt_release+0x1c>)
10003460:	4806      	ldr	r0, [pc, #24]	@ (1000347c <usbd_edpt_release+0x20>)
10003462:	6811      	ldr	r1, [r2, #0]
10003464:	09da      	lsrs	r2, r3, #7
10003466:	3234      	adds	r2, #52	@ 0x34
10003468:	f003 037f 	and.w	r3, r3, #127	@ 0x7f
1000346c:	eb02 0343 	add.w	r3, r2, r3, lsl #1
10003470:	4418      	add	r0, r3
10003472:	f000 bd7d 	b.w	10003f70 <tu_edpt_release>
10003476:	bf00      	nop
10003478:	20001404 	.word	0x20001404
1000347c:	200013b0 	.word	0x200013b0

10003480 <usbd_edpt_xfer>:
10003480:	b510      	push	{r4, lr}
10003482:	4c19      	ldr	r4, [pc, #100]	@ (100034e8 <usbd_edpt_xfer+0x68>)
10003484:	f001 0e7f 	and.w	lr, r1, #127	@ 0x7f
10003488:	eb04 044e 	add.w	r4, r4, lr, lsl #1
1000348c:	eb04 14d1 	add.w	r4, r4, r1, lsr #7
10003490:	f894 c034 	ldrb.w	ip, [r4, #52]	@ 0x34
10003494:	4815      	ldr	r0, [pc, #84]	@ (100034ec <usbd_edpt_xfer+0x6c>)
10003496:	f01c 0f01 	tst.w	ip, #1
1000349a:	f104 0430 	add.w	r4, r4, #48	@ 0x30
1000349e:	7800      	ldrb	r0, [r0, #0]
100034a0:	d008      	beq.n	100034b4 <usbd_edpt_xfer+0x34>
100034a2:	f04f 23e0 	mov.w	r3, #3758153728	@ 0xe000e000
100034a6:	f8d3 3df0 	ldr.w	r3, [r3, #3568]	@ 0xdf0
100034aa:	07da      	lsls	r2, r3, #31
100034ac:	d500      	bpl.n	100034b0 <usbd_edpt_xfer+0x30>
100034ae:	be00      	bkpt	0x0000
100034b0:	2000      	movs	r0, #0
100034b2:	bd10      	pop	{r4, pc}
100034b4:	f894 c004 	ldrb.w	ip, [r4, #4]
100034b8:	f04c 0c01 	orr.w	ip, ip, #1
100034bc:	f884 c004 	strb.w	ip, [r4, #4]
100034c0:	f7ff fa26 	bl	10002910 <dcd_edpt_xfer>
100034c4:	2800      	cmp	r0, #0
100034c6:	d1f4      	bne.n	100034b2 <usbd_edpt_xfer+0x32>
100034c8:	f04f 21e0 	mov.w	r1, #3758153728	@ 0xe000e000
100034cc:	7922      	ldrb	r2, [r4, #4]
100034ce:	f360 0200 	bfi	r2, r0, #0, #1
100034d2:	7122      	strb	r2, [r4, #4]
100034d4:	7922      	ldrb	r2, [r4, #4]
100034d6:	f360 0282 	bfi	r2, r0, #2, #1
100034da:	7122      	strb	r2, [r4, #4]
100034dc:	f8d1 3df0 	ldr.w	r3, [r1, #3568]	@ 0xdf0
100034e0:	07db      	lsls	r3, r3, #31
100034e2:	d5e5      	bpl.n	100034b0 <usbd_edpt_xfer+0x30>
100034e4:	e7e3      	b.n	100034ae <usbd_edpt_xfer+0x2e>
100034e6:	bf00      	nop
100034e8:	200013b0 	.word	0x200013b0
100034ec:	20000e98 	.word	0x20000e98

100034f0 <tud_control_status>:
100034f0:	b530      	push	{r4, r5, lr}
100034f2:	4c0b      	ldr	r4, [pc, #44]	@ (10003520 <tud_control_status+0x30>)
100034f4:	468c      	mov	ip, r1
100034f6:	46a6      	mov	lr, r4
100034f8:	4605      	mov	r5, r0
100034fa:	6808      	ldr	r0, [r1, #0]
100034fc:	6849      	ldr	r1, [r1, #4]
100034fe:	2300      	movs	r3, #0
10003500:	e8ae 0003 	stmia.w	lr!, {r0, r1}
10003504:	f89c 1000 	ldrb.w	r1, [ip]
10003508:	4628      	mov	r0, r5
1000350a:	43c9      	mvns	r1, r1
1000350c:	e9c4 3302 	strd	r3, r3, [r4, #8]
10003510:	e8bd 4030 	ldmia.w	sp!, {r4, r5, lr}
10003514:	461a      	mov	r2, r3
10003516:	f001 0180 	and.w	r1, r1, #128	@ 0x80
1000351a:	f7ff bfb1 	b.w	10003480 <usbd_edpt_xfer>
1000351e:	bf00      	nop
10003520:	20001370 	.word	0x20001370

10003524 <tud_control_xfer>:
10003524:	e92d 41f0 	stmdb	sp!, {r4, r5, r6, r7, r8, lr}
10003528:	4f27      	ldr	r7, [pc, #156]	@ (100035c8 <tud_control_xfer+0xa4>)
1000352a:	f04f 0800 	mov.w	r8, #0
1000352e:	46be      	mov	lr, r7
10003530:	468c      	mov	ip, r1
10003532:	4606      	mov	r6, r0
10003534:	6808      	ldr	r0, [r1, #0]
10003536:	6849      	ldr	r1, [r1, #4]
10003538:	60ba      	str	r2, [r7, #8]
1000353a:	e8ae 0003 	stmia.w	lr!, {r0, r1}
1000353e:	f8a7 800e 	strh.w	r8, [r7, #14]
10003542:	4615      	mov	r5, r2
10003544:	f8bc 2006 	ldrh.w	r2, [ip, #6]
10003548:	4293      	cmp	r3, r2
1000354a:	bf28      	it	cs
1000354c:	4613      	movcs	r3, r2
1000354e:	81bb      	strh	r3, [r7, #12]
10003550:	b19a      	cbz	r2, 1000357a <tud_control_xfer+0x56>
10003552:	461c      	mov	r4, r3
10003554:	b32b      	cbz	r3, 100035a2 <tud_control_xfer+0x7e>
10003556:	b1dd      	cbz	r5, 10003590 <tud_control_xfer+0x6c>
10003558:	f997 3000 	ldrsb.w	r3, [r7]
1000355c:	2c40      	cmp	r4, #64	@ 0x40
1000355e:	bf28      	it	cs
10003560:	2440      	movcs	r4, #64	@ 0x40
10003562:	2b00      	cmp	r3, #0
10003564:	db28      	blt.n	100035b8 <tud_control_xfer+0x94>
10003566:	4641      	mov	r1, r8
10003568:	4623      	mov	r3, r4
1000356a:	4630      	mov	r0, r6
1000356c:	4a17      	ldr	r2, [pc, #92]	@ (100035cc <tud_control_xfer+0xa8>)
1000356e:	f7ff ff87 	bl	10003480 <usbd_edpt_xfer>
10003572:	b168      	cbz	r0, 10003590 <tud_control_xfer+0x6c>
10003574:	2001      	movs	r0, #1
10003576:	e8bd 81f0 	ldmia.w	sp!, {r4, r5, r6, r7, r8, pc}
1000357a:	f89c 1000 	ldrb.w	r1, [ip]
1000357e:	4613      	mov	r3, r2
10003580:	43c9      	mvns	r1, r1
10003582:	4630      	mov	r0, r6
10003584:	f001 0180 	and.w	r1, r1, #128	@ 0x80
10003588:	f7ff ff7a 	bl	10003480 <usbd_edpt_xfer>
1000358c:	2800      	cmp	r0, #0
1000358e:	d1f1      	bne.n	10003574 <tud_control_xfer+0x50>
10003590:	f04f 23e0 	mov.w	r3, #3758153728	@ 0xe000e000
10003594:	f8d3 3df0 	ldr.w	r3, [r3, #3568]	@ 0xdf0
10003598:	07db      	lsls	r3, r3, #31
1000359a:	d500      	bpl.n	1000359e <tud_control_xfer+0x7a>
1000359c:	be00      	bkpt	0x0000
1000359e:	2000      	movs	r0, #0
100035a0:	e7e9      	b.n	10003576 <tud_control_xfer+0x52>
100035a2:	461a      	mov	r2, r3
100035a4:	7839      	ldrb	r1, [r7, #0]
100035a6:	f001 0180 	and.w	r1, r1, #128	@ 0x80
100035aa:	4623      	mov	r3, r4
100035ac:	4630      	mov	r0, r6
100035ae:	f7ff ff67 	bl	10003480 <usbd_edpt_xfer>
100035b2:	2800      	cmp	r0, #0
100035b4:	d1de      	bne.n	10003574 <tud_control_xfer+0x50>
100035b6:	e7eb      	b.n	10003590 <tud_control_xfer+0x6c>
100035b8:	4622      	mov	r2, r4
100035ba:	4629      	mov	r1, r5
100035bc:	4803      	ldr	r0, [pc, #12]	@ (100035cc <tud_control_xfer+0xa8>)
100035be:	f001 f8ed 	bl	1000479c <memcpy>
100035c2:	2180      	movs	r1, #128	@ 0x80
100035c4:	4a01      	ldr	r2, [pc, #4]	@ (100035cc <tud_control_xfer+0xa8>)
100035c6:	e7f0      	b.n	100035aa <tud_control_xfer+0x86>
100035c8:	20001370 	.word	0x20001370
100035cc:	20001330 	.word	0x20001330

100035d0 <usbd_control_reset>:
100035d0:	2200      	movs	r2, #0
100035d2:	4b03      	ldr	r3, [pc, #12]	@ (100035e0 <usbd_control_reset+0x10>)
100035d4:	e9c3 2200 	strd	r2, r2, [r3]
100035d8:	e9c3 2202 	strd	r2, r2, [r3, #8]
100035dc:	611a      	str	r2, [r3, #16]
100035de:	4770      	bx	lr
100035e0:	20001370 	.word	0x20001370

100035e4 <usbd_control_set_complete_callback>:
100035e4:	4b01      	ldr	r3, [pc, #4]	@ (100035ec <usbd_control_set_complete_callback+0x8>)
100035e6:	6118      	str	r0, [r3, #16]
100035e8:	4770      	bx	lr
100035ea:	bf00      	nop
100035ec:	20001370 	.word	0x20001370

100035f0 <usbd_control_set_request>:
100035f0:	b430      	push	{r4, r5}
100035f2:	4602      	mov	r2, r0
100035f4:	4c04      	ldr	r4, [pc, #16]	@ (10003608 <usbd_control_set_request+0x18>)
100035f6:	2500      	movs	r5, #0
100035f8:	4623      	mov	r3, r4
100035fa:	6800      	ldr	r0, [r0, #0]
100035fc:	6851      	ldr	r1, [r2, #4]
100035fe:	e9c4 5502 	strd	r5, r5, [r4, #8]
10003602:	bc30      	pop	{r4, r5}
10003604:	c303      	stmia	r3!, {r0, r1}
10003606:	4770      	bx	lr
10003608:	20001370 	.word	0x20001370

1000360c <usbd_control_xfer_cb>:
1000360c:	b570      	push	{r4, r5, r6, lr}
1000360e:	4c3c      	ldr	r4, [pc, #240]	@ (10003700 <usbd_control_xfer_cb+0xf4>)
10003610:	09c9      	lsrs	r1, r1, #7
10003612:	7822      	ldrb	r2, [r4, #0]
10003614:	4606      	mov	r6, r0
10003616:	ebb1 1fd2 	cmp.w	r1, r2, lsr #7
1000361a:	461d      	mov	r5, r3
1000361c:	b082      	sub	sp, #8
1000361e:	d017      	beq.n	10003650 <usbd_control_xfer_cb+0x44>
10003620:	b153      	cbz	r3, 10003638 <usbd_control_xfer_cb+0x2c>
10003622:	f04f 23e0 	mov.w	r3, #3758153728	@ 0xe000e000
10003626:	f8d3 3df0 	ldr.w	r3, [r3, #3568]	@ 0xdf0
1000362a:	07db      	lsls	r3, r3, #31
1000362c:	d402      	bmi.n	10003634 <usbd_control_xfer_cb+0x28>
1000362e:	2000      	movs	r0, #0
10003630:	b002      	add	sp, #8
10003632:	bd70      	pop	{r4, r5, r6, pc}
10003634:	be00      	bkpt	0x0000
10003636:	e7fa      	b.n	1000362e <usbd_control_xfer_cb+0x22>
10003638:	4621      	mov	r1, r4
1000363a:	f7ff f8d5 	bl	100027e8 <dcd_edpt0_status_complete>
1000363e:	6923      	ldr	r3, [r4, #16]
10003640:	b11b      	cbz	r3, 1000364a <usbd_control_xfer_cb+0x3e>
10003642:	4622      	mov	r2, r4
10003644:	2103      	movs	r1, #3
10003646:	4630      	mov	r0, r6
10003648:	4798      	blx	r3
1000364a:	2001      	movs	r0, #1
1000364c:	b002      	add	sp, #8
1000364e:	bd70      	pop	{r4, r5, r6, pc}
10003650:	f994 3000 	ldrsb.w	r3, [r4]
10003654:	68a0      	ldr	r0, [r4, #8]
10003656:	2b00      	cmp	r3, #0
10003658:	db05      	blt.n	10003666 <usbd_control_xfer_cb+0x5a>
1000365a:	2800      	cmp	r0, #0
1000365c:	d0e7      	beq.n	1000362e <usbd_control_xfer_cb+0x22>
1000365e:	462a      	mov	r2, r5
10003660:	4928      	ldr	r1, [pc, #160]	@ (10003704 <usbd_control_xfer_cb+0xf8>)
10003662:	f001 f89b 	bl	1000479c <memcpy>
10003666:	89e0      	ldrh	r0, [r4, #14]
10003668:	68a1      	ldr	r1, [r4, #8]
1000366a:	88e3      	ldrh	r3, [r4, #6]
1000366c:	4428      	add	r0, r5
1000366e:	b280      	uxth	r0, r0
10003670:	4429      	add	r1, r5
10003672:	4283      	cmp	r3, r0
10003674:	81e0      	strh	r0, [r4, #14]
10003676:	60a1      	str	r1, [r4, #8]
10003678:	d016      	beq.n	100036a8 <usbd_control_xfer_cb+0x9c>
1000367a:	2d3f      	cmp	r5, #63	@ 0x3f
1000367c:	d914      	bls.n	100036a8 <usbd_control_xfer_cb+0x9c>
1000367e:	89a2      	ldrh	r2, [r4, #12]
10003680:	f994 4000 	ldrsb.w	r4, [r4]
10003684:	1a13      	subs	r3, r2, r0
10003686:	b29b      	uxth	r3, r3
10003688:	2b40      	cmp	r3, #64	@ 0x40
1000368a:	bf28      	it	cs
1000368c:	2340      	movcs	r3, #64	@ 0x40
1000368e:	2c00      	cmp	r4, #0
10003690:	db26      	blt.n	100036e0 <usbd_control_xfer_cb+0xd4>
10003692:	4290      	cmp	r0, r2
10003694:	f04f 0100 	mov.w	r1, #0
10003698:	d030      	beq.n	100036fc <usbd_control_xfer_cb+0xf0>
1000369a:	4a1a      	ldr	r2, [pc, #104]	@ (10003704 <usbd_control_xfer_cb+0xf8>)
1000369c:	4630      	mov	r0, r6
1000369e:	f7ff feef 	bl	10003480 <usbd_edpt_xfer>
100036a2:	2800      	cmp	r0, #0
100036a4:	d1d1      	bne.n	1000364a <usbd_control_xfer_cb+0x3e>
100036a6:	e7bc      	b.n	10003622 <usbd_control_xfer_cb+0x16>
100036a8:	6923      	ldr	r3, [r4, #16]
100036aa:	b123      	cbz	r3, 100036b6 <usbd_control_xfer_cb+0xaa>
100036ac:	2102      	movs	r1, #2
100036ae:	4630      	mov	r0, r6
100036b0:	4a13      	ldr	r2, [pc, #76]	@ (10003700 <usbd_control_xfer_cb+0xf4>)
100036b2:	4798      	blx	r3
100036b4:	b158      	cbz	r0, 100036ce <usbd_control_xfer_cb+0xc2>
100036b6:	7821      	ldrb	r1, [r4, #0]
100036b8:	2300      	movs	r3, #0
100036ba:	43c9      	mvns	r1, r1
100036bc:	4630      	mov	r0, r6
100036be:	461a      	mov	r2, r3
100036c0:	f001 0180 	and.w	r1, r1, #128	@ 0x80
100036c4:	f7ff fedc 	bl	10003480 <usbd_edpt_xfer>
100036c8:	2800      	cmp	r0, #0
100036ca:	d1be      	bne.n	1000364a <usbd_control_xfer_cb+0x3e>
100036cc:	e7a9      	b.n	10003622 <usbd_control_xfer_cb+0x16>
100036ce:	4601      	mov	r1, r0
100036d0:	4630      	mov	r0, r6
100036d2:	f7ff f931 	bl	10002938 <dcd_edpt_stall>
100036d6:	2180      	movs	r1, #128	@ 0x80
100036d8:	4630      	mov	r0, r6
100036da:	f7ff f92d 	bl	10002938 <dcd_edpt_stall>
100036de:	e7b4      	b.n	1000364a <usbd_control_xfer_cb+0x3e>
100036e0:	4290      	cmp	r0, r2
100036e2:	d008      	beq.n	100036f6 <usbd_control_xfer_cb+0xea>
100036e4:	461a      	mov	r2, r3
100036e6:	4807      	ldr	r0, [pc, #28]	@ (10003704 <usbd_control_xfer_cb+0xf8>)
100036e8:	9301      	str	r3, [sp, #4]
100036ea:	f001 f857 	bl	1000479c <memcpy>
100036ee:	2180      	movs	r1, #128	@ 0x80
100036f0:	4a04      	ldr	r2, [pc, #16]	@ (10003704 <usbd_control_xfer_cb+0xf8>)
100036f2:	9b01      	ldr	r3, [sp, #4]
100036f4:	e7d2      	b.n	1000369c <usbd_control_xfer_cb+0x90>
100036f6:	2180      	movs	r1, #128	@ 0x80
100036f8:	2200      	movs	r2, #0
100036fa:	e7cf      	b.n	1000369c <usbd_control_xfer_cb+0x90>
100036fc:	460a      	mov	r2, r1
100036fe:	e7cd      	b.n	1000369c <usbd_control_xfer_cb+0x90>
10003700:	20001370 	.word	0x20001370
10003704:	20001330 	.word	0x20001330

10003708 <_prep_out_transaction.isra.0>:
10003708:	e92d 41f0 	stmdb	sp!, {r4, r5, r6, r7, r8, lr}
1000370c:	4604      	mov	r4, r0
1000370e:	f7ff f9d5 	bl	10002abc <tud_mounted>
10003712:	b908      	cbnz	r0, 10003718 <_prep_out_transaction.isra.0+0x10>
10003714:	e8bd 81f0 	ldmia.w	sp!, {r4, r5, r6, r7, r8, pc}
10003718:	f7ff f9d8 	bl	10002acc <tud_suspended>
1000371c:	4607      	mov	r7, r0
1000371e:	2800      	cmp	r0, #0
10003720:	d1f8      	bne.n	10003714 <_prep_out_transaction.isra.0+0xc>
10003722:	22c8      	movs	r2, #200	@ 0xc8
10003724:	4b13      	ldr	r3, [pc, #76]	@ (10003774 <_prep_out_transaction.isra.0+0x6c>)
10003726:	fb02 3604 	mla	r6, r2, r4, r3
1000372a:	78f1      	ldrb	r1, [r6, #3]
1000372c:	2900      	cmp	r1, #0
1000372e:	d0f1      	beq.n	10003714 <_prep_out_transaction.isra.0+0xc>
10003730:	f106 0510 	add.w	r5, r6, #16
10003734:	4628      	mov	r0, r5
10003736:	f000 fde1 	bl	100042fc <tu_fifo_remaining>
1000373a:	283f      	cmp	r0, #63	@ 0x3f
1000373c:	d9ea      	bls.n	10003714 <_prep_out_transaction.isra.0+0xc>
1000373e:	4638      	mov	r0, r7
10003740:	78f1      	ldrb	r1, [r6, #3]
10003742:	f7ff fe79 	bl	10003438 <usbd_edpt_claim>
10003746:	2800      	cmp	r0, #0
10003748:	d0e4      	beq.n	10003714 <_prep_out_transaction.isra.0+0xc>
1000374a:	4628      	mov	r0, r5
1000374c:	f000 fdd6 	bl	100042fc <tu_fifo_remaining>
10003750:	283f      	cmp	r0, #63	@ 0x3f
10003752:	d909      	bls.n	10003768 <_prep_out_transaction.isra.0+0x60>
10003754:	4a08      	ldr	r2, [pc, #32]	@ (10003778 <_prep_out_transaction.isra.0+0x70>)
10003756:	4638      	mov	r0, r7
10003758:	78f1      	ldrb	r1, [r6, #3]
1000375a:	eb02 12c4 	add.w	r2, r2, r4, lsl #7
1000375e:	2340      	movs	r3, #64	@ 0x40
10003760:	e8bd 41f0 	ldmia.w	sp!, {r4, r5, r6, r7, r8, lr}
10003764:	f7ff be8c 	b.w	10003480 <usbd_edpt_xfer>
10003768:	4638      	mov	r0, r7
1000376a:	78f1      	ldrb	r1, [r6, #3]
1000376c:	e8bd 41f0 	ldmia.w	sp!, {r4, r5, r6, r7, r8, lr}
10003770:	f7ff be74 	b.w	1000345c <usbd_edpt_release>
10003774:	20000ea8 	.word	0x20000ea8
10003778:	200012ac 	.word	0x200012ac

1000377c <tud_cdc_n_connected>:
1000377c:	b510      	push	{r4, lr}
1000377e:	4604      	mov	r4, r0
10003780:	f7ff f99c 	bl	10002abc <tud_mounted>
10003784:	b908      	cbnz	r0, 1000378a <tud_cdc_n_connected+0xe>
10003786:	2000      	movs	r0, #0
10003788:	bd10      	pop	{r4, pc}
1000378a:	f7ff f99f 	bl	10002acc <tud_suspended>
1000378e:	2800      	cmp	r0, #0
10003790:	d1f9      	bne.n	10003786 <tud_cdc_n_connected+0xa>
10003792:	22c8      	movs	r2, #200	@ 0xc8
10003794:	4b03      	ldr	r3, [pc, #12]	@ (100037a4 <tud_cdc_n_connected+0x28>)
10003796:	fb02 3304 	mla	r3, r2, r4, r3
1000379a:	7918      	ldrb	r0, [r3, #4]
1000379c:	f000 0001 	and.w	r0, r0, #1
100037a0:	bd10      	pop	{r4, pc}
100037a2:	bf00      	nop
100037a4:	20000ea8 	.word	0x20000ea8

100037a8 <tud_cdc_n_available>:
100037a8:	21c8      	movs	r1, #200	@ 0xc8
100037aa:	b508      	push	{r3, lr}
100037ac:	2310      	movs	r3, #16
100037ae:	fb01 3000 	mla	r0, r1, r0, r3
100037b2:	4a02      	ldr	r2, [pc, #8]	@ (100037bc <tud_cdc_n_available+0x14>)
100037b4:	4410      	add	r0, r2
100037b6:	f000 fd87 	bl	100042c8 <tu_fifo_count>
100037ba:	bd08      	pop	{r3, pc}
100037bc:	20000ea8 	.word	0x20000ea8

100037c0 <tud_cdc_n_read>:
100037c0:	e92d 43f8 	stmdb	sp!, {r3, r4, r5, r6, r7, r8, r9, lr}
100037c4:	f64f 73ff 	movw	r3, #65535	@ 0xffff
100037c8:	f04f 08c8 	mov.w	r8, #200	@ 0xc8
100037cc:	2410      	movs	r4, #16
100037ce:	429a      	cmp	r2, r3
100037d0:	bf28      	it	cs
100037d2:	461a      	movcs	r2, r3
100037d4:	fb18 4400 	smlabb	r4, r8, r0, r4
100037d8:	4f1a      	ldr	r7, [pc, #104]	@ (10003844 <tud_cdc_n_read+0x84>)
100037da:	4606      	mov	r6, r0
100037dc:	443c      	add	r4, r7
100037de:	4620      	mov	r0, r4
100037e0:	b292      	uxth	r2, r2
100037e2:	f000 fde7 	bl	100043b4 <tu_fifo_read_n>
100037e6:	4605      	mov	r5, r0
100037e8:	f7ff f968 	bl	10002abc <tud_mounted>
100037ec:	b910      	cbnz	r0, 100037f4 <tud_cdc_n_read+0x34>
100037ee:	4628      	mov	r0, r5
100037f0:	e8bd 83f8 	ldmia.w	sp!, {r3, r4, r5, r6, r7, r8, r9, pc}
100037f4:	f7ff f96a 	bl	10002acc <tud_suspended>
100037f8:	4681      	mov	r9, r0
100037fa:	2800      	cmp	r0, #0
100037fc:	d1f7      	bne.n	100037ee <tud_cdc_n_read+0x2e>
100037fe:	fb08 7706 	mla	r7, r8, r6, r7
10003802:	78fb      	ldrb	r3, [r7, #3]
10003804:	2b00      	cmp	r3, #0
10003806:	d0f2      	beq.n	100037ee <tud_cdc_n_read+0x2e>
10003808:	4620      	mov	r0, r4
1000380a:	f000 fd77 	bl	100042fc <tu_fifo_remaining>
1000380e:	283f      	cmp	r0, #63	@ 0x3f
10003810:	d9ed      	bls.n	100037ee <tud_cdc_n_read+0x2e>
10003812:	4648      	mov	r0, r9
10003814:	78f9      	ldrb	r1, [r7, #3]
10003816:	f7ff fe0f 	bl	10003438 <usbd_edpt_claim>
1000381a:	2800      	cmp	r0, #0
1000381c:	d0e7      	beq.n	100037ee <tud_cdc_n_read+0x2e>
1000381e:	4620      	mov	r0, r4
10003820:	f000 fd6c 	bl	100042fc <tu_fifo_remaining>
10003824:	283f      	cmp	r0, #63	@ 0x3f
10003826:	d908      	bls.n	1000383a <tud_cdc_n_read+0x7a>
10003828:	4a07      	ldr	r2, [pc, #28]	@ (10003848 <tud_cdc_n_read+0x88>)
1000382a:	4648      	mov	r0, r9
1000382c:	2340      	movs	r3, #64	@ 0x40
1000382e:	78f9      	ldrb	r1, [r7, #3]
10003830:	eb02 12c6 	add.w	r2, r2, r6, lsl #7
10003834:	f7ff fe24 	bl	10003480 <usbd_edpt_xfer>
10003838:	e7d9      	b.n	100037ee <tud_cdc_n_read+0x2e>
1000383a:	4648      	mov	r0, r9
1000383c:	78f9      	ldrb	r1, [r7, #3]
1000383e:	f7ff fe0d 	bl	1000345c <usbd_edpt_release>
10003842:	e7d4      	b.n	100037ee <tud_cdc_n_read+0x2e>
10003844:	20000ea8 	.word	0x20000ea8
10003848:	200012ac 	.word	0x200012ac

1000384c <tud_cdc_n_write_flush>:
1000384c:	e92d 41f0 	stmdb	sp!, {r4, r5, r6, r7, r8, lr}
10003850:	4605      	mov	r5, r0
10003852:	f7ff f933 	bl	10002abc <tud_mounted>
10003856:	b910      	cbnz	r0, 1000385e <tud_cdc_n_write_flush+0x12>
10003858:	2000      	movs	r0, #0
1000385a:	e8bd 81f0 	ldmia.w	sp!, {r4, r5, r6, r7, r8, pc}
1000385e:	f7ff f935 	bl	10002acc <tud_suspended>
10003862:	4606      	mov	r6, r0
10003864:	2800      	cmp	r0, #0
10003866:	d1f7      	bne.n	10003858 <tud_cdc_n_write_flush+0xc>
10003868:	f04f 08c8 	mov.w	r8, #200	@ 0xc8
1000386c:	2424      	movs	r4, #36	@ 0x24
1000386e:	fb18 4405 	smlabb	r4, r8, r5, r4
10003872:	4f17      	ldr	r7, [pc, #92]	@ (100038d0 <tud_cdc_n_write_flush+0x84>)
10003874:	443c      	add	r4, r7
10003876:	4620      	mov	r0, r4
10003878:	f000 fd26 	bl	100042c8 <tu_fifo_count>
1000387c:	2800      	cmp	r0, #0
1000387e:	d0eb      	beq.n	10003858 <tud_cdc_n_write_flush+0xc>
10003880:	fb08 7705 	mla	r7, r8, r5, r7
10003884:	4630      	mov	r0, r6
10003886:	78b9      	ldrb	r1, [r7, #2]
10003888:	f7ff fdd6 	bl	10003438 <usbd_edpt_claim>
1000388c:	2800      	cmp	r0, #0
1000388e:	d0e3      	beq.n	10003858 <tud_cdc_n_write_flush+0xc>
10003890:	2240      	movs	r2, #64	@ 0x40
10003892:	4b10      	ldr	r3, [pc, #64]	@ (100038d4 <tud_cdc_n_write_flush+0x88>)
10003894:	4620      	mov	r0, r4
10003896:	eb02 14c5 	add.w	r4, r2, r5, lsl #7
1000389a:	441c      	add	r4, r3
1000389c:	4621      	mov	r1, r4
1000389e:	f000 fd89 	bl	100043b4 <tu_fifo_read_n>
100038a2:	4605      	mov	r5, r0
100038a4:	b180      	cbz	r0, 100038c8 <tud_cdc_n_write_flush+0x7c>
100038a6:	4603      	mov	r3, r0
100038a8:	4622      	mov	r2, r4
100038aa:	4630      	mov	r0, r6
100038ac:	78b9      	ldrb	r1, [r7, #2]
100038ae:	f7ff fde7 	bl	10003480 <usbd_edpt_xfer>
100038b2:	b938      	cbnz	r0, 100038c4 <tud_cdc_n_write_flush+0x78>
100038b4:	f04f 23e0 	mov.w	r3, #3758153728	@ 0xe000e000
100038b8:	f8d3 3df0 	ldr.w	r3, [r3, #3568]	@ 0xdf0
100038bc:	07db      	lsls	r3, r3, #31
100038be:	d5cb      	bpl.n	10003858 <tud_cdc_n_write_flush+0xc>
100038c0:	be00      	bkpt	0x0000
100038c2:	e7c9      	b.n	10003858 <tud_cdc_n_write_flush+0xc>
100038c4:	4628      	mov	r0, r5
100038c6:	e7c8      	b.n	1000385a <tud_cdc_n_write_flush+0xe>
100038c8:	78b9      	ldrb	r1, [r7, #2]
100038ca:	f7ff fdc7 	bl	1000345c <usbd_edpt_release>
100038ce:	e7c3      	b.n	10003858 <tud_cdc_n_write_flush+0xc>
100038d0:	20000ea8 	.word	0x20000ea8
100038d4:	200012ac 	.word	0x200012ac

100038d8 <tud_cdc_n_write>:
100038d8:	b538      	push	{r3, r4, r5, lr}
100038da:	f64f 73ff 	movw	r3, #65535	@ 0xffff
100038de:	f04f 0c24 	mov.w	ip, #36	@ 0x24
100038e2:	24c8      	movs	r4, #200	@ 0xc8
100038e4:	429a      	cmp	r2, r3
100038e6:	bf28      	it	cs
100038e8:	461a      	movcs	r2, r3
100038ea:	fb14 c400 	smlabb	r4, r4, r0, ip
100038ee:	4b0a      	ldr	r3, [pc, #40]	@ (10003918 <tud_cdc_n_write+0x40>)
100038f0:	b292      	uxth	r2, r2
100038f2:	441c      	add	r4, r3
100038f4:	4605      	mov	r5, r0
100038f6:	4620      	mov	r0, r4
100038f8:	f000 fe18 	bl	1000452c <tu_fifo_write_n>
100038fc:	4603      	mov	r3, r0
100038fe:	4620      	mov	r0, r4
10003900:	461c      	mov	r4, r3
10003902:	f000 fce1 	bl	100042c8 <tu_fifo_count>
10003906:	283f      	cmp	r0, #63	@ 0x3f
10003908:	d801      	bhi.n	1000390e <tud_cdc_n_write+0x36>
1000390a:	4620      	mov	r0, r4
1000390c:	bd38      	pop	{r3, r4, r5, pc}
1000390e:	4628      	mov	r0, r5
10003910:	f7ff ff9c 	bl	1000384c <tud_cdc_n_write_flush>
10003914:	4620      	mov	r0, r4
10003916:	bd38      	pop	{r3, r4, r5, pc}
10003918:	20000ea8 	.word	0x20000ea8

1000391c <tud_cdc_n_write_available>:
1000391c:	21c8      	movs	r1, #200	@ 0xc8
1000391e:	b508      	push	{r3, lr}
10003920:	2324      	movs	r3, #36	@ 0x24
10003922:	fb01 3000 	mla	r0, r1, r0, r3
10003926:	4a02      	ldr	r2, [pc, #8]	@ (10003930 <tud_cdc_n_write_available+0x14>)
10003928:	4410      	add	r0, r2
1000392a:	f000 fce7 	bl	100042fc <tu_fifo_remaining>
1000392e:	bd08      	pop	{r3, pc}
10003930:	20000ea8 	.word	0x20000ea8

10003934 <cdcd_init>:
10003934:	b5f0      	push	{r4, r5, r6, r7, lr}
10003936:	4c19      	ldr	r4, [pc, #100]	@ (1000399c <cdcd_init+0x68>)
10003938:	b083      	sub	sp, #12
1000393a:	22c8      	movs	r2, #200	@ 0xc8
1000393c:	2100      	movs	r1, #0
1000393e:	4620      	mov	r0, r4
10003940:	f000 feda 	bl	100046f8 <memset>
10003944:	2500      	movs	r5, #0
10003946:	23ff      	movs	r3, #255	@ 0xff
10003948:	f44f 31e1 	mov.w	r1, #115200	@ 0x1c200
1000394c:	2208      	movs	r2, #8
1000394e:	4814      	ldr	r0, [pc, #80]	@ (100039a0 <cdcd_init+0x6c>)
10003950:	f104 07b8 	add.w	r7, r4, #184	@ 0xb8
10003954:	7005      	strb	r5, [r0, #0]
10003956:	9500      	str	r5, [sp, #0]
10003958:	f104 0010 	add.w	r0, r4, #16
1000395c:	7163      	strb	r3, [r4, #5]
1000395e:	60a1      	str	r1, [r4, #8]
10003960:	73a2      	strb	r2, [r4, #14]
10003962:	f104 0138 	add.w	r1, r4, #56	@ 0x38
10003966:	2301      	movs	r3, #1
10003968:	2240      	movs	r2, #64	@ 0x40
1000396a:	f000 fc7d 	bl	10004268 <tu_fifo_config>
1000396e:	2301      	movs	r3, #1
10003970:	2240      	movs	r2, #64	@ 0x40
10003972:	f104 0178 	add.w	r1, r4, #120	@ 0x78
10003976:	9300      	str	r3, [sp, #0]
10003978:	f104 0024 	add.w	r0, r4, #36	@ 0x24
1000397c:	f000 fc74 	bl	10004268 <tu_fifo_config>
10003980:	f104 06c0 	add.w	r6, r4, #192	@ 0xc0
10003984:	4638      	mov	r0, r7
10003986:	f7fd fa77 	bl	10000e78 <mutex_init>
1000398a:	4630      	mov	r0, r6
1000398c:	f7fd fa74 	bl	10000e78 <mutex_init>
10003990:	e9c4 5707 	strd	r5, r7, [r4, #28]
10003994:	e9c4 650c 	strd	r6, r5, [r4, #48]	@ 0x30
10003998:	b003      	add	sp, #12
1000399a:	bdf0      	pop	{r4, r5, r6, r7, pc}
1000399c:	20000ea8 	.word	0x20000ea8
100039a0:	2000132c 	.word	0x2000132c

100039a4 <cdcd_deinit>:
100039a4:	4b09      	ldr	r3, [pc, #36]	@ (100039cc <cdcd_deinit+0x28>)
100039a6:	6b19      	ldr	r1, [r3, #48]	@ 0x30
100039a8:	b149      	cbz	r1, 100039be <cdcd_deinit+0x1a>
100039aa:	6a1a      	ldr	r2, [r3, #32]
100039ac:	b112      	cbz	r2, 100039b4 <cdcd_deinit+0x10>
100039ae:	2200      	movs	r2, #0
100039b0:	e9c3 2207 	strd	r2, r2, [r3, #28]
100039b4:	2200      	movs	r2, #0
100039b6:	e9c3 220c 	strd	r2, r2, [r3, #48]	@ 0x30
100039ba:	2001      	movs	r0, #1
100039bc:	4770      	bx	lr
100039be:	6a1a      	ldr	r2, [r3, #32]
100039c0:	2a00      	cmp	r2, #0
100039c2:	d0fa      	beq.n	100039ba <cdcd_deinit+0x16>
100039c4:	2001      	movs	r0, #1
100039c6:	e9c3 1107 	strd	r1, r1, [r3, #28]
100039ca:	4770      	bx	lr
100039cc:	20000ea8 	.word	0x20000ea8

100039d0 <cdcd_reset>:
100039d0:	2200      	movs	r2, #0
100039d2:	b510      	push	{r4, lr}
100039d4:	4c0e      	ldr	r4, [pc, #56]	@ (10003a10 <cdcd_reset+0x40>)
100039d6:	480f      	ldr	r0, [pc, #60]	@ (10003a14 <cdcd_reset+0x44>)
100039d8:	7823      	ldrb	r3, [r4, #0]
100039da:	6002      	str	r2, [r0, #0]
100039dc:	7102      	strb	r2, [r0, #4]
100039de:	07da      	lsls	r2, r3, #31
100039e0:	d507      	bpl.n	100039f2 <cdcd_reset+0x22>
100039e2:	079b      	lsls	r3, r3, #30
100039e4:	d50b      	bpl.n	100039fe <cdcd_reset+0x2e>
100039e6:	e8bd 4010 	ldmia.w	sp!, {r4, lr}
100039ea:	2101      	movs	r1, #1
100039ec:	480a      	ldr	r0, [pc, #40]	@ (10003a18 <cdcd_reset+0x48>)
100039ee:	f000 be65 	b.w	100046bc <tu_fifo_set_overwritable>
100039f2:	3010      	adds	r0, #16
100039f4:	f000 fe46 	bl	10004684 <tu_fifo_clear>
100039f8:	7823      	ldrb	r3, [r4, #0]
100039fa:	079b      	lsls	r3, r3, #30
100039fc:	d4f3      	bmi.n	100039e6 <cdcd_reset+0x16>
100039fe:	4806      	ldr	r0, [pc, #24]	@ (10003a18 <cdcd_reset+0x48>)
10003a00:	f000 fe40 	bl	10004684 <tu_fifo_clear>
10003a04:	e8bd 4010 	ldmia.w	sp!, {r4, lr}
10003a08:	2101      	movs	r1, #1
10003a0a:	4803      	ldr	r0, [pc, #12]	@ (10003a18 <cdcd_reset+0x48>)
10003a0c:	f000 be56 	b.w	100046bc <tu_fifo_set_overwritable>
10003a10:	2000132c 	.word	0x2000132c
10003a14:	20000ea8 	.word	0x20000ea8
10003a18:	20000ecc 	.word	0x20000ecc

10003a1c <cdcd_open>:
10003a1c:	b5f0      	push	{r4, r5, r6, r7, lr}
10003a1e:	794b      	ldrb	r3, [r1, #5]
10003a20:	b083      	sub	sp, #12
10003a22:	2b02      	cmp	r3, #2
10003a24:	d003      	beq.n	10003a2e <cdcd_open+0x12>
10003a26:	2500      	movs	r5, #0
10003a28:	4628      	mov	r0, r5
10003a2a:	b003      	add	sp, #12
10003a2c:	bdf0      	pop	{r4, r5, r6, r7, pc}
10003a2e:	798b      	ldrb	r3, [r1, #6]
10003a30:	2b02      	cmp	r3, #2
10003a32:	d1f8      	bne.n	10003a26 <cdcd_open+0xa>
10003a34:	4f26      	ldr	r7, [pc, #152]	@ (10003ad0 <cdcd_open+0xb4>)
10003a36:	78bb      	ldrb	r3, [r7, #2]
10003a38:	b13b      	cbz	r3, 10003a4a <cdcd_open+0x2e>
10003a3a:	f04f 23e0 	mov.w	r3, #3758153728	@ 0xe000e000
10003a3e:	f8d3 3df0 	ldr.w	r3, [r3, #3568]	@ 0xdf0
10003a42:	07db      	lsls	r3, r3, #31
10003a44:	d5ef      	bpl.n	10003a26 <cdcd_open+0xa>
10003a46:	be00      	bkpt	0x0000
10003a48:	e7ed      	b.n	10003a26 <cdcd_open+0xa>
10003a4a:	788b      	ldrb	r3, [r1, #2]
10003a4c:	4606      	mov	r6, r0
10003a4e:	703b      	strb	r3, [r7, #0]
10003a50:	780b      	ldrb	r3, [r1, #0]
10003a52:	2509      	movs	r5, #9
10003a54:	18cc      	adds	r4, r1, r3
10003a56:	7861      	ldrb	r1, [r4, #1]
10003a58:	2924      	cmp	r1, #36	@ 0x24
10003a5a:	d10b      	bne.n	10003a74 <cdcd_open+0x58>
10003a5c:	2a08      	cmp	r2, #8
10003a5e:	d802      	bhi.n	10003a66 <cdcd_open+0x4a>
10003a60:	e00f      	b.n	10003a82 <cdcd_open+0x66>
10003a62:	42aa      	cmp	r2, r5
10003a64:	d30d      	bcc.n	10003a82 <cdcd_open+0x66>
10003a66:	7823      	ldrb	r3, [r4, #0]
10003a68:	441c      	add	r4, r3
10003a6a:	7861      	ldrb	r1, [r4, #1]
10003a6c:	442b      	add	r3, r5
10003a6e:	2924      	cmp	r1, #36	@ 0x24
10003a70:	b29d      	uxth	r5, r3
10003a72:	d0f6      	beq.n	10003a62 <cdcd_open+0x46>
10003a74:	2905      	cmp	r1, #5
10003a76:	d00a      	beq.n	10003a8e <cdcd_open+0x72>
10003a78:	2904      	cmp	r1, #4
10003a7a:	d102      	bne.n	10003a82 <cdcd_open+0x66>
10003a7c:	7963      	ldrb	r3, [r4, #5]
10003a7e:	2b0a      	cmp	r3, #10
10003a80:	d013      	beq.n	10003aaa <cdcd_open+0x8e>
10003a82:	2000      	movs	r0, #0
10003a84:	f7ff fe40 	bl	10003708 <_prep_out_transaction.isra.0>
10003a88:	4628      	mov	r0, r5
10003a8a:	b003      	add	sp, #12
10003a8c:	bdf0      	pop	{r4, r5, r6, r7, pc}
10003a8e:	4621      	mov	r1, r4
10003a90:	4630      	mov	r0, r6
10003a92:	f7ff fcaf 	bl	100033f4 <usbd_edpt_open>
10003a96:	2800      	cmp	r0, #0
10003a98:	d0cf      	beq.n	10003a3a <cdcd_open+0x1e>
10003a9a:	78a3      	ldrb	r3, [r4, #2]
10003a9c:	707b      	strb	r3, [r7, #1]
10003a9e:	7823      	ldrb	r3, [r4, #0]
10003aa0:	441c      	add	r4, r3
10003aa2:	442b      	add	r3, r5
10003aa4:	7861      	ldrb	r1, [r4, #1]
10003aa6:	b29d      	uxth	r5, r3
10003aa8:	e7e6      	b.n	10003a78 <cdcd_open+0x5c>
10003aaa:	4b0a      	ldr	r3, [pc, #40]	@ (10003ad4 <cdcd_open+0xb8>)
10003aac:	7827      	ldrb	r7, [r4, #0]
10003aae:	9301      	str	r3, [sp, #4]
10003ab0:	3301      	adds	r3, #1
10003ab2:	9300      	str	r3, [sp, #0]
10003ab4:	2302      	movs	r3, #2
10003ab6:	4630      	mov	r0, r6
10003ab8:	461a      	mov	r2, r3
10003aba:	19e1      	adds	r1, r4, r7
10003abc:	f7ff fc4c 	bl	10003358 <usbd_open_edpt_pair>
10003ac0:	2800      	cmp	r0, #0
10003ac2:	d0ba      	beq.n	10003a3a <cdcd_open+0x1e>
10003ac4:	350e      	adds	r5, #14
10003ac6:	fa17 f585 	uxtah	r5, r7, r5
10003aca:	b2ad      	uxth	r5, r5
10003acc:	e7d9      	b.n	10003a82 <cdcd_open+0x66>
10003ace:	bf00      	nop
10003ad0:	20000ea8 	.word	0x20000ea8
10003ad4:	20000eaa 	.word	0x20000eaa

10003ad8 <cdcd_control_xfer_cb>:
10003ad8:	7813      	ldrb	r3, [r2, #0]
10003ada:	f003 0360 	and.w	r3, r3, #96	@ 0x60
10003ade:	2b20      	cmp	r3, #32
10003ae0:	d108      	bne.n	10003af4 <cdcd_control_xfer_cb+0x1c>
10003ae2:	b570      	push	{r4, r5, r6, lr}
10003ae4:	4c26      	ldr	r4, [pc, #152]	@ (10003b80 <cdcd_control_xfer_cb+0xa8>)
10003ae6:	8893      	ldrh	r3, [r2, #4]
10003ae8:	f894 c000 	ldrb.w	ip, [r4]
10003aec:	459c      	cmp	ip, r3
10003aee:	d003      	beq.n	10003af8 <cdcd_control_xfer_cb+0x20>
10003af0:	2000      	movs	r0, #0
10003af2:	bd70      	pop	{r4, r5, r6, pc}
10003af4:	2000      	movs	r0, #0
10003af6:	4770      	bx	lr
10003af8:	7853      	ldrb	r3, [r2, #1]
10003afa:	3b20      	subs	r3, #32
10003afc:	2b03      	cmp	r3, #3
10003afe:	d8f7      	bhi.n	10003af0 <cdcd_control_xfer_cb+0x18>
10003b00:	e8df f003 	tbb	[pc, r3]
10003b04:	020d2327 	.word	0x020d2327
10003b08:	2901      	cmp	r1, #1
10003b0a:	d02e      	beq.n	10003b6a <cdcd_control_xfer_cb+0x92>
10003b0c:	2903      	cmp	r1, #3
10003b0e:	d11e      	bne.n	10003b4e <cdcd_control_xfer_cb+0x76>
10003b10:	4b1c      	ldr	r3, [pc, #112]	@ (10003b84 <cdcd_control_xfer_cb+0xac>)
10003b12:	b1e3      	cbz	r3, 10003b4e <cdcd_control_xfer_cb+0x76>
10003b14:	2000      	movs	r0, #0
10003b16:	8851      	ldrh	r1, [r2, #2]
10003b18:	f3af 8000 	nop.w
10003b1c:	e017      	b.n	10003b4e <cdcd_control_xfer_cb+0x76>
10003b1e:	2901      	cmp	r1, #1
10003b20:	d023      	beq.n	10003b6a <cdcd_control_xfer_cb+0x92>
10003b22:	2903      	cmp	r1, #3
10003b24:	d113      	bne.n	10003b4e <cdcd_control_xfer_cb+0x76>
10003b26:	8855      	ldrh	r5, [r2, #2]
10003b28:	4817      	ldr	r0, [pc, #92]	@ (10003b88 <cdcd_control_xfer_cb+0xb0>)
10003b2a:	f005 0601 	and.w	r6, r5, #1
10003b2e:	f086 0101 	eor.w	r1, r6, #1
10003b32:	7125      	strb	r5, [r4, #4]
10003b34:	f000 fdc2 	bl	100046bc <tu_fifo_set_overwritable>
10003b38:	4b14      	ldr	r3, [pc, #80]	@ (10003b8c <cdcd_control_xfer_cb+0xb4>)
10003b3a:	b143      	cbz	r3, 10003b4e <cdcd_control_xfer_cb+0x76>
10003b3c:	4631      	mov	r1, r6
10003b3e:	2000      	movs	r0, #0
10003b40:	f3c5 0240 	ubfx	r2, r5, #1, #1
10003b44:	f3af 8000 	nop.w
10003b48:	e001      	b.n	10003b4e <cdcd_control_xfer_cb+0x76>
10003b4a:	2901      	cmp	r1, #1
10003b4c:	d011      	beq.n	10003b72 <cdcd_control_xfer_cb+0x9a>
10003b4e:	2001      	movs	r0, #1
10003b50:	bd70      	pop	{r4, r5, r6, pc}
10003b52:	2901      	cmp	r1, #1
10003b54:	d00d      	beq.n	10003b72 <cdcd_control_xfer_cb+0x9a>
10003b56:	2903      	cmp	r1, #3
10003b58:	d1f9      	bne.n	10003b4e <cdcd_control_xfer_cb+0x76>
10003b5a:	4b0d      	ldr	r3, [pc, #52]	@ (10003b90 <cdcd_control_xfer_cb+0xb8>)
10003b5c:	2b00      	cmp	r3, #0
10003b5e:	d0f6      	beq.n	10003b4e <cdcd_control_xfer_cb+0x76>
10003b60:	2000      	movs	r0, #0
10003b62:	490c      	ldr	r1, [pc, #48]	@ (10003b94 <cdcd_control_xfer_cb+0xbc>)
10003b64:	f7fe faa8 	bl	100020b8 <tud_cdc_line_coding_cb>
10003b68:	e7f1      	b.n	10003b4e <cdcd_control_xfer_cb+0x76>
10003b6a:	4611      	mov	r1, r2
10003b6c:	f7ff fcc0 	bl	100034f0 <tud_control_status>
10003b70:	e7ed      	b.n	10003b4e <cdcd_control_xfer_cb+0x76>
10003b72:	4611      	mov	r1, r2
10003b74:	2307      	movs	r3, #7
10003b76:	4a07      	ldr	r2, [pc, #28]	@ (10003b94 <cdcd_control_xfer_cb+0xbc>)
10003b78:	f7ff fcd4 	bl	10003524 <tud_control_xfer>
10003b7c:	e7e7      	b.n	10003b4e <cdcd_control_xfer_cb+0x76>
10003b7e:	bf00      	nop
10003b80:	20000ea8 	.word	0x20000ea8
10003b84:	00000000 	.word	0x00000000
10003b88:	20000ecc 	.word	0x20000ecc
10003b8c:	00000000 	.word	0x00000000
10003b90:	100020b9 	.word	0x100020b9
10003b94:	20000eb0 	.word	0x20000eb0

10003b98 <cdcd_xfer_cb>:
10003b98:	e92d 47f0 	stmdb	sp!, {r4, r5, r6, r7, r8, r9, sl, lr}
10003b9c:	4f36      	ldr	r7, [pc, #216]	@ (10003c78 <cdcd_xfer_cb+0xe0>)
10003b9e:	460c      	mov	r4, r1
10003ba0:	78fa      	ldrb	r2, [r7, #3]
10003ba2:	4606      	mov	r6, r0
10003ba4:	428a      	cmp	r2, r1
10003ba6:	461d      	mov	r5, r3
10003ba8:	f897 c002 	ldrb.w	ip, [r7, #2]
10003bac:	d03c      	beq.n	10003c28 <cdcd_xfer_cb+0x90>
10003bae:	458c      	cmp	ip, r1
10003bb0:	d013      	beq.n	10003bda <cdcd_xfer_cb+0x42>
10003bb2:	f04f 23e0 	mov.w	r3, #3758153728	@ 0xe000e000
10003bb6:	f8d3 3df0 	ldr.w	r3, [r3, #3568]	@ 0xdf0
10003bba:	07db      	lsls	r3, r3, #31
10003bbc:	d500      	bpl.n	10003bc0 <cdcd_xfer_cb+0x28>
10003bbe:	be00      	bkpt	0x0000
10003bc0:	2000      	movs	r0, #0
10003bc2:	e8bd 87f0 	ldmia.w	sp!, {r4, r5, r6, r7, r8, r9, sl, pc}
10003bc6:	4b2d      	ldr	r3, [pc, #180]	@ (10003c7c <cdcd_xfer_cb+0xe4>)
10003bc8:	b123      	cbz	r3, 10003bd4 <cdcd_xfer_cb+0x3c>
10003bca:	482d      	ldr	r0, [pc, #180]	@ (10003c80 <cdcd_xfer_cb+0xe8>)
10003bcc:	f000 fb8c 	bl	100042e8 <tu_fifo_empty>
10003bd0:	2800      	cmp	r0, #0
10003bd2:	d04e      	beq.n	10003c72 <cdcd_xfer_cb+0xda>
10003bd4:	2000      	movs	r0, #0
10003bd6:	f7ff fd97 	bl	10003708 <_prep_out_transaction.isra.0>
10003bda:	78bb      	ldrb	r3, [r7, #2]
10003bdc:	42a3      	cmp	r3, r4
10003bde:	d002      	beq.n	10003be6 <cdcd_xfer_cb+0x4e>
10003be0:	2001      	movs	r0, #1
10003be2:	e8bd 87f0 	ldmia.w	sp!, {r4, r5, r6, r7, r8, r9, sl, pc}
10003be6:	4b27      	ldr	r3, [pc, #156]	@ (10003c84 <cdcd_xfer_cb+0xec>)
10003be8:	b113      	cbz	r3, 10003bf0 <cdcd_xfer_cb+0x58>
10003bea:	2000      	movs	r0, #0
10003bec:	f3af 8000 	nop.w
10003bf0:	2000      	movs	r0, #0
10003bf2:	f7ff fe2b 	bl	1000384c <tud_cdc_n_write_flush>
10003bf6:	2800      	cmp	r0, #0
10003bf8:	d1f2      	bne.n	10003be0 <cdcd_xfer_cb+0x48>
10003bfa:	4823      	ldr	r0, [pc, #140]	@ (10003c88 <cdcd_xfer_cb+0xf0>)
10003bfc:	f000 fb64 	bl	100042c8 <tu_fifo_count>
10003c00:	2800      	cmp	r0, #0
10003c02:	d1ed      	bne.n	10003be0 <cdcd_xfer_cb+0x48>
10003c04:	2d00      	cmp	r5, #0
10003c06:	d0eb      	beq.n	10003be0 <cdcd_xfer_cb+0x48>
10003c08:	f015 053f 	ands.w	r5, r5, #63	@ 0x3f
10003c0c:	d1e8      	bne.n	10003be0 <cdcd_xfer_cb+0x48>
10003c0e:	4630      	mov	r0, r6
10003c10:	78b9      	ldrb	r1, [r7, #2]
10003c12:	f7ff fc11 	bl	10003438 <usbd_edpt_claim>
10003c16:	2800      	cmp	r0, #0
10003c18:	d0e2      	beq.n	10003be0 <cdcd_xfer_cb+0x48>
10003c1a:	462b      	mov	r3, r5
10003c1c:	462a      	mov	r2, r5
10003c1e:	4630      	mov	r0, r6
10003c20:	78b9      	ldrb	r1, [r7, #2]
10003c22:	f7ff fc2d 	bl	10003480 <usbd_edpt_xfer>
10003c26:	e7db      	b.n	10003be0 <cdcd_xfer_cb+0x48>
10003c28:	f8df 8064 	ldr.w	r8, [pc, #100]	@ 10003c90 <cdcd_xfer_cb+0xf8>
10003c2c:	b29a      	uxth	r2, r3
10003c2e:	4641      	mov	r1, r8
10003c30:	f107 0010 	add.w	r0, r7, #16
10003c34:	f000 fc7a 	bl	1000452c <tu_fifo_write_n>
10003c38:	4b14      	ldr	r3, [pc, #80]	@ (10003c8c <cdcd_xfer_cb+0xf4>)
10003c3a:	2b00      	cmp	r3, #0
10003c3c:	d0c3      	beq.n	10003bc6 <cdcd_xfer_cb+0x2e>
10003c3e:	797b      	ldrb	r3, [r7, #5]
10003c40:	2bff      	cmp	r3, #255	@ 0xff
10003c42:	d0c0      	beq.n	10003bc6 <cdcd_xfer_cb+0x2e>
10003c44:	2d00      	cmp	r5, #0
10003c46:	d0be      	beq.n	10003bc6 <cdcd_xfer_cb+0x2e>
10003c48:	f107 0910 	add.w	r9, r7, #16
10003c4c:	eb08 0a05 	add.w	sl, r8, r5
10003c50:	e002      	b.n	10003c58 <cdcd_xfer_cb+0xc0>
10003c52:	45c2      	cmp	sl, r8
10003c54:	d0b7      	beq.n	10003bc6 <cdcd_xfer_cb+0x2e>
10003c56:	797b      	ldrb	r3, [r7, #5]
10003c58:	f818 2b01 	ldrb.w	r2, [r8], #1
10003c5c:	429a      	cmp	r2, r3
10003c5e:	d1f8      	bne.n	10003c52 <cdcd_xfer_cb+0xba>
10003c60:	4648      	mov	r0, r9
10003c62:	f000 fb41 	bl	100042e8 <tu_fifo_empty>
10003c66:	2800      	cmp	r0, #0
10003c68:	d1f3      	bne.n	10003c52 <cdcd_xfer_cb+0xba>
10003c6a:	7979      	ldrb	r1, [r7, #5]
10003c6c:	f3af 8000 	nop.w
10003c70:	e7ef      	b.n	10003c52 <cdcd_xfer_cb+0xba>
10003c72:	f3af 8000 	nop.w
10003c76:	e7ad      	b.n	10003bd4 <cdcd_xfer_cb+0x3c>
10003c78:	20000ea8 	.word	0x20000ea8
10003c7c:	00000000 	.word	0x00000000
10003c80:	20000eb8 	.word	0x20000eb8
10003c84:	00000000 	.word	0x00000000
10003c88:	20000ecc 	.word	0x20000ecc
10003c8c:	00000000 	.word	0x00000000
10003c90:	200012ac 	.word	0x200012ac

10003c94 <vendord_init>:
10003c94:	b5f0      	push	{r4, r5, r6, r7, lr}
10003c96:	4c14      	ldr	r4, [pc, #80]	@ (10003ce8 <vendord_init+0x54>)
10003c98:	b085      	sub	sp, #20
10003c9a:	f44f 7213 	mov.w	r2, #588	@ 0x24c
10003c9e:	2100      	movs	r1, #0
10003ca0:	4620      	mov	r0, r4
10003ca2:	f000 fd29 	bl	100046f8 <memset>
10003ca6:	2740      	movs	r7, #64	@ 0x40
10003ca8:	2300      	movs	r3, #0
10003caa:	f44f 7680 	mov.w	r6, #256	@ 0x100
10003cae:	4d0f      	ldr	r5, [pc, #60]	@ (10003cec <vendord_init+0x58>)
10003cb0:	f504 72a6 	add.w	r2, r4, #332	@ 0x14c
10003cb4:	4619      	mov	r1, r3
10003cb6:	e9cd 5702 	strd	r5, r7, [sp, #8]
10003cba:	9200      	str	r2, [sp, #0]
10003cbc:	9601      	str	r6, [sp, #4]
10003cbe:	461a      	mov	r2, r3
10003cc0:	f504 7094 	add.w	r0, r4, #296	@ 0x128
10003cc4:	f000 f9ce 	bl	10004064 <tu_edpt_stream_init>
10003cc8:	2300      	movs	r3, #0
10003cca:	f104 0128 	add.w	r1, r4, #40	@ 0x28
10003cce:	443d      	add	r5, r7
10003cd0:	9100      	str	r1, [sp, #0]
10003cd2:	2201      	movs	r2, #1
10003cd4:	4619      	mov	r1, r3
10003cd6:	e9cd 5702 	strd	r5, r7, [sp, #8]
10003cda:	9601      	str	r6, [sp, #4]
10003cdc:	1d20      	adds	r0, r4, #4
10003cde:	f000 f9c1 	bl	10004064 <tu_edpt_stream_init>
10003ce2:	b005      	add	sp, #20
10003ce4:	bdf0      	pop	{r4, r5, r6, r7, pc}
10003ce6:	bf00      	nop
10003ce8:	2000154c 	.word	0x2000154c
10003cec:	200014cc 	.word	0x200014cc

10003cf0 <vendord_deinit>:
10003cf0:	b510      	push	{r4, lr}
10003cf2:	4c05      	ldr	r4, [pc, #20]	@ (10003d08 <vendord_deinit+0x18>)
10003cf4:	4620      	mov	r0, r4
10003cf6:	f000 f9e1 	bl	100040bc <tu_edpt_stream_deinit>
10003cfa:	f5a4 7092 	sub.w	r0, r4, #292	@ 0x124
10003cfe:	f000 f9dd 	bl	100040bc <tu_edpt_stream_deinit>
10003d02:	2001      	movs	r0, #1
10003d04:	bd10      	pop	{r4, pc}
10003d06:	bf00      	nop
10003d08:	20001674 	.word	0x20001674

10003d0c <vendord_reset>:
10003d0c:	b538      	push	{r3, r4, r5, lr}
10003d0e:	2500      	movs	r5, #0
10003d10:	4c06      	ldr	r4, [pc, #24]	@ (10003d2c <vendord_reset+0x20>)
10003d12:	f504 7098 	add.w	r0, r4, #304	@ 0x130
10003d16:	7025      	strb	r5, [r4, #0]
10003d18:	f000 fcb4 	bl	10004684 <tu_fifo_clear>
10003d1c:	f104 000c 	add.w	r0, r4, #12
10003d20:	f000 fcb0 	bl	10004684 <tu_fifo_clear>
10003d24:	f884 5129 	strb.w	r5, [r4, #297]	@ 0x129
10003d28:	7165      	strb	r5, [r4, #5]
10003d2a:	bd38      	pop	{r3, r4, r5, pc}
10003d2c:	2000154c 	.word	0x2000154c

10003d30 <vendord_open>:
10003d30:	e92d 4ff8 	stmdb	sp!, {r3, r4, r5, r6, r7, r8, r9, sl, fp, lr}
10003d34:	794b      	ldrb	r3, [r1, #5]
10003d36:	2bff      	cmp	r3, #255	@ 0xff
10003d38:	d002      	beq.n	10003d40 <vendord_open+0x10>
10003d3a:	2000      	movs	r0, #0
10003d3c:	e8bd 8ff8 	ldmia.w	sp!, {r3, r4, r5, r6, r7, r8, r9, sl, fp, pc}
10003d40:	4d39      	ldr	r5, [pc, #228]	@ (10003e28 <vendord_open+0xf8>)
10003d42:	460e      	mov	r6, r1
10003d44:	f895 3129 	ldrb.w	r3, [r5, #297]	@ 0x129
10003d48:	780c      	ldrb	r4, [r1, #0]
10003d4a:	2b00      	cmp	r3, #0
10003d4c:	d1f5      	bne.n	10003d3a <vendord_open+0xa>
10003d4e:	796f      	ldrb	r7, [r5, #5]
10003d50:	2f00      	cmp	r7, #0
10003d52:	d1f2      	bne.n	10003d3a <vendord_open+0xa>
10003d54:	788b      	ldrb	r3, [r1, #2]
10003d56:	440c      	add	r4, r1
10003d58:	702b      	strb	r3, [r5, #0]
10003d5a:	790b      	ldrb	r3, [r1, #4]
10003d5c:	2b00      	cmp	r3, #0
10003d5e:	d03e      	beq.n	10003dde <vendord_open+0xae>
10003d60:	4680      	mov	r8, r0
10003d62:	eb04 0b02 	add.w	fp, r4, r2
10003d66:	f505 7a98 	add.w	sl, r5, #304	@ 0x130
10003d6a:	f505 7994 	add.w	r9, r5, #296	@ 0x128
10003d6e:	7863      	ldrb	r3, [r4, #1]
10003d70:	2b05      	cmp	r3, #5
10003d72:	d009      	beq.n	10003d88 <vendord_open+0x58>
10003d74:	45a3      	cmp	fp, r4
10003d76:	d802      	bhi.n	10003d7e <vendord_open+0x4e>
10003d78:	e031      	b.n	10003dde <vendord_open+0xae>
10003d7a:	455c      	cmp	r4, fp
10003d7c:	d22f      	bcs.n	10003dde <vendord_open+0xae>
10003d7e:	7823      	ldrb	r3, [r4, #0]
10003d80:	441c      	add	r4, r3
10003d82:	7863      	ldrb	r3, [r4, #1]
10003d84:	2b05      	cmp	r3, #5
10003d86:	d1f8      	bne.n	10003d7a <vendord_open+0x4a>
10003d88:	45a3      	cmp	fp, r4
10003d8a:	d928      	bls.n	10003dde <vendord_open+0xae>
10003d8c:	4621      	mov	r1, r4
10003d8e:	4640      	mov	r0, r8
10003d90:	f7ff fb30 	bl	100033f4 <usbd_edpt_open>
10003d94:	2800      	cmp	r0, #0
10003d96:	d03e      	beq.n	10003e16 <vendord_open+0xe6>
10003d98:	78a3      	ldrb	r3, [r4, #2]
10003d9a:	09db      	lsrs	r3, r3, #7
10003d9c:	d123      	bne.n	10003de6 <vendord_open+0xb6>
10003d9e:	4650      	mov	r0, sl
10003da0:	f000 fc70 	bl	10004684 <tu_fifo_clear>
10003da4:	78a3      	ldrb	r3, [r4, #2]
10003da6:	f895 1128 	ldrb.w	r1, [r5, #296]	@ 0x128
10003daa:	f885 3129 	strb.w	r3, [r5, #297]	@ 0x129
10003dae:	88a3      	ldrh	r3, [r4, #4]
10003db0:	4640      	mov	r0, r8
10003db2:	f3c3 030a 	ubfx	r3, r3, #0, #11
10003db6:	f5a3 7300 	sub.w	r3, r3, #512	@ 0x200
10003dba:	fab3 f383 	clz	r3, r3
10003dbe:	095b      	lsrs	r3, r3, #5
10003dc0:	f363 0141 	bfi	r1, r3, #1, #1
10003dc4:	f885 1128 	strb.w	r1, [r5, #296]	@ 0x128
10003dc8:	4649      	mov	r1, r9
10003dca:	f000 f9e5 	bl	10004198 <tu_edpt_stream_read_xfer>
10003dce:	b310      	cbz	r0, 10003e16 <vendord_open+0xe6>
10003dd0:	7823      	ldrb	r3, [r4, #0]
10003dd2:	7931      	ldrb	r1, [r6, #4]
10003dd4:	3701      	adds	r7, #1
10003dd6:	441c      	add	r4, r3
10003dd8:	b2fb      	uxtb	r3, r7
10003dda:	4299      	cmp	r1, r3
10003ddc:	d8c7      	bhi.n	10003d6e <vendord_open+0x3e>
10003dde:	1ba1      	subs	r1, r4, r6
10003de0:	b288      	uxth	r0, r1
10003de2:	e8bd 8ff8 	ldmia.w	sp!, {r3, r4, r5, r6, r7, r8, r9, sl, fp, pc}
10003de6:	4811      	ldr	r0, [pc, #68]	@ (10003e2c <vendord_open+0xfc>)
10003de8:	f000 fc4c 	bl	10004684 <tu_fifo_clear>
10003dec:	78a3      	ldrb	r3, [r4, #2]
10003dee:	f895 c004 	ldrb.w	ip, [r5, #4]
10003df2:	716b      	strb	r3, [r5, #5]
10003df4:	88a3      	ldrh	r3, [r4, #4]
10003df6:	490e      	ldr	r1, [pc, #56]	@ (10003e30 <vendord_open+0x100>)
10003df8:	f3c3 030a 	ubfx	r3, r3, #0, #11
10003dfc:	f5a3 7300 	sub.w	r3, r3, #512	@ 0x200
10003e00:	fab3 f383 	clz	r3, r3
10003e04:	095b      	lsrs	r3, r3, #5
10003e06:	f363 0c41 	bfi	ip, r3, #1, #1
10003e0a:	2000      	movs	r0, #0
10003e0c:	f885 c004 	strb.w	ip, [r5, #4]
10003e10:	f000 f98a 	bl	10004128 <tu_edpt_stream_write_xfer>
10003e14:	e7dc      	b.n	10003dd0 <vendord_open+0xa0>
10003e16:	f04f 23e0 	mov.w	r3, #3758153728	@ 0xe000e000
10003e1a:	f8d3 3df0 	ldr.w	r3, [r3, #3568]	@ 0xdf0
10003e1e:	07db      	lsls	r3, r3, #31
10003e20:	d58b      	bpl.n	10003d3a <vendord_open+0xa>
10003e22:	be00      	bkpt	0x0000
10003e24:	e789      	b.n	10003d3a <vendord_open+0xa>
10003e26:	bf00      	nop
10003e28:	2000154c 	.word	0x2000154c
10003e2c:	20001558 	.word	0x20001558
10003e30:	20001550 	.word	0x20001550

10003e34 <vendord_xfer_cb>:
10003e34:	b570      	push	{r4, r5, r6, lr}
10003e36:	4c1b      	ldr	r4, [pc, #108]	@ (10003ea4 <vendord_xfer_cb+0x70>)
10003e38:	4606      	mov	r6, r0
10003e3a:	f894 c129 	ldrb.w	ip, [r4, #297]	@ 0x129
10003e3e:	461d      	mov	r5, r3
10003e40:	458c      	cmp	ip, r1
10003e42:	7962      	ldrb	r2, [r4, #5]
10003e44:	d004      	beq.n	10003e50 <vendord_xfer_cb+0x1c>
10003e46:	428a      	cmp	r2, r1
10003e48:	bf18      	it	ne
10003e4a:	2000      	movne	r0, #0
10003e4c:	d018      	beq.n	10003e80 <vendord_xfer_cb+0x4c>
10003e4e:	bd70      	pop	{r4, r5, r6, pc}
10003e50:	f8b4 3134 	ldrh.w	r3, [r4, #308]	@ 0x134
10003e54:	b963      	cbnz	r3, 10003e70 <vendord_xfer_cb+0x3c>
10003e56:	4b14      	ldr	r3, [pc, #80]	@ (10003ea8 <vendord_xfer_cb+0x74>)
10003e58:	b123      	cbz	r3, 10003e64 <vendord_xfer_cb+0x30>
10003e5a:	2000      	movs	r0, #0
10003e5c:	4913      	ldr	r1, [pc, #76]	@ (10003eac <vendord_xfer_cb+0x78>)
10003e5e:	b2aa      	uxth	r2, r5
10003e60:	f3af 8000 	nop.w
10003e64:	4630      	mov	r0, r6
10003e66:	4912      	ldr	r1, [pc, #72]	@ (10003eb0 <vendord_xfer_cb+0x7c>)
10003e68:	f000 f996 	bl	10004198 <tu_edpt_stream_read_xfer>
10003e6c:	2001      	movs	r0, #1
10003e6e:	bd70      	pop	{r4, r5, r6, pc}
10003e70:	f8d4 112c 	ldr.w	r1, [r4, #300]	@ 0x12c
10003e74:	b2aa      	uxth	r2, r5
10003e76:	f504 7098 	add.w	r0, r4, #304	@ 0x130
10003e7a:	f000 fb57 	bl	1000452c <tu_fifo_write_n>
10003e7e:	e7ea      	b.n	10003e56 <vendord_xfer_cb+0x22>
10003e80:	4b0c      	ldr	r3, [pc, #48]	@ (10003eb4 <vendord_xfer_cb+0x80>)
10003e82:	b11b      	cbz	r3, 10003e8c <vendord_xfer_cb+0x58>
10003e84:	2000      	movs	r0, #0
10003e86:	b2a9      	uxth	r1, r5
10003e88:	f3af 8000 	nop.w
10003e8c:	4630      	mov	r0, r6
10003e8e:	490a      	ldr	r1, [pc, #40]	@ (10003eb8 <vendord_xfer_cb+0x84>)
10003e90:	f000 f94a 	bl	10004128 <tu_edpt_stream_write_xfer>
10003e94:	2800      	cmp	r0, #0
10003e96:	d1e9      	bne.n	10003e6c <vendord_xfer_cb+0x38>
10003e98:	462a      	mov	r2, r5
10003e9a:	4630      	mov	r0, r6
10003e9c:	4906      	ldr	r1, [pc, #24]	@ (10003eb8 <vendord_xfer_cb+0x84>)
10003e9e:	f000 f90f 	bl	100040c0 <tu_edpt_stream_write_zlp_if_needed>
10003ea2:	e7e3      	b.n	10003e6c <vendord_xfer_cb+0x38>
10003ea4:	2000154c 	.word	0x2000154c
10003ea8:	00000000 	.word	0x00000000
10003eac:	200014cc 	.word	0x200014cc
10003eb0:	20001674 	.word	0x20001674
10003eb4:	00000000 	.word	0x00000000
10003eb8:	20001550 	.word	0x20001550

10003ebc <tusb_rhport_init>:
10003ebc:	b510      	push	{r4, lr}
10003ebe:	b082      	sub	sp, #8
10003ec0:	b1b9      	cbz	r1, 10003ef2 <tusb_rhport_init+0x36>
10003ec2:	2801      	cmp	r0, #1
10003ec4:	d80c      	bhi.n	10003ee0 <tusb_rhport_init+0x24>
10003ec6:	780b      	ldrb	r3, [r1, #0]
10003ec8:	b153      	cbz	r3, 10003ee0 <tusb_rhport_init+0x24>
10003eca:	4c13      	ldr	r4, [pc, #76]	@ (10003f18 <tusb_rhport_init+0x5c>)
10003ecc:	2b01      	cmp	r3, #1
10003ece:	5423      	strb	r3, [r4, r0]
10003ed0:	d002      	beq.n	10003ed8 <tusb_rhport_init+0x1c>
10003ed2:	2001      	movs	r0, #1
10003ed4:	b002      	add	sp, #8
10003ed6:	bd10      	pop	{r4, pc}
10003ed8:	f7fe fe00 	bl	10002adc <tud_rhport_init>
10003edc:	2800      	cmp	r0, #0
10003ede:	d1f8      	bne.n	10003ed2 <tusb_rhport_init+0x16>
10003ee0:	f04f 23e0 	mov.w	r3, #3758153728	@ 0xe000e000
10003ee4:	f8d3 3df0 	ldr.w	r3, [r3, #3568]	@ 0xdf0
10003ee8:	07db      	lsls	r3, r3, #31
10003eea:	d500      	bpl.n	10003eee <tusb_rhport_init+0x32>
10003eec:	be00      	bkpt	0x0000
10003eee:	2000      	movs	r0, #0
10003ef0:	e7f0      	b.n	10003ed4 <tusb_rhport_init+0x18>
10003ef2:	2401      	movs	r4, #1
10003ef4:	4608      	mov	r0, r1
10003ef6:	a901      	add	r1, sp, #4
10003ef8:	f8ad 4004 	strh.w	r4, [sp, #4]
10003efc:	f7fe fdee 	bl	10002adc <tud_rhport_init>
10003f00:	b938      	cbnz	r0, 10003f12 <tusb_rhport_init+0x56>
10003f02:	f04f 23e0 	mov.w	r3, #3758153728	@ 0xe000e000
10003f06:	f8d3 3df0 	ldr.w	r3, [r3, #3568]	@ 0xdf0
10003f0a:	07da      	lsls	r2, r3, #31
10003f0c:	d5e2      	bpl.n	10003ed4 <tusb_rhport_init+0x18>
10003f0e:	be00      	bkpt	0x0000
10003f10:	e7e0      	b.n	10003ed4 <tusb_rhport_init+0x18>
10003f12:	4b01      	ldr	r3, [pc, #4]	@ (10003f18 <tusb_rhport_init+0x5c>)
10003f14:	701c      	strb	r4, [r3, #0]
10003f16:	e7dd      	b.n	10003ed4 <tusb_rhport_init+0x18>
10003f18:	200013a4 	.word	0x200013a4

10003f1c <tu_edpt_claim>:
10003f1c:	b5f8      	push	{r3, r4, r5, r6, r7, lr}
10003f1e:	7803      	ldrb	r3, [r0, #0]
10003f20:	f013 0401 	ands.w	r4, r3, #1
10003f24:	d11a      	bne.n	10003f5c <tu_edpt_claim+0x40>
10003f26:	7803      	ldrb	r3, [r0, #0]
10003f28:	4605      	mov	r5, r0
10003f2a:	075a      	lsls	r2, r3, #29
10003f2c:	f3c3 0780 	ubfx	r7, r3, #2, #1
10003f30:	d501      	bpl.n	10003f36 <tu_edpt_claim+0x1a>
10003f32:	4620      	mov	r0, r4
10003f34:	bdf8      	pop	{r3, r4, r5, r6, r7, pc}
10003f36:	460e      	mov	r6, r1
10003f38:	f04f 31ff 	mov.w	r1, #4294967295	@ 0xffffffff
10003f3c:	4630      	mov	r0, r6
10003f3e:	f000 fd2b 	bl	10004998 <__mutex_enter_timeout_ms_veneer>
10003f42:	782b      	ldrb	r3, [r5, #0]
10003f44:	f013 0401 	ands.w	r4, r3, #1
10003f48:	d10b      	bne.n	10003f62 <tu_edpt_claim+0x46>
10003f4a:	782b      	ldrb	r3, [r5, #0]
10003f4c:	075b      	lsls	r3, r3, #29
10003f4e:	d409      	bmi.n	10003f64 <tu_edpt_claim+0x48>
10003f50:	782b      	ldrb	r3, [r5, #0]
10003f52:	2401      	movs	r4, #1
10003f54:	f043 0304 	orr.w	r3, r3, #4
10003f58:	702b      	strb	r3, [r5, #0]
10003f5a:	e003      	b.n	10003f64 <tu_edpt_claim+0x48>
10003f5c:	2400      	movs	r4, #0
10003f5e:	4620      	mov	r0, r4
10003f60:	bdf8      	pop	{r3, r4, r5, r6, r7, pc}
10003f62:	463c      	mov	r4, r7
10003f64:	4630      	mov	r0, r6
10003f66:	f000 fd23 	bl	100049b0 <__mutex_exit_veneer>
10003f6a:	4620      	mov	r0, r4
10003f6c:	bdf8      	pop	{r3, r4, r5, r6, r7, pc}
10003f6e:	bf00      	nop

10003f70 <tu_edpt_release>:
10003f70:	b570      	push	{r4, r5, r6, lr}
10003f72:	460c      	mov	r4, r1
10003f74:	4605      	mov	r5, r0
10003f76:	f04f 31ff 	mov.w	r1, #4294967295	@ 0xffffffff
10003f7a:	4620      	mov	r0, r4
10003f7c:	f000 fd0c 	bl	10004998 <__mutex_enter_timeout_ms_veneer>
10003f80:	782b      	ldrb	r3, [r5, #0]
10003f82:	f3c3 0680 	ubfx	r6, r3, #2, #1
10003f86:	075b      	lsls	r3, r3, #29
10003f88:	d508      	bpl.n	10003f9c <tu_edpt_release+0x2c>
10003f8a:	782b      	ldrb	r3, [r5, #0]
10003f8c:	f013 0301 	ands.w	r3, r3, #1
10003f90:	bf11      	iteee	ne
10003f92:	2600      	movne	r6, #0
10003f94:	782a      	ldrbeq	r2, [r5, #0]
10003f96:	f363 0282 	bfieq	r2, r3, #2, #1
10003f9a:	702a      	strbeq	r2, [r5, #0]
10003f9c:	4620      	mov	r0, r4
10003f9e:	f000 fd07 	bl	100049b0 <__mutex_exit_veneer>
10003fa2:	4630      	mov	r0, r6
10003fa4:	bd70      	pop	{r4, r5, r6, pc}
10003fa6:	bf00      	nop

10003fa8 <tu_edpt_validate>:
10003fa8:	78c3      	ldrb	r3, [r0, #3]
10003faa:	8882      	ldrh	r2, [r0, #4]
10003fac:	f003 0003 	and.w	r0, r3, #3
10003fb0:	2802      	cmp	r0, #2
10003fb2:	f3c2 020a 	ubfx	r2, r2, #0, #11
10003fb6:	d01f      	beq.n	10003ff8 <tu_edpt_validate+0x50>
10003fb8:	2803      	cmp	r0, #3
10003fba:	d003      	beq.n	10003fc4 <tu_edpt_validate+0x1c>
10003fbc:	2801      	cmp	r0, #1
10003fbe:	d00a      	beq.n	10003fd6 <tu_edpt_validate+0x2e>
10003fc0:	2000      	movs	r0, #0
10003fc2:	4770      	bx	lr
10003fc4:	2902      	cmp	r1, #2
10003fc6:	bf14      	ite	ne
10003fc8:	2340      	movne	r3, #64	@ 0x40
10003fca:	f44f 6380 	moveq.w	r3, #1024	@ 0x400
10003fce:	4293      	cmp	r3, r2
10003fd0:	d309      	bcc.n	10003fe6 <tu_edpt_validate+0x3e>
10003fd2:	2001      	movs	r0, #1
10003fd4:	4770      	bx	lr
10003fd6:	2902      	cmp	r1, #2
10003fd8:	f240 33ff 	movw	r3, #1023	@ 0x3ff
10003fdc:	bf08      	it	eq
10003fde:	f44f 6380 	moveq.w	r3, #1024	@ 0x400
10003fe2:	4293      	cmp	r3, r2
10003fe4:	d2f6      	bcs.n	10003fd4 <tu_edpt_validate+0x2c>
10003fe6:	f04f 23e0 	mov.w	r3, #3758153728	@ 0xe000e000
10003fea:	f8d3 3df0 	ldr.w	r3, [r3, #3568]	@ 0xdf0
10003fee:	07db      	lsls	r3, r3, #31
10003ff0:	d5e6      	bpl.n	10003fc0 <tu_edpt_validate+0x18>
10003ff2:	be00      	bkpt	0x0000
10003ff4:	2000      	movs	r0, #0
10003ff6:	4770      	bx	lr
10003ff8:	2902      	cmp	r1, #2
10003ffa:	d002      	beq.n	10004002 <tu_edpt_validate+0x5a>
10003ffc:	2a40      	cmp	r2, #64	@ 0x40
10003ffe:	d9e8      	bls.n	10003fd2 <tu_edpt_validate+0x2a>
10004000:	e7f1      	b.n	10003fe6 <tu_edpt_validate+0x3e>
10004002:	f5b2 7f00 	cmp.w	r2, #512	@ 0x200
10004006:	d0e4      	beq.n	10003fd2 <tu_edpt_validate+0x2a>
10004008:	e7ed      	b.n	10003fe6 <tu_edpt_validate+0x3e>
1000400a:	bf00      	nop

1000400c <tu_edpt_bind_driver>:
1000400c:	440a      	add	r2, r1
1000400e:	4291      	cmp	r1, r2
10004010:	d226      	bcs.n	10004060 <tu_edpt_bind_driver+0x54>
10004012:	f891 c001 	ldrb.w	ip, [r1, #1]
10004016:	f1bc 0f05 	cmp.w	ip, #5
1000401a:	d005      	beq.n	10004028 <tu_edpt_bind_driver+0x1c>
1000401c:	f891 c000 	ldrb.w	ip, [r1]
10004020:	4461      	add	r1, ip
10004022:	428a      	cmp	r2, r1
10004024:	d8f5      	bhi.n	10004012 <tu_edpt_bind_driver+0x6>
10004026:	4770      	bx	lr
10004028:	b500      	push	{lr}
1000402a:	f891 c002 	ldrb.w	ip, [r1, #2]
1000402e:	f00c 0e7f 	and.w	lr, ip, #127	@ 0x7f
10004032:	eb00 0e4e 	add.w	lr, r0, lr, lsl #1
10004036:	ea4f 1cdc 	mov.w	ip, ip, lsr #7
1000403a:	f80e 300c 	strb.w	r3, [lr, ip]
1000403e:	f891 c000 	ldrb.w	ip, [r1]
10004042:	4461      	add	r1, ip
10004044:	428a      	cmp	r2, r1
10004046:	d909      	bls.n	1000405c <tu_edpt_bind_driver+0x50>
10004048:	f891 c001 	ldrb.w	ip, [r1, #1]
1000404c:	f1bc 0f05 	cmp.w	ip, #5
10004050:	d0eb      	beq.n	1000402a <tu_edpt_bind_driver+0x1e>
10004052:	f891 c000 	ldrb.w	ip, [r1]
10004056:	4461      	add	r1, ip
10004058:	428a      	cmp	r2, r1
1000405a:	d8f5      	bhi.n	10004048 <tu_edpt_bind_driver+0x3c>
1000405c:	f85d fb04 	ldr.w	pc, [sp], #4
10004060:	4770      	bx	lr
10004062:	bf00      	nop

10004064 <tu_edpt_stream_init>:
10004064:	e92d 41f0 	stmdb	sp!, {r4, r5, r6, r7, r8, lr}
10004068:	468e      	mov	lr, r1
1000406a:	b082      	sub	sp, #8
1000406c:	9300      	str	r3, [sp, #0]
1000406e:	f890 c000 	ldrb.w	ip, [r0]
10004072:	9e08      	ldr	r6, [sp, #32]
10004074:	f8bd 7024 	ldrh.w	r7, [sp, #36]	@ 0x24
10004078:	f36e 0c00 	bfi	ip, lr, #0, #1
1000407c:	4604      	mov	r4, r0
1000407e:	4615      	mov	r5, r2
10004080:	2301      	movs	r3, #1
10004082:	4631      	mov	r1, r6
10004084:	463a      	mov	r2, r7
10004086:	f800 cb08 	strb.w	ip, [r0], #8
1000408a:	f8bd 802c 	ldrh.w	r8, [sp, #44]	@ 0x2c
1000408e:	f000 f8eb 	bl	10004268 <tu_fifo_config>
10004092:	b106      	cbz	r6, 10004096 <tu_edpt_stream_init+0x32>
10004094:	b93f      	cbnz	r7, 100040a6 <tu_edpt_stream_init+0x42>
10004096:	2001      	movs	r0, #1
10004098:	9b0a      	ldr	r3, [sp, #40]	@ 0x28
1000409a:	f8a4 8002 	strh.w	r8, [r4, #2]
1000409e:	6063      	str	r3, [r4, #4]
100040a0:	b002      	add	sp, #8
100040a2:	e8bd 81f0 	ldmia.w	sp!, {r4, r5, r6, r7, r8, pc}
100040a6:	f104 061c 	add.w	r6, r4, #28
100040aa:	4630      	mov	r0, r6
100040ac:	f7fc fee4 	bl	10000e78 <mutex_init>
100040b0:	b10d      	cbz	r5, 100040b6 <tu_edpt_stream_init+0x52>
100040b2:	4635      	mov	r5, r6
100040b4:	2600      	movs	r6, #0
100040b6:	e9c4 5605 	strd	r5, r6, [r4, #20]
100040ba:	e7ec      	b.n	10004096 <tu_edpt_stream_init+0x32>

100040bc <tu_edpt_stream_deinit>:
100040bc:	2001      	movs	r0, #1
100040be:	4770      	bx	lr

100040c0 <tu_edpt_stream_write_zlp_if_needed>:
100040c0:	b5f8      	push	{r3, r4, r5, r6, r7, lr}
100040c2:	4607      	mov	r7, r0
100040c4:	4608      	mov	r0, r1
100040c6:	f240 13ff 	movw	r3, #511	@ 0x1ff
100040ca:	4615      	mov	r5, r2
100040cc:	f810 2b08 	ldrb.w	r2, [r0], #8
100040d0:	460c      	mov	r4, r1
100040d2:	f012 0f02 	tst.w	r2, #2
100040d6:	bf0c      	ite	eq
100040d8:	263f      	moveq	r6, #63	@ 0x3f
100040da:	461e      	movne	r6, r3
100040dc:	f000 f8f4 	bl	100042c8 <tu_fifo_count>
100040e0:	b928      	cbnz	r0, 100040ee <tu_edpt_stream_write_zlp_if_needed+0x2e>
100040e2:	b125      	cbz	r5, 100040ee <tu_edpt_stream_write_zlp_if_needed+0x2e>
100040e4:	422e      	tst	r6, r5
100040e6:	d102      	bne.n	100040ee <tu_edpt_stream_write_zlp_if_needed+0x2e>
100040e8:	7823      	ldrb	r3, [r4, #0]
100040ea:	07da      	lsls	r2, r3, #31
100040ec:	d501      	bpl.n	100040f2 <tu_edpt_stream_write_zlp_if_needed+0x32>
100040ee:	2000      	movs	r0, #0
100040f0:	bdf8      	pop	{r3, r4, r5, r6, r7, pc}
100040f2:	4638      	mov	r0, r7
100040f4:	7861      	ldrb	r1, [r4, #1]
100040f6:	f7ff f99f 	bl	10003438 <usbd_edpt_claim>
100040fa:	2800      	cmp	r0, #0
100040fc:	d0f7      	beq.n	100040ee <tu_edpt_stream_write_zlp_if_needed+0x2e>
100040fe:	7823      	ldrb	r3, [r4, #0]
10004100:	f013 0301 	ands.w	r3, r3, #1
10004104:	d007      	beq.n	10004116 <tu_edpt_stream_write_zlp_if_needed+0x56>
10004106:	f04f 23e0 	mov.w	r3, #3758153728	@ 0xe000e000
1000410a:	f8d3 3df0 	ldr.w	r3, [r3, #3568]	@ 0xdf0
1000410e:	07db      	lsls	r3, r3, #31
10004110:	d5ed      	bpl.n	100040ee <tu_edpt_stream_write_zlp_if_needed+0x2e>
10004112:	be00      	bkpt	0x0000
10004114:	e7eb      	b.n	100040ee <tu_edpt_stream_write_zlp_if_needed+0x2e>
10004116:	461a      	mov	r2, r3
10004118:	4638      	mov	r0, r7
1000411a:	7861      	ldrb	r1, [r4, #1]
1000411c:	f7ff f9b0 	bl	10003480 <usbd_edpt_xfer>
10004120:	2800      	cmp	r0, #0
10004122:	d0f0      	beq.n	10004106 <tu_edpt_stream_write_zlp_if_needed+0x46>
10004124:	bdf8      	pop	{r3, r4, r5, r6, r7, pc}
10004126:	bf00      	nop

10004128 <tu_edpt_stream_write_xfer>:
10004128:	b570      	push	{r4, r5, r6, lr}
1000412a:	f101 0508 	add.w	r5, r1, #8
1000412e:	4606      	mov	r6, r0
10004130:	4628      	mov	r0, r5
10004132:	460c      	mov	r4, r1
10004134:	f000 f8c8 	bl	100042c8 <tu_fifo_count>
10004138:	b110      	cbz	r0, 10004140 <tu_edpt_stream_write_xfer+0x18>
1000413a:	7823      	ldrb	r3, [r4, #0]
1000413c:	07d8      	lsls	r0, r3, #31
1000413e:	d501      	bpl.n	10004144 <tu_edpt_stream_write_xfer+0x1c>
10004140:	2000      	movs	r0, #0
10004142:	bd70      	pop	{r4, r5, r6, pc}
10004144:	4630      	mov	r0, r6
10004146:	7861      	ldrb	r1, [r4, #1]
10004148:	f7ff f976 	bl	10003438 <usbd_edpt_claim>
1000414c:	2800      	cmp	r0, #0
1000414e:	d0f7      	beq.n	10004140 <tu_edpt_stream_write_xfer+0x18>
10004150:	4628      	mov	r0, r5
10004152:	8862      	ldrh	r2, [r4, #2]
10004154:	6861      	ldr	r1, [r4, #4]
10004156:	f000 f92d 	bl	100043b4 <tu_fifo_read_n>
1000415a:	7823      	ldrb	r3, [r4, #0]
1000415c:	4605      	mov	r5, r0
1000415e:	b148      	cbz	r0, 10004174 <tu_edpt_stream_write_xfer+0x4c>
10004160:	07d9      	lsls	r1, r3, #31
10004162:	d50e      	bpl.n	10004182 <tu_edpt_stream_write_xfer+0x5a>
10004164:	f04f 23e0 	mov.w	r3, #3758153728	@ 0xe000e000
10004168:	f8d3 3df0 	ldr.w	r3, [r3, #3568]	@ 0xdf0
1000416c:	07da      	lsls	r2, r3, #31
1000416e:	d5e7      	bpl.n	10004140 <tu_edpt_stream_write_xfer+0x18>
10004170:	be00      	bkpt	0x0000
10004172:	e7e5      	b.n	10004140 <tu_edpt_stream_write_xfer+0x18>
10004174:	07db      	lsls	r3, r3, #31
10004176:	d4e3      	bmi.n	10004140 <tu_edpt_stream_write_xfer+0x18>
10004178:	4630      	mov	r0, r6
1000417a:	7861      	ldrb	r1, [r4, #1]
1000417c:	f7ff f96e 	bl	1000345c <usbd_edpt_release>
10004180:	e7de      	b.n	10004140 <tu_edpt_stream_write_xfer+0x18>
10004182:	4603      	mov	r3, r0
10004184:	6862      	ldr	r2, [r4, #4]
10004186:	4630      	mov	r0, r6
10004188:	7861      	ldrb	r1, [r4, #1]
1000418a:	f7ff f979 	bl	10003480 <usbd_edpt_xfer>
1000418e:	2800      	cmp	r0, #0
10004190:	d0e8      	beq.n	10004164 <tu_edpt_stream_write_xfer+0x3c>
10004192:	4628      	mov	r0, r5
10004194:	bd70      	pop	{r4, r5, r6, pc}
10004196:	bf00      	nop

10004198 <tu_edpt_stream_read_xfer>:
10004198:	898a      	ldrh	r2, [r1, #12]
1000419a:	e92d 41f0 	stmdb	sp!, {r4, r5, r6, r7, r8, lr}
1000419e:	780b      	ldrb	r3, [r1, #0]
100041a0:	460c      	mov	r4, r1
100041a2:	4605      	mov	r5, r0
100041a4:	b98a      	cbnz	r2, 100041ca <tu_edpt_stream_read_xfer+0x32>
100041a6:	07df      	lsls	r7, r3, #31
100041a8:	d425      	bmi.n	100041f6 <tu_edpt_stream_read_xfer+0x5e>
100041aa:	7849      	ldrb	r1, [r1, #1]
100041ac:	f7ff f944 	bl	10003438 <usbd_edpt_claim>
100041b0:	b308      	cbz	r0, 100041f6 <tu_edpt_stream_read_xfer+0x5e>
100041b2:	7822      	ldrb	r2, [r4, #0]
100041b4:	8863      	ldrh	r3, [r4, #2]
100041b6:	07d6      	lsls	r6, r2, #31
100041b8:	d53f      	bpl.n	1000423a <tu_edpt_stream_read_xfer+0xa2>
100041ba:	f04f 23e0 	mov.w	r3, #3758153728	@ 0xe000e000
100041be:	f8d3 3df0 	ldr.w	r3, [r3, #3568]	@ 0xdf0
100041c2:	07da      	lsls	r2, r3, #31
100041c4:	d517      	bpl.n	100041f6 <tu_edpt_stream_read_xfer+0x5e>
100041c6:	be00      	bkpt	0x0000
100041c8:	e015      	b.n	100041f6 <tu_edpt_stream_read_xfer+0x5e>
100041ca:	f003 0302 	and.w	r3, r3, #2
100041ce:	f101 0808 	add.w	r8, r1, #8
100041d2:	2b00      	cmp	r3, #0
100041d4:	4640      	mov	r0, r8
100041d6:	bf0c      	ite	eq
100041d8:	2740      	moveq	r7, #64	@ 0x40
100041da:	f44f 7700 	movne.w	r7, #512	@ 0x200
100041de:	f64f 76c0 	movw	r6, #65472	@ 0xffc0
100041e2:	bf18      	it	ne
100041e4:	f44f 467e 	movne.w	r6, #65024	@ 0xfe00
100041e8:	f000 f888 	bl	100042fc <tu_fifo_remaining>
100041ec:	4287      	cmp	r7, r0
100041ee:	d802      	bhi.n	100041f6 <tu_edpt_stream_read_xfer+0x5e>
100041f0:	7823      	ldrb	r3, [r4, #0]
100041f2:	07d8      	lsls	r0, r3, #31
100041f4:	d502      	bpl.n	100041fc <tu_edpt_stream_read_xfer+0x64>
100041f6:	2000      	movs	r0, #0
100041f8:	e8bd 81f0 	ldmia.w	sp!, {r4, r5, r6, r7, r8, pc}
100041fc:	4628      	mov	r0, r5
100041fe:	7861      	ldrb	r1, [r4, #1]
10004200:	f7ff f91a 	bl	10003438 <usbd_edpt_claim>
10004204:	2800      	cmp	r0, #0
10004206:	d0f6      	beq.n	100041f6 <tu_edpt_stream_read_xfer+0x5e>
10004208:	4640      	mov	r0, r8
1000420a:	f000 f877 	bl	100042fc <tu_fifo_remaining>
1000420e:	4287      	cmp	r7, r0
10004210:	d81f      	bhi.n	10004252 <tu_edpt_stream_read_xfer+0xba>
10004212:	7823      	ldrb	r3, [r4, #0]
10004214:	8862      	ldrh	r2, [r4, #2]
10004216:	07d9      	lsls	r1, r3, #31
10004218:	d4cf      	bmi.n	100041ba <tu_edpt_stream_read_xfer+0x22>
1000421a:	4030      	ands	r0, r6
1000421c:	4290      	cmp	r0, r2
1000421e:	bf28      	it	cs
10004220:	4610      	movcs	r0, r2
10004222:	7861      	ldrb	r1, [r4, #1]
10004224:	4606      	mov	r6, r0
10004226:	b1e0      	cbz	r0, 10004262 <tu_edpt_stream_read_xfer+0xca>
10004228:	6862      	ldr	r2, [r4, #4]
1000422a:	4633      	mov	r3, r6
1000422c:	4628      	mov	r0, r5
1000422e:	f7ff f927 	bl	10003480 <usbd_edpt_xfer>
10004232:	2800      	cmp	r0, #0
10004234:	d0c1      	beq.n	100041ba <tu_edpt_stream_read_xfer+0x22>
10004236:	4630      	mov	r0, r6
10004238:	e7de      	b.n	100041f8 <tu_edpt_stream_read_xfer+0x60>
1000423a:	7861      	ldrb	r1, [r4, #1]
1000423c:	b13b      	cbz	r3, 1000424e <tu_edpt_stream_read_xfer+0xb6>
1000423e:	6862      	ldr	r2, [r4, #4]
10004240:	4628      	mov	r0, r5
10004242:	f7ff f91d 	bl	10003480 <usbd_edpt_xfer>
10004246:	2800      	cmp	r0, #0
10004248:	d0b7      	beq.n	100041ba <tu_edpt_stream_read_xfer+0x22>
1000424a:	8860      	ldrh	r0, [r4, #2]
1000424c:	e7d4      	b.n	100041f8 <tu_edpt_stream_read_xfer+0x60>
1000424e:	461a      	mov	r2, r3
10004250:	e7f6      	b.n	10004240 <tu_edpt_stream_read_xfer+0xa8>
10004252:	7823      	ldrb	r3, [r4, #0]
10004254:	07db      	lsls	r3, r3, #31
10004256:	d4ce      	bmi.n	100041f6 <tu_edpt_stream_read_xfer+0x5e>
10004258:	4628      	mov	r0, r5
1000425a:	7861      	ldrb	r1, [r4, #1]
1000425c:	f7ff f8fe 	bl	1000345c <usbd_edpt_release>
10004260:	e7c9      	b.n	100041f6 <tu_edpt_stream_read_xfer+0x5e>
10004262:	4602      	mov	r2, r0
10004264:	e7e1      	b.n	1000422a <tu_edpt_stream_read_xfer+0x92>
10004266:	bf00      	nop

10004268 <tu_fifo_config>:
10004268:	e92d 41f0 	stmdb	sp!, {r4, r5, r6, r7, r8, lr}
1000426c:	f5b2 4f00 	cmp.w	r2, #32768	@ 0x8000
10004270:	f89d 8018 	ldrb.w	r8, [sp, #24]
10004274:	d824      	bhi.n	100042c0 <tu_fifo_config+0x58>
10004276:	4604      	mov	r4, r0
10004278:	68c0      	ldr	r0, [r0, #12]
1000427a:	4617      	mov	r7, r2
1000427c:	460e      	mov	r6, r1
1000427e:	461d      	mov	r5, r3
10004280:	b118      	cbz	r0, 1000428a <tu_fifo_config+0x22>
10004282:	f04f 31ff 	mov.w	r1, #4294967295	@ 0xffffffff
10004286:	f000 fb87 	bl	10004998 <__mutex_enter_timeout_ms_veneer>
1000428a:	6920      	ldr	r0, [r4, #16]
1000428c:	b118      	cbz	r0, 10004296 <tu_fifo_config+0x2e>
1000428e:	f04f 31ff 	mov.w	r1, #4294967295	@ 0xffffffff
10004292:	f000 fb81 	bl	10004998 <__mutex_enter_timeout_ms_veneer>
10004296:	2200      	movs	r2, #0
10004298:	f3c5 030e 	ubfx	r3, r5, #0, #15
1000429c:	68e0      	ldr	r0, [r4, #12]
1000429e:	ea43 33c8 	orr.w	r3, r3, r8, lsl #15
100042a2:	8162      	strh	r2, [r4, #10]
100042a4:	6026      	str	r6, [r4, #0]
100042a6:	80a7      	strh	r7, [r4, #4]
100042a8:	80e3      	strh	r3, [r4, #6]
100042aa:	8122      	strh	r2, [r4, #8]
100042ac:	b108      	cbz	r0, 100042b2 <tu_fifo_config+0x4a>
100042ae:	f000 fb7f 	bl	100049b0 <__mutex_exit_veneer>
100042b2:	6920      	ldr	r0, [r4, #16]
100042b4:	b108      	cbz	r0, 100042ba <tu_fifo_config+0x52>
100042b6:	f000 fb7b 	bl	100049b0 <__mutex_exit_veneer>
100042ba:	2001      	movs	r0, #1
100042bc:	e8bd 81f0 	ldmia.w	sp!, {r4, r5, r6, r7, r8, pc}
100042c0:	2000      	movs	r0, #0
100042c2:	e8bd 81f0 	ldmia.w	sp!, {r4, r5, r6, r7, r8, pc}
100042c6:	bf00      	nop

100042c8 <tu_fifo_count>:
100042c8:	8903      	ldrh	r3, [r0, #8]
100042ca:	8942      	ldrh	r2, [r0, #10]
100042cc:	b29b      	uxth	r3, r3
100042ce:	b292      	uxth	r2, r2
100042d0:	8880      	ldrh	r0, [r0, #4]
100042d2:	4293      	cmp	r3, r2
100042d4:	bf36      	itet	cc
100042d6:	ebc2 0240 	rsbcc	r2, r2, r0, lsl #1
100042da:	1a9b      	subcs	r3, r3, r2
100042dc:	189b      	addcc	r3, r3, r2
100042de:	b29b      	uxth	r3, r3
100042e0:	4298      	cmp	r0, r3
100042e2:	bf28      	it	cs
100042e4:	4618      	movcs	r0, r3
100042e6:	4770      	bx	lr

100042e8 <tu_fifo_empty>:
100042e8:	8902      	ldrh	r2, [r0, #8]
100042ea:	8943      	ldrh	r3, [r0, #10]
100042ec:	b290      	uxth	r0, r2
100042ee:	b29b      	uxth	r3, r3
100042f0:	1ac0      	subs	r0, r0, r3
100042f2:	fab0 f080 	clz	r0, r0
100042f6:	0940      	lsrs	r0, r0, #5
100042f8:	4770      	bx	lr
100042fa:	bf00      	nop

100042fc <tu_fifo_remaining>:
100042fc:	8903      	ldrh	r3, [r0, #8]
100042fe:	8942      	ldrh	r2, [r0, #10]
10004300:	b29b      	uxth	r3, r3
10004302:	8880      	ldrh	r0, [r0, #4]
10004304:	b292      	uxth	r2, r2
10004306:	4293      	cmp	r3, r2
10004308:	bf36      	itet	cc
1000430a:	ebc2 0240 	rsbcc	r2, r2, r0, lsl #1
1000430e:	1a9b      	subcs	r3, r3, r2
10004310:	189b      	addcc	r3, r3, r2
10004312:	b29b      	uxth	r3, r3
10004314:	4298      	cmp	r0, r3
10004316:	bf86      	itte	hi
10004318:	1ac0      	subhi	r0, r0, r3
1000431a:	b280      	uxthhi	r0, r0
1000431c:	2000      	movls	r0, #0
1000431e:	4770      	bx	lr

10004320 <tu_fifo_read>:
10004320:	b538      	push	{r3, r4, r5, lr}
10004322:	4604      	mov	r4, r0
10004324:	6900      	ldr	r0, [r0, #16]
10004326:	460d      	mov	r5, r1
10004328:	b118      	cbz	r0, 10004332 <tu_fifo_read+0x12>
1000432a:	f04f 31ff 	mov.w	r1, #4294967295	@ 0xffffffff
1000432e:	f000 fb33 	bl	10004998 <__mutex_enter_timeout_ms_veneer>
10004332:	8921      	ldrh	r1, [r4, #8]
10004334:	8963      	ldrh	r3, [r4, #10]
10004336:	b289      	uxth	r1, r1
10004338:	b29b      	uxth	r3, r3
1000433a:	88a2      	ldrh	r2, [r4, #4]
1000433c:	4299      	cmp	r1, r3
1000433e:	bf36      	itet	cc
10004340:	ebc3 0042 	rsbcc	r0, r3, r2, lsl #1
10004344:	1ac8      	subcs	r0, r1, r3
10004346:	1840      	addcc	r0, r0, r1
10004348:	b280      	uxth	r0, r0
1000434a:	b350      	cbz	r0, 100043a2 <tu_fifo_read+0x82>
1000434c:	4282      	cmp	r2, r0
1000434e:	d209      	bcs.n	10004364 <tu_fifo_read+0x44>
10004350:	4291      	cmp	r1, r2
10004352:	bf2c      	ite	cs
10004354:	1a89      	subcs	r1, r1, r2
10004356:	1889      	addcc	r1, r1, r2
10004358:	b28b      	uxth	r3, r1
1000435a:	429a      	cmp	r2, r3
1000435c:	8163      	strh	r3, [r4, #10]
1000435e:	d803      	bhi.n	10004368 <tu_fifo_read+0x48>
10004360:	1a9b      	subs	r3, r3, r2
10004362:	b29b      	uxth	r3, r3
10004364:	429a      	cmp	r2, r3
10004366:	d9fb      	bls.n	10004360 <tu_fifo_read+0x40>
10004368:	88e2      	ldrh	r2, [r4, #6]
1000436a:	6821      	ldr	r1, [r4, #0]
1000436c:	f3c2 020e 	ubfx	r2, r2, #0, #15
10004370:	fb02 1103 	mla	r1, r2, r3, r1
10004374:	4628      	mov	r0, r5
10004376:	f000 fa11 	bl	1000479c <memcpy>
1000437a:	8961      	ldrh	r1, [r4, #10]
1000437c:	2501      	movs	r5, #1
1000437e:	b289      	uxth	r1, r1
10004380:	1c4b      	adds	r3, r1, #1
10004382:	b29b      	uxth	r3, r3
10004384:	4299      	cmp	r1, r3
10004386:	88a2      	ldrh	r2, [r4, #4]
10004388:	d90e      	bls.n	100043a8 <tu_fifo_read+0x88>
1000438a:	2300      	movs	r3, #0
1000438c:	fa02 f105 	lsl.w	r1, r2, r5
10004390:	1a5b      	subs	r3, r3, r1
10004392:	b29b      	uxth	r3, r3
10004394:	6920      	ldr	r0, [r4, #16]
10004396:	8163      	strh	r3, [r4, #10]
10004398:	b108      	cbz	r0, 1000439e <tu_fifo_read+0x7e>
1000439a:	f000 fb09 	bl	100049b0 <__mutex_exit_veneer>
1000439e:	4628      	mov	r0, r5
100043a0:	bd38      	pop	{r3, r4, r5, pc}
100043a2:	4605      	mov	r5, r0
100043a4:	8963      	ldrh	r3, [r4, #10]
100043a6:	b29b      	uxth	r3, r3
100043a8:	ebb3 0f42 	cmp.w	r3, r2, lsl #1
100043ac:	ea4f 0142 	mov.w	r1, r2, lsl #1
100043b0:	dbf0      	blt.n	10004394 <tu_fifo_read+0x74>
100043b2:	e7ed      	b.n	10004390 <tu_fifo_read+0x70>

100043b4 <tu_fifo_read_n>:
100043b4:	e92d 47f0 	stmdb	sp!, {r4, r5, r6, r7, r8, r9, sl, lr}
100043b8:	4606      	mov	r6, r0
100043ba:	6900      	ldr	r0, [r0, #16]
100043bc:	4688      	mov	r8, r1
100043be:	4691      	mov	r9, r2
100043c0:	b118      	cbz	r0, 100043ca <tu_fifo_read_n+0x16>
100043c2:	f04f 31ff 	mov.w	r1, #4294967295	@ 0xffffffff
100043c6:	f000 fae7 	bl	10004998 <__mutex_enter_timeout_ms_veneer>
100043ca:	8933      	ldrh	r3, [r6, #8]
100043cc:	8974      	ldrh	r4, [r6, #10]
100043ce:	b29b      	uxth	r3, r3
100043d0:	b2a4      	uxth	r4, r4
100043d2:	88b5      	ldrh	r5, [r6, #4]
100043d4:	42a3      	cmp	r3, r4
100043d6:	bf36      	itet	cc
100043d8:	ebc4 0745 	rsbcc	r7, r4, r5, lsl #1
100043dc:	1b1f      	subcs	r7, r3, r4
100043de:	18ff      	addcc	r7, r7, r3
100043e0:	b2bf      	uxth	r7, r7
100043e2:	2f00      	cmp	r7, #0
100043e4:	d04a      	beq.n	1000447c <tu_fifo_read_n+0xc8>
100043e6:	42bd      	cmp	r5, r7
100043e8:	d340      	bcc.n	1000446c <tu_fifo_read_n+0xb8>
100043ea:	45b9      	cmp	r9, r7
100043ec:	bf28      	it	cs
100043ee:	46b9      	movcs	r9, r7
100043f0:	42a5      	cmp	r5, r4
100043f2:	fa1f f789 	uxth.w	r7, r9
100043f6:	d803      	bhi.n	10004400 <tu_fifo_read_n+0x4c>
100043f8:	1b64      	subs	r4, r4, r5
100043fa:	b2a4      	uxth	r4, r4
100043fc:	42a5      	cmp	r5, r4
100043fe:	d9fb      	bls.n	100043f8 <tu_fifo_read_n+0x44>
10004400:	f8b6 a006 	ldrh.w	sl, [r6, #6]
10004404:	1b2b      	subs	r3, r5, r4
10004406:	6831      	ldr	r1, [r6, #0]
10004408:	b29b      	uxth	r3, r3
1000440a:	f3ca 020e 	ubfx	r2, sl, #0, #15
1000440e:	429f      	cmp	r7, r3
10004410:	4692      	mov	sl, r2
10004412:	fb02 1104 	mla	r1, r2, r4, r1
10004416:	d923      	bls.n	10004460 <tu_fifo_read_n+0xac>
10004418:	fb13 f302 	smulbb	r3, r3, r2
1000441c:	fa1f f983 	uxth.w	r9, r3
10004420:	464a      	mov	r2, r9
10004422:	4640      	mov	r0, r8
10004424:	1b7d      	subs	r5, r7, r5
10004426:	f000 f9b9 	bl	1000479c <memcpy>
1000442a:	1962      	adds	r2, r4, r5
1000442c:	fb12 f20a 	smulbb	r2, r2, sl
10004430:	6831      	ldr	r1, [r6, #0]
10004432:	eb08 0009 	add.w	r0, r8, r9
10004436:	b292      	uxth	r2, r2
10004438:	f000 f9b0 	bl	1000479c <memcpy>
1000443c:	8972      	ldrh	r2, [r6, #10]
1000443e:	88b5      	ldrh	r5, [r6, #4]
10004440:	b292      	uxth	r2, r2
10004442:	19d3      	adds	r3, r2, r7
10004444:	b29b      	uxth	r3, r3
10004446:	429a      	cmp	r2, r3
10004448:	d91a      	bls.n	10004480 <tu_fifo_read_n+0xcc>
1000444a:	006a      	lsls	r2, r5, #1
1000444c:	1a9b      	subs	r3, r3, r2
1000444e:	b29b      	uxth	r3, r3
10004450:	6930      	ldr	r0, [r6, #16]
10004452:	8173      	strh	r3, [r6, #10]
10004454:	b108      	cbz	r0, 1000445a <tu_fifo_read_n+0xa6>
10004456:	f000 faab 	bl	100049b0 <__mutex_exit_veneer>
1000445a:	4638      	mov	r0, r7
1000445c:	e8bd 87f0 	ldmia.w	sp!, {r4, r5, r6, r7, r8, r9, sl, pc}
10004460:	4640      	mov	r0, r8
10004462:	fb07 f202 	mul.w	r2, r7, r2
10004466:	f000 f999 	bl	1000479c <memcpy>
1000446a:	e7e7      	b.n	1000443c <tu_fifo_read_n+0x88>
1000446c:	42ab      	cmp	r3, r5
1000446e:	bf2c      	ite	cs
10004470:	1b5b      	subcs	r3, r3, r5
10004472:	195b      	addcc	r3, r3, r5
10004474:	b29c      	uxth	r4, r3
10004476:	462f      	mov	r7, r5
10004478:	8174      	strh	r4, [r6, #10]
1000447a:	e7b6      	b.n	100043ea <tu_fifo_read_n+0x36>
1000447c:	8973      	ldrh	r3, [r6, #10]
1000447e:	b29b      	uxth	r3, r3
10004480:	ebb3 0f45 	cmp.w	r3, r5, lsl #1
10004484:	ea4f 0245 	mov.w	r2, r5, lsl #1
10004488:	dbe2      	blt.n	10004450 <tu_fifo_read_n+0x9c>
1000448a:	e7df      	b.n	1000444c <tu_fifo_read_n+0x98>

1000448c <tu_fifo_write>:
1000448c:	b5f8      	push	{r3, r4, r5, r6, r7, lr}
1000448e:	4604      	mov	r4, r0
10004490:	68c0      	ldr	r0, [r0, #12]
10004492:	460e      	mov	r6, r1
10004494:	b118      	cbz	r0, 1000449e <tu_fifo_write+0x12>
10004496:	f04f 31ff 	mov.w	r1, #4294967295	@ 0xffffffff
1000449a:	f000 fa7d 	bl	10004998 <__mutex_enter_timeout_ms_veneer>
1000449e:	8925      	ldrh	r5, [r4, #8]
100044a0:	8923      	ldrh	r3, [r4, #8]
100044a2:	8961      	ldrh	r1, [r4, #10]
100044a4:	b29b      	uxth	r3, r3
100044a6:	b289      	uxth	r1, r1
100044a8:	88a2      	ldrh	r2, [r4, #4]
100044aa:	428b      	cmp	r3, r1
100044ac:	bf36      	itet	cc
100044ae:	ebc1 0142 	rsbcc	r1, r1, r2, lsl #1
100044b2:	1a5b      	subcs	r3, r3, r1
100044b4:	185b      	addcc	r3, r3, r1
100044b6:	b29b      	uxth	r3, r3
100044b8:	429a      	cmp	r2, r3
100044ba:	b2ad      	uxth	r5, r5
100044bc:	d808      	bhi.n	100044d0 <tu_fifo_write+0x44>
100044be:	79e7      	ldrb	r7, [r4, #7]
100044c0:	09ff      	lsrs	r7, r7, #7
100044c2:	d105      	bne.n	100044d0 <tu_fifo_write+0x44>
100044c4:	68e0      	ldr	r0, [r4, #12]
100044c6:	b108      	cbz	r0, 100044cc <tu_fifo_write+0x40>
100044c8:	f000 fa72 	bl	100049b0 <__mutex_exit_veneer>
100044cc:	4638      	mov	r0, r7
100044ce:	bdf8      	pop	{r3, r4, r5, r6, r7, pc}
100044d0:	4295      	cmp	r5, r2
100044d2:	d319      	bcc.n	10004508 <tu_fifo_write+0x7c>
100044d4:	462b      	mov	r3, r5
100044d6:	1a9b      	subs	r3, r3, r2
100044d8:	b29b      	uxth	r3, r3
100044da:	4293      	cmp	r3, r2
100044dc:	d2fb      	bcs.n	100044d6 <tu_fifo_write+0x4a>
100044de:	88e2      	ldrh	r2, [r4, #6]
100044e0:	6820      	ldr	r0, [r4, #0]
100044e2:	f3c2 020e 	ubfx	r2, r2, #0, #15
100044e6:	fb02 0003 	mla	r0, r2, r3, r0
100044ea:	4631      	mov	r1, r6
100044ec:	f000 f956 	bl	1000479c <memcpy>
100044f0:	1c6b      	adds	r3, r5, #1
100044f2:	b29b      	uxth	r3, r3
100044f4:	429d      	cmp	r5, r3
100044f6:	88a2      	ldrh	r2, [r4, #4]
100044f8:	d912      	bls.n	10004520 <tu_fifo_write+0x94>
100044fa:	2300      	movs	r3, #0
100044fc:	0051      	lsls	r1, r2, #1
100044fe:	1a5b      	subs	r3, r3, r1
10004500:	b29b      	uxth	r3, r3
10004502:	2701      	movs	r7, #1
10004504:	8123      	strh	r3, [r4, #8]
10004506:	e7dd      	b.n	100044c4 <tu_fifo_write+0x38>
10004508:	88e2      	ldrh	r2, [r4, #6]
1000450a:	6820      	ldr	r0, [r4, #0]
1000450c:	f3c2 020e 	ubfx	r2, r2, #0, #15
10004510:	fb05 0002 	mla	r0, r5, r2, r0
10004514:	4631      	mov	r1, r6
10004516:	f000 f941 	bl	1000479c <memcpy>
1000451a:	3501      	adds	r5, #1
1000451c:	88a2      	ldrh	r2, [r4, #4]
1000451e:	b2ab      	uxth	r3, r5
10004520:	ebb3 0f42 	cmp.w	r3, r2, lsl #1
10004524:	ea4f 0142 	mov.w	r1, r2, lsl #1
10004528:	dbeb      	blt.n	10004502 <tu_fifo_write+0x76>
1000452a:	e7e8      	b.n	100044fe <tu_fifo_write+0x72>

1000452c <tu_fifo_write_n>:
1000452c:	e92d 4ff0 	stmdb	sp!, {r4, r5, r6, r7, r8, r9, sl, fp, lr}
10004530:	4616      	mov	r6, r2
10004532:	b083      	sub	sp, #12
10004534:	2a00      	cmp	r2, #0
10004536:	d04c      	beq.n	100045d2 <tu_fifo_write_n+0xa6>
10004538:	4605      	mov	r5, r0
1000453a:	68c0      	ldr	r0, [r0, #12]
1000453c:	4688      	mov	r8, r1
1000453e:	b118      	cbz	r0, 10004548 <tu_fifo_write_n+0x1c>
10004540:	f04f 31ff 	mov.w	r1, #4294967295	@ 0xffffffff
10004544:	f000 fa28 	bl	10004998 <__mutex_enter_timeout_ms_veneer>
10004548:	79ea      	ldrb	r2, [r5, #7]
1000454a:	892f      	ldrh	r7, [r5, #8]
1000454c:	8969      	ldrh	r1, [r5, #10]
1000454e:	09d2      	lsrs	r2, r2, #7
10004550:	88ab      	ldrh	r3, [r5, #4]
10004552:	b2bf      	uxth	r7, r7
10004554:	b289      	uxth	r1, r1
10004556:	d140      	bne.n	100045da <tu_fifo_write_n+0xae>
10004558:	428f      	cmp	r7, r1
1000455a:	bf36      	itet	cc
1000455c:	ebc1 0143 	rsbcc	r1, r1, r3, lsl #1
10004560:	1a79      	subcs	r1, r7, r1
10004562:	19c9      	addcc	r1, r1, r7
10004564:	b289      	uxth	r1, r1
10004566:	4299      	cmp	r1, r3
10004568:	d241      	bcs.n	100045ee <tu_fifo_write_n+0xc2>
1000456a:	1a59      	subs	r1, r3, r1
1000456c:	b289      	uxth	r1, r1
1000456e:	428e      	cmp	r6, r1
10004570:	bf28      	it	cs
10004572:	460e      	movcs	r6, r1
10004574:	f8b5 a006 	ldrh.w	sl, [r5, #6]
10004578:	eb07 0906 	add.w	r9, r7, r6
1000457c:	eba6 0b03 	sub.w	fp, r6, r3
10004580:	f3ca 0a0e 	ubfx	sl, sl, #0, #15
10004584:	fa1f f989 	uxth.w	r9, r9
10004588:	fa1f fb8b 	uxth.w	fp, fp
1000458c:	429f      	cmp	r7, r3
1000458e:	463c      	mov	r4, r7
10004590:	d303      	bcc.n	1000459a <tu_fifo_write_n+0x6e>
10004592:	1ae4      	subs	r4, r4, r3
10004594:	b2a4      	uxth	r4, r4
10004596:	429c      	cmp	r4, r3
10004598:	d2fb      	bcs.n	10004592 <tu_fifo_write_n+0x66>
1000459a:	1b1b      	subs	r3, r3, r4
1000459c:	6828      	ldr	r0, [r5, #0]
1000459e:	b29b      	uxth	r3, r3
100045a0:	42b3      	cmp	r3, r6
100045a2:	fb0a 0004 	mla	r0, sl, r4, r0
100045a6:	d34b      	bcc.n	10004640 <tu_fifo_write_n+0x114>
100045a8:	4641      	mov	r1, r8
100045aa:	fb0a f206 	mul.w	r2, sl, r6
100045ae:	f000 f8f5 	bl	1000479c <memcpy>
100045b2:	88aa      	ldrh	r2, [r5, #4]
100045b4:	454f      	cmp	r7, r9
100045b6:	ea4f 0342 	mov.w	r3, r2, lsl #1
100045ba:	d802      	bhi.n	100045c2 <tu_fifo_write_n+0x96>
100045bc:	ebb9 0f42 	cmp.w	r9, r2, lsl #1
100045c0:	db03      	blt.n	100045ca <tu_fifo_write_n+0x9e>
100045c2:	eba9 0303 	sub.w	r3, r9, r3
100045c6:	fa1f f983 	uxth.w	r9, r3
100045ca:	68e8      	ldr	r0, [r5, #12]
100045cc:	f8a5 9008 	strh.w	r9, [r5, #8]
100045d0:	b988      	cbnz	r0, 100045f6 <tu_fifo_write_n+0xca>
100045d2:	4630      	mov	r0, r6
100045d4:	b003      	add	sp, #12
100045d6:	e8bd 8ff0 	ldmia.w	sp!, {r4, r5, r6, r7, r8, r9, sl, fp, pc}
100045da:	f8b5 a006 	ldrh.w	sl, [r5, #6]
100045de:	429e      	cmp	r6, r3
100045e0:	f3ca 0a0e 	ubfx	sl, sl, #0, #15
100045e4:	d30d      	bcc.n	10004602 <tu_fifo_write_n+0xd6>
100045e6:	2b00      	cmp	r3, #0
100045e8:	d13f      	bne.n	1000466a <tu_fifo_write_n+0x13e>
100045ea:	461e      	mov	r6, r3
100045ec:	e000      	b.n	100045f0 <tu_fifo_write_n+0xc4>
100045ee:	2600      	movs	r6, #0
100045f0:	68e8      	ldr	r0, [r5, #12]
100045f2:	2800      	cmp	r0, #0
100045f4:	d0ed      	beq.n	100045d2 <tu_fifo_write_n+0xa6>
100045f6:	f000 f9db 	bl	100049b0 <__mutex_exit_veneer>
100045fa:	4630      	mov	r0, r6
100045fc:	b003      	add	sp, #12
100045fe:	e8bd 8ff0 	ldmia.w	sp!, {r4, r5, r6, r7, r8, r9, sl, fp, pc}
10004602:	428f      	cmp	r7, r1
10004604:	bf36      	itet	cc
10004606:	ebc1 0243 	rsbcc	r2, r1, r3, lsl #1
1000460a:	1a7a      	subcs	r2, r7, r1
1000460c:	19d2      	addcc	r2, r2, r7
1000460e:	b292      	uxth	r2, r2
10004610:	0058      	lsls	r0, r3, #1
10004612:	4432      	add	r2, r6
10004614:	eba6 0b03 	sub.w	fp, r6, r3
10004618:	4282      	cmp	r2, r0
1000461a:	fa1f fb8b 	uxth.w	fp, fp
1000461e:	db0a      	blt.n	10004636 <tu_fifo_write_n+0x10a>
10004620:	eb01 0903 	add.w	r9, r1, r3
10004624:	fa1f f989 	uxth.w	r9, r9
10004628:	eba9 0706 	sub.w	r7, r9, r6
1000462c:	b2bf      	uxth	r7, r7
1000462e:	42b9      	cmp	r1, r7
10004630:	d918      	bls.n	10004664 <tu_fifo_write_n+0x138>
10004632:	1a38      	subs	r0, r7, r0
10004634:	b287      	uxth	r7, r0
10004636:	eb06 0907 	add.w	r9, r6, r7
1000463a:	fa1f f989 	uxth.w	r9, r9
1000463e:	e7a5      	b.n	1000458c <tu_fifo_write_n+0x60>
10004640:	fb13 f30a 	smulbb	r3, r3, sl
10004644:	445c      	add	r4, fp
10004646:	fb14 f40a 	smulbb	r4, r4, sl
1000464a:	b29a      	uxth	r2, r3
1000464c:	4641      	mov	r1, r8
1000464e:	9201      	str	r2, [sp, #4]
10004650:	f000 f8a4 	bl	1000479c <memcpy>
10004654:	9a01      	ldr	r2, [sp, #4]
10004656:	6828      	ldr	r0, [r5, #0]
10004658:	eb08 0102 	add.w	r1, r8, r2
1000465c:	b2a2      	uxth	r2, r4
1000465e:	f000 f89d 	bl	1000479c <memcpy>
10004662:	e7a6      	b.n	100045b2 <tu_fifo_write_n+0x86>
10004664:	42b8      	cmp	r0, r7
10004666:	dc91      	bgt.n	1000458c <tu_fifo_write_n+0x60>
10004668:	e7e3      	b.n	10004632 <tu_fifo_write_n+0x106>
1000466a:	1af6      	subs	r6, r6, r3
1000466c:	eb01 0903 	add.w	r9, r1, r3
10004670:	fb0a 8806 	mla	r8, sl, r6, r8
10004674:	460f      	mov	r7, r1
10004676:	461e      	mov	r6, r3
10004678:	f04f 0b00 	mov.w	fp, #0
1000467c:	fa1f f989 	uxth.w	r9, r9
10004680:	e784      	b.n	1000458c <tu_fifo_write_n+0x60>
10004682:	bf00      	nop

10004684 <tu_fifo_clear>:
10004684:	b510      	push	{r4, lr}
10004686:	4604      	mov	r4, r0
10004688:	68c0      	ldr	r0, [r0, #12]
1000468a:	b118      	cbz	r0, 10004694 <tu_fifo_clear+0x10>
1000468c:	f04f 31ff 	mov.w	r1, #4294967295	@ 0xffffffff
10004690:	f000 f982 	bl	10004998 <__mutex_enter_timeout_ms_veneer>
10004694:	6920      	ldr	r0, [r4, #16]
10004696:	b118      	cbz	r0, 100046a0 <tu_fifo_clear+0x1c>
10004698:	f04f 31ff 	mov.w	r1, #4294967295	@ 0xffffffff
1000469c:	f000 f97c 	bl	10004998 <__mutex_enter_timeout_ms_veneer>
100046a0:	2300      	movs	r3, #0
100046a2:	68e0      	ldr	r0, [r4, #12]
100046a4:	8163      	strh	r3, [r4, #10]
100046a6:	8123      	strh	r3, [r4, #8]
100046a8:	b108      	cbz	r0, 100046ae <tu_fifo_clear+0x2a>
100046aa:	f000 f981 	bl	100049b0 <__mutex_exit_veneer>
100046ae:	6920      	ldr	r0, [r4, #16]
100046b0:	b108      	cbz	r0, 100046b6 <tu_fifo_clear+0x32>
100046b2:	f000 f97d 	bl	100049b0 <__mutex_exit_veneer>
100046b6:	2001      	movs	r0, #1
100046b8:	bd10      	pop	{r4, pc}
100046ba:	bf00      	nop

100046bc <tu_fifo_set_overwritable>:
100046bc:	b538      	push	{r3, r4, r5, lr}
100046be:	4604      	mov	r4, r0
100046c0:	68c0      	ldr	r0, [r0, #12]
100046c2:	460d      	mov	r5, r1
100046c4:	b118      	cbz	r0, 100046ce <tu_fifo_set_overwritable+0x12>
100046c6:	f04f 31ff 	mov.w	r1, #4294967295	@ 0xffffffff
100046ca:	f000 f965 	bl	10004998 <__mutex_enter_timeout_ms_veneer>
100046ce:	6920      	ldr	r0, [r4, #16]
100046d0:	b118      	cbz	r0, 100046da <tu_fifo_set_overwritable+0x1e>
100046d2:	f04f 31ff 	mov.w	r1, #4294967295	@ 0xffffffff
100046d6:	f000 f95f 	bl	10004998 <__mutex_enter_timeout_ms_veneer>
100046da:	79e3      	ldrb	r3, [r4, #7]
100046dc:	68e0      	ldr	r0, [r4, #12]
100046de:	f365 13c7 	bfi	r3, r5, #7, #1
100046e2:	71e3      	strb	r3, [r4, #7]
100046e4:	b108      	cbz	r0, 100046ea <tu_fifo_set_overwritable+0x2e>
100046e6:	f000 f963 	bl	100049b0 <__mutex_exit_veneer>
100046ea:	6920      	ldr	r0, [r4, #16]
100046ec:	b108      	cbz	r0, 100046f2 <tu_fifo_set_overwritable+0x36>
100046ee:	f000 f95f 	bl	100049b0 <__mutex_exit_veneer>
100046f2:	2001      	movs	r0, #1
100046f4:	bd38      	pop	{r3, r4, r5, pc}
100046f6:	bf00      	nop

100046f8 <memset>:
100046f8:	b570      	push	{r4, r5, r6, lr}
100046fa:	0786      	lsls	r6, r0, #30
100046fc:	d047      	beq.n	1000478e <memset+0x96>
100046fe:	1e54      	subs	r4, r2, #1
10004700:	2a00      	cmp	r2, #0
10004702:	d03e      	beq.n	10004782 <memset+0x8a>
10004704:	b2ca      	uxtb	r2, r1
10004706:	4603      	mov	r3, r0
10004708:	e001      	b.n	1000470e <memset+0x16>
1000470a:	3c01      	subs	r4, #1
1000470c:	d339      	bcc.n	10004782 <memset+0x8a>
1000470e:	f803 2b01 	strb.w	r2, [r3], #1
10004712:	079d      	lsls	r5, r3, #30
10004714:	d1f9      	bne.n	1000470a <memset+0x12>
10004716:	2c03      	cmp	r4, #3
10004718:	d92c      	bls.n	10004774 <memset+0x7c>
1000471a:	b2cd      	uxtb	r5, r1
1000471c:	2c0f      	cmp	r4, #15
1000471e:	eb05 2505 	add.w	r5, r5, r5, lsl #8
10004722:	eb05 4505 	add.w	r5, r5, r5, lsl #16
10004726:	d935      	bls.n	10004794 <memset+0x9c>
10004728:	f1a4 0c10 	sub.w	ip, r4, #16
1000472c:	f103 0e10 	add.w	lr, r3, #16
10004730:	461a      	mov	r2, r3
10004732:	f02c 060f 	bic.w	r6, ip, #15
10004736:	ea4f 1c1c 	mov.w	ip, ip, lsr #4
1000473a:	44b6      	add	lr, r6
1000473c:	e9c2 5500 	strd	r5, r5, [r2]
10004740:	e9c2 5502 	strd	r5, r5, [r2, #8]
10004744:	3210      	adds	r2, #16
10004746:	4572      	cmp	r2, lr
10004748:	d1f8      	bne.n	1000473c <memset+0x44>
1000474a:	f10c 0201 	add.w	r2, ip, #1
1000474e:	f014 0f0c 	tst.w	r4, #12
10004752:	f004 0c0f 	and.w	ip, r4, #15
10004756:	eb03 1202 	add.w	r2, r3, r2, lsl #4
1000475a:	d013      	beq.n	10004784 <memset+0x8c>
1000475c:	f1ac 0304 	sub.w	r3, ip, #4
10004760:	f023 0303 	bic.w	r3, r3, #3
10004764:	3304      	adds	r3, #4
10004766:	4413      	add	r3, r2
10004768:	f842 5b04 	str.w	r5, [r2], #4
1000476c:	4293      	cmp	r3, r2
1000476e:	d1fb      	bne.n	10004768 <memset+0x70>
10004770:	f00c 0403 	and.w	r4, ip, #3
10004774:	b12c      	cbz	r4, 10004782 <memset+0x8a>
10004776:	b2c9      	uxtb	r1, r1
10004778:	441c      	add	r4, r3
1000477a:	f803 1b01 	strb.w	r1, [r3], #1
1000477e:	42a3      	cmp	r3, r4
10004780:	d1fb      	bne.n	1000477a <memset+0x82>
10004782:	bd70      	pop	{r4, r5, r6, pc}
10004784:	4664      	mov	r4, ip
10004786:	4613      	mov	r3, r2
10004788:	2c00      	cmp	r4, #0
1000478a:	d1f4      	bne.n	10004776 <memset+0x7e>
1000478c:	e7f9      	b.n	10004782 <memset+0x8a>
1000478e:	4603      	mov	r3, r0
10004790:	4614      	mov	r4, r2
10004792:	e7c0      	b.n	10004716 <memset+0x1e>
10004794:	461a      	mov	r2, r3
10004796:	46a4      	mov	ip, r4
10004798:	e7e0      	b.n	1000475c <memset+0x64>
1000479a:	bf00      	nop

1000479c <memcpy>:
1000479c:	4684      	mov	ip, r0
1000479e:	ea41 0300 	orr.w	r3, r1, r0
100047a2:	f013 0303 	ands.w	r3, r3, #3
100047a6:	d149      	bne.n	1000483c <memcpy+0xa0>
100047a8:	3a40      	subs	r2, #64	@ 0x40
100047aa:	d323      	bcc.n	100047f4 <memcpy+0x58>
100047ac:	680b      	ldr	r3, [r1, #0]
100047ae:	6003      	str	r3, [r0, #0]
100047b0:	684b      	ldr	r3, [r1, #4]
100047b2:	6043      	str	r3, [r0, #4]
100047b4:	688b      	ldr	r3, [r1, #8]
100047b6:	6083      	str	r3, [r0, #8]
100047b8:	68cb      	ldr	r3, [r1, #12]
100047ba:	60c3      	str	r3, [r0, #12]
100047bc:	690b      	ldr	r3, [r1, #16]
100047be:	6103      	str	r3, [r0, #16]
100047c0:	694b      	ldr	r3, [r1, #20]
100047c2:	6143      	str	r3, [r0, #20]
100047c4:	698b      	ldr	r3, [r1, #24]
100047c6:	6183      	str	r3, [r0, #24]
100047c8:	69cb      	ldr	r3, [r1, #28]
100047ca:	61c3      	str	r3, [r0, #28]
100047cc:	6a0b      	ldr	r3, [r1, #32]
100047ce:	6203      	str	r3, [r0, #32]
100047d0:	6a4b      	ldr	r3, [r1, #36]	@ 0x24
100047d2:	6243      	str	r3, [r0, #36]	@ 0x24
100047d4:	6a8b      	ldr	r3, [r1, #40]	@ 0x28
100047d6:	6283      	str	r3, [r0, #40]	@ 0x28
100047d8:	6acb      	ldr	r3, [r1, #44]	@ 0x2c
100047da:	62c3      	str	r3, [r0, #44]	@ 0x2c
100047dc:	6b0b      	ldr	r3, [r1, #48]	@ 0x30
100047de:	6303      	str	r3, [r0, #48]	@ 0x30
100047e0:	6b4b      	ldr	r3, [r1, #52]	@ 0x34
100047e2:	6343      	str	r3, [r0, #52]	@ 0x34
100047e4:	6b8b      	ldr	r3, [r1, #56]	@ 0x38
100047e6:	6383      	str	r3, [r0, #56]	@ 0x38
100047e8:	6bcb      	ldr	r3, [r1, #60]	@ 0x3c
100047ea:	63c3      	str	r3, [r0, #60]	@ 0x3c
100047ec:	3040      	adds	r0, #64	@ 0x40
100047ee:	3140      	adds	r1, #64	@ 0x40
100047f0:	3a40      	subs	r2, #64	@ 0x40
100047f2:	d2db      	bcs.n	100047ac <memcpy+0x10>
100047f4:	3230      	adds	r2, #48	@ 0x30
100047f6:	d30b      	bcc.n	10004810 <memcpy+0x74>
100047f8:	680b      	ldr	r3, [r1, #0]
100047fa:	6003      	str	r3, [r0, #0]
100047fc:	684b      	ldr	r3, [r1, #4]
100047fe:	6043      	str	r3, [r0, #4]
10004800:	688b      	ldr	r3, [r1, #8]
10004802:	6083      	str	r3, [r0, #8]
10004804:	68cb      	ldr	r3, [r1, #12]
10004806:	60c3      	str	r3, [r0, #12]
10004808:	3010      	adds	r0, #16
1000480a:	3110      	adds	r1, #16
1000480c:	3a10      	subs	r2, #16
1000480e:	d2f3      	bcs.n	100047f8 <memcpy+0x5c>
10004810:	320c      	adds	r2, #12
10004812:	d305      	bcc.n	10004820 <memcpy+0x84>
10004814:	f851 3b04 	ldr.w	r3, [r1], #4
10004818:	f840 3b04 	str.w	r3, [r0], #4
1000481c:	3a04      	subs	r2, #4
1000481e:	d2f9      	bcs.n	10004814 <memcpy+0x78>
10004820:	3204      	adds	r2, #4
10004822:	d008      	beq.n	10004836 <memcpy+0x9a>
10004824:	07d2      	lsls	r2, r2, #31
10004826:	bf1c      	itt	ne
10004828:	f811 3b01 	ldrbne.w	r3, [r1], #1
1000482c:	f800 3b01 	strbne.w	r3, [r0], #1
10004830:	d301      	bcc.n	10004836 <memcpy+0x9a>
10004832:	880b      	ldrh	r3, [r1, #0]
10004834:	8003      	strh	r3, [r0, #0]
10004836:	4660      	mov	r0, ip
10004838:	4770      	bx	lr
1000483a:	bf00      	nop
1000483c:	2a08      	cmp	r2, #8
1000483e:	d313      	bcc.n	10004868 <memcpy+0xcc>
10004840:	078b      	lsls	r3, r1, #30
10004842:	d0b1      	beq.n	100047a8 <memcpy+0xc>
10004844:	f010 0303 	ands.w	r3, r0, #3
10004848:	d0ae      	beq.n	100047a8 <memcpy+0xc>
1000484a:	f1c3 0304 	rsb	r3, r3, #4
1000484e:	1ad2      	subs	r2, r2, r3
10004850:	07db      	lsls	r3, r3, #31
10004852:	bf1c      	itt	ne
10004854:	f811 3b01 	ldrbne.w	r3, [r1], #1
10004858:	f800 3b01 	strbne.w	r3, [r0], #1
1000485c:	d3a4      	bcc.n	100047a8 <memcpy+0xc>
1000485e:	f831 3b02 	ldrh.w	r3, [r1], #2
10004862:	f820 3b02 	strh.w	r3, [r0], #2
10004866:	e79f      	b.n	100047a8 <memcpy+0xc>
10004868:	3a04      	subs	r2, #4
1000486a:	d3d9      	bcc.n	10004820 <memcpy+0x84>
1000486c:	3a01      	subs	r2, #1
1000486e:	f811 3b01 	ldrb.w	r3, [r1], #1
10004872:	f800 3b01 	strb.w	r3, [r0], #1
10004876:	d2f9      	bcs.n	1000486c <memcpy+0xd0>
10004878:	780b      	ldrb	r3, [r1, #0]
1000487a:	7003      	strb	r3, [r0, #0]
1000487c:	784b      	ldrb	r3, [r1, #1]
1000487e:	7043      	strb	r3, [r0, #1]
10004880:	788b      	ldrb	r3, [r1, #2]
10004882:	7083      	strb	r3, [r0, #2]
10004884:	4660      	mov	r0, ip
10004886:	4770      	bx	lr

10004888 <atexit>:
10004888:	2300      	movs	r3, #0
1000488a:	4601      	mov	r1, r0
1000488c:	461a      	mov	r2, r3
1000488e:	4618      	mov	r0, r3
10004890:	f000 b842 	b.w	10004918 <__register_exitproc>

10004894 <strlen>:
10004894:	f020 0103 	bic.w	r1, r0, #3
10004898:	f010 0003 	ands.w	r0, r0, #3
1000489c:	f1c0 0000 	rsb	r0, r0, #0
100048a0:	f851 3b04 	ldr.w	r3, [r1], #4
100048a4:	f100 0c04 	add.w	ip, r0, #4
100048a8:	ea4f 0ccc 	mov.w	ip, ip, lsl #3
100048ac:	f06f 0200 	mvn.w	r2, #0
100048b0:	bf1c      	itt	ne
100048b2:	fa22 f20c 	lsrne.w	r2, r2, ip
100048b6:	4313      	orrne	r3, r2
100048b8:	f04f 0c01 	mov.w	ip, #1
100048bc:	ea4c 2c0c 	orr.w	ip, ip, ip, lsl #8
100048c0:	ea4c 4c0c 	orr.w	ip, ip, ip, lsl #16
100048c4:	eba3 020c 	sub.w	r2, r3, ip
100048c8:	ea22 0203 	bic.w	r2, r2, r3
100048cc:	ea12 12cc 	ands.w	r2, r2, ip, lsl #7
100048d0:	bf04      	itt	eq
100048d2:	f851 3b04 	ldreq.w	r3, [r1], #4
100048d6:	3004      	addeq	r0, #4
100048d8:	d0f4      	beq.n	100048c4 <strlen+0x30>
100048da:	f1c2 0100 	rsb	r1, r2, #0
100048de:	ea02 0201 	and.w	r2, r2, r1
100048e2:	fab2 f282 	clz	r2, r2
100048e6:	f1c2 021f 	rsb	r2, r2, #31
100048ea:	eb00 00d2 	add.w	r0, r0, r2, lsr #3
100048ee:	4770      	bx	lr

100048f0 <__libc_fini_array>:
100048f0:	b538      	push	{r3, r4, r5, lr}
100048f2:	4d07      	ldr	r5, [pc, #28]	@ (10004910 <__libc_fini_array+0x20>)
100048f4:	4c07      	ldr	r4, [pc, #28]	@ (10004914 <__libc_fini_array+0x24>)
100048f6:	1b2c      	subs	r4, r5, r4
100048f8:	10a4      	asrs	r4, r4, #2
100048fa:	d005      	beq.n	10004908 <__libc_fini_array+0x18>
100048fc:	3c01      	subs	r4, #1
100048fe:	f855 3d04 	ldr.w	r3, [r5, #-4]!
10004902:	4798      	blx	r3
10004904:	2c00      	cmp	r4, #0
10004906:	d1f9      	bne.n	100048fc <__libc_fini_array+0xc>
10004908:	e8bd 4038 	ldmia.w	sp!, {r3, r4, r5, lr}
1000490c:	f000 b840 	b.w	10004990 <_fini>
10004910:	10004a2c 	.word	0x10004a2c
10004914:	10004a2c 	.word	0x10004a2c

10004918 <__register_exitproc>:
10004918:	b470      	push	{r4, r5, r6}
1000491a:	4d16      	ldr	r5, [pc, #88]	@ (10004974 <__register_exitproc+0x5c>)
1000491c:	682c      	ldr	r4, [r5, #0]
1000491e:	b31c      	cbz	r4, 10004968 <__register_exitproc+0x50>
10004920:	6865      	ldr	r5, [r4, #4]
10004922:	2d1f      	cmp	r5, #31
10004924:	dc23      	bgt.n	1000496e <__register_exitproc+0x56>
10004926:	b938      	cbnz	r0, 10004938 <__register_exitproc+0x20>
10004928:	1c6b      	adds	r3, r5, #1
1000492a:	2000      	movs	r0, #0
1000492c:	3502      	adds	r5, #2
1000492e:	6063      	str	r3, [r4, #4]
10004930:	f844 1025 	str.w	r1, [r4, r5, lsl #2]
10004934:	bc70      	pop	{r4, r5, r6}
10004936:	4770      	bx	lr
10004938:	eb04 0c85 	add.w	ip, r4, r5, lsl #2
1000493c:	2802      	cmp	r0, #2
1000493e:	f8cc 2088 	str.w	r2, [ip, #136]	@ 0x88
10004942:	f04f 0201 	mov.w	r2, #1
10004946:	f8d4 6188 	ldr.w	r6, [r4, #392]	@ 0x188
1000494a:	fa02 f205 	lsl.w	r2, r2, r5
1000494e:	ea46 0602 	orr.w	r6, r6, r2
10004952:	f8c4 6188 	str.w	r6, [r4, #392]	@ 0x188
10004956:	f8cc 3108 	str.w	r3, [ip, #264]	@ 0x108
1000495a:	d1e5      	bne.n	10004928 <__register_exitproc+0x10>
1000495c:	f8d4 318c 	ldr.w	r3, [r4, #396]	@ 0x18c
10004960:	4313      	orrs	r3, r2
10004962:	f8c4 318c 	str.w	r3, [r4, #396]	@ 0x18c
10004966:	e7df      	b.n	10004928 <__register_exitproc+0x10>
10004968:	4c03      	ldr	r4, [pc, #12]	@ (10004978 <__register_exitproc+0x60>)
1000496a:	602c      	str	r4, [r5, #0]
1000496c:	e7d8      	b.n	10004920 <__register_exitproc+0x8>
1000496e:	f04f 30ff 	mov.w	r0, #4294967295	@ 0xffffffff
10004972:	e7df      	b.n	10004934 <__register_exitproc+0x1c>
10004974:	200012a4 	.word	0x200012a4
10004978:	20001114 	.word	0x20001114

1000497c <register_fini>:
1000497c:	4b02      	ldr	r3, [pc, #8]	@ (10004988 <register_fini+0xc>)
1000497e:	b113      	cbz	r3, 10004986 <register_fini+0xa>
10004980:	4802      	ldr	r0, [pc, #8]	@ (1000498c <register_fini+0x10>)
10004982:	f7ff bf81 	b.w	10004888 <atexit>
10004986:	4770      	bx	lr
10004988:	00000000 	.word	0x00000000
1000498c:	100048f1 	.word	0x100048f1

10004990 <_fini>:
10004990:	b5f8      	push	{r3, r4, r5, r6, r7, lr}
10004992:	bf00      	nop
10004994:	0000      	movs	r0, r0
	...

10004998 <__mutex_enter_timeout_ms_veneer>:
10004998:	f85f f000 	ldr.w	pc, [pc]	@ 1000499c <__mutex_enter_timeout_ms_veneer+0x4>
1000499c:	2000023d 	.word	0x2000023d

100049a0 <__hw_endpoint_start_next_buffer_veneer>:
100049a0:	f85f f000 	ldr.w	pc, [pc]	@ 100049a4 <__hw_endpoint_start_next_buffer_veneer+0x4>
100049a4:	20000b0d 	.word	0x20000b0d

100049a8 <__reset_non_control_endpoints_veneer>:
100049a8:	f85f f000 	ldr.w	pc, [pc]	@ 100049ac <__reset_non_control_endpoints_veneer+0x4>
100049ac:	200002b1 	.word	0x200002b1

100049b0 <__mutex_exit_veneer>:
100049b0:	f85f f000 	ldr.w	pc, [pc]	@ 100049b4 <__mutex_exit_veneer+0x4>
100049b4:	20000275 	.word	0x20000275

100049b8 <__e15_is_bulkin_ep_veneer>:
100049b8:	f85f f000 	ldr.w	pc, [pc]	@ 100049bc <__e15_is_bulkin_ep_veneer+0x4>
100049bc:	20000a6d 	.word	0x20000a6d

100049c0 <___hw_endpoint_buffer_control_update32_veneer>:
100049c0:	f85f f000 	ldr.w	pc, [pc]	@ 100049c4 <___hw_endpoint_buffer_control_update32_veneer+0x4>
100049c4:	20000ac9 	.word	0x20000ac9

100049c8 <__mutex_try_enter_block_until_veneer>:
100049c8:	f85f f000 	ldr.w	pc, [pc]	@ 100049cc <__mutex_try_enter_block_until_veneer+0x4>
100049cc:	200001d1 	.word	0x200001d1

100049d0 <__e15_is_critical_frame_period_veneer>:
100049d0:	f85f f000 	ldr.w	pc, [pc]	@ 100049d4 <__e15_is_critical_frame_period_veneer+0x4>
100049d4:	20000a95 	.word	0x20000a95

100049d8 <__mutex_try_enter_veneer>:
100049d8:	f85f f000 	ldr.w	pc, [pc]	@ 100049dc <__mutex_try_enter_veneer+0x4>
100049dc:	20000111 	.word	0x20000111

100049e0 <__pre_init_runtime_init_bootrom_reset>:
100049e0:	10001b7d                                }...

100049e4 <__pre_init_runtime_init_early_resets>:
100049e4:	10001af1                                ....

100049e8 <__pre_init_runtime_init_usb_power_down>:
100049e8:	10001b25                                %...

100049ec <__pre_init_runtime_init_clocks>:
100049ec:	10001c11                                ....

100049f0 <__pre_init_runtime_init_post_clock_resets>:
100049f0:	10001b5d                                ]...

100049f4 <__pre_init_runtime_init_boot_locks_reset>:
100049f4:	10001a75                                u...

100049f8 <__pre_init_runtime_init_spin_locks_reset>:
100049f8:	10001ba5                                ....

100049fc <__pre_init_runtime_init_bootrom_locking_enable>:
100049fc:	10001a61                                a...

10004a00 <__pre_init_runtime_init_mutex>:
10004a00:	10000e2d                                -...

10004a04 <__pre_init_runtime_init_install_ram_vector_table>:
10004a04:	10001ba9                                ....

10004a08 <__pre_init_runtime_init_default_alarm_pool>:
10004a08:	100011f1                                ....

10004a0c <__pre_init_first_per_core_initializer>:
10004a0c:	10001ac1                                ....

10004a10 <__pre_init_runtime_init_per_core_bootrom_reset>:
10004a10:	10001b91                                ....

10004a14 <__pre_init_runtime_init_per_core_enable_coprocessors>:
10004a14:	10001b41                                A...

10004a18 <__pre_init_spinlock_set_extexclall>:
10004a18:	1000080d                                ....

10004a1c <__pre_init_runtime_init_per_core_irq_priorities>:
10004a1c:	10000835                                5...

10004a20 <__init_array_start>:
10004a20:	1000497d 	.word	0x1000497d
10004a24:	10002571 	.word	0x10002571

10004a28 <__frame_dummy_init_array_entry>:
10004a28:	10000255                                U...

Disassembly of section .data:

20000110 <mutex_try_enter>:
20000110:	4603      	mov	r3, r0
20000112:	b500      	push	{lr}
20000114:	6802      	ldr	r2, [r0, #0]
20000116:	f3ef 8c10 	mrs	ip, PRIMASK
2000011a:	b672      	cpsid	i
2000011c:	e8d2 efcf 	ldaexb	lr, [r2]
20000120:	2001      	movs	r0, #1
20000122:	f1be 0f00 	cmp.w	lr, #0
20000126:	d1f9      	bne.n	2000011c <mutex_try_enter+0xc>
20000128:	e8c2 0f4e 	strexb	lr, r0, [r2]
2000012c:	f1be 0f00 	cmp.w	lr, #0
20000130:	d1f4      	bne.n	2000011c <mutex_try_enter+0xc>
20000132:	f3bf 8f5f 	dmb	sy
20000136:	f993 2004 	ldrsb.w	r2, [r3, #4]
2000013a:	2a00      	cmp	r2, #0
2000013c:	db0a      	blt.n	20000154 <mutex_try_enter+0x44>
2000013e:	b101      	cbz	r1, 20000142 <mutex_try_enter+0x32>
20000140:	600a      	str	r2, [r1, #0]
20000142:	2000      	movs	r0, #0
20000144:	2200      	movs	r2, #0
20000146:	681b      	ldr	r3, [r3, #0]
20000148:	e8c3 2f8f 	stlb	r2, [r3]
2000014c:	f38c 8810 	msr	PRIMASK, ip
20000150:	f85d fb04 	ldr.w	pc, [sp], #4
20000154:	f04f 4250 	mov.w	r2, #3489660928	@ 0xd0000000
20000158:	6812      	ldr	r2, [r2, #0]
2000015a:	2001      	movs	r0, #1
2000015c:	711a      	strb	r2, [r3, #4]
2000015e:	e7f1      	b.n	20000144 <mutex_try_enter+0x34>

20000160 <mutex_enter_block_until>:
20000160:	f04f 4150 	mov.w	r1, #3489660928	@ 0xd0000000
20000164:	e92d 41f0 	stmdb	sp!, {r4, r5, r6, r7, r8, lr}
20000168:	2700      	movs	r7, #0
2000016a:	4604      	mov	r4, r0
2000016c:	4616      	mov	r6, r2
2000016e:	461d      	mov	r5, r3
20000170:	f8d1 8000 	ldr.w	r8, [r1]
20000174:	e009      	b.n	2000018a <mutex_enter_block_until+0x2a>
20000176:	6823      	ldr	r3, [r4, #0]
20000178:	e8c3 7f8f 	stlb	r7, [r3]
2000017c:	f38c 8810 	msr	PRIMASK, ip
20000180:	4630      	mov	r0, r6
20000182:	4629      	mov	r1, r5
20000184:	f000 fe2c 	bl	20000de0 <__best_effort_wfe_or_timeout_veneer>
20000188:	b9f0      	cbnz	r0, 200001c8 <mutex_enter_block_until+0x68>
2000018a:	6821      	ldr	r1, [r4, #0]
2000018c:	f3ef 8c10 	mrs	ip, PRIMASK
20000190:	b672      	cpsid	i
20000192:	e8d1 2fcf 	ldaexb	r2, [r1]
20000196:	2301      	movs	r3, #1
20000198:	2a00      	cmp	r2, #0
2000019a:	d1fa      	bne.n	20000192 <mutex_enter_block_until+0x32>
2000019c:	e8c1 3f42 	strexb	r2, r3, [r1]
200001a0:	2a00      	cmp	r2, #0
200001a2:	d1f6      	bne.n	20000192 <mutex_enter_block_until+0x32>
200001a4:	f3bf 8f5f 	dmb	sy
200001a8:	f994 e004 	ldrsb.w	lr, [r4, #4]
200001ac:	f1be 0f00 	cmp.w	lr, #0
200001b0:	dae1      	bge.n	20000176 <mutex_enter_block_until+0x16>
200001b2:	2300      	movs	r3, #0
200001b4:	6822      	ldr	r2, [r4, #0]
200001b6:	f884 8004 	strb.w	r8, [r4, #4]
200001ba:	e8c2 3f8f 	stlb	r3, [r2]
200001be:	f38c 8810 	msr	PRIMASK, ip
200001c2:	2001      	movs	r0, #1
200001c4:	e8bd 81f0 	ldmia.w	sp!, {r4, r5, r6, r7, r8, pc}
200001c8:	2000      	movs	r0, #0
200001ca:	e8bd 81f0 	ldmia.w	sp!, {r4, r5, r6, r7, r8, pc}
200001ce:	bf00      	nop

200001d0 <mutex_try_enter_block_until>:
200001d0:	b530      	push	{r4, r5, lr}
200001d2:	4601      	mov	r1, r0
200001d4:	6804      	ldr	r4, [r0, #0]
200001d6:	f3ef 8c10 	mrs	ip, PRIMASK
200001da:	b672      	cpsid	i
200001dc:	e8d4 efcf 	ldaexb	lr, [r4]
200001e0:	2501      	movs	r5, #1
200001e2:	f1be 0f00 	cmp.w	lr, #0
200001e6:	d1f9      	bne.n	200001dc <mutex_try_enter_block_until+0xc>
200001e8:	e8c4 5f4e 	strexb	lr, r5, [r4]
200001ec:	f1be 0f00 	cmp.w	lr, #0
200001f0:	d1f4      	bne.n	200001dc <mutex_try_enter_block_until+0xc>
200001f2:	f3bf 8f5f 	dmb	sy
200001f6:	f990 4004 	ldrsb.w	r4, [r0, #4]
200001fa:	2c00      	cmp	r4, #0
200001fc:	db11      	blt.n	20000222 <mutex_try_enter_block_until+0x52>
200001fe:	2100      	movs	r1, #0
20000200:	6805      	ldr	r5, [r0, #0]
20000202:	e8c5 1f8f 	stlb	r1, [r5]
20000206:	f38c 8810 	msr	PRIMASK, ip
2000020a:	f04f 4c50 	mov.w	ip, #3489660928	@ 0xd0000000
2000020e:	f99c c000 	ldrsb.w	ip, [ip]
20000212:	45a4      	cmp	ip, r4
20000214:	d101      	bne.n	2000021a <mutex_try_enter_block_until+0x4a>
20000216:	4608      	mov	r0, r1
20000218:	bd30      	pop	{r4, r5, pc}
2000021a:	e8bd 4030 	ldmia.w	sp!, {r4, r5, lr}
2000021e:	f7ff bf9f 	b.w	20000160 <mutex_enter_block_until>
20000222:	f04f 4050 	mov.w	r0, #3489660928	@ 0xd0000000
20000226:	6800      	ldr	r0, [r0, #0]
20000228:	2300      	movs	r3, #0
2000022a:	680a      	ldr	r2, [r1, #0]
2000022c:	7108      	strb	r0, [r1, #4]
2000022e:	e8c2 3f8f 	stlb	r3, [r2]
20000232:	f38c 8810 	msr	PRIMASK, ip
20000236:	2001      	movs	r0, #1
20000238:	bd30      	pop	{r4, r5, pc}
2000023a:	bf00      	nop

2000023c <mutex_enter_timeout_ms>:
2000023c:	b570      	push	{r4, r5, r6, lr}
2000023e:	4605      	mov	r5, r0
20000240:	460c      	mov	r4, r1
20000242:	f000 fdc5 	bl	20000dd0 <__time_us_64_veneer>
20000246:	4602      	mov	r2, r0
20000248:	460b      	mov	r3, r1
2000024a:	f44f 707a 	mov.w	r0, #1000	@ 0x3e8
2000024e:	f04f 3eff 	mov.w	lr, #4294967295	@ 0xffffffff
20000252:	f06f 4c00 	mvn.w	ip, #2147483648	@ 0x80000000
20000256:	fbe4 2300 	umlal	r2, r3, r4, r0
2000025a:	4596      	cmp	lr, r2
2000025c:	eb7c 0103 	sbcs.w	r1, ip, r3
20000260:	bf38      	it	cc
20000262:	4672      	movcc	r2, lr
20000264:	4628      	mov	r0, r5
20000266:	e8bd 4070 	ldmia.w	sp!, {r4, r5, r6, lr}
2000026a:	bf38      	it	cc
2000026c:	4663      	movcc	r3, ip
2000026e:	f7ff bf77 	b.w	20000160 <mutex_enter_block_until>
20000272:	bf00      	nop

20000274 <mutex_exit>:
20000274:	6803      	ldr	r3, [r0, #0]
20000276:	f3ef 8210 	mrs	r2, PRIMASK
2000027a:	b672      	cpsid	i
2000027c:	e8d3 cfcf 	ldaexb	ip, [r3]
20000280:	2101      	movs	r1, #1
20000282:	f1bc 0f00 	cmp.w	ip, #0
20000286:	d1f9      	bne.n	2000027c <mutex_exit+0x8>
20000288:	e8c3 1f4c 	strexb	ip, r1, [r3]
2000028c:	f1bc 0f00 	cmp.w	ip, #0
20000290:	d1f4      	bne.n	2000027c <mutex_exit+0x8>
20000292:	f3bf 8f5f 	dmb	sy
20000296:	f04f 0cff 	mov.w	ip, #255	@ 0xff
2000029a:	2300      	movs	r3, #0
2000029c:	6801      	ldr	r1, [r0, #0]
2000029e:	f880 c004 	strb.w	ip, [r0, #4]
200002a2:	e8c1 3f8f 	stlb	r3, [r1]
200002a6:	f382 8810 	msr	PRIMASK, r2
200002aa:	bf40      	sev
200002ac:	4770      	bx	lr
200002ae:	bf00      	nop

200002b0 <reset_non_control_endpoints>:
200002b0:	2100      	movs	r1, #0
200002b2:	b508      	push	{r3, lr}
200002b4:	4b13      	ldr	r3, [pc, #76]	@ (20000304 <reset_non_control_endpoints+0x54>)
200002b6:	f44f 7270 	mov.w	r2, #960	@ 0x3c0
200002ba:	6099      	str	r1, [r3, #8]
200002bc:	4812      	ldr	r0, [pc, #72]	@ (20000308 <reset_non_control_endpoints+0x58>)
200002be:	60d9      	str	r1, [r3, #12]
200002c0:	6119      	str	r1, [r3, #16]
200002c2:	6159      	str	r1, [r3, #20]
200002c4:	6199      	str	r1, [r3, #24]
200002c6:	61d9      	str	r1, [r3, #28]
200002c8:	6219      	str	r1, [r3, #32]
200002ca:	6259      	str	r1, [r3, #36]	@ 0x24
200002cc:	6299      	str	r1, [r3, #40]	@ 0x28
200002ce:	62d9      	str	r1, [r3, #44]	@ 0x2c
200002d0:	6319      	str	r1, [r3, #48]	@ 0x30
200002d2:	6359      	str	r1, [r3, #52]	@ 0x34
200002d4:	6399      	str	r1, [r3, #56]	@ 0x38
200002d6:	63d9      	str	r1, [r3, #60]	@ 0x3c
200002d8:	6419      	str	r1, [r3, #64]	@ 0x40
200002da:	6459      	str	r1, [r3, #68]	@ 0x44
200002dc:	6499      	str	r1, [r3, #72]	@ 0x48
200002de:	64d9      	str	r1, [r3, #76]	@ 0x4c
200002e0:	6519      	str	r1, [r3, #80]	@ 0x50
200002e2:	6559      	str	r1, [r3, #84]	@ 0x54
200002e4:	6599      	str	r1, [r3, #88]	@ 0x58
200002e6:	65d9      	str	r1, [r3, #92]	@ 0x5c
200002e8:	6619      	str	r1, [r3, #96]	@ 0x60
200002ea:	6659      	str	r1, [r3, #100]	@ 0x64
200002ec:	6699      	str	r1, [r3, #104]	@ 0x68
200002ee:	66d9      	str	r1, [r3, #108]	@ 0x6c
200002f0:	6719      	str	r1, [r3, #112]	@ 0x70
200002f2:	6759      	str	r1, [r3, #116]	@ 0x74
200002f4:	6799      	str	r1, [r3, #120]	@ 0x78
200002f6:	67d9      	str	r1, [r3, #124]	@ 0x7c
200002f8:	f000 fd76 	bl	20000de8 <__memset_veneer>
200002fc:	4b03      	ldr	r3, [pc, #12]	@ (2000030c <reset_non_control_endpoints+0x5c>)
200002fe:	4a04      	ldr	r2, [pc, #16]	@ (20000310 <reset_non_control_endpoints+0x60>)
20000300:	601a      	str	r2, [r3, #0]
20000302:	bd08      	pop	{r3, pc}
20000304:	50100000 	.word	0x50100000
20000308:	2000184c 	.word	0x2000184c
2000030c:	20001c14 	.word	0x20001c14
20000310:	50100180 	.word	0x50100180

20000314 <hw_handle_buff_status>:
20000314:	e92d 4ff0 	stmdb	sp!, {r4, r5, r6, r7, r8, r9, sl, fp, lr}
20000318:	4b20      	ldr	r3, [pc, #128]	@ (2000039c <hw_handle_buff_status+0x88>)
2000031a:	b085      	sub	sp, #20
2000031c:	6d9e      	ldr	r6, [r3, #88]	@ 0x58
2000031e:	b30e      	cbz	r6, 20000364 <hw_handle_buff_status+0x50>
20000320:	2400      	movs	r4, #0
20000322:	2501      	movs	r5, #1
20000324:	4f1e      	ldr	r7, [pc, #120]	@ (200003a0 <hw_handle_buff_status+0x8c>)
20000326:	e001      	b.n	2000032c <hw_handle_buff_status+0x18>
20000328:	2c20      	cmp	r4, #32
2000032a:	d01b      	beq.n	20000364 <hw_handle_buff_status+0x50>
2000032c:	ea06 0305 	and.w	r3, r6, r5
20000330:	1c62      	adds	r2, r4, #1
20000332:	4621      	mov	r1, r4
20000334:	46aa      	mov	sl, r5
20000336:	b2d4      	uxtb	r4, r2
20000338:	006d      	lsls	r5, r5, #1
2000033a:	2b00      	cmp	r3, #0
2000033c:	d0f4      	beq.n	20000328 <hw_handle_buff_status+0x14>
2000033e:	2302      	movs	r3, #2
20000340:	f004 0801 	and.w	r8, r4, #1
20000344:	ea4f 0951 	mov.w	r9, r1, lsr #1
20000348:	fb13 8b09 	smlabb	fp, r3, r9, r8
2000034c:	4b15      	ldr	r3, [pc, #84]	@ (200003a4 <hw_handle_buff_status+0x90>)
2000034e:	eb07 1b4b 	add.w	fp, r7, fp, lsl #5
20000352:	4658      	mov	r0, fp
20000354:	f8c3 a058 	str.w	sl, [r3, #88]	@ 0x58
20000358:	f000 fc0a 	bl	20000b70 <hw_endpoint_xfer_continue>
2000035c:	b928      	cbnz	r0, 2000036a <hw_handle_buff_status+0x56>
2000035e:	ea36 060a 	bics.w	r6, r6, sl
20000362:	d1e1      	bne.n	20000328 <hw_handle_buff_status+0x14>
20000364:	b005      	add	sp, #20
20000366:	e8bd 8ff0 	ldmia.w	sp!, {r4, r5, r6, r7, r8, r9, sl, fp, pc}
2000036a:	f44f 62e0 	mov.w	r2, #1792	@ 0x700
2000036e:	f8ad 2004 	strh.w	r2, [sp, #4]
20000372:	2200      	movs	r2, #0
20000374:	eb08 0349 	add.w	r3, r8, r9, lsl #1
20000378:	eb07 1343 	add.w	r3, r7, r3, lsl #5
2000037c:	f88d 2009 	strb.w	r2, [sp, #9]
20000380:	789a      	ldrb	r2, [r3, #2]
20000382:	8adb      	ldrh	r3, [r3, #22]
20000384:	a801      	add	r0, sp, #4
20000386:	2101      	movs	r1, #1
20000388:	f88d 2008 	strb.w	r2, [sp, #8]
2000038c:	9303      	str	r3, [sp, #12]
2000038e:	f000 fc0d 	bl	20000bac <dcd_event_handler>
20000392:	4658      	mov	r0, fp
20000394:	f000 fb92 	bl	20000abc <hw_endpoint_reset_transfer>
20000398:	e7e1      	b.n	2000035e <hw_handle_buff_status+0x4a>
2000039a:	bf00      	nop
2000039c:	50110000 	.word	0x50110000
200003a0:	2000180c 	.word	0x2000180c
200003a4:	50113000 	.word	0x50113000

200003a8 <dcd_rp2040_irq>:
200003a8:	b5f0      	push	{r4, r5, r6, r7, lr}
200003aa:	4bb2      	ldr	r3, [pc, #712]	@ (20000674 <dcd_rp2040_irq+0x2cc>)
200003ac:	b085      	sub	sp, #20
200003ae:	f8d3 5098 	ldr.w	r5, [r3, #152]	@ 0x98
200003b2:	f415 3600 	ands.w	r6, r5, #131072	@ 0x20000
200003b6:	d074      	beq.n	200004a2 <dcd_rp2040_irq+0xfa>
200003b8:	4baf      	ldr	r3, [pc, #700]	@ (20000678 <dcd_rp2040_irq+0x2d0>)
200003ba:	4cb0      	ldr	r4, [pc, #704]	@ (2000067c <dcd_rp2040_irq+0x2d4>)
200003bc:	6a99      	ldr	r1, [r3, #40]	@ 0x28
200003be:	f894 303b 	ldrb.w	r3, [r4, #59]	@ 0x3b
200003c2:	4aaf      	ldr	r2, [pc, #700]	@ (20000680 <dcd_rp2040_irq+0x2d8>)
200003c4:	2b02      	cmp	r3, #2
200003c6:	6011      	str	r1, [r2, #0]
200003c8:	f000 80f9 	beq.w	200005be <dcd_rp2040_irq+0x216>
200003cc:	2600      	movs	r6, #0
200003ce:	f894 307b 	ldrb.w	r3, [r4, #123]	@ 0x7b
200003d2:	2b02      	cmp	r3, #2
200003d4:	f000 81d4 	beq.w	20000780 <dcd_rp2040_irq+0x3d8>
200003d8:	f894 30bb 	ldrb.w	r3, [r4, #187]	@ 0xbb
200003dc:	2b02      	cmp	r3, #2
200003de:	f000 81c5 	beq.w	2000076c <dcd_rp2040_irq+0x3c4>
200003e2:	f894 30fb 	ldrb.w	r3, [r4, #251]	@ 0xfb
200003e6:	2b02      	cmp	r3, #2
200003e8:	f000 81b6 	beq.w	20000758 <dcd_rp2040_irq+0x3b0>
200003ec:	f894 313b 	ldrb.w	r3, [r4, #315]	@ 0x13b
200003f0:	2b02      	cmp	r3, #2
200003f2:	f000 81a6 	beq.w	20000742 <dcd_rp2040_irq+0x39a>
200003f6:	f894 317b 	ldrb.w	r3, [r4, #379]	@ 0x17b
200003fa:	2b02      	cmp	r3, #2
200003fc:	f000 8196 	beq.w	2000072c <dcd_rp2040_irq+0x384>
20000400:	f894 31bb 	ldrb.w	r3, [r4, #443]	@ 0x1bb
20000404:	2b02      	cmp	r3, #2
20000406:	f000 8186 	beq.w	20000716 <dcd_rp2040_irq+0x36e>
2000040a:	f894 31fb 	ldrb.w	r3, [r4, #507]	@ 0x1fb
2000040e:	2b02      	cmp	r3, #2
20000410:	f000 8176 	beq.w	20000700 <dcd_rp2040_irq+0x358>
20000414:	f894 323b 	ldrb.w	r3, [r4, #571]	@ 0x23b
20000418:	2b02      	cmp	r3, #2
2000041a:	f000 8165 	beq.w	200006e8 <dcd_rp2040_irq+0x340>
2000041e:	f894 327b 	ldrb.w	r3, [r4, #635]	@ 0x27b
20000422:	2b02      	cmp	r3, #2
20000424:	f000 8154 	beq.w	200006d0 <dcd_rp2040_irq+0x328>
20000428:	f894 32bb 	ldrb.w	r3, [r4, #699]	@ 0x2bb
2000042c:	2b02      	cmp	r3, #2
2000042e:	f000 8143 	beq.w	200006b8 <dcd_rp2040_irq+0x310>
20000432:	f894 32fb 	ldrb.w	r3, [r4, #763]	@ 0x2fb
20000436:	2b02      	cmp	r3, #2
20000438:	f000 8132 	beq.w	200006a0 <dcd_rp2040_irq+0x2f8>
2000043c:	f894 333b 	ldrb.w	r3, [r4, #827]	@ 0x33b
20000440:	2b02      	cmp	r3, #2
20000442:	f000 810a 	beq.w	2000065a <dcd_rp2040_irq+0x2b2>
20000446:	f894 337b 	ldrb.w	r3, [r4, #891]	@ 0x37b
2000044a:	2b02      	cmp	r3, #2
2000044c:	f000 80c9 	beq.w	200005e2 <dcd_rp2040_irq+0x23a>
20000450:	f894 33bb 	ldrb.w	r3, [r4, #955]	@ 0x3bb
20000454:	2b02      	cmp	r3, #2
20000456:	f000 80ec 	beq.w	20000632 <dcd_rp2040_irq+0x28a>
2000045a:	f894 33fb 	ldrb.w	r3, [r4, #1019]	@ 0x3fb
2000045e:	2b02      	cmp	r3, #2
20000460:	f000 80d6 	beq.w	20000610 <dcd_rp2040_irq+0x268>
20000464:	b93e      	cbnz	r6, 20000476 <dcd_rp2040_irq+0xce>
20000466:	4b87      	ldr	r3, [pc, #540]	@ (20000684 <dcd_rp2040_irq+0x2dc>)
20000468:	781b      	ldrb	r3, [r3, #0]
2000046a:	b923      	cbnz	r3, 20000476 <dcd_rp2040_irq+0xce>
2000046c:	f44f 3200 	mov.w	r2, #131072	@ 0x20000
20000470:	4b85      	ldr	r3, [pc, #532]	@ (20000688 <dcd_rp2040_irq+0x2e0>)
20000472:	f8c3 2090 	str.w	r2, [r3, #144]	@ 0x90
20000476:	f44f 7240 	mov.w	r2, #768	@ 0x300
2000047a:	4b7e      	ldr	r3, [pc, #504]	@ (20000674 <dcd_rp2040_irq+0x2cc>)
2000047c:	2101      	movs	r1, #1
2000047e:	6c9b      	ldr	r3, [r3, #72]	@ 0x48
20000480:	a801      	add	r0, sp, #4
20000482:	f3c3 030a 	ubfx	r3, r3, #0, #11
20000486:	f8ad 2004 	strh.w	r2, [sp, #4]
2000048a:	9302      	str	r3, [sp, #8]
2000048c:	f000 fb8e 	bl	20000bac <dcd_event_handler>
20000490:	06ea      	lsls	r2, r5, #27
20000492:	f44f 3600 	mov.w	r6, #131072	@ 0x20000
20000496:	4c7d      	ldr	r4, [pc, #500]	@ (2000068c <dcd_rp2040_irq+0x2e4>)
20000498:	d507      	bpl.n	200004aa <dcd_rp2040_irq+0x102>
2000049a:	f7ff ff3b 	bl	20000314 <hw_handle_buff_status>
2000049e:	4626      	mov	r6, r4
200004a0:	e003      	b.n	200004aa <dcd_rp2040_irq+0x102>
200004a2:	06ea      	lsls	r2, r5, #27
200004a4:	f04f 0410 	mov.w	r4, #16
200004a8:	d4f7      	bmi.n	2000049a <dcd_rp2040_irq+0xf2>
200004aa:	03eb      	lsls	r3, r5, #15
200004ac:	d532      	bpl.n	20000514 <dcd_rp2040_irq+0x16c>
200004ae:	4c73      	ldr	r4, [pc, #460]	@ (2000067c <dcd_rp2040_irq+0x2d4>)
200004b0:	f446 3680 	orr.w	r6, r6, #65536	@ 0x10000
200004b4:	7ea3      	ldrb	r3, [r4, #26]
200004b6:	b19b      	cbz	r3, 200004e0 <dcd_rp2040_irq+0x138>
200004b8:	2102      	movs	r1, #2
200004ba:	4b75      	ldr	r3, [pc, #468]	@ (20000690 <dcd_rp2040_irq+0x2e8>)
200004bc:	4a6d      	ldr	r2, [pc, #436]	@ (20000674 <dcd_rp2040_irq+0x2cc>)
200004be:	6619      	str	r1, [r3, #96]	@ 0x60
200004c0:	6e53      	ldr	r3, [r2, #100]	@ 0x64
200004c2:	079f      	lsls	r7, r3, #30
200004c4:	d5fc      	bpl.n	200004c0 <dcd_rp2040_irq+0x118>
200004c6:	f44f 5240 	mov.w	r2, #12288	@ 0x3000
200004ca:	2100      	movs	r1, #0
200004cc:	486b      	ldr	r0, [pc, #428]	@ (2000067c <dcd_rp2040_irq+0x2d4>)
200004ce:	f000 fafb 	bl	20000ac8 <_hw_endpoint_buffer_control_update32>
200004d2:	486a      	ldr	r0, [pc, #424]	@ (2000067c <dcd_rp2040_irq+0x2d4>)
200004d4:	f000 faf2 	bl	20000abc <hw_endpoint_reset_transfer>
200004d8:	2202      	movs	r2, #2
200004da:	4b6b      	ldr	r3, [pc, #428]	@ (20000688 <dcd_rp2040_irq+0x2e0>)
200004dc:	665a      	str	r2, [r3, #100]	@ 0x64
200004de:	661a      	str	r2, [r3, #96]	@ 0x60
200004e0:	2301      	movs	r3, #1
200004e2:	f894 203a 	ldrb.w	r2, [r4, #58]	@ 0x3a
200004e6:	70e3      	strb	r3, [r4, #3]
200004e8:	b9fa      	cbnz	r2, 2000052a <dcd_rp2040_irq+0x182>
200004ea:	2301      	movs	r3, #1
200004ec:	f44f 61c0 	mov.w	r1, #1536	@ 0x600
200004f0:	4a68      	ldr	r2, [pc, #416]	@ (20000694 <dcd_rp2040_irq+0x2ec>)
200004f2:	f884 3023 	strb.w	r3, [r4, #35]	@ 0x23
200004f6:	f8ad 1004 	strh.w	r1, [sp, #4]
200004fa:	e892 0003 	ldmia.w	r2, {r0, r1}
200004fe:	aa04      	add	r2, sp, #16
20000500:	e902 0003 	stmdb	r2, {r0, r1}
20000504:	4619      	mov	r1, r3
20000506:	a801      	add	r0, sp, #4
20000508:	f000 fb50 	bl	20000bac <dcd_event_handler>
2000050c:	f44f 3200 	mov.w	r2, #131072	@ 0x20000
20000510:	4b5d      	ldr	r3, [pc, #372]	@ (20000688 <dcd_rp2040_irq+0x2e0>)
20000512:	651a      	str	r2, [r3, #80]	@ 0x50
20000514:	04e9      	lsls	r1, r5, #19
20000516:	d41d      	bmi.n	20000554 <dcd_rp2040_irq+0x1ac>
20000518:	046a      	lsls	r2, r5, #17
2000051a:	d432      	bmi.n	20000582 <dcd_rp2040_irq+0x1da>
2000051c:	042b      	lsls	r3, r5, #16
2000051e:	d43f      	bmi.n	200005a0 <dcd_rp2040_irq+0x1f8>
20000520:	42ae      	cmp	r6, r5
20000522:	f040 81a5 	bne.w	20000870 <dcd_rp2040_irq+0x4c8>
20000526:	b005      	add	sp, #20
20000528:	bdf0      	pop	{r4, r5, r6, r7, pc}
2000052a:	4a59      	ldr	r2, [pc, #356]	@ (20000690 <dcd_rp2040_irq+0x2e8>)
2000052c:	6613      	str	r3, [r2, #96]	@ 0x60
2000052e:	f5a2 5200 	sub.w	r2, r2, #8192	@ 0x2000
20000532:	6e53      	ldr	r3, [r2, #100]	@ 0x64
20000534:	07d8      	lsls	r0, r3, #31
20000536:	d5fc      	bpl.n	20000532 <dcd_rp2040_irq+0x18a>
20000538:	f44f 5240 	mov.w	r2, #12288	@ 0x3000
2000053c:	2100      	movs	r1, #0
2000053e:	4856      	ldr	r0, [pc, #344]	@ (20000698 <dcd_rp2040_irq+0x2f0>)
20000540:	f000 fac2 	bl	20000ac8 <_hw_endpoint_buffer_control_update32>
20000544:	4854      	ldr	r0, [pc, #336]	@ (20000698 <dcd_rp2040_irq+0x2f0>)
20000546:	f000 fab9 	bl	20000abc <hw_endpoint_reset_transfer>
2000054a:	2201      	movs	r2, #1
2000054c:	4b4e      	ldr	r3, [pc, #312]	@ (20000688 <dcd_rp2040_irq+0x2e0>)
2000054e:	665a      	str	r2, [r3, #100]	@ 0x64
20000550:	661a      	str	r2, [r3, #96]	@ 0x60
20000552:	e7ca      	b.n	200004ea <dcd_rp2040_irq+0x142>
20000554:	2400      	movs	r4, #0
20000556:	4b47      	ldr	r3, [pc, #284]	@ (20000674 <dcd_rp2040_irq+0x2cc>)
20000558:	f446 5680 	orr.w	r6, r6, #4096	@ 0x1000
2000055c:	601c      	str	r4, [r3, #0]
2000055e:	f7ff fea7 	bl	200002b0 <reset_non_control_endpoints>
20000562:	f44f 7380 	mov.w	r3, #256	@ 0x100
20000566:	2101      	movs	r1, #1
20000568:	a801      	add	r0, sp, #4
2000056a:	f8ad 3004 	strh.w	r3, [sp, #4]
2000056e:	f88d 4008 	strb.w	r4, [sp, #8]
20000572:	f000 fb1b 	bl	20000bac <dcd_event_handler>
20000576:	f44f 2200 	mov.w	r2, #524288	@ 0x80000
2000057a:	4b43      	ldr	r3, [pc, #268]	@ (20000688 <dcd_rp2040_irq+0x2e0>)
2000057c:	651a      	str	r2, [r3, #80]	@ 0x50
2000057e:	046a      	lsls	r2, r5, #17
20000580:	d5cc      	bpl.n	2000051c <dcd_rp2040_irq+0x174>
20000582:	f44f 6380 	mov.w	r3, #1024	@ 0x400
20000586:	2101      	movs	r1, #1
20000588:	a801      	add	r0, sp, #4
2000058a:	f8ad 3004 	strh.w	r3, [sp, #4]
2000058e:	f000 fb0d 	bl	20000bac <dcd_event_handler>
20000592:	2210      	movs	r2, #16
20000594:	4b3c      	ldr	r3, [pc, #240]	@ (20000688 <dcd_rp2040_irq+0x2e0>)
20000596:	f446 4680 	orr.w	r6, r6, #16384	@ 0x4000
2000059a:	651a      	str	r2, [r3, #80]	@ 0x50
2000059c:	042b      	lsls	r3, r5, #16
2000059e:	d5bf      	bpl.n	20000520 <dcd_rp2040_irq+0x178>
200005a0:	f44f 63a0 	mov.w	r3, #1280	@ 0x500
200005a4:	2101      	movs	r1, #1
200005a6:	a801      	add	r0, sp, #4
200005a8:	f8ad 3004 	strh.w	r3, [sp, #4]
200005ac:	f000 fafe 	bl	20000bac <dcd_event_handler>
200005b0:	f44f 6200 	mov.w	r2, #2048	@ 0x800
200005b4:	4b34      	ldr	r3, [pc, #208]	@ (20000688 <dcd_rp2040_irq+0x2e0>)
200005b6:	f446 4600 	orr.w	r6, r6, #32768	@ 0x8000
200005ba:	651a      	str	r2, [r3, #80]	@ 0x50
200005bc:	e7b0      	b.n	20000520 <dcd_rp2040_irq+0x178>
200005be:	f894 603a 	ldrb.w	r6, [r4, #58]	@ 0x3a
200005c2:	2e00      	cmp	r6, #0
200005c4:	f43f af03 	beq.w	200003ce <dcd_rp2040_irq+0x26>
200005c8:	f894 303c 	ldrb.w	r3, [r4, #60]	@ 0x3c
200005cc:	2b00      	cmp	r3, #0
200005ce:	f43f aefe 	beq.w	200003ce <dcd_rp2040_irq+0x26>
200005d2:	2300      	movs	r3, #0
200005d4:	f104 0020 	add.w	r0, r4, #32
200005d8:	f884 303c 	strb.w	r3, [r4, #60]	@ 0x3c
200005dc:	f000 fa96 	bl	20000b0c <hw_endpoint_start_next_buffer>
200005e0:	e6f5      	b.n	200003ce <dcd_rp2040_irq+0x26>
200005e2:	f894 737a 	ldrb.w	r7, [r4, #890]	@ 0x37a
200005e6:	2f00      	cmp	r7, #0
200005e8:	f43f af32 	beq.w	20000450 <dcd_rp2040_irq+0xa8>
200005ec:	f894 337c 	ldrb.w	r3, [r4, #892]	@ 0x37c
200005f0:	2b00      	cmp	r3, #0
200005f2:	f040 8136 	bne.w	20000862 <dcd_rp2040_irq+0x4ba>
200005f6:	f894 33bb 	ldrb.w	r3, [r4, #955]	@ 0x3bb
200005fa:	2b02      	cmp	r3, #2
200005fc:	d123      	bne.n	20000646 <dcd_rp2040_irq+0x29e>
200005fe:	f894 33ba 	ldrb.w	r3, [r4, #954]	@ 0x3ba
20000602:	b9db      	cbnz	r3, 2000063c <dcd_rp2040_irq+0x294>
20000604:	f894 33fb 	ldrb.w	r3, [r4, #1019]	@ 0x3fb
20000608:	2b02      	cmp	r3, #2
2000060a:	f47f af34 	bne.w	20000476 <dcd_rp2040_irq+0xce>
2000060e:	463e      	mov	r6, r7
20000610:	f894 33fa 	ldrb.w	r3, [r4, #1018]	@ 0x3fa
20000614:	2b00      	cmp	r3, #0
20000616:	f43f af25 	beq.w	20000464 <dcd_rp2040_irq+0xbc>
2000061a:	f894 33fc 	ldrb.w	r3, [r4, #1020]	@ 0x3fc
2000061e:	2b00      	cmp	r3, #0
20000620:	f43f af29 	beq.w	20000476 <dcd_rp2040_irq+0xce>
20000624:	2300      	movs	r3, #0
20000626:	481d      	ldr	r0, [pc, #116]	@ (2000069c <dcd_rp2040_irq+0x2f4>)
20000628:	f884 33fc 	strb.w	r3, [r4, #1020]	@ 0x3fc
2000062c:	f000 fa6e 	bl	20000b0c <hw_endpoint_start_next_buffer>
20000630:	e721      	b.n	20000476 <dcd_rp2040_irq+0xce>
20000632:	f894 33ba 	ldrb.w	r3, [r4, #954]	@ 0x3ba
20000636:	2b00      	cmp	r3, #0
20000638:	f43f af0f 	beq.w	2000045a <dcd_rp2040_irq+0xb2>
2000063c:	f894 33bc 	ldrb.w	r3, [r4, #956]	@ 0x3bc
20000640:	2b00      	cmp	r3, #0
20000642:	f040 80a7 	bne.w	20000794 <dcd_rp2040_irq+0x3ec>
20000646:	f894 33fb 	ldrb.w	r3, [r4, #1019]	@ 0x3fb
2000064a:	2b02      	cmp	r3, #2
2000064c:	f47f af13 	bne.w	20000476 <dcd_rp2040_irq+0xce>
20000650:	f894 33fa 	ldrb.w	r3, [r4, #1018]	@ 0x3fa
20000654:	2b00      	cmp	r3, #0
20000656:	d1e0      	bne.n	2000061a <dcd_rp2040_irq+0x272>
20000658:	e70d      	b.n	20000476 <dcd_rp2040_irq+0xce>
2000065a:	f894 733a 	ldrb.w	r7, [r4, #826]	@ 0x33a
2000065e:	2f00      	cmp	r7, #0
20000660:	f43f aef1 	beq.w	20000446 <dcd_rp2040_irq+0x9e>
20000664:	f894 333c 	ldrb.w	r3, [r4, #828]	@ 0x33c
20000668:	2b00      	cmp	r3, #0
2000066a:	f040 80f2 	bne.w	20000852 <dcd_rp2040_irq+0x4aa>
2000066e:	463e      	mov	r6, r7
20000670:	e6e9      	b.n	20000446 <dcd_rp2040_irq+0x9e>
20000672:	bf00      	nop
20000674:	50110000 	.word	0x50110000
20000678:	400b0000 	.word	0x400b0000
2000067c:	2000180c 	.word	0x2000180c
20000680:	20001804 	.word	0x20001804
20000684:	20001c6e 	.word	0x20001c6e
20000688:	50113000 	.word	0x50113000
2000068c:	00020010 	.word	0x00020010
20000690:	50112000 	.word	0x50112000
20000694:	50100000 	.word	0x50100000
20000698:	2000182c 	.word	0x2000182c
2000069c:	20001bec 	.word	0x20001bec
200006a0:	f894 72fa 	ldrb.w	r7, [r4, #762]	@ 0x2fa
200006a4:	2f00      	cmp	r7, #0
200006a6:	f43f aec9 	beq.w	2000043c <dcd_rp2040_irq+0x94>
200006aa:	f894 32fc 	ldrb.w	r3, [r4, #764]	@ 0x2fc
200006ae:	2b00      	cmp	r3, #0
200006b0:	f040 80c7 	bne.w	20000842 <dcd_rp2040_irq+0x49a>
200006b4:	463e      	mov	r6, r7
200006b6:	e6c1      	b.n	2000043c <dcd_rp2040_irq+0x94>
200006b8:	f894 72ba 	ldrb.w	r7, [r4, #698]	@ 0x2ba
200006bc:	2f00      	cmp	r7, #0
200006be:	f43f aeb8 	beq.w	20000432 <dcd_rp2040_irq+0x8a>
200006c2:	f894 32bc 	ldrb.w	r3, [r4, #700]	@ 0x2bc
200006c6:	2b00      	cmp	r3, #0
200006c8:	f040 80b3 	bne.w	20000832 <dcd_rp2040_irq+0x48a>
200006cc:	463e      	mov	r6, r7
200006ce:	e6b0      	b.n	20000432 <dcd_rp2040_irq+0x8a>
200006d0:	f894 727a 	ldrb.w	r7, [r4, #634]	@ 0x27a
200006d4:	2f00      	cmp	r7, #0
200006d6:	f43f aea7 	beq.w	20000428 <dcd_rp2040_irq+0x80>
200006da:	f894 327c 	ldrb.w	r3, [r4, #636]	@ 0x27c
200006de:	2b00      	cmp	r3, #0
200006e0:	f040 809f 	bne.w	20000822 <dcd_rp2040_irq+0x47a>
200006e4:	463e      	mov	r6, r7
200006e6:	e69f      	b.n	20000428 <dcd_rp2040_irq+0x80>
200006e8:	f894 723a 	ldrb.w	r7, [r4, #570]	@ 0x23a
200006ec:	2f00      	cmp	r7, #0
200006ee:	f43f ae96 	beq.w	2000041e <dcd_rp2040_irq+0x76>
200006f2:	f894 323c 	ldrb.w	r3, [r4, #572]	@ 0x23c
200006f6:	2b00      	cmp	r3, #0
200006f8:	f040 808b 	bne.w	20000812 <dcd_rp2040_irq+0x46a>
200006fc:	463e      	mov	r6, r7
200006fe:	e68e      	b.n	2000041e <dcd_rp2040_irq+0x76>
20000700:	f894 71fa 	ldrb.w	r7, [r4, #506]	@ 0x1fa
20000704:	2f00      	cmp	r7, #0
20000706:	f43f ae85 	beq.w	20000414 <dcd_rp2040_irq+0x6c>
2000070a:	f894 31fc 	ldrb.w	r3, [r4, #508]	@ 0x1fc
2000070e:	2b00      	cmp	r3, #0
20000710:	d177      	bne.n	20000802 <dcd_rp2040_irq+0x45a>
20000712:	463e      	mov	r6, r7
20000714:	e67e      	b.n	20000414 <dcd_rp2040_irq+0x6c>
20000716:	f894 71ba 	ldrb.w	r7, [r4, #442]	@ 0x1ba
2000071a:	2f00      	cmp	r7, #0
2000071c:	f43f ae75 	beq.w	2000040a <dcd_rp2040_irq+0x62>
20000720:	f894 31bc 	ldrb.w	r3, [r4, #444]	@ 0x1bc
20000724:	2b00      	cmp	r3, #0
20000726:	d164      	bne.n	200007f2 <dcd_rp2040_irq+0x44a>
20000728:	463e      	mov	r6, r7
2000072a:	e66e      	b.n	2000040a <dcd_rp2040_irq+0x62>
2000072c:	f894 717a 	ldrb.w	r7, [r4, #378]	@ 0x17a
20000730:	2f00      	cmp	r7, #0
20000732:	f43f ae65 	beq.w	20000400 <dcd_rp2040_irq+0x58>
20000736:	f894 317c 	ldrb.w	r3, [r4, #380]	@ 0x17c
2000073a:	2b00      	cmp	r3, #0
2000073c:	d151      	bne.n	200007e2 <dcd_rp2040_irq+0x43a>
2000073e:	463e      	mov	r6, r7
20000740:	e65e      	b.n	20000400 <dcd_rp2040_irq+0x58>
20000742:	f894 713a 	ldrb.w	r7, [r4, #314]	@ 0x13a
20000746:	2f00      	cmp	r7, #0
20000748:	f43f ae55 	beq.w	200003f6 <dcd_rp2040_irq+0x4e>
2000074c:	f894 313c 	ldrb.w	r3, [r4, #316]	@ 0x13c
20000750:	2b00      	cmp	r3, #0
20000752:	d13e      	bne.n	200007d2 <dcd_rp2040_irq+0x42a>
20000754:	463e      	mov	r6, r7
20000756:	e64e      	b.n	200003f6 <dcd_rp2040_irq+0x4e>
20000758:	f894 70fa 	ldrb.w	r7, [r4, #250]	@ 0xfa
2000075c:	2f00      	cmp	r7, #0
2000075e:	f43f ae45 	beq.w	200003ec <dcd_rp2040_irq+0x44>
20000762:	f894 30fc 	ldrb.w	r3, [r4, #252]	@ 0xfc
20000766:	bb63      	cbnz	r3, 200007c2 <dcd_rp2040_irq+0x41a>
20000768:	463e      	mov	r6, r7
2000076a:	e63f      	b.n	200003ec <dcd_rp2040_irq+0x44>
2000076c:	f894 70ba 	ldrb.w	r7, [r4, #186]	@ 0xba
20000770:	2f00      	cmp	r7, #0
20000772:	f43f ae36 	beq.w	200003e2 <dcd_rp2040_irq+0x3a>
20000776:	f894 30bc 	ldrb.w	r3, [r4, #188]	@ 0xbc
2000077a:	b9d3      	cbnz	r3, 200007b2 <dcd_rp2040_irq+0x40a>
2000077c:	463e      	mov	r6, r7
2000077e:	e630      	b.n	200003e2 <dcd_rp2040_irq+0x3a>
20000780:	f894 707a 	ldrb.w	r7, [r4, #122]	@ 0x7a
20000784:	2f00      	cmp	r7, #0
20000786:	f43f ae27 	beq.w	200003d8 <dcd_rp2040_irq+0x30>
2000078a:	f894 307c 	ldrb.w	r3, [r4, #124]	@ 0x7c
2000078e:	b943      	cbnz	r3, 200007a2 <dcd_rp2040_irq+0x3fa>
20000790:	463e      	mov	r6, r7
20000792:	e621      	b.n	200003d8 <dcd_rp2040_irq+0x30>
20000794:	2300      	movs	r3, #0
20000796:	4839      	ldr	r0, [pc, #228]	@ (2000087c <dcd_rp2040_irq+0x4d4>)
20000798:	f884 33bc 	strb.w	r3, [r4, #956]	@ 0x3bc
2000079c:	f000 f9b6 	bl	20000b0c <hw_endpoint_start_next_buffer>
200007a0:	e751      	b.n	20000646 <dcd_rp2040_irq+0x29e>
200007a2:	2300      	movs	r3, #0
200007a4:	4836      	ldr	r0, [pc, #216]	@ (20000880 <dcd_rp2040_irq+0x4d8>)
200007a6:	f884 307c 	strb.w	r3, [r4, #124]	@ 0x7c
200007aa:	463e      	mov	r6, r7
200007ac:	f000 f9ae 	bl	20000b0c <hw_endpoint_start_next_buffer>
200007b0:	e612      	b.n	200003d8 <dcd_rp2040_irq+0x30>
200007b2:	2300      	movs	r3, #0
200007b4:	4833      	ldr	r0, [pc, #204]	@ (20000884 <dcd_rp2040_irq+0x4dc>)
200007b6:	f884 30bc 	strb.w	r3, [r4, #188]	@ 0xbc
200007ba:	463e      	mov	r6, r7
200007bc:	f000 f9a6 	bl	20000b0c <hw_endpoint_start_next_buffer>
200007c0:	e60f      	b.n	200003e2 <dcd_rp2040_irq+0x3a>
200007c2:	2300      	movs	r3, #0
200007c4:	4830      	ldr	r0, [pc, #192]	@ (20000888 <dcd_rp2040_irq+0x4e0>)
200007c6:	f884 30fc 	strb.w	r3, [r4, #252]	@ 0xfc
200007ca:	463e      	mov	r6, r7
200007cc:	f000 f99e 	bl	20000b0c <hw_endpoint_start_next_buffer>
200007d0:	e60c      	b.n	200003ec <dcd_rp2040_irq+0x44>
200007d2:	2300      	movs	r3, #0
200007d4:	482d      	ldr	r0, [pc, #180]	@ (2000088c <dcd_rp2040_irq+0x4e4>)
200007d6:	f884 313c 	strb.w	r3, [r4, #316]	@ 0x13c
200007da:	463e      	mov	r6, r7
200007dc:	f000 f996 	bl	20000b0c <hw_endpoint_start_next_buffer>
200007e0:	e609      	b.n	200003f6 <dcd_rp2040_irq+0x4e>
200007e2:	2300      	movs	r3, #0
200007e4:	482a      	ldr	r0, [pc, #168]	@ (20000890 <dcd_rp2040_irq+0x4e8>)
200007e6:	f884 317c 	strb.w	r3, [r4, #380]	@ 0x17c
200007ea:	463e      	mov	r6, r7
200007ec:	f000 f98e 	bl	20000b0c <hw_endpoint_start_next_buffer>
200007f0:	e606      	b.n	20000400 <dcd_rp2040_irq+0x58>
200007f2:	2300      	movs	r3, #0
200007f4:	4827      	ldr	r0, [pc, #156]	@ (20000894 <dcd_rp2040_irq+0x4ec>)
200007f6:	f884 31bc 	strb.w	r3, [r4, #444]	@ 0x1bc
200007fa:	463e      	mov	r6, r7
200007fc:	f000 f986 	bl	20000b0c <hw_endpoint_start_next_buffer>
20000800:	e603      	b.n	2000040a <dcd_rp2040_irq+0x62>
20000802:	2300      	movs	r3, #0
20000804:	4824      	ldr	r0, [pc, #144]	@ (20000898 <dcd_rp2040_irq+0x4f0>)
20000806:	f884 31fc 	strb.w	r3, [r4, #508]	@ 0x1fc
2000080a:	463e      	mov	r6, r7
2000080c:	f000 f97e 	bl	20000b0c <hw_endpoint_start_next_buffer>
20000810:	e600      	b.n	20000414 <dcd_rp2040_irq+0x6c>
20000812:	2300      	movs	r3, #0
20000814:	4821      	ldr	r0, [pc, #132]	@ (2000089c <dcd_rp2040_irq+0x4f4>)
20000816:	f884 323c 	strb.w	r3, [r4, #572]	@ 0x23c
2000081a:	463e      	mov	r6, r7
2000081c:	f000 f976 	bl	20000b0c <hw_endpoint_start_next_buffer>
20000820:	e5fd      	b.n	2000041e <dcd_rp2040_irq+0x76>
20000822:	2300      	movs	r3, #0
20000824:	481e      	ldr	r0, [pc, #120]	@ (200008a0 <dcd_rp2040_irq+0x4f8>)
20000826:	f884 327c 	strb.w	r3, [r4, #636]	@ 0x27c
2000082a:	463e      	mov	r6, r7
2000082c:	f000 f96e 	bl	20000b0c <hw_endpoint_start_next_buffer>
20000830:	e5fa      	b.n	20000428 <dcd_rp2040_irq+0x80>
20000832:	2300      	movs	r3, #0
20000834:	481b      	ldr	r0, [pc, #108]	@ (200008a4 <dcd_rp2040_irq+0x4fc>)
20000836:	f884 32bc 	strb.w	r3, [r4, #700]	@ 0x2bc
2000083a:	463e      	mov	r6, r7
2000083c:	f000 f966 	bl	20000b0c <hw_endpoint_start_next_buffer>
20000840:	e5f7      	b.n	20000432 <dcd_rp2040_irq+0x8a>
20000842:	2300      	movs	r3, #0
20000844:	4818      	ldr	r0, [pc, #96]	@ (200008a8 <dcd_rp2040_irq+0x500>)
20000846:	f884 32fc 	strb.w	r3, [r4, #764]	@ 0x2fc
2000084a:	463e      	mov	r6, r7
2000084c:	f000 f95e 	bl	20000b0c <hw_endpoint_start_next_buffer>
20000850:	e5f4      	b.n	2000043c <dcd_rp2040_irq+0x94>
20000852:	2300      	movs	r3, #0
20000854:	4815      	ldr	r0, [pc, #84]	@ (200008ac <dcd_rp2040_irq+0x504>)
20000856:	f884 333c 	strb.w	r3, [r4, #828]	@ 0x33c
2000085a:	463e      	mov	r6, r7
2000085c:	f000 f956 	bl	20000b0c <hw_endpoint_start_next_buffer>
20000860:	e5f1      	b.n	20000446 <dcd_rp2040_irq+0x9e>
20000862:	2300      	movs	r3, #0
20000864:	4812      	ldr	r0, [pc, #72]	@ (200008b0 <dcd_rp2040_irq+0x508>)
20000866:	f884 337c 	strb.w	r3, [r4, #892]	@ 0x37c
2000086a:	f000 f94f 	bl	20000b0c <hw_endpoint_start_next_buffer>
2000086e:	e6c2      	b.n	200005f6 <dcd_rp2040_irq+0x24e>
20000870:	4810      	ldr	r0, [pc, #64]	@ (200008b4 <dcd_rp2040_irq+0x50c>)
20000872:	ea86 0105 	eor.w	r1, r6, r5
20000876:	f000 fabb 	bl	20000df0 <__panic_veneer>
2000087a:	bf00      	nop
2000087c:	20001bac 	.word	0x20001bac
20000880:	2000186c 	.word	0x2000186c
20000884:	200018ac 	.word	0x200018ac
20000888:	200018ec 	.word	0x200018ec
2000088c:	2000192c 	.word	0x2000192c
20000890:	2000196c 	.word	0x2000196c
20000894:	200019ac 	.word	0x200019ac
20000898:	200019ec 	.word	0x200019ec
2000089c:	20001a2c 	.word	0x20001a2c
200008a0:	20001a6c 	.word	0x20001a6c
200008a4:	20001aac 	.word	0x20001aac
200008a8:	20001aec 	.word	0x20001aec
200008ac:	20001b2c 	.word	0x20001b2c
200008b0:	20001b6c 	.word	0x20001b6c
200008b4:	10004b28 	.word	0x10004b28

200008b8 <prepare_ep_buffer>:
200008b8:	e92d 43f0 	stmdb	sp!, {r4, r5, r6, r7, r8, r9, lr}
200008bc:	8a82      	ldrh	r2, [r0, #20]
200008be:	8b04      	ldrh	r4, [r0, #24]
200008c0:	4603      	mov	r3, r0
200008c2:	4294      	cmp	r4, r2
200008c4:	78c0      	ldrb	r0, [r0, #3]
200008c6:	bf28      	it	cs
200008c8:	4614      	movcs	r4, r2
200008ca:	1e05      	subs	r5, r0, #0
200008cc:	bf18      	it	ne
200008ce:	2501      	movne	r5, #1
200008d0:	f080 0001 	eor.w	r0, r0, #1
200008d4:	1b12      	subs	r2, r2, r4
200008d6:	785e      	ldrb	r6, [r3, #1]
200008d8:	70d8      	strb	r0, [r3, #3]
200008da:	b292      	uxth	r2, r2
200008dc:	f444 6080 	orr.w	r0, r4, #1024	@ 0x400
200008e0:	829a      	strh	r2, [r3, #20]
200008e2:	ea40 3045 	orr.w	r0, r0, r5, lsl #13
200008e6:	bb06      	cbnz	r6, 2000092a <prepare_ep_buffer+0x72>
200008e8:	68dd      	ldr	r5, [r3, #12]
200008ea:	f104 38ff 	add.w	r8, r4, #4294967295	@ 0xffffffff
200008ee:	eb05 1c81 	add.w	ip, r5, r1, lsl #6
200008f2:	691d      	ldr	r5, [r3, #16]
200008f4:	b1ac      	cbz	r4, 20000922 <prepare_ep_buffer+0x6a>
200008f6:	f1b8 0f05 	cmp.w	r8, #5
200008fa:	f105 0201 	add.w	r2, r5, #1
200008fe:	d903      	bls.n	20000908 <prepare_ep_buffer+0x50>
20000900:	ebac 0702 	sub.w	r7, ip, r2
20000904:	2f02      	cmp	r7, #2
20000906:	d817      	bhi.n	20000938 <prepare_ep_buffer+0x80>
20000908:	f10c 3cff 	add.w	ip, ip, #4294967295	@ 0xffffffff
2000090c:	4425      	add	r5, r4
2000090e:	e000      	b.n	20000912 <prepare_ep_buffer+0x5a>
20000910:	3201      	adds	r2, #1
20000912:	f812 6c01 	ldrb.w	r6, [r2, #-1]
20000916:	42aa      	cmp	r2, r5
20000918:	f80c 6f01 	strb.w	r6, [ip, #1]!
2000091c:	d1f8      	bne.n	20000910 <prepare_ep_buffer+0x58>
2000091e:	691d      	ldr	r5, [r3, #16]
20000920:	8a9a      	ldrh	r2, [r3, #20]
20000922:	4425      	add	r5, r4
20000924:	611d      	str	r5, [r3, #16]
20000926:	f440 4000 	orr.w	r0, r0, #32768	@ 0x8000
2000092a:	b90a      	cbnz	r2, 20000930 <prepare_ep_buffer+0x78>
2000092c:	f440 4080 	orr.w	r0, r0, #16384	@ 0x4000
20000930:	b101      	cbz	r1, 20000934 <prepare_ep_buffer+0x7c>
20000932:	0400      	lsls	r0, r0, #16
20000934:	e8bd 83f0 	ldmia.w	sp!, {r4, r5, r6, r7, r8, r9, pc}
20000938:	462f      	mov	r7, r5
2000093a:	46e6      	mov	lr, ip
2000093c:	4632      	mov	r2, r6
2000093e:	1f26      	subs	r6, r4, #4
20000940:	08b6      	lsrs	r6, r6, #2
20000942:	3601      	adds	r6, #1
20000944:	f857 9b04 	ldr.w	r9, [r7], #4
20000948:	3201      	adds	r2, #1
2000094a:	4296      	cmp	r6, r2
2000094c:	f84e 9b04 	str.w	r9, [lr], #4
20000950:	d8f8      	bhi.n	20000944 <prepare_ep_buffer+0x8c>
20000952:	ebb4 0f86 	cmp.w	r4, r6, lsl #2
20000956:	eba8 0286 	sub.w	r2, r8, r6, lsl #2
2000095a:	eb05 0e86 	add.w	lr, r5, r6, lsl #2
2000095e:	eb0c 0786 	add.w	r7, ip, r6, lsl #2
20000962:	d0dc      	beq.n	2000091e <prepare_ep_buffer+0x66>
20000964:	f815 5026 	ldrb.w	r5, [r5, r6, lsl #2]
20000968:	f80c 5026 	strb.w	r5, [ip, r6, lsl #2]
2000096c:	2a00      	cmp	r2, #0
2000096e:	d0d6      	beq.n	2000091e <prepare_ep_buffer+0x66>
20000970:	f89e 5001 	ldrb.w	r5, [lr, #1]
20000974:	2a01      	cmp	r2, #1
20000976:	707d      	strb	r5, [r7, #1]
20000978:	d0d1      	beq.n	2000091e <prepare_ep_buffer+0x66>
2000097a:	f89e 2002 	ldrb.w	r2, [lr, #2]
2000097e:	70ba      	strb	r2, [r7, #2]
20000980:	691d      	ldr	r5, [r3, #16]
20000982:	8a9a      	ldrh	r2, [r3, #20]
20000984:	e7cd      	b.n	20000922 <prepare_ep_buffer+0x6a>
20000986:	bf00      	nop

20000988 <sync_ep_buffer>:
20000988:	6883      	ldr	r3, [r0, #8]
2000098a:	4602      	mov	r2, r0
2000098c:	6818      	ldr	r0, [r3, #0]
2000098e:	b101      	cbz	r1, 20000992 <sync_ep_buffer+0xa>
20000990:	0c00      	lsrs	r0, r0, #16
20000992:	7853      	ldrb	r3, [r2, #1]
20000994:	f3c0 0009 	ubfx	r0, r0, #0, #10
20000998:	b313      	cbz	r3, 200009e0 <sync_ep_buffer+0x58>
2000099a:	b5f0      	push	{r4, r5, r6, r7, lr}
2000099c:	e9d2 5403 	ldrd	r5, r4, [r2, #12]
200009a0:	018f      	lsls	r7, r1, #6
200009a2:	eb05 1381 	add.w	r3, r5, r1, lsl #6
200009a6:	1e46      	subs	r6, r0, #1
200009a8:	b178      	cbz	r0, 200009ca <sync_ep_buffer+0x42>
200009aa:	2e05      	cmp	r6, #5
200009ac:	d904      	bls.n	200009b8 <sync_ep_buffer+0x30>
200009ae:	3701      	adds	r7, #1
200009b0:	443d      	add	r5, r7
200009b2:	1b65      	subs	r5, r4, r5
200009b4:	2d02      	cmp	r5, #2
200009b6:	d81c      	bhi.n	200009f2 <sync_ep_buffer+0x6a>
200009b8:	1e61      	subs	r1, r4, #1
200009ba:	181d      	adds	r5, r3, r0
200009bc:	f813 4b01 	ldrb.w	r4, [r3], #1
200009c0:	429d      	cmp	r5, r3
200009c2:	f801 4f01 	strb.w	r4, [r1, #1]!
200009c6:	d1f9      	bne.n	200009bc <sync_ep_buffer+0x34>
200009c8:	6914      	ldr	r4, [r2, #16]
200009ca:	8ad3      	ldrh	r3, [r2, #22]
200009cc:	4404      	add	r4, r0
200009ce:	4403      	add	r3, r0
200009d0:	82d3      	strh	r3, [r2, #22]
200009d2:	8b13      	ldrh	r3, [r2, #24]
200009d4:	6114      	str	r4, [r2, #16]
200009d6:	4283      	cmp	r3, r0
200009d8:	bf84      	itt	hi
200009da:	2300      	movhi	r3, #0
200009dc:	8293      	strhhi	r3, [r2, #20]
200009de:	bdf0      	pop	{r4, r5, r6, r7, pc}
200009e0:	8ad3      	ldrh	r3, [r2, #22]
200009e2:	4403      	add	r3, r0
200009e4:	82d3      	strh	r3, [r2, #22]
200009e6:	8b13      	ldrh	r3, [r2, #24]
200009e8:	4283      	cmp	r3, r0
200009ea:	bf84      	itt	hi
200009ec:	2300      	movhi	r3, #0
200009ee:	8293      	strhhi	r3, [r2, #20]
200009f0:	4770      	bx	lr
200009f2:	469e      	mov	lr, r3
200009f4:	4625      	mov	r5, r4
200009f6:	2100      	movs	r1, #0
200009f8:	f1a0 0c04 	sub.w	ip, r0, #4
200009fc:	ea4f 0c9c 	mov.w	ip, ip, lsr #2
20000a00:	f10c 0c01 	add.w	ip, ip, #1
20000a04:	f85e 7b04 	ldr.w	r7, [lr], #4
20000a08:	3101      	adds	r1, #1
20000a0a:	4561      	cmp	r1, ip
20000a0c:	f845 7b04 	str.w	r7, [r5], #4
20000a10:	d3f8      	bcc.n	20000a04 <sync_ep_buffer+0x7c>
20000a12:	ebb0 0f8c 	cmp.w	r0, ip, lsl #2
20000a16:	eba6 068c 	sub.w	r6, r6, ip, lsl #2
20000a1a:	eb03 058c 	add.w	r5, r3, ip, lsl #2
20000a1e:	eb04 018c 	add.w	r1, r4, ip, lsl #2
20000a22:	d0d1      	beq.n	200009c8 <sync_ep_buffer+0x40>
20000a24:	f813 302c 	ldrb.w	r3, [r3, ip, lsl #2]
20000a28:	f804 302c 	strb.w	r3, [r4, ip, lsl #2]
20000a2c:	2e00      	cmp	r6, #0
20000a2e:	d0cb      	beq.n	200009c8 <sync_ep_buffer+0x40>
20000a30:	786b      	ldrb	r3, [r5, #1]
20000a32:	2e01      	cmp	r6, #1
20000a34:	704b      	strb	r3, [r1, #1]
20000a36:	d0c7      	beq.n	200009c8 <sync_ep_buffer+0x40>
20000a38:	78ab      	ldrb	r3, [r5, #2]
20000a3a:	708b      	strb	r3, [r1, #2]
20000a3c:	6914      	ldr	r4, [r2, #16]
20000a3e:	e7c4      	b.n	200009ca <sync_ep_buffer+0x42>

20000a40 <_hw_endpoint_xfer_sync>:
20000a40:	b510      	push	{r4, lr}
20000a42:	4604      	mov	r4, r0
20000a44:	6883      	ldr	r3, [r0, #8]
20000a46:	2100      	movs	r1, #0
20000a48:	681b      	ldr	r3, [r3, #0]
20000a4a:	f7ff ff9d 	bl	20000988 <sync_ep_buffer>
20000a4e:	6863      	ldr	r3, [r4, #4]
20000a50:	681b      	ldr	r3, [r3, #0]
20000a52:	005b      	lsls	r3, r3, #1
20000a54:	d502      	bpl.n	20000a5c <_hw_endpoint_xfer_sync+0x1c>
20000a56:	8b23      	ldrh	r3, [r4, #24]
20000a58:	4283      	cmp	r3, r0
20000a5a:	d000      	beq.n	20000a5e <_hw_endpoint_xfer_sync+0x1e>
20000a5c:	bd10      	pop	{r4, pc}
20000a5e:	4620      	mov	r0, r4
20000a60:	e8bd 4010 	ldmia.w	sp!, {r4, lr}
20000a64:	2101      	movs	r1, #1
20000a66:	f7ff bf8f 	b.w	20000988 <sync_ep_buffer>
20000a6a:	bf00      	nop

20000a6c <e15_is_bulkin_ep>:
20000a6c:	4b08      	ldr	r3, [pc, #32]	@ (20000a90 <e15_is_bulkin_ep+0x24>)
20000a6e:	6c1b      	ldr	r3, [r3, #64]	@ 0x40
20000a70:	f013 0302 	ands.w	r3, r3, #2
20000a74:	d102      	bne.n	20000a7c <e15_is_bulkin_ep+0x10>
20000a76:	7882      	ldrb	r2, [r0, #2]
20000a78:	09d2      	lsrs	r2, r2, #7
20000a7a:	d101      	bne.n	20000a80 <e15_is_bulkin_ep+0x14>
20000a7c:	2000      	movs	r0, #0
20000a7e:	4770      	bx	lr
20000a80:	7ec0      	ldrb	r0, [r0, #27]
20000a82:	f1a0 0002 	sub.w	r0, r0, #2
20000a86:	fab0 f080 	clz	r0, r0
20000a8a:	0940      	lsrs	r0, r0, #5
20000a8c:	4770      	bx	lr
20000a8e:	bf00      	nop
20000a90:	50110000 	.word	0x50110000

20000a94 <e15_is_critical_frame_period>:
20000a94:	b508      	push	{r3, lr}
20000a96:	f7ff ffe9 	bl	20000a6c <e15_is_bulkin_ep>
20000a9a:	b150      	cbz	r0, 20000ab2 <e15_is_critical_frame_period+0x1e>
20000a9c:	4a05      	ldr	r2, [pc, #20]	@ (20000ab4 <e15_is_critical_frame_period+0x20>)
20000a9e:	4b06      	ldr	r3, [pc, #24]	@ (20000ab8 <e15_is_critical_frame_period+0x24>)
20000aa0:	6a90      	ldr	r0, [r2, #40]	@ 0x28
20000aa2:	681b      	ldr	r3, [r3, #0]
20000aa4:	f5a0 7048 	sub.w	r0, r0, #800	@ 0x320
20000aa8:	1ac0      	subs	r0, r0, r3
20000aaa:	28c6      	cmp	r0, #198	@ 0xc6
20000aac:	bf8c      	ite	hi
20000aae:	2000      	movhi	r0, #0
20000ab0:	2001      	movls	r0, #1
20000ab2:	bd08      	pop	{r3, pc}
20000ab4:	400b0000 	.word	0x400b0000
20000ab8:	20001804 	.word	0x20001804

20000abc <hw_endpoint_reset_transfer>:
20000abc:	2300      	movs	r3, #0
20000abe:	e9c0 3304 	strd	r3, r3, [r0, #16]
20000ac2:	7683      	strb	r3, [r0, #26]
20000ac4:	4770      	bx	lr
20000ac6:	bf00      	nop

20000ac8 <_hw_endpoint_buffer_control_update32>:
20000ac8:	b510      	push	{r4, lr}
20000aca:	6883      	ldr	r3, [r0, #8]
20000acc:	b109      	cbz	r1, 20000ad2 <_hw_endpoint_buffer_control_update32+0xa>
20000ace:	681c      	ldr	r4, [r3, #0]
20000ad0:	4021      	ands	r1, r4
20000ad2:	b182      	cbz	r2, 20000af6 <_hw_endpoint_buffer_control_update32+0x2e>
20000ad4:	4311      	orrs	r1, r2
20000ad6:	0552      	lsls	r2, r2, #21
20000ad8:	d50d      	bpl.n	20000af6 <_hw_endpoint_buffer_control_update32+0x2e>
20000ada:	681a      	ldr	r2, [r3, #0]
20000adc:	0554      	lsls	r4, r2, #21
20000ade:	d40c      	bmi.n	20000afa <_hw_endpoint_buffer_control_update32+0x32>
20000ae0:	4a08      	ldr	r2, [pc, #32]	@ (20000b04 <_hw_endpoint_buffer_control_update32+0x3c>)
20000ae2:	f421 6480 	bic.w	r4, r1, #1024	@ 0x400
20000ae6:	601c      	str	r4, [r3, #0]
20000ae8:	6c12      	ldr	r2, [r2, #64]	@ 0x40
20000aea:	0792      	lsls	r2, r2, #30
20000aec:	d403      	bmi.n	20000af6 <_hw_endpoint_buffer_control_update32+0x2e>
20000aee:	230c      	movs	r3, #12
20000af0:	3b03      	subs	r3, #3
20000af2:	d2fd      	bcs.n	20000af0 <_hw_endpoint_buffer_control_update32+0x28>
20000af4:	6883      	ldr	r3, [r0, #8]
20000af6:	6019      	str	r1, [r3, #0]
20000af8:	bd10      	pop	{r4, pc}
20000afa:	7881      	ldrb	r1, [r0, #2]
20000afc:	4802      	ldr	r0, [pc, #8]	@ (20000b08 <_hw_endpoint_buffer_control_update32+0x40>)
20000afe:	f000 f977 	bl	20000df0 <__panic_veneer>
20000b02:	bf00      	nop
20000b04:	50110000 	.word	0x50110000
20000b08:	10004b3c 	.word	0x10004b3c

20000b0c <hw_endpoint_start_next_buffer>:
20000b0c:	b530      	push	{r4, r5, lr}
20000b0e:	6843      	ldr	r3, [r0, #4]
20000b10:	2100      	movs	r1, #0
20000b12:	b083      	sub	sp, #12
20000b14:	4604      	mov	r4, r0
20000b16:	681d      	ldr	r5, [r3, #0]
20000b18:	f7ff fece 	bl	200008b8 <prepare_ep_buffer>
20000b1c:	4b13      	ldr	r3, [pc, #76]	@ (20000b6c <hw_endpoint_start_next_buffer+0x60>)
20000b1e:	f440 5280 	orr.w	r2, r0, #4096	@ 0x1000
20000b22:	6c1b      	ldr	r3, [r3, #64]	@ 0x40
20000b24:	f013 0f02 	tst.w	r3, #2
20000b28:	78a3      	ldrb	r3, [r4, #2]
20000b2a:	d00e      	beq.n	20000b4a <hw_endpoint_start_next_buffer+0x3e>
20000b2c:	065b      	lsls	r3, r3, #25
20000b2e:	d00e      	beq.n	20000b4e <hw_endpoint_start_next_buffer+0x42>
20000b30:	f025 45a0 	bic.w	r5, r5, #1342177280	@ 0x50000000
20000b34:	f045 5500 	orr.w	r5, r5, #536870912	@ 0x20000000
20000b38:	2100      	movs	r1, #0
20000b3a:	4620      	mov	r0, r4
20000b3c:	6863      	ldr	r3, [r4, #4]
20000b3e:	601d      	str	r5, [r3, #0]
20000b40:	b003      	add	sp, #12
20000b42:	e8bd 4030 	ldmia.w	sp!, {r4, r5, lr}
20000b46:	f7ff bfbf 	b.w	20000ac8 <_hw_endpoint_buffer_control_update32>
20000b4a:	09db      	lsrs	r3, r3, #7
20000b4c:	d0f0      	beq.n	20000b30 <hw_endpoint_start_next_buffer+0x24>
20000b4e:	8aa3      	ldrh	r3, [r4, #20]
20000b50:	2b00      	cmp	r3, #0
20000b52:	d0ed      	beq.n	20000b30 <hw_endpoint_start_next_buffer+0x24>
20000b54:	2101      	movs	r1, #1
20000b56:	4620      	mov	r0, r4
20000b58:	9201      	str	r2, [sp, #4]
20000b5a:	f7ff fead 	bl	200008b8 <prepare_ep_buffer>
20000b5e:	9a01      	ldr	r2, [sp, #4]
20000b60:	f025 5500 	bic.w	r5, r5, #536870912	@ 0x20000000
20000b64:	4302      	orrs	r2, r0
20000b66:	f045 45a0 	orr.w	r5, r5, #1342177280	@ 0x50000000
20000b6a:	e7e5      	b.n	20000b38 <hw_endpoint_start_next_buffer+0x2c>
20000b6c:	50110000 	.word	0x50110000

20000b70 <hw_endpoint_xfer_continue>:
20000b70:	b538      	push	{r3, r4, r5, lr}
20000b72:	7e85      	ldrb	r5, [r0, #26]
20000b74:	4604      	mov	r4, r0
20000b76:	b195      	cbz	r5, 20000b9e <hw_endpoint_xfer_continue+0x2e>
20000b78:	f7ff ff62 	bl	20000a40 <_hw_endpoint_xfer_sync>
20000b7c:	8aa3      	ldrh	r3, [r4, #20]
20000b7e:	b90b      	cbnz	r3, 20000b84 <hw_endpoint_xfer_continue+0x14>
20000b80:	4628      	mov	r0, r5
20000b82:	bd38      	pop	{r3, r4, r5, pc}
20000b84:	4620      	mov	r0, r4
20000b86:	f7ff ff85 	bl	20000a94 <e15_is_critical_frame_period>
20000b8a:	b120      	cbz	r0, 20000b96 <hw_endpoint_xfer_continue+0x26>
20000b8c:	2301      	movs	r3, #1
20000b8e:	7723      	strb	r3, [r4, #28]
20000b90:	2500      	movs	r5, #0
20000b92:	4628      	mov	r0, r5
20000b94:	bd38      	pop	{r3, r4, r5, pc}
20000b96:	4620      	mov	r0, r4
20000b98:	f7ff ffb8 	bl	20000b0c <hw_endpoint_start_next_buffer>
20000b9c:	e7f8      	b.n	20000b90 <hw_endpoint_xfer_continue+0x20>
20000b9e:	7881      	ldrb	r1, [r0, #2]
20000ba0:	4801      	ldr	r0, [pc, #4]	@ (20000ba8 <hw_endpoint_xfer_continue+0x38>)
20000ba2:	f000 f925 	bl	20000df0 <__panic_veneer>
20000ba6:	bf00      	nop
20000ba8:	10004b5c 	.word	0x10004b5c

20000bac <dcd_event_handler>:
20000bac:	e92d 43f0 	stmdb	sp!, {r4, r5, r6, r7, r8, r9, lr}
20000bb0:	7843      	ldrb	r3, [r0, #1]
20000bb2:	4681      	mov	r9, r0
20000bb4:	3b02      	subs	r3, #2
20000bb6:	460d      	mov	r5, r1
20000bb8:	b085      	sub	sp, #20
20000bba:	2b04      	cmp	r3, #4
20000bbc:	d813      	bhi.n	20000be6 <dcd_event_handler+0x3a>
20000bbe:	e8df f003 	tbb	[pc, r3]
20000bc2:	4a03      	.short	0x4a03
20000bc4:	736a      	.short	0x736a
20000bc6:	44          	.byte	0x44
20000bc7:	00          	.byte	0x00
20000bc8:	2100      	movs	r1, #0
20000bca:	4b7b      	ldr	r3, [pc, #492]	@ (20000db8 <dcd_event_handler+0x20c>)
20000bcc:	781a      	ldrb	r2, [r3, #0]
20000bce:	f022 0201 	bic.w	r2, r2, #1
20000bd2:	701a      	strb	r2, [r3, #0]
20000bd4:	781a      	ldrb	r2, [r3, #0]
20000bd6:	f022 0202 	bic.w	r2, r2, #2
20000bda:	701a      	strb	r2, [r3, #0]
20000bdc:	7059      	strb	r1, [r3, #1]
20000bde:	781a      	ldrb	r2, [r3, #0]
20000be0:	f361 0282 	bfi	r2, r1, #2, #1
20000be4:	701a      	strb	r2, [r3, #0]
20000be6:	4b75      	ldr	r3, [pc, #468]	@ (20000dbc <dcd_event_handler+0x210>)
20000be8:	681c      	ldr	r4, [r3, #0]
20000bea:	6963      	ldr	r3, [r4, #20]
20000bec:	f3ef 8210 	mrs	r2, PRIMASK
20000bf0:	b672      	cpsid	i
20000bf2:	e8d3 0fcf 	ldaexb	r0, [r3]
20000bf6:	2101      	movs	r1, #1
20000bf8:	2800      	cmp	r0, #0
20000bfa:	d1fa      	bne.n	20000bf2 <dcd_event_handler+0x46>
20000bfc:	e8c3 1f40 	strexb	r0, r1, [r3]
20000c00:	2800      	cmp	r0, #0
20000c02:	d1f6      	bne.n	20000bf2 <dcd_event_handler+0x46>
20000c04:	f3bf 8f5f 	dmb	sy
20000c08:	61a2      	str	r2, [r4, #24]
20000c0a:	4649      	mov	r1, r9
20000c0c:	4620      	mov	r0, r4
20000c0e:	f000 f8e3 	bl	20000dd8 <__tu_fifo_write_veneer>
20000c12:	2300      	movs	r3, #0
20000c14:	6962      	ldr	r2, [r4, #20]
20000c16:	e8c2 3f8f 	stlb	r3, [r2]
20000c1a:	69a3      	ldr	r3, [r4, #24]
20000c1c:	f383 8810 	msr	PRIMASK, r3
20000c20:	b948      	cbnz	r0, 20000c36 <dcd_event_handler+0x8a>
20000c22:	f04f 23e0 	mov.w	r3, #3758153728	@ 0xe000e000
20000c26:	f8d3 3df0 	ldr.w	r3, [r3, #3568]	@ 0xdf0
20000c2a:	07db      	lsls	r3, r3, #31
20000c2c:	d50a      	bpl.n	20000c44 <dcd_event_handler+0x98>
20000c2e:	be00      	bkpt	0x0000
20000c30:	b005      	add	sp, #20
20000c32:	e8bd 83f0 	ldmia.w	sp!, {r4, r5, r6, r7, r8, r9, pc}
20000c36:	462a      	mov	r2, r5
20000c38:	f899 1001 	ldrb.w	r1, [r9, #1]
20000c3c:	f899 0000 	ldrb.w	r0, [r9]
20000c40:	f000 f8da 	bl	20000df8 <__tud_event_hook_cb_veneer>
20000c44:	b005      	add	sp, #20
20000c46:	e8bd 83f0 	ldmia.w	sp!, {r4, r5, r6, r7, r8, r9, pc}
20000c4a:	4a5d      	ldr	r2, [pc, #372]	@ (20000dc0 <dcd_event_handler+0x214>)
20000c4c:	7813      	ldrb	r3, [r2, #0]
20000c4e:	3301      	adds	r3, #1
20000c50:	b2db      	uxtb	r3, r3
20000c52:	7013      	strb	r3, [r2, #0]
20000c54:	e7c7      	b.n	20000be6 <dcd_event_handler+0x3a>
20000c56:	2400      	movs	r4, #0
20000c58:	4e5a      	ldr	r6, [pc, #360]	@ (20000dc4 <dcd_event_handler+0x218>)
20000c5a:	4623      	mov	r3, r4
20000c5c:	7831      	ldrb	r1, [r6, #0]
20000c5e:	f8df 816c 	ldr.w	r8, [pc, #364]	@ 20000dcc <dcd_event_handler+0x220>
20000c62:	4f59      	ldr	r7, [pc, #356]	@ (20000dc8 <dcd_event_handler+0x21c>)
20000c64:	e011      	b.n	20000c8a <dcd_event_handler+0xde>
20000c66:	683b      	ldr	r3, [r7, #0]
20000c68:	eb13 1344 	adds.w	r3, r3, r4, lsl #5
20000c6c:	d007      	beq.n	20000c7e <dcd_event_handler+0xd2>
20000c6e:	69db      	ldr	r3, [r3, #28]
20000c70:	b12b      	cbz	r3, 20000c7e <dcd_event_handler+0xd2>
20000c72:	f8d9 1004 	ldr.w	r1, [r9, #4]
20000c76:	f899 0000 	ldrb.w	r0, [r9]
20000c7a:	4798      	blx	r3
20000c7c:	7831      	ldrb	r1, [r6, #0]
20000c7e:	3401      	adds	r4, #1
20000c80:	b2e4      	uxtb	r4, r4
20000c82:	1c4a      	adds	r2, r1, #1
20000c84:	42a2      	cmp	r2, r4
20000c86:	4623      	mov	r3, r4
20000c88:	db17      	blt.n	20000cba <dcd_event_handler+0x10e>
20000c8a:	42a1      	cmp	r1, r4
20000c8c:	d8eb      	bhi.n	20000c66 <dcd_event_handler+0xba>
20000c8e:	1a5b      	subs	r3, r3, r1
20000c90:	eb08 1343 	add.w	r3, r8, r3, lsl #5
20000c94:	e7eb      	b.n	20000c6e <dcd_event_handler+0xc2>
20000c96:	4b48      	ldr	r3, [pc, #288]	@ (20000db8 <dcd_event_handler+0x20c>)
20000c98:	781a      	ldrb	r2, [r3, #0]
20000c9a:	07d6      	lsls	r6, r2, #31
20000c9c:	d5d2      	bpl.n	20000c44 <dcd_event_handler+0x98>
20000c9e:	781a      	ldrb	r2, [r3, #0]
20000ca0:	f042 0204 	orr.w	r2, r2, #4
20000ca4:	701a      	strb	r2, [r3, #0]
20000ca6:	e79e      	b.n	20000be6 <dcd_event_handler+0x3a>
20000ca8:	4b43      	ldr	r3, [pc, #268]	@ (20000db8 <dcd_event_handler+0x20c>)
20000caa:	781a      	ldrb	r2, [r3, #0]
20000cac:	07d4      	lsls	r4, r2, #31
20000cae:	d5c9      	bpl.n	20000c44 <dcd_event_handler+0x98>
20000cb0:	781a      	ldrb	r2, [r3, #0]
20000cb2:	f022 0204 	bic.w	r2, r2, #4
20000cb6:	701a      	strb	r2, [r3, #0]
20000cb8:	e795      	b.n	20000be6 <dcd_event_handler+0x3a>
20000cba:	4c3f      	ldr	r4, [pc, #252]	@ (20000db8 <dcd_event_handler+0x20c>)
20000cbc:	7823      	ldrb	r3, [r4, #0]
20000cbe:	0758      	lsls	r0, r3, #29
20000cc0:	d43a      	bmi.n	20000d38 <dcd_event_handler+0x18c>
20000cc2:	78e3      	ldrb	r3, [r4, #3]
20000cc4:	07da      	lsls	r2, r3, #31
20000cc6:	d5bd      	bpl.n	20000c44 <dcd_event_handler+0x98>
20000cc8:	2303      	movs	r3, #3
20000cca:	2600      	movs	r6, #0
20000ccc:	4a3b      	ldr	r2, [pc, #236]	@ (20000dbc <dcd_event_handler+0x210>)
20000cce:	f899 1000 	ldrb.w	r1, [r9]
20000cd2:	6814      	ldr	r4, [r2, #0]
20000cd4:	f8d9 2004 	ldr.w	r2, [r9, #4]
20000cd8:	f88d 1004 	strb.w	r1, [sp, #4]
20000cdc:	f88d 3005 	strb.w	r3, [sp, #5]
20000ce0:	6963      	ldr	r3, [r4, #20]
20000ce2:	f8cd 6006 	str.w	r6, [sp, #6]
20000ce6:	f8cd 600a 	str.w	r6, [sp, #10]
20000cea:	f8ad 600e 	strh.w	r6, [sp, #14]
20000cee:	9202      	str	r2, [sp, #8]
20000cf0:	f3ef 8210 	mrs	r2, PRIMASK
20000cf4:	b672      	cpsid	i
20000cf6:	e8d3 0fcf 	ldaexb	r0, [r3]
20000cfa:	2101      	movs	r1, #1
20000cfc:	2800      	cmp	r0, #0
20000cfe:	d1fa      	bne.n	20000cf6 <dcd_event_handler+0x14a>
20000d00:	e8c3 1f40 	strexb	r0, r1, [r3]
20000d04:	2800      	cmp	r0, #0
20000d06:	d1f6      	bne.n	20000cf6 <dcd_event_handler+0x14a>
20000d08:	f3bf 8f5f 	dmb	sy
20000d0c:	4620      	mov	r0, r4
20000d0e:	61a2      	str	r2, [r4, #24]
20000d10:	a901      	add	r1, sp, #4
20000d12:	f000 f861 	bl	20000dd8 <__tu_fifo_write_veneer>
20000d16:	6963      	ldr	r3, [r4, #20]
20000d18:	e8c3 6f8f 	stlb	r6, [r3]
20000d1c:	69a3      	ldr	r3, [r4, #24]
20000d1e:	f383 8810 	msr	PRIMASK, r3
20000d22:	2800      	cmp	r0, #0
20000d24:	f43f af7d 	beq.w	20000c22 <dcd_event_handler+0x76>
20000d28:	462a      	mov	r2, r5
20000d2a:	f89d 1005 	ldrb.w	r1, [sp, #5]
20000d2e:	f89d 0004 	ldrb.w	r0, [sp, #4]
20000d32:	f000 f861 	bl	20000df8 <__tud_event_hook_cb_veneer>
20000d36:	e785      	b.n	20000c44 <dcd_event_handler+0x98>
20000d38:	7823      	ldrb	r3, [r4, #0]
20000d3a:	2700      	movs	r7, #0
20000d3c:	f023 0304 	bic.w	r3, r3, #4
20000d40:	7023      	strb	r3, [r4, #0]
20000d42:	2305      	movs	r3, #5
20000d44:	4a1d      	ldr	r2, [pc, #116]	@ (20000dbc <dcd_event_handler+0x210>)
20000d46:	f88d 3005 	strb.w	r3, [sp, #5]
20000d4a:	6816      	ldr	r6, [r2, #0]
20000d4c:	f899 2000 	ldrb.w	r2, [r9]
20000d50:	f8ad 700e 	strh.w	r7, [sp, #14]
20000d54:	f88d 2004 	strb.w	r2, [sp, #4]
20000d58:	6973      	ldr	r3, [r6, #20]
20000d5a:	f8cd 7006 	str.w	r7, [sp, #6]
20000d5e:	f8cd 700a 	str.w	r7, [sp, #10]
20000d62:	f3ef 8210 	mrs	r2, PRIMASK
20000d66:	b672      	cpsid	i
20000d68:	e8d3 0fcf 	ldaexb	r0, [r3]
20000d6c:	2101      	movs	r1, #1
20000d6e:	2800      	cmp	r0, #0
20000d70:	d1fa      	bne.n	20000d68 <dcd_event_handler+0x1bc>
20000d72:	e8c3 1f40 	strexb	r0, r1, [r3]
20000d76:	2800      	cmp	r0, #0
20000d78:	d1f6      	bne.n	20000d68 <dcd_event_handler+0x1bc>
20000d7a:	f3bf 8f5f 	dmb	sy
20000d7e:	4630      	mov	r0, r6
20000d80:	61b2      	str	r2, [r6, #24]
20000d82:	a901      	add	r1, sp, #4
20000d84:	f000 f828 	bl	20000dd8 <__tu_fifo_write_veneer>
20000d88:	6973      	ldr	r3, [r6, #20]
20000d8a:	e8c3 7f8f 	stlb	r7, [r3]
20000d8e:	69b3      	ldr	r3, [r6, #24]
20000d90:	f383 8810 	msr	PRIMASK, r3
20000d94:	b938      	cbnz	r0, 20000da6 <dcd_event_handler+0x1fa>
20000d96:	f04f 23e0 	mov.w	r3, #3758153728	@ 0xe000e000
20000d9a:	f8d3 3df0 	ldr.w	r3, [r3, #3568]	@ 0xdf0
20000d9e:	07d9      	lsls	r1, r3, #31
20000da0:	d58f      	bpl.n	20000cc2 <dcd_event_handler+0x116>
20000da2:	be00      	bkpt	0x0000
20000da4:	e78d      	b.n	20000cc2 <dcd_event_handler+0x116>
20000da6:	462a      	mov	r2, r5
20000da8:	f89d 1005 	ldrb.w	r1, [sp, #5]
20000dac:	f89d 0004 	ldrb.w	r0, [sp, #4]
20000db0:	f000 f822 	bl	20000df8 <__tud_event_hook_cb_veneer>
20000db4:	e785      	b.n	20000cc2 <dcd_event_handler+0x116>
20000db6:	bf00      	nop
20000db8:	200013b0 	.word	0x200013b0
20000dbc:	20001408 	.word	0x20001408
20000dc0:	20001c6f 	.word	0x20001c6f
20000dc4:	20001c6d 	.word	0x20001c6d
20000dc8:	200012a8 	.word	0x200012a8
20000dcc:	10004d54 	.word	0x10004d54

20000dd0 <__time_us_64_veneer>:
20000dd0:	f85f f000 	ldr.w	pc, [pc]	@ 20000dd4 <__time_us_64_veneer+0x4>
20000dd4:	100017cd 	.word	0x100017cd

20000dd8 <__tu_fifo_write_veneer>:
20000dd8:	f85f f000 	ldr.w	pc, [pc]	@ 20000ddc <__tu_fifo_write_veneer+0x4>
20000ddc:	1000448d 	.word	0x1000448d

20000de0 <__best_effort_wfe_or_timeout_veneer>:
20000de0:	f85f f000 	ldr.w	pc, [pc]	@ 20000de4 <__best_effort_wfe_or_timeout_veneer+0x4>
20000de4:	10001521 	.word	0x10001521

20000de8 <__memset_veneer>:
20000de8:	f85f f000 	ldr.w	pc, [pc]	@ 20000dec <__memset_veneer+0x4>
20000dec:	100046f9 	.word	0x100046f9

20000df0 <__panic_veneer>:
20000df0:	f85f f000 	ldr.w	pc, [pc]	@ 20000df4 <__panic_veneer+0x4>
20000df4:	100006b1 	.word	0x100006b1

20000df8 <__tud_event_hook_cb_veneer>:
20000df8:	f85f f000 	ldr.w	pc, [pc]	@ 20000dfc <__tud_event_hook_cb_veneer+0x4>
20000dfc:	10002a9d 	.word	0x10002a9d

20000e00 <timer_enable>:
20000e00:	                                         .

20000e01 <striped_spin_lock_num>:
20000e01:	                                         ...

20000e04 <irq_handler_chain_slots>:
20000e04:	00000000 	.word	0x00000000
20000e08:	00010000 	.word	0x00010000
	...
20000e14:	00020000 	.word	0x00020000
	...
20000e20:	00030000 	.word	0x00030000
	...
20000e2c:	00ff0000 	.word	0x00ff0000
20000e30:	00000000 	.word	0x00000000

20000e34 <irq_handler_chain_first_slot>:
20000e34:	b501      	push	{r0, lr}
20000e36:	6848      	ldr	r0, [r1, #4]
20000e38:	3101      	adds	r1, #1
20000e3a:	468e      	mov	lr, r1
20000e3c:	4700      	bx	r0

20000e3e <irq_handler_chain_remove_tail>:
20000e3e:	4670      	mov	r0, lr
20000e40:	3809      	subs	r0, #9
20000e42:	4901      	ldr	r1, [pc, #4]	@ (20000e48 <irq_handler_chain_remove_tail+0xa>)
20000e44:	4788      	blx	r1
20000e46:	bd01      	pop	{r0, pc}
20000e48:	10000d3d 	.word	0x10000d3d

20000e4c <default_alarm_pool>:
	...
20000e60:	20000f70                                p.. 

20000e64 <stdio_usb>:
20000e64:	1000223d 100021e9 10002161 100020d1     ="...!..a!... ..
20000e74:	00000000 00000100                       ........

20000e7c <_usbd_qdef>:
20000e7c:	2000140c 000c0010 00000000 00000000     ... ............
	...

20000e98 <_usbd_rhport>:
20000e98:	000000ff                                ....

20000e9c <print_mutex>:
	...
